seed,n,patch,coupling,severity,scope,scope_size,solver,solution,cost,gap,evals,runtime_s,p_opt,depth,shots,amp_ops,boundary_ratio,noise_lambda,scope_recall
0,16,4,0.55,0.65,full,16,deployed,36584,3.8383016478535863,0.08203641699967773,0,0.0,,0,0,0,0.07382873749091666,0.0,1.0
0,16,4,0.55,0.65,full,16,exact enumeration,44132,3.471477643302857,0.0,65536,0.0,,0,0,68719476736,0.07382873749091666,0.0,1.0
0,16,4,0.55,0.65,full,16,MILP,44132,3.471477643302857,0.0,0,0.01407791709061712,,0,0,0,0.07382873749091666,0.0,1.0
0,16,4,0.55,0.65,full,16,annealing,44132,3.471477643302857,0.0,89,9.308394510298967e-05,,0,0,93323264,0.07382873749091666,0.0,1.0
0,16,4,0.55,0.65,full,16,QAOA,11620,4.185735130124431,0.15973634306130363,89,0.2302067920099944,0.0009660803085249735,1,256,93323264,0.07382873749091666,0.0,1.0
0,16,4,0.55,0.65,true,4,exact LNS,36584,3.8383016478535863,0.08203641699967773,16,2.0420411601662636e-06,,0,0,1024,0.07382873749091666,0.0,1.0
0,16,4,0.55,0.65,true,4,annealing,36584,3.8383016478535863,0.08203641699967773,89,8.283299393951893e-05,,0,0,5696,0.07382873749091666,0.0,1.0
0,16,4,0.55,0.65,true,4,QAOA,36584,3.8383016478535863,0.08203641699967773,89,0.0016341248992830515,0.2307816041250657,1,256,5696,0.07382873749091666,0.0,1.0
0,16,4,0.55,0.65,inferred,4,exact LNS,36584,3.8383016478535863,0.08203641699967773,16,1.250067725777626e-06,,0,0,1024,0.07382873749091666,0.0,0.75
0,16,4,0.55,0.65,inferred,4,annealing,36584,3.8383016478535863,0.08203641699967773,89,7.399998139590025e-05,,0,0,5696,0.07382873749091666,0.0,0.75
0,16,4,0.55,0.65,inferred,4,QAOA,36584,3.8383016478535863,0.08203641699967773,89,0.001587292063049972,0.3074272726424811,1,256,5696,0.07382873749091666,0.0,0.75
0,16,4,0.55,0.65,wrong,4,exact LNS,36584,3.8383016478535863,0.08203641699967773,16,9.580980986356735e-07,,0,0,1024,0.07382873749091666,0.0,0.5
0,16,4,0.55,0.65,wrong,4,annealing,36584,3.8383016478535863,0.08203641699967773,89,7.258402183651924e-05,,0,0,5696,0.07382873749091666,0.0,0.5
0,16,4,0.55,0.65,wrong,4,QAOA,36584,3.8383016478535863,0.08203641699967773,89,0.0015740840462967753,0.4176213874171932,1,256,5696,0.07382873749091666,0.0,0.5
0,16,4,0.55,0.65,inferred-sensitivity,4,QAOA,36584,3.8383016478535863,0.08203641699967773,89,0.0015730420127511024,0.3074272726424811,1,64,5696,0.07382873749091666,0.0,0.75
0,16,4,0.55,0.65,inferred-sensitivity,4,QAOA,36584,3.8383016478535863,0.08203641699967773,89,0.0026516669895499945,0.34162805038239064,2,64,5696,0.07382873749091666,0.0,0.75
0,16,4,0.55,0.65,inferred-sensitivity,4,QAOA,36584,3.8383016478535863,0.08203641699967773,89,0.0026392500149086118,0.34162805038239064,2,256,5696,0.07382873749091666,0.0,0.75
0,16,4,0.55,0.65,inferred-sensitivity,4,QAOA,36584,3.8383016478535863,0.08203641699967773,89,0.0026534170610830188,0.34162805038239064,2,1024,5696,0.07382873749091666,0.0,0.75
0,16,4,0.55,0.65,inferred-noise,4,QAOA,36584,3.8383016478535863,0.08203641699967773,89,0.0016455419827252626,0.282934545378233,1,256,5696,0.07382873749091666,0.1,0.75
0,16,4,0.55,0.65,inferred-noise,4,QAOA,36584,3.8383016478535863,0.08203641699967773,89,0.001656958949752152,0.2461954544818608,1,256,5696,0.07382873749091666,0.25,0.75
0,16,4,0.55,0.65,inferred-noise,4,QAOA,36584,3.8383016478535863,0.08203641699967773,89,0.0015312089817598462,0.18496363632124055,1,256,5696,0.07382873749091666,0.5,0.75
1,16,4,0.55,0.65,full,16,deployed,25391,1.405877122828039,0.0,0,0.0,,0,0,0,0.19780876541453746,0.0,1.0
1,16,4,0.55,0.65,full,16,exact enumeration,25391,1.405877122828039,0.0,65536,0.0,,0,0,68719476736,0.19780876541453746,0.0,1.0
1,16,4,0.55,0.65,full,16,MILP,25391,1.405877122828039,0.0,0,0.010185542050749063,,0,0,0,0.19780876541453746,0.0,1.0
1,16,4,0.55,0.65,full,16,annealing,25391,1.405877122828039,0.0,89,8.887506555765867e-05,,0,0,93323264,0.19780876541453746,0.0,1.0
1,16,4,0.55,0.65,full,16,QAOA,57743,2.6186095445612882,0.5040708065371675,89,0.23363308305852115,0.0033279914605704717,1,256,93323264,0.19780876541453746,0.0,1.0
1,16,4,0.55,0.65,true,4,exact LNS,25391,1.405877122828039,0.0,16,1.500011421740055e-06,,0,0,1024,0.19780876541453746,0.0,1.0
1,16,4,0.55,0.65,true,4,annealing,25391,1.405877122828039,0.0,89,7.883296348154545e-05,,0,0,5696,0.19780876541453746,0.0,1.0
1,16,4,0.55,0.65,true,4,QAOA,25391,1.405877122828039,0.0,89,0.0017128749750554562,0.4704295815006076,1,256,5696,0.19780876541453746,0.0,1.0
1,16,4,0.55,0.65,inferred,4,exact LNS,25391,1.405877122828039,0.0,16,1.5420373529195786e-06,,0,0,1024,0.19780876541453746,0.0,0.75
1,16,4,0.55,0.65,inferred,4,annealing,25391,1.405877122828039,0.0,89,8.245802018791437e-05,,0,0,5696,0.19780876541453746,0.0,0.75
1,16,4,0.55,0.65,inferred,4,QAOA,25391,1.405877122828039,0.0,89,0.0015597919700667262,0.46531294854889543,1,256,5696,0.19780876541453746,0.0,0.75
1,16,4,0.55,0.65,wrong,4,exact LNS,25391,1.405877122828039,0.0,16,9.998911991715431e-07,,0,0,1024,0.19780876541453746,0.0,0.5
1,16,4,0.55,0.65,wrong,4,annealing,25391,1.405877122828039,0.0,89,7.141707465052605e-05,,0,0,5696,0.19780876541453746,0.0,0.5
1,16,4,0.55,0.65,wrong,4,QAOA,25391,1.405877122828039,0.0,89,0.001597000053152442,0.4795207857518002,1,256,5696,0.19780876541453746,0.0,0.5
1,16,4,0.55,0.65,inferred-sensitivity,4,QAOA,25391,1.405877122828039,0.0,89,0.0016059170011430979,0.46531294854889543,1,64,5696,0.19780876541453746,0.0,0.75
1,16,4,0.55,0.65,inferred-sensitivity,4,QAOA,25391,1.405877122828039,0.0,89,0.0026511249598115683,0.4726955062260851,2,64,5696,0.19780876541453746,0.0,0.75
1,16,4,0.55,0.65,inferred-sensitivity,4,QAOA,25391,1.405877122828039,0.0,89,0.0026340410113334656,0.4726955062260851,2,256,5696,0.19780876541453746,0.0,0.75
1,16,4,0.55,0.65,inferred-sensitivity,4,QAOA,25391,1.405877122828039,0.0,89,0.0025251249317079782,0.4726955062260851,2,1024,5696,0.19780876541453746,0.0,0.75
1,16,4,0.55,0.65,inferred-noise,4,QAOA,25391,1.405877122828039,0.0,89,0.001571665983647108,0.42503165369400586,1,256,5696,0.19780876541453746,0.1,0.75
1,16,4,0.55,0.65,inferred-noise,4,QAOA,25391,1.405877122828039,0.0,89,0.0015736659988760948,0.3646097114116716,1,256,5696,0.19780876541453746,0.25,0.75
1,16,4,0.55,0.65,inferred-noise,4,QAOA,25391,1.405877122828039,0.0,89,0.0015591250266879797,0.2639064742744477,1,256,5696,0.19780876541453746,0.5,0.75
2,16,4,0.55,0.65,full,16,deployed,36298,4.023032323222198,0.9342584366965199,0,0.0,,0,0,0,0.10039345149928351,0.0,1.0
2,16,4,0.55,0.65,full,16,exact enumeration,29237,1.5968775567555138,0.0,65536,0.0,,0,0,68719476736,0.10039345149928351,0.0,1.0
2,16,4,0.55,0.65,full,16,MILP,29237,1.5968775567555138,0.0,0,0.013383000041358173,,0,0,0,0.10039345149928351,0.0,1.0
2,16,4,0.55,0.65,full,16,annealing,36298,4.023032323222198,0.9342584366965199,89,8.150003850460052e-05,,0,0,93323264,0.10039345149928351,0.0,1.0
2,16,4,0.55,0.65,full,16,QAOA,29237,1.5968775567555138,0.0,89,0.22832679201383144,0.0011672525595424084,1,256,93323264,0.10039345149928351,0.0,1.0
2,16,4,0.55,0.65,true,4,exact LNS,36298,4.023032323222198,0.9342584366965199,16,1.416075974702835e-06,,0,0,1024,0.10039345149928351,0.0,1.0
2,16,4,0.55,0.65,true,4,annealing,36298,4.023032323222198,0.9342584366965199,89,7.733399979770184e-05,,0,0,5696,0.10039345149928351,0.0,1.0
2,16,4,0.55,0.65,true,4,QAOA,36298,4.023032323222198,0.9342584366965199,89,0.0016594580374658108,0.6813729688868974,1,256,5696,0.10039345149928351,0.0,1.0
2,16,4,0.55,0.65,inferred,4,exact LNS,36298,4.023032323222198,0.9342584366965199,16,1.0409858077764511e-06,,0,0,1024,0.10039345149928351,0.0,0.25
2,16,4,0.55,0.65,inferred,4,annealing,36298,4.023032323222198,0.9342584366965199,89,7.00000673532486e-05,,0,0,5696,0.10039345149928351,0.0,0.25
2,16,4,0.55,0.65,inferred,4,QAOA,36298,4.023032323222198,0.9342584366965199,89,0.0016060000052675605,0.2493747263029615,1,256,5696,0.10039345149928351,0.0,0.25
2,16,4,0.55,0.65,wrong,4,exact LNS,36298,4.023032323222198,0.9342584366965199,16,9.170034900307655e-07,,0,0,1024,0.10039345149928351,0.0,0.5
2,16,4,0.55,0.65,wrong,4,annealing,36298,4.023032323222198,0.9342584366965199,89,7.129192817956209e-05,,0,0,5696,0.10039345149928351,0.0,0.5
2,16,4,0.55,0.65,wrong,4,QAOA,36298,4.023032323222198,0.9342584366965199,89,0.0016507500549778342,0.743022554690313,1,256,5696,0.10039345149928351,0.0,0.5
2,16,4,0.55,0.65,inferred-sensitivity,4,QAOA,36298,4.023032323222198,0.9342584366965199,89,0.0015839999541640282,0.2493747263029615,1,64,5696,0.10039345149928351,0.0,0.25
2,16,4,0.55,0.65,inferred-sensitivity,4,QAOA,36298,4.023032323222198,0.9342584366965199,89,0.0026539580430835485,0.27905899749746255,2,64,5696,0.10039345149928351,0.0,0.25
2,16,4,0.55,0.65,inferred-sensitivity,4,QAOA,36298,4.023032323222198,0.9342584366965199,89,0.002653209026902914,0.27905899749746255,2,256,5696,0.10039345149928351,0.0,0.25
2,16,4,0.55,0.65,inferred-sensitivity,4,QAOA,36298,4.023032323222198,0.9342584366965199,89,0.002715375041589141,0.27905899749746255,2,1024,5696,0.10039345149928351,0.0,0.25
2,16,4,0.55,0.65,inferred-noise,4,QAOA,36298,4.023032323222198,0.9342584366965199,89,0.0015670829452574253,0.23068725367266538,1,256,5696,0.10039345149928351,0.1,0.25
2,16,4,0.55,0.65,inferred-noise,4,QAOA,36298,4.023032323222198,0.9342584366965199,89,0.001597624970600009,0.20265604472722112,1,256,5696,0.10039345149928351,0.25,0.25
2,16,4,0.55,0.65,inferred-noise,4,QAOA,36298,4.023032323222198,0.9342584366965199,89,0.0016249159816652536,0.15593736315148077,1,256,5696,0.10039345149928351,0.5,0.25
3,16,4,0.55,0.65,full,16,deployed,48644,4.275386998064544,0.31855364720667656,0,0.0,,0,0,0,0.0,0.0,1.0
3,16,4,0.55,0.65,full,16,exact enumeration,20986,3.000889163091939,0.0,65536,0.0,,0,0,68719476736,0.0,0.0,1.0
3,16,4,0.55,0.65,full,16,MILP,20986,3.000889163091939,0.0,0,0.012284375028684735,,0,0,0,0.0,0.0,1.0
3,16,4,0.55,0.65,full,16,annealing,55341,3.884403178436477,0.22082941549466642,89,8.000002708286047e-05,,0,0,93323264,0.0,0.0,1.0
3,16,4,0.55,0.65,full,16,QAOA,4826,3.212850785658722,0.05297862898130784,89,0.23101737501565367,0.0009242653654528484,1,256,93323264,0.0,0.0,1.0
3,16,4,0.55,0.65,true,4,exact LNS,48644,4.275386998064544,0.31855364720667656,16,1.2919772416353226e-06,,0,0,1024,0.0,0.0,1.0
3,16,4,0.55,0.65,true,4,annealing,48644,4.275386998064544,0.31855364720667656,89,7.675006054341793e-05,,0,0,5696,0.0,0.0,1.0
3,16,4,0.55,0.65,true,4,QAOA,48644,4.275386998064544,0.31855364720667656,89,0.0016716249519959092,0.5133706134243429,1,256,5696,0.0,0.0,1.0
3,16,4,0.55,0.65,inferred,4,exact LNS,40484,4.216465802318819,0.3038266219520729,16,9.159557521343231e-07,,0,0,1024,0.0,0.0,0.75
3,16,4,0.55,0.65,inferred,4,annealing,40484,4.216465802318819,0.3038266219520729,89,7.17920484021306e-05,,0,0,5696,0.0,0.0,0.75
3,16,4,0.55,0.65,inferred,4,QAOA,40484,4.216465802318819,0.3038266219520729,89,0.001630165963433683,0.2671079857232113,1,256,5696,0.0,0.0,0.75
3,16,4,0.55,0.65,wrong,4,exact LNS,48644,4.275386998064544,0.31855364720667656,16,9.160721674561501e-07,,0,0,1024,0.0,0.0,0.5
3,16,4,0.55,0.65,wrong,4,annealing,48644,4.275386998064544,0.31855364720667656,89,6.975000724196434e-05,,0,0,5696,0.0,0.0,0.5
3,16,4,0.55,0.65,wrong,4,QAOA,48644,4.275386998064544,0.31855364720667656,89,0.001648042001761496,0.22650546078134542,1,256,5696,0.0,0.0,0.5
3,16,4,0.55,0.65,inferred-sensitivity,4,QAOA,40484,4.216465802318819,0.3038266219520729,89,0.001687333919107914,0.2671079857232113,1,64,5696,0.0,0.0,0.75
3,16,4,0.55,0.65,inferred-sensitivity,4,QAOA,40484,4.216465802318819,0.3038266219520729,89,0.002559417043812573,0.2857085107600342,2,64,5696,0.0,0.0,0.75
3,16,4,0.55,0.65,inferred-sensitivity,4,QAOA,40484,4.216465802318819,0.3038266219520729,89,0.0026753749698400497,0.2857085107600342,2,256,5696,0.0,0.0,0.75
3,16,4,0.55,0.65,inferred-sensitivity,4,QAOA,40484,4.216465802318819,0.3038266219520729,89,0.002641458995640278,0.2857085107600342,2,1024,5696,0.0,0.0,0.75
3,16,4,0.55,0.65,inferred-noise,4,QAOA,40484,4.216465802318819,0.3038266219520729,89,0.0016467079985886812,0.2466471871508902,1,256,5696,0.0,0.1,0.75
3,16,4,0.55,0.65,inferred-noise,4,QAOA,40484,4.216465802318819,0.3038266219520729,89,0.0015076668933033943,0.2159559892924085,1,256,5696,0.0,0.25,0.75
3,16,4,0.55,0.65,inferred-noise,4,QAOA,40484,4.216465802318819,0.3038266219520729,89,0.0014927919255569577,0.16480399286160566,1,256,5696,0.0,0.5,0.75
4,16,4,0.55,0.65,full,16,deployed,16340,0.9329427317423882,0.0,0,0.0,,0,0,0,0.09691061199128054,0.0,1.0
4,16,4,0.55,0.65,full,16,exact enumeration,16340,0.9329427317423882,0.0,65536,0.0,,0,0,68719476736,0.09691061199128054,0.0,1.0
4,16,4,0.55,0.65,full,16,MILP,16340,0.9329427317423882,0.0,0,0.015446208999492228,,0,0,0,0.09691061199128054,0.0,1.0
4,16,4,0.55,0.65,full,16,annealing,16340,0.9329427317423882,0.0,89,8.625001646578312e-05,,0,0,93323264,0.09691061199128054,0.0,1.0
4,16,4,0.55,0.65,full,16,QAOA,15316,1.399526229531158,0.24138506026414103,89,0.23335004202090204,0.0024251943976763154,1,256,93323264,0.09691061199128054,0.0,1.0
4,16,4,0.55,0.65,true,4,exact LNS,16340,0.9329427317423882,0.0,16,1.500011421740055e-06,,0,0,1024,0.09691061199128054,0.0,1.0
4,16,4,0.55,0.65,true,4,annealing,16340,0.9329427317423882,0.0,89,7.791700772941113e-05,,0,0,5696,0.09691061199128054,0.0,1.0
4,16,4,0.55,0.65,true,4,QAOA,16340,0.9329427317423882,0.0,89,0.0016314589884132147,0.4557570251643016,1,256,5696,0.09691061199128054,0.0,1.0
4,16,4,0.55,0.65,inferred,4,exact LNS,16340,0.9329427317423882,0.0,16,1.00000761449337e-06,,0,0,1024,0.09691061199128054,0.0,0.75
4,16,4,0.55,0.65,inferred,4,annealing,16340,0.9329427317423882,0.0,89,7.049995474517345e-05,,0,0,5696,0.09691061199128054,0.0,0.75
4,16,4,0.55,0.65,inferred,4,QAOA,16340,0.9329427317423882,0.0,89,0.0015735829947516322,0.41122177446948555,1,256,5696,0.09691061199128054,0.0,0.75
4,16,4,0.55,0.65,wrong,4,exact LNS,16340,0.9329427317423882,0.0,16,8.749775588512421e-07,,0,0,1024,0.09691061199128054,0.0,0.5
4,16,4,0.55,0.65,wrong,4,annealing,16340,0.9329427317423882,0.0,89,6.954208947718143e-05,,0,0,5696,0.09691061199128054,0.0,0.5
4,16,4,0.55,0.65,wrong,4,QAOA,16340,0.9329427317423882,0.0,88,0.0015653329901397228,0.5851028660416349,1,256,5632,0.09691061199128054,0.0,0.5
4,16,4,0.55,0.65,inferred-sensitivity,4,QAOA,16340,0.9329427317423882,0.0,89,0.001654124935157597,0.41122177446948555,1,64,5696,0.09691061199128054,0.0,0.75
4,16,4,0.55,0.65,inferred-sensitivity,4,QAOA,16340,0.9329427317423882,0.0,89,0.0025853340048342943,0.4821578708850289,2,64,5696,0.09691061199128054,0.0,0.75
4,16,4,0.55,0.65,inferred-sensitivity,4,QAOA,16340,0.9329427317423882,0.0,89,0.0025476249866187572,0.4821578708850289,2,256,5696,0.09691061199128054,0.0,0.75
4,16,4,0.55,0.65,inferred-sensitivity,4,QAOA,16340,0.9329427317423882,0.0,89,0.0025487500242888927,0.4821578708850289,2,1024,5696,0.09691061199128054,0.0,0.75
4,16,4,0.55,0.65,inferred-noise,4,QAOA,16340,0.9329427317423882,0.0,89,0.0015492079546675086,0.37634959702253695,1,256,5696,0.09691061199128054,0.1,0.75
4,16,4,0.55,0.65,inferred-noise,4,QAOA,16340,0.9329427317423882,0.0,89,0.0016746249748393893,0.3240413308521142,1,256,5696,0.09691061199128054,0.25,0.75
4,16,4,0.55,0.65,inferred-noise,4,QAOA,16340,0.9329427317423882,0.0,89,0.0016019580652937293,0.23686088723474277,1,256,5696,0.09691061199128054,0.5,0.75
5,16,4,0.55,0.65,full,16,deployed,46487,2.147112072191585,0.0,0,0.0,,0,0,0,0.1319714131207098,0.0,1.0
5,16,4,0.55,0.65,full,16,exact enumeration,46487,2.147112072191585,0.0,65536,0.0,,0,0,68719476736,0.1319714131207098,0.0,1.0
5,16,4,0.55,0.65,full,16,MILP,46487,2.147112072191585,0.0,0,0.012814583024010062,,0,0,0,0.1319714131207098,0.0,1.0
5,16,4,0.55,0.65,full,16,annealing,46487,2.147112072191585,0.0,89,8.512509521096945e-05,,0,0,93323264,0.1319714131207098,0.0,1.0
5,16,4,0.55,0.65,full,16,QAOA,38347,2.533753161971314,0.12285583764116795,89,0.22760441701393574,0.001066747552059472,1,256,93323264,0.1319714131207098,0.0,1.0
5,16,4,0.55,0.65,true,4,exact LNS,46487,2.147112072191585,0.0,16,2.1669548004865646e-06,,0,0,1024,0.1319714131207098,0.0,1.0
5,16,4,0.55,0.65,true,4,annealing,46487,2.147112072191585,0.0,89,8.02080612629652e-05,,0,0,5696,0.1319714131207098,0.0,1.0
5,16,4,0.55,0.65,true,4,QAOA,46487,2.147112072191585,0.0,89,0.0016557499766349792,0.30516433423941924,1,256,5696,0.1319714131207098,0.0,1.0
5,16,4,0.55,0.65,inferred,4,exact LNS,46487,2.147112072191585,0.0,16,9.58913005888462e-07,,0,0,1024,0.1319714131207098,0.0,0.75
5,16,4,0.55,0.65,inferred,4,annealing,46487,2.147112072191585,0.0,89,7.283291779458523e-05,,0,0,5696,0.1319714131207098,0.0,0.75
5,16,4,0.55,0.65,inferred,4,QAOA,46487,2.147112072191585,0.0,89,0.0015862910076975822,0.4989864429318837,1,256,5696,0.1319714131207098,0.0,0.75
5,16,4,0.55,0.65,wrong,4,exact LNS,46487,2.147112072191585,0.0,16,9.579816833138466e-07,,0,0,1024,0.1319714131207098,0.0,0.5
5,16,4,0.55,0.65,wrong,4,annealing,46487,2.147112072191585,0.0,89,7.066596299409866e-05,,0,0,5696,0.1319714131207098,0.0,0.5
5,16,4,0.55,0.65,wrong,4,QAOA,46487,2.147112072191585,0.0,89,0.0016076670726761222,0.23021201507446865,1,256,5696,0.1319714131207098,0.0,0.5
5,16,4,0.55,0.65,inferred-sensitivity,4,QAOA,46487,2.147112072191585,0.0,89,0.001595625071786344,0.4989864429318837,1,64,5696,0.1319714131207098,0.0,0.75
5,16,4,0.55,0.65,inferred-sensitivity,4,QAOA,46487,2.147112072191585,0.0,89,0.002637249999679625,0.514871603287931,2,64,5696,0.1319714131207098,0.0,0.75
5,16,4,0.55,0.65,inferred-sensitivity,4,QAOA,46487,2.147112072191585,0.0,89,0.002532541984692216,0.514871603287931,2,256,5696,0.1319714131207098,0.0,0.75
5,16,4,0.55,0.65,inferred-sensitivity,4,QAOA,46487,2.147112072191585,0.0,89,0.002519999979995191,0.514871603287931,2,1024,5696,0.1319714131207098,0.0,0.75
5,16,4,0.55,0.65,inferred-noise,4,QAOA,46487,2.147112072191585,0.0,89,0.0015698750503361225,0.45533779863869533,1,256,5696,0.1319714131207098,0.1,0.75
5,16,4,0.55,0.65,inferred-noise,4,QAOA,46487,2.147112072191585,0.0,89,0.0015902080340310931,0.38986483219891277,1,256,5696,0.1319714131207098,0.25,0.75
5,16,4,0.55,0.65,inferred-noise,4,QAOA,46487,2.147112072191585,0.0,89,0.0015707080019637942,0.2807432214659419,1,256,5696,0.1319714131207098,0.5,0.75
6,16,4,0.55,0.65,full,16,deployed,53689,4.539329735037708,0.34969042426567243,0,0.0,,0,0,0,0.17245502701185894,0.0,1.0
6,16,4,0.55,0.65,full,16,exact enumeration,33366,3.104148355391569,0.0,65536,0.0,,0,0,68719476736,0.17245502701185894,0.0,1.0
6,16,4,0.55,0.65,full,16,MILP,33366,3.104148355391569,0.0,0,0.012569958926178515,,0,0,0,0.17245502701185894,0.0,1.0
6,16,4,0.55,0.65,full,16,annealing,53689,4.539329735037708,0.34969042426567243,89,8.187501225620508e-05,,0,0,93323264,0.17245502701185894,0.0,1.0
6,16,4,0.55,0.65,full,16,QAOA,35414,3.1204811282417824,0.00397957662245743,89,0.22743841691408306,0.0014700398361416791,1,256,93323264,0.17245502701185894,0.0,1.0
6,16,4,0.55,0.65,true,4,exact LNS,53689,4.539329735037708,0.34969042426567243,16,1.4579854905605316e-06,,0,0,1024,0.17245502701185894,0.0,1.0
6,16,4,0.55,0.65,true,4,annealing,53689,4.539329735037708,0.34969042426567243,89,7.574993651360273e-05,,0,0,5696,0.17245502701185894,0.0,1.0
6,16,4,0.55,0.65,true,4,QAOA,53689,4.539329735037708,0.34969042426567243,89,0.0016553750028833747,0.3020237823420027,1,256,5696,0.17245502701185894,0.0,1.0
6,16,4,0.55,0.65,inferred,4,exact LNS,53689,4.539329735037708,0.34969042426567243,16,9.160721674561501e-07,,0,0,1024,0.17245502701185894,0.0,1.0
6,16,4,0.55,0.65,inferred,4,annealing,53689,4.539329735037708,0.34969042426567243,89,7.15409405529499e-05,,0,0,5696,0.17245502701185894,0.0,1.0
6,16,4,0.55,0.65,inferred,4,QAOA,53689,4.539329735037708,0.34969042426567243,89,0.0016222079284489155,0.3020237823420027,1,256,5696,0.17245502701185894,0.0,1.0
6,16,4,0.55,0.65,wrong,4,exact LNS,53689,4.539329735037708,0.34969042426567243,16,8.749775588512421e-07,,0,0,1024,0.17245502701185894,0.0,0.5
6,16,4,0.55,0.65,wrong,4,annealing,53689,4.539329735037708,0.34969042426567243,89,7.141695823520422e-05,,0,0,5696,0.17245502701185894,0.0,0.5
6,16,4,0.55,0.65,wrong,4,QAOA,53689,4.539329735037708,0.34969042426567243,89,0.0016175409546121955,0.37071343466952683,1,256,5696,0.17245502701185894,0.0,0.5
6,16,4,0.55,0.65,inferred-sensitivity,4,QAOA,53689,4.539329735037708,0.34969042426567243,89,0.0016353749670088291,0.3020237823420027,1,64,5696,0.17245502701185894,0.0,1.0
6,16,4,0.55,0.65,inferred-sensitivity,4,QAOA,53689,4.539329735037708,0.34969042426567243,89,0.0026340839685872197,0.3103056674734984,2,64,5696,0.17245502701185894,0.0,1.0
6,16,4,0.55,0.65,inferred-sensitivity,4,QAOA,53689,4.539329735037708,0.34969042426567243,89,0.0026009170105680823,0.3103056674734984,2,256,5696,0.17245502701185894,0.0,1.0
6,16,4,0.55,0.65,inferred-sensitivity,4,QAOA,53689,4.539329735037708,0.34969042426567243,89,0.0026310000102967024,0.3103056674734984,2,1024,5696,0.17245502701185894,0.0,1.0
6,16,4,0.55,0.65,inferred-noise,4,QAOA,53689,4.539329735037708,0.34969042426567243,89,0.0016294160159304738,0.27807140410780246,1,256,5696,0.17245502701185894,0.1,1.0
6,16,4,0.55,0.65,inferred-noise,4,QAOA,53689,4.539329735037708,0.34969042426567243,89,0.0015037909615784883,0.24214283675650206,1,256,5696,0.17245502701185894,0.25,1.0
6,16,4,0.55,0.65,inferred-noise,4,QAOA,53689,4.539329735037708,0.34969042426567243,89,0.00155608297791332,0.18226189117100136,1,256,5696,0.17245502701185894,0.5,1.0
7,16,4,0.55,0.65,full,16,deployed,42630,1.515638258622896,0.02859692210883471,0,0.0,,0,0,0,0.33958239437773424,0.0,1.0
7,16,4,0.55,0.65,full,16,exact enumeration,3754,1.4456988005226785,0.0,65536,0.0,,0,0,68719476736,0.33958239437773424,0.0,1.0
7,16,4,0.55,0.65,full,16,MILP,3754,1.4456988005226785,0.0,0,0.010896207997575402,,0,0,0,0.33958239437773424,0.0,1.0
7,16,4,0.55,0.65,full,16,annealing,3754,1.4456988005226785,0.0,89,8.099991828203201e-05,,0,0,93323264,0.33958239437773424,0.0,1.0
7,16,4,0.55,0.65,full,16,QAOA,3758,1.5045658669662245,0.024069630500274736,89,0.22452775004785508,0.0019594646047887774,1,256,93323264,0.33958239437773424,0.0,1.0
7,16,4,0.55,0.65,true,4,exact LNS,42630,1.515638258622896,0.02859692210883471,16,1.2080417945981026e-06,,0,0,1024,0.33958239437773424,0.0,1.0
7,16,4,0.55,0.65,true,4,annealing,42630,1.515638258622896,0.02859692210883471,89,7.545901462435722e-05,,0,0,5696,0.33958239437773424,0.0,1.0
7,16,4,0.55,0.65,true,4,QAOA,42630,1.515638258622896,0.02859692210883471,89,0.001612040912732482,0.5671858050872407,1,256,5696,0.33958239437773424,0.0,1.0
7,16,4,0.55,0.65,inferred,4,exact LNS,42630,1.515638258622896,0.02859692210883471,16,9.59029421210289e-07,,0,0,1024,0.33958239437773424,0.0,0.75
7,16,4,0.55,0.65,inferred,4,annealing,42630,1.515638258622896,0.02859692210883471,89,7.187505252659321e-05,,0,0,5696,0.33958239437773424,0.0,0.75
7,16,4,0.55,0.65,inferred,4,QAOA,42630,1.515638258622896,0.02859692210883471,89,0.0015849589835852385,0.5944229323440291,1,256,5696,0.33958239437773424,0.0,0.75
7,16,4,0.55,0.65,wrong,4,exact LNS,42630,1.515638258622896,0.02859692210883471,16,8.749775588512421e-07,,0,0,1024,0.33958239437773424,0.0,0.5
7,16,4,0.55,0.65,wrong,4,annealing,42630,1.515638258622896,0.02859692210883471,89,7.137504871934652e-05,,0,0,5696,0.33958239437773424,0.0,0.5
7,16,4,0.55,0.65,wrong,4,QAOA,42630,1.515638258622896,0.02859692210883471,89,0.0015913329552859068,0.5739115844365646,1,256,5696,0.33958239437773424,0.0,0.5
7,16,4,0.55,0.65,inferred-sensitivity,4,QAOA,42630,1.515638258622896,0.02859692210883471,89,0.0015730829909443855,0.5944229323440291,1,64,5696,0.33958239437773424,0.0,0.75
7,16,4,0.55,0.65,inferred-sensitivity,4,QAOA,42630,1.515638258622896,0.02859692210883471,89,0.0024627080420032144,0.6327542411224056,2,64,5696,0.33958239437773424,0.0,0.75
7,16,4,0.55,0.65,inferred-sensitivity,4,QAOA,42630,1.515638258622896,0.02859692210883471,89,0.002549625001847744,0.6327542411224056,2,256,5696,0.33958239437773424,0.0,0.75
7,16,4,0.55,0.65,inferred-sensitivity,4,QAOA,42630,1.515638258622896,0.02859692210883471,89,0.002560707973316312,0.6327542411224056,2,1024,5696,0.33958239437773424,0.0,0.75
7,16,4,0.55,0.65,inferred-noise,4,QAOA,42630,1.515638258622896,0.02859692210883471,89,0.0016221660189330578,0.5412306391096262,1,256,5696,0.33958239437773424,0.1,0.75
7,16,4,0.55,0.65,inferred-noise,4,QAOA,42630,1.515638258622896,0.02859692210883471,89,0.0015212909784168005,0.4614421992580218,1,256,5696,0.33958239437773424,0.25,0.75
7,16,4,0.55,0.65,inferred-noise,4,QAOA,42630,1.515638258622896,0.02859692210883471,89,0.0015460830181837082,0.32846146617201455,1,256,5696,0.33958239437773424,0.5,0.75
8,16,4,0.55,0.65,full,16,deployed,6872,1.4336817798762285,0.2859405421369712,0,0.0,,0,0,0,0.19597731403525756,0.0,1.0
8,16,4,0.55,0.65,full,16,exact enumeration,13652,0.8925305643073864,0.0,65536,0.0,,0,0,68719476736,0.19597731403525756,0.0,1.0
8,16,4,0.55,0.65,full,16,MILP,13652,0.8925305643073864,0.0,0,0.012333958991803229,,0,0,0,0.19597731403525756,0.0,1.0
8,16,4,0.55,0.65,full,16,annealing,6872,1.4336817798762285,0.2859405421369712,89,8.266698569059372e-05,,0,0,93323264,0.19597731403525756,0.0,1.0
8,16,4,0.55,0.65,full,16,QAOA,13781,1.3775065727497293,0.2562579530227194,89,0.22362025000620633,0.000839806052536615,1,256,93323264,0.19597731403525756,0.0,1.0
8,16,4,0.55,0.65,true,4,exact LNS,6872,1.4336817798762285,0.2859405421369712,16,1.2079253792762756e-06,,0,0,1024,0.19597731403525756,0.0,1.0
8,16,4,0.55,0.65,true,4,annealing,6872,1.4336817798762285,0.2859405421369712,89,7.579196244478226e-05,,0,0,5696,0.19597731403525756,0.0,1.0
8,16,4,0.55,0.65,true,4,QAOA,6872,1.4336817798762285,0.2859405421369712,89,0.0016105000395327806,0.17971827058292814,1,256,5696,0.19597731403525756,0.0,1.0
8,16,4,0.55,0.65,inferred,4,exact LNS,6872,1.4336817798762285,0.2859405421369712,16,9.160721674561501e-07,,0,0,1024,0.19597731403525756,0.0,0.75
8,16,4,0.55,0.65,inferred,4,annealing,6872,1.4336817798762285,0.2859405421369712,89,6.991694681346416e-05,,0,0,5696,0.19597731403525756,0.0,0.75
8,16,4,0.55,0.65,inferred,4,QAOA,6872,1.4336817798762285,0.2859405421369712,89,0.001586458063684404,0.2031884301961818,1,256,5696,0.19597731403525756,0.0,0.75
8,16,4,0.55,0.65,wrong,4,exact LNS,6872,1.4336817798762285,0.2859405421369712,16,9.170034900307655e-07,,0,0,1024,0.19597731403525756,0.0,0.5
8,16,4,0.55,0.65,wrong,4,annealing,6872,1.4336817798762285,0.2859405421369712,89,7.01249809935689e-05,,0,0,5696,0.19597731403525756,0.0,0.5
8,16,4,0.55,0.65,wrong,4,QAOA,6872,1.4336817798762285,0.2859405421369712,89,0.0015816660597920418,0.2870237274019991,1,256,5696,0.19597731403525756,0.0,0.5
8,16,4,0.55,0.65,inferred-sensitivity,4,QAOA,6872,1.4336817798762285,0.2859405421369712,89,0.0015907499473541975,0.2031884301961818,1,64,5696,0.19597731403525756,0.0,0.75
8,16,4,0.55,0.65,inferred-sensitivity,4,QAOA,6872,1.4336817798762285,0.2859405421369712,89,0.0024788749869912863,0.20144387437705893,2,64,5696,0.19597731403525756,0.0,0.75
8,16,4,0.55,0.65,inferred-sensitivity,4,QAOA,6872,1.4336817798762285,0.2859405421369712,89,0.002574708079919219,0.20144387437705893,2,256,5696,0.19597731403525756,0.0,0.75
8,16,4,0.55,0.65,inferred-sensitivity,4,QAOA,6872,1.4336817798762285,0.2859405421369712,89,0.0025689590256661177,0.20144387437705893,2,1024,5696,0.19597731403525756,0.0,0.75
8,16,4,0.55,0.65,inferred-noise,4,QAOA,6872,1.4336817798762285,0.2859405421369712,89,0.001618041074834764,0.18911958717656363,1,256,5696,0.19597731403525756,0.1,0.75
8,16,4,0.55,0.65,inferred-noise,4,QAOA,6872,1.4336817798762285,0.2859405421369712,89,0.0015165829099714756,0.16801632264713634,1,256,5696,0.19597731403525756,0.25,0.75
8,16,4,0.55,0.65,inferred-noise,4,QAOA,6872,1.4336817798762285,0.2859405421369712,89,0.0015226249815896153,0.1328442150980909,1,256,5696,0.19597731403525756,0.5,0.75
9,16,4,0.55,0.65,full,16,deployed,20260,3.375214987730537,0.872815214885704,0,0.0,,0,0,0,0.12469911146962524,0.0,1.0
9,16,4,0.55,0.65,full,16,exact enumeration,14240,1.3361701426574282,0.0,65536,0.0,,0,0,68719476736,0.12469911146962524,0.0,1.0
9,16,4,0.55,0.65,full,16,MILP,14240,1.3361701426574282,0.0,0,0.010481499950401485,,0,0,0,0.12469911146962524,0.0,1.0
9,16,4,0.55,0.65,full,16,annealing,14240,1.3361701426574282,0.0,89,9.337498340755701e-05,,0,0,93323264,0.12469911146962524,0.0,1.0
9,16,4,0.55,0.65,full,16,QAOA,14304,1.4426334806892016,0.04557173986937005,89,0.2269073750358075,0.001999362818978297,1,256,93323264,0.12469911146962524,0.0,1.0
9,16,4,0.55,0.65,true,4,exact LNS,22308,1.9077083764044076,0.24464752087656005,16,1.2919772416353226e-06,,0,0,1024,0.12469911146962524,0.0,1.0
9,16,4,0.55,0.65,true,4,annealing,22308,1.9077083764044076,0.24464752087656005,89,7.366703357547522e-05,,0,0,5696,0.12469911146962524,0.0,1.0
9,16,4,0.55,0.65,true,4,QAOA,22308,1.9077083764044076,0.24464752087656005,89,0.0016315419925376773,0.29520651337119197,1,256,5696,0.12469911146962524,0.0,1.0
9,16,4,0.55,0.65,inferred,4,exact LNS,22308,1.9077083764044076,0.24464752087656005,16,9.170034900307655e-07,,0,0,1024,0.12469911146962524,0.0,0.75
9,16,4,0.55,0.65,inferred,4,annealing,22308,1.9077083764044076,0.24464752087656005,89,7.079204078763723e-05,,0,0,5696,0.12469911146962524,0.0,0.75
9,16,4,0.55,0.65,inferred,4,QAOA,22308,1.9077083764044076,0.24464752087656005,88,0.0015852920478209853,0.4537577162882562,1,256,5632,0.12469911146962524,0.0,0.75
9,16,4,0.55,0.65,wrong,4,exact LNS,22308,1.9077083764044076,0.24464752087656005,16,8.749775588512421e-07,,0,0,1024,0.12469911146962524,0.0,0.5
9,16,4,0.55,0.65,wrong,4,annealing,22308,1.9077083764044076,0.24464752087656005,89,7.033301517367363e-05,,0,0,5696,0.12469911146962524,0.0,0.5
9,16,4,0.55,0.65,wrong,4,QAOA,22308,1.9077083764044076,0.24464752087656005,89,0.0016378749860450625,0.346365659819101,1,256,5696,0.12469911146962524,0.0,0.5
9,16,4,0.55,0.65,inferred-sensitivity,4,QAOA,22308,1.9077083764044076,0.24464752087656005,88,0.0014553749933838844,0.4537577162882562,1,64,5632,0.12469911146962524,0.0,0.75
9,16,4,0.55,0.65,inferred-sensitivity,4,QAOA,22308,1.9077083764044076,0.24464752087656005,89,0.002453416003845632,0.4541644263605317,2,64,5696,0.12469911146962524,0.0,0.75
9,16,4,0.55,0.65,inferred-sensitivity,4,QAOA,22308,1.9077083764044076,0.24464752087656005,89,0.002489957958459854,0.4541644263605317,2,256,5696,0.12469911146962524,0.0,0.75
9,16,4,0.55,0.65,inferred-sensitivity,4,QAOA,22308,1.9077083764044076,0.24464752087656005,89,0.002501124981790781,0.4541644263605317,2,1024,5696,0.12469911146962524,0.0,0.75
9,16,4,0.55,0.65,inferred-noise,4,QAOA,22308,1.9077083764044076,0.24464752087656005,88,0.001562208984978497,0.41463194465943054,1,256,5632,0.12469911146962524,0.1,0.75
9,16,4,0.55,0.65,inferred-noise,4,QAOA,22308,1.9077083764044076,0.24464752087656005,88,0.0014856669586151838,0.3559432872161921,1,256,5632,0.12469911146962524,0.25,0.75
9,16,4,0.55,0.65,inferred-noise,4,QAOA,22308,1.9077083764044076,0.24464752087656005,88,0.0015323749976232648,0.2581288581441281,1,256,5632,0.12469911146962524,0.5,0.75
10,16,4,0.55,0.65,full,16,deployed,42136,2.9073586105223272,0.2746697596257257,0,0.0,,0,0,0,0.03593192841457409,0.0,1.0
10,16,4,0.55,0.65,full,16,exact enumeration,46232,2.065388961349192,0.0,65536,0.0,,0,0,68719476736,0.03593192841457409,0.0,1.0
10,16,4,0.55,0.65,full,16,MILP,46232,2.065388961349192,0.0,0,0.01559920806903392,,0,0,0,0.03593192841457409,0.0,1.0
10,16,4,0.55,0.65,full,16,annealing,46488,2.140600098918208,0.02453559353065357,89,8.73330282047391e-05,,0,0,93323264,0.03593192841457409,0.0,1.0
10,16,4,0.55,0.65,full,16,QAOA,46473,2.2853909167762163,0.07176967040756663,89,0.23021633399184793,0.0008686406094960619,1,256,93323264,0.03593192841457409,0.0,1.0
10,16,4,0.55,0.65,true,4,exact LNS,46232,2.065388961349192,0.0,16,1.4579854905605316e-06,,0,0,1024,0.03593192841457409,0.0,1.0
10,16,4,0.55,0.65,true,4,annealing,46232,2.065388961349192,0.0,89,7.695797830820084e-05,,0,0,5696,0.03593192841457409,0.0,1.0
10,16,4,0.55,0.65,true,4,QAOA,46232,2.065388961349192,0.0,89,0.0016728329937905073,0.2583158328730619,1,256,5696,0.03593192841457409,0.0,1.0
10,16,4,0.55,0.65,inferred,4,exact LNS,46232,2.065388961349192,0.0,16,8.330680429935455e-07,,0,0,1024,0.03593192841457409,0.0,0.75
10,16,4,0.55,0.65,inferred,4,annealing,46232,2.065388961349192,0.0,89,7.379194721579552e-05,,0,0,5696,0.03593192841457409,0.0,0.75
10,16,4,0.55,0.65,inferred,4,QAOA,46232,2.065388961349192,0.0,89,0.0016384579939767718,0.6590017105861072,1,256,5696,0.03593192841457409,0.0,0.75
10,16,4,0.55,0.65,wrong,4,exact LNS,46232,2.065388961349192,0.0,16,1.00000761449337e-06,,0,0,1024,0.03593192841457409,0.0,0.5
10,16,4,0.55,0.65,wrong,4,annealing,46232,2.065388961349192,0.0,89,7.166597060859203e-05,,0,0,5696,0.03593192841457409,0.0,0.5
10,16,4,0.55,0.65,wrong,4,QAOA,46232,2.065388961349192,0.0,89,0.0016028330428525805,0.3528259361762506,1,256,5696,0.03593192841457409,0.0,0.5
10,16,4,0.55,0.65,inferred-sensitivity,4,QAOA,46232,2.065388961349192,0.0,89,0.0015956669813022017,0.6590017105861072,1,64,5696,0.03593192841457409,0.0,0.75
10,16,4,0.55,0.65,inferred-sensitivity,4,QAOA,46232,2.065388961349192,0.0,89,0.0025279999244958162,0.7683813558256058,2,64,5696,0.03593192841457409,0.0,0.75
10,16,4,0.55,0.65,inferred-sensitivity,4,QAOA,46232,2.065388961349192,0.0,89,0.0025967919500544667,0.7683813558256058,2,256,5696,0.03593192841457409,0.0,0.75
10,16,4,0.55,0.65,inferred-sensitivity,4,QAOA,46232,2.065388961349192,0.0,89,0.0026112920604646206,0.7683813558256058,2,1024,5696,0.03593192841457409,0.0,0.75
10,16,4,0.55,0.65,inferred-noise,4,QAOA,46232,2.065388961349192,0.0,89,0.0016286669997498393,0.5993515395274965,1,256,5696,0.03593192841457409,0.1,0.75
10,16,4,0.55,0.65,inferred-noise,4,QAOA,46232,2.065388961349192,0.0,89,0.0015287920832633972,0.5098762829395804,1,256,5696,0.03593192841457409,0.25,0.75
10,16,4,0.55,0.65,inferred-noise,4,QAOA,46232,2.065388961349192,0.0,89,0.0015549169620499015,0.3607508552930536,1,256,5696,0.03593192841457409,0.5,0.75
11,16,4,0.55,0.65,full,16,deployed,62296,0.7010248820179543,0.0,0,0.0,,0,0,0,0.455687698875477,0.0,1.0
11,16,4,0.55,0.65,full,16,exact enumeration,62296,0.7010248820179543,0.0,65536,0.0,,0,0,68719476736,0.455687698875477,0.0,1.0
11,16,4,0.55,0.65,full,16,MILP,62296,0.7010248820179543,0.0,0,0.011082292068749666,,0,0,0,0.455687698875477,0.0,1.0
11,16,4,0.55,0.65,full,16,annealing,62296,0.7010248820179543,0.0,89,8.320796769112349e-05,,0,0,93323264,0.455687698875477,0.0,1.0
11,16,4,0.55,0.65,full,16,QAOA,62296,0.7010248820179543,0.0,89,0.22586933395359665,0.0018977038189711222,1,256,93323264,0.455687698875477,0.0,1.0
11,16,4,0.55,0.65,true,4,exact LNS,62296,0.7010248820179543,0.0,16,1.2080417945981026e-06,,0,0,1024,0.455687698875477,0.0,1.0
11,16,4,0.55,0.65,true,4,annealing,62296,0.7010248820179543,0.0,89,7.879198528826237e-05,,0,0,5696,0.455687698875477,0.0,1.0
11,16,4,0.55,0.65,true,4,QAOA,62296,0.7010248820179543,0.0,89,0.001585375051945448,0.30067493926920286,1,256,5696,0.455687698875477,0.0,1.0
11,16,4,0.55,0.65,inferred,4,exact LNS,62296,0.7010248820179543,0.0,16,9.170034900307655e-07,,0,0,1024,0.455687698875477,0.0,0.75
11,16,4,0.55,0.65,inferred,4,annealing,62296,0.7010248820179543,0.0,89,7.041706703603268e-05,,0,0,5696,0.455687698875477,0.0,0.75
11,16,4,0.55,0.65,inferred,4,QAOA,62296,0.7010248820179543,0.0,89,0.0015613329596817493,0.35494948045377556,1,256,5696,0.455687698875477,0.0,0.75
11,16,4,0.55,0.65,wrong,4,exact LNS,62296,0.7010248820179543,0.0,16,8.749775588512421e-07,,0,0,1024,0.455687698875477,0.0,0.5
11,16,4,0.55,0.65,wrong,4,annealing,62296,0.7010248820179543,0.0,89,6.962509360164404e-05,,0,0,5696,0.455687698875477,0.0,0.5
11,16,4,0.55,0.65,wrong,4,QAOA,62296,0.7010248820179543,0.0,89,0.0016205830033868551,0.289965168769232,1,256,5696,0.455687698875477,0.0,0.5
11,16,4,0.55,0.65,inferred-sensitivity,4,QAOA,62296,0.7010248820179543,0.0,89,0.001516207936219871,0.35494948045377556,1,64,5696,0.455687698875477,0.0,0.75
11,16,4,0.55,0.65,inferred-sensitivity,4,QAOA,62296,0.7010248820179543,0.0,89,0.0025816670386120677,0.35929636070882526,2,64,5696,0.455687698875477,0.0,0.75
11,16,4,0.55,0.65,inferred-sensitivity,4,QAOA,62296,0.7010248820179543,0.0,89,0.00255483400542289,0.35929636070882526,2,256,5696,0.455687698875477,0.0,0.75
11,16,4,0.55,0.65,inferred-sensitivity,4,QAOA,62296,0.7010248820179543,0.0,89,0.002562790992669761,0.35929636070882526,2,1024,5696,0.455687698875477,0.0,0.75
11,16,4,0.55,0.65,inferred-noise,4,QAOA,62296,0.7010248820179543,0.0,89,0.0015621660277247429,0.325704532408398,1,256,5696,0.455687698875477,0.1,0.75
11,16,4,0.55,0.65,inferred-noise,4,QAOA,62296,0.7010248820179543,0.0,89,0.0015391249908134341,0.28183711034033165,1,256,5696,0.455687698875477,0.25,0.75
11,16,4,0.55,0.65,inferred-noise,4,QAOA,62296,0.7010248820179543,0.0,89,0.001577791990712285,0.20872474022688778,1,256,5696,0.455687698875477,0.5,0.75
0,16,4,0.55,1.35,full,16,deployed,36584,3.0052889846070947,0.1421459820896078,0,0.0,,0,0,0,0.5178184823220809,0.0,1.0
0,16,4,0.55,1.35,full,16,exact enumeration,46246,2.5068100290290714,0.0,65536,0.0,,0,0,68719476736,0.5178184823220809,0.0,1.0
0,16,4,0.55,1.35,full,16,MILP,46246,2.5068100290290714,0.0,0,0.013875916018150747,,0,0,0,0.5178184823220809,0.0,1.0
0,16,4,0.55,1.35,full,16,annealing,36584,3.0052889846070947,0.1421459820896078,89,7.887498941272497e-05,,0,0,93323264,0.5178184823220809,0.0,1.0
0,16,4,0.55,1.35,full,16,QAOA,62630,2.8462139992087954,0.09678424761255021,89,0.23260712495539337,0.0007898252610109072,1,256,93323264,0.5178184823220809,0.0,1.0
0,16,4,0.55,1.35,true,4,exact LNS,36584,3.0052889846070947,0.1421459820896078,16,1.291045919060707e-06,,0,0,1024,0.5178184823220809,0.0,1.0
0,16,4,0.55,1.35,true,4,annealing,36584,3.0052889846070947,0.1421459820896078,89,7.266690954566002e-05,,0,0,5696,0.5178184823220809,0.0,1.0
0,16,4,0.55,1.35,true,4,QAOA,36584,3.0052889846070947,0.1421459820896078,89,0.0016176669159904122,0.5392439318393009,1,256,5696,0.5178184823220809,0.0,1.0
0,16,4,0.55,1.35,inferred,4,exact LNS,36584,3.0052889846070947,0.1421459820896078,16,8.749775588512421e-07,,0,0,1024,0.5178184823220809,0.0,0.75
0,16,4,0.55,1.35,inferred,4,annealing,36584,3.0052889846070947,0.1421459820896078,89,7.179100066423416e-05,,0,0,5696,0.5178184823220809,0.0,0.75
0,16,4,0.55,1.35,inferred,4,QAOA,36584,3.0052889846070947,0.1421459820896078,89,0.001575250062160194,0.3854111682268238,1,256,5696,0.5178184823220809,0.0,0.75
0,16,4,0.55,1.35,wrong,4,exact LNS,36584,3.0052889846070947,0.1421459820896078,16,8.75093974173069e-07,,0,0,1024,0.5178184823220809,0.0,0.5
0,16,4,0.55,1.35,wrong,4,annealing,36584,3.0052889846070947,0.1421459820896078,89,7.070903666317463e-05,,0,0,5696,0.5178184823220809,0.0,0.5
0,16,4,0.55,1.35,wrong,4,QAOA,36584,3.0052889846070947,0.1421459820896078,89,0.001607665908522904,0.815368404002392,1,256,5696,0.5178184823220809,0.0,0.5
0,16,4,0.55,1.35,inferred-sensitivity,4,QAOA,36584,3.0052889846070947,0.1421459820896078,89,0.0015979160089045763,0.3854111682268238,1,64,5696,0.5178184823220809,0.0,0.75
0,16,4,0.55,1.35,inferred-sensitivity,4,QAOA,36584,3.0052889846070947,0.1421459820896078,89,0.002597208018414676,0.38431179763070855,2,64,5696,0.5178184823220809,0.0,0.75
0,16,4,0.55,1.35,inferred-sensitivity,4,QAOA,36584,3.0052889846070947,0.1421459820896078,89,0.0026202909648418427,0.38431179763070855,2,256,5696,0.5178184823220809,0.0,0.75
0,16,4,0.55,1.35,inferred-sensitivity,4,QAOA,36584,3.0052889846070947,0.1421459820896078,89,0.0026572910137474537,0.38431179763070855,2,1024,5696,0.5178184823220809,0.0,0.75
0,16,4,0.55,1.35,inferred-noise,4,QAOA,36584,3.0052889846070947,0.1421459820896078,89,0.0015864589950069785,0.35312005140414143,1,256,5696,0.5178184823220809,0.1,0.75
0,16,4,0.55,1.35,inferred-noise,4,QAOA,36584,3.0052889846070947,0.1421459820896078,89,0.0015827090246602893,0.30468337617011787,1,256,5696,0.5178184823220809,0.25,0.75
0,16,4,0.55,1.35,inferred-noise,4,QAOA,36584,3.0052889846070947,0.1421459820896078,89,0.001560457982122898,0.2239555841134119,1,256,5696,0.5178184823220809,0.5,0.75
1,16,4,0.55,1.35,full,16,deployed,25391,-2.3724098336280974,0.01754934054080572,0,0.0,,0,0,0,0.1881836456028937,0.0,1.0
1,16,4,0.55,1.35,full,16,exact enumeration,26411,-2.432650587750121,0.0,65536,0.0,,0,0,68719476736,0.1881836456028937,0.0,1.0
1,16,4,0.55,1.35,full,16,MILP,26411,-2.432650587750121,0.0,0,0.01010391698218882,,0,0,0,0.1881836456028937,0.0,1.0
1,16,4,0.55,1.35,full,16,annealing,25391,-2.3724098336280974,0.01754934054080572,89,8.329201955348253e-05,,0,0,93323264,0.1881836456028937,0.0,1.0
1,16,4,0.55,1.35,full,16,QAOA,26411,-2.432650587750121,0.0,89,0.22937758406624198,0.002177031994366004,1,256,93323264,0.1881836456028937,0.0,1.0
1,16,4,0.55,1.35,true,4,exact LNS,25391,-2.3724098336280974,0.01754934054080572,16,1.374981366097927e-06,,0,0,1024,0.1881836456028937,0.0,1.0
1,16,4,0.55,1.35,true,4,annealing,25391,-2.3724098336280974,0.01754934054080572,89,7.637497037649155e-05,,0,0,5696,0.1881836456028937,0.0,1.0
1,16,4,0.55,1.35,true,4,QAOA,25391,-2.3724098336280974,0.01754934054080572,89,0.0016194999916478992,0.2777438909926302,1,256,5696,0.1881836456028937,0.0,1.0
1,16,4,0.55,1.35,inferred,4,exact LNS,25391,-2.3724098336280974,0.01754934054080572,16,8.75093974173069e-07,,0,0,1024,0.1881836456028937,0.0,0.75
1,16,4,0.55,1.35,inferred,4,annealing,25391,-2.3724098336280974,0.01754934054080572,89,7.008295506238937e-05,,0,0,5696,0.1881836456028937,0.0,0.75
1,16,4,0.55,1.35,inferred,4,QAOA,25391,-2.3724098336280974,0.01754934054080572,89,0.0015851659700274467,0.24445837017260943,1,256,5696,0.1881836456028937,0.0,0.75
1,16,4,0.55,1.35,wrong,4,exact LNS,25391,-2.3724098336280974,0.01754934054080572,16,7.919734343886375e-07,,0,0,1024,0.1881836456028937,0.0,0.5
1,16,4,0.55,1.35,wrong,4,annealing,25391,-2.3724098336280974,0.01754934054080572,89,7.02079851180315e-05,,0,0,5696,0.1881836456028937,0.0,0.5
1,16,4,0.55,1.35,wrong,4,QAOA,25391,-2.3724098336280974,0.01754934054080572,89,0.0016227499581873417,0.39958378411607953,1,256,5696,0.1881836456028937,0.0,0.5
1,16,4,0.55,1.35,inferred-sensitivity,4,QAOA,25391,-2.3724098336280974,0.01754934054080572,89,0.0015735409688204527,0.24445837017260943,1,64,5696,0.1881836456028937,0.0,0.75
1,16,4,0.55,1.35,inferred-sensitivity,4,QAOA,25391,-2.3724098336280974,0.01754934054080572,89,0.0025979579659178853,0.19856913349961308,2,64,5696,0.1881836456028937,0.0,0.75
1,16,4,0.55,1.35,inferred-sensitivity,4,QAOA,25391,-2.3724098336280974,0.01754934054080572,89,0.0026204170426353812,0.19856913349961308,2,256,5696,0.1881836456028937,0.0,0.75
1,16,4,0.55,1.35,inferred-sensitivity,4,QAOA,25391,-2.3724098336280974,0.01754934054080572,89,0.0026306669460609555,0.19856913349961308,2,1024,5696,0.1881836456028937,0.0,0.75
1,16,4,0.55,1.35,inferred-noise,4,QAOA,25391,-2.3724098336280974,0.01754934054080572,89,0.0015974999405443668,0.2262625331553485,1,256,5696,0.1881836456028937,0.1,0.75
1,16,4,0.55,1.35,inferred-noise,4,QAOA,25391,-2.3724098336280974,0.01754934054080572,89,0.0015832920325919986,0.19896877762945708,1,256,5696,0.1881836456028937,0.25,0.75
1,16,4,0.55,1.35,inferred-noise,4,QAOA,25391,-2.3724098336280974,0.01754934054080572,89,0.0015807910822331905,0.1534791850863047,1,256,5696,0.1881836456028937,0.5,0.75
2,16,4,0.55,1.35,full,16,deployed,29237,2.008060641270994,0.0,0,0.0,,0,0,0,0.1580242893465528,0.0,1.0
2,16,4,0.55,1.35,full,16,exact enumeration,29237,2.008060641270994,0.0,65536,0.0,,0,0,68719476736,0.1580242893465528,0.0,1.0
2,16,4,0.55,1.35,full,16,MILP,29237,2.008060641270994,0.0,0,0.011283542029559612,,0,0,0,0.1580242893465528,0.0,1.0
2,16,4,0.55,1.35,full,16,annealing,29237,2.008060641270994,0.0,89,8.124997839331627e-05,,0,0,93323264,0.1580242893465528,0.0,1.0
2,16,4,0.55,1.35,full,16,QAOA,29221,2.305307999760024,0.09881694351861016,89,0.22506399999838322,0.0013371347553503454,1,256,93323264,0.1580242893465528,0.0,1.0
2,16,4,0.55,1.35,true,4,exact LNS,29237,2.008060641270994,0.0,16,1.3330718502402306e-06,,0,0,1024,0.1580242893465528,0.0,1.0
2,16,4,0.55,1.35,true,4,annealing,29237,2.008060641270994,0.0,89,7.237493991851807e-05,,0,0,5696,0.1580242893465528,0.0,1.0
2,16,4,0.55,1.35,true,4,QAOA,29237,2.008060641270994,0.0,89,0.0016209590248763561,0.7088800313018422,1,256,5696,0.1580242893465528,0.0,1.0
2,16,4,0.55,1.35,inferred,4,exact LNS,29237,2.008060641270994,0.0,16,9.170034900307655e-07,,0,0,1024,0.1580242893465528,0.0,0.75
2,16,4,0.55,1.35,inferred,4,annealing,29237,2.008060641270994,0.0,89,7.166701834648848e-05,,0,0,5696,0.1580242893465528,0.0,0.75
2,16,4,0.55,1.35,inferred,4,QAOA,29237,2.008060641270994,0.0,89,0.0016053749714046717,0.3465178532204582,1,256,5696,0.1580242893465528,0.0,0.75
2,16,4,0.55,1.35,wrong,4,exact LNS,29237,2.008060641270994,0.0,16,8.330680429935455e-07,,0,0,1024,0.1580242893465528,0.0,0.5
2,16,4,0.55,1.35,wrong,4,annealing,29237,2.008060641270994,0.0,89,7.158308289945126e-05,,0,0,5696,0.1580242893465528,0.0,0.5
2,16,4,0.55,1.35,wrong,4,QAOA,29237,2.008060641270994,0.0,89,0.0016046249074861407,0.684601590082359,1,256,5696,0.1580242893465528,0.0,0.5
2,16,4,0.55,1.35,inferred-sensitivity,4,QAOA,29237,2.008060641270994,0.0,89,0.0015883329324424267,0.3465178532204582,1,64,5696,0.1580242893465528,0.0,0.75
2,16,4,0.55,1.35,inferred-sensitivity,4,QAOA,29237,2.008060641270994,0.0,89,0.002653250005096197,0.33135359285530225,2,64,5696,0.1580242893465528,0.0,0.75
2,16,4,0.55,1.35,inferred-sensitivity,4,QAOA,29237,2.008060641270994,0.0,89,0.00249054201412946,0.33135359285530225,2,256,5696,0.1580242893465528,0.0,0.75
2,16,4,0.55,1.35,inferred-sensitivity,4,QAOA,29237,2.008060641270994,0.0,89,0.0026186670875176787,0.33135359285530225,2,1024,5696,0.1580242893465528,0.0,0.75
2,16,4,0.55,1.35,inferred-noise,4,QAOA,29237,2.008060641270994,0.0,89,0.001610292005352676,0.31811606789841235,1,256,5696,0.1580242893465528,0.1,0.75
2,16,4,0.55,1.35,inferred-noise,4,QAOA,29237,2.008060641270994,0.0,89,0.0016052499413490295,0.27551338991534363,1,256,5696,0.1580242893465528,0.25,0.75
2,16,4,0.55,1.35,inferred-noise,4,QAOA,29237,2.008060641270994,0.0,89,0.0015956249553710222,0.2045089266102291,1,256,5696,0.1580242893465528,0.5,0.75
3,16,4,0.55,1.35,full,16,deployed,11028,5.250176956383084,2.400000634569258,0,0.0,,0,0,0,0.06906664741086095,0.0,1.0
3,16,4,0.55,1.35,full,16,exact enumeration,46275,0.8382869970184319,0.0,65536,0.0,,0,0,68719476736,0.06906664741086095,0.0,1.0
3,16,4,0.55,1.35,full,16,MILP,46275,0.8382869970184319,0.0,0,0.010916958097368479,,0,0,0,0.06906664741086095,0.0,1.0
3,16,4,0.55,1.35,full,16,annealing,12762,2.167858187637004,0.7232663848327492,89,8.03329749032855e-05,,0,0,93323264,0.06906664741086095,0.0,1.0
3,16,4,0.55,1.35,full,16,QAOA,62530,2.0645987297658808,0.6670948196535348,89,0.22575541702099144,0.001654606841613606,1,256,93323264,0.06906664741086095,0.0,1.0
3,16,4,0.55,1.35,true,4,exact LNS,16148,3.2732371770341246,1.324575642413293,16,1.1249212548136711e-06,,0,0,1024,0.06906664741086095,0.0,1.0
3,16,4,0.55,1.35,true,4,annealing,16148,3.2732371770341246,1.324575642413293,89,6.7666987888515e-05,,0,0,5696,0.06906664741086095,0.0,1.0
3,16,4,0.55,1.35,true,4,QAOA,16148,3.2732371770341246,1.324575642413293,89,0.001617542002350092,0.6066475219089429,1,256,5696,0.06906664741086095,0.0,1.0
3,16,4,0.55,1.35,inferred,4,exact LNS,16148,3.2732371770341246,1.324575642413293,16,9.170034900307655e-07,,0,0,1024,0.06906664741086095,0.0,0.75
3,16,4,0.55,1.35,inferred,4,annealing,16148,3.2732371770341246,1.324575642413293,89,6.987503729760647e-05,,0,0,5696,0.06906664741086095,0.0,0.75
3,16,4,0.55,1.35,inferred,4,QAOA,16148,3.2732371770341246,1.324575642413293,89,0.0015858750557526946,0.4097209707052799,1,256,5696,0.06906664741086095,0.0,0.75
3,16,4,0.55,1.35,wrong,4,exact LNS,15124,3.558448004991188,1.479725969005199,16,8.749775588512421e-07,,0,0,1024,0.06906664741086095,0.0,0.5
3,16,4,0.55,1.35,wrong,4,annealing,15124,3.558448004991188,1.479725969005199,89,7.062498480081558e-05,,0,0,5696,0.06906664741086095,0.0,0.5
3,16,4,0.55,1.35,wrong,4,QAOA,15124,3.558448004991188,1.479725969005199,89,0.00159987504594028,0.7533915923437319,1,256,5696,0.06906664741086095,0.0,0.5
3,16,4,0.55,1.35,inferred-sensitivity,4,QAOA,16148,3.2732371770341246,1.324575642413293,89,0.001609666971489787,0.4097209707052799,1,64,5696,0.06906664741086095,0.0,0.75
3,16,4,0.55,1.35,inferred-sensitivity,4,QAOA,16148,3.2732371770341246,1.324575642413293,89,0.0026187499752268195,0.4132042535812935,2,64,5696,0.06906664741086095,0.0,0.75
3,16,4,0.55,1.35,inferred-sensitivity,4,QAOA,16148,3.2732371770341246,1.324575642413293,89,0.002504665986634791,0.4132042535812935,2,256,5696,0.06906664741086095,0.0,0.75
3,16,4,0.55,1.35,inferred-sensitivity,4,QAOA,16148,3.2732371770341246,1.324575642413293,89,0.002601291984319687,0.4132042535812935,2,1024,5696,0.06906664741086095,0.0,0.75
3,16,4,0.55,1.35,inferred-noise,4,QAOA,16148,3.2732371770341246,1.324575642413293,89,0.001579958014190197,0.37499887363475193,1,256,5696,0.06906664741086095,0.1,0.75
3,16,4,0.55,1.35,inferred-noise,4,QAOA,16148,3.2732371770341246,1.324575642413293,89,0.0015694579342380166,0.32291572802895996,1,256,5696,0.06906664741086095,0.25,0.75
3,16,4,0.55,1.35,inferred-noise,4,QAOA,16148,3.2732371770341246,1.324575642413293,89,0.0015593749703839421,0.23611048535263995,1,256,5696,0.06906664741086095,0.5,0.75
4,16,4,0.55,1.35,full,16,deployed,54043,6.024785653672161,1.3905898858397736,0,0.0,,0,0,0,0.4487663758143543,0.0,1.0
4,16,4,0.55,1.35,full,16,exact enumeration,11884,1.938515592022792,0.0,65536,0.0,,0,0,68719476736,0.4487663758143543,0.0,1.0
4,16,4,0.55,1.35,full,16,MILP,11884,1.938515592022792,0.0,0,0.012384792091324925,,0,0,0,0.4487663758143543,0.0,1.0
4,16,4,0.55,1.35,full,16,annealing,57960,3.2841117182484347,0.4579169598005679,89,8.312496356666088e-05,,0,0,93323264,0.4487663758143543,0.0,1.0
4,16,4,0.55,1.35,full,16,QAOA,16340,2.0624934188910107,0.042190630944679085,89,0.22549529210664332,0.0006453217884558513,1,256,93323264,0.4487663758143543,0.0,1.0
4,16,4,0.55,1.35,true,4,exact LNS,54041,3.2658584181242873,0.45170521800355323,16,1.208973117172718e-06,,0,0,1024,0.4487663758143543,0.0,1.0
4,16,4,0.55,1.35,true,4,annealing,54041,3.2658584181242873,0.45170521800355323,89,7.554201874881983e-05,,0,0,5696,0.4487663758143543,0.0,1.0
4,16,4,0.55,1.35,true,4,QAOA,54041,3.2658584181242873,0.45170521800355323,89,0.001580707961693406,0.578592669485937,1,256,5696,0.4487663758143543,0.0,1.0
4,16,4,0.55,1.35,inferred,4,exact LNS,54041,3.2658584181242873,0.45170521800355323,16,8.749775588512421e-07,,0,0,1024,0.4487663758143543,0.0,0.75
4,16,4,0.55,1.35,inferred,4,annealing,54041,3.2658584181242873,0.45170521800355323,89,7.037492468953133e-05,,0,0,5696,0.4487663758143543,0.0,0.75
4,16,4,0.55,1.35,inferred,4,QAOA,54041,3.2658584181242873,0.45170521800355323,89,0.0015765829011797905,0.5565325612592203,1,256,5696,0.4487663758143543,0.0,0.75
4,16,4,0.55,1.35,wrong,4,exact LNS,54043,6.024785653672161,1.3905898858397736,16,8.749775588512421e-07,,0,0,1024,0.4487663758143543,0.0,0.5
4,16,4,0.55,1.35,wrong,4,annealing,54043,6.024785653672161,1.3905898858397736,89,7.058295886963606e-05,,0,0,5696,0.4487663758143543,0.0,0.5
4,16,4,0.55,1.35,wrong,4,QAOA,54043,6.024785653672161,1.3905898858397736,89,0.0015657079638913274,0.3562072806386469,1,256,5696,0.4487663758143543,0.0,0.5
4,16,4,0.55,1.35,inferred-sensitivity,4,QAOA,54041,3.2658584181242873,0.45170521800355323,89,0.0016170410672202706,0.5565325612592203,1,64,5696,0.4487663758143543,0.0,0.75
4,16,4,0.55,1.35,inferred-sensitivity,4,QAOA,54041,3.2658584181242873,0.45170521800355323,89,0.0025498339673504233,0.5564670039144178,2,64,5696,0.4487663758143543,0.0,0.75
4,16,4,0.55,1.35,inferred-sensitivity,4,QAOA,54041,3.2658584181242873,0.45170521800355323,89,0.0025475830771028996,0.5564670039144178,2,256,5696,0.4487663758143543,0.0,0.75
4,16,4,0.55,1.35,inferred-sensitivity,4,QAOA,54041,3.2658584181242873,0.45170521800355323,89,0.0025642079999670386,0.5564670039144178,2,1024,5696,0.4487663758143543,0.0,0.75
4,16,4,0.55,1.35,inferred-noise,4,QAOA,54041,3.2658584181242873,0.45170521800355323,89,0.0015798340318724513,0.5071293051332983,1,256,5696,0.4487663758143543,0.1,0.75
4,16,4,0.55,1.35,inferred-noise,4,QAOA,54041,3.2658584181242873,0.45170521800355323,89,0.0015701670199632645,0.4330244209444153,1,256,5696,0.4487663758143543,0.25,0.75
4,16,4,0.55,1.35,inferred-noise,4,QAOA,54041,3.2658584181242873,0.45170521800355323,89,0.001510457950644195,0.3095162806296102,1,256,5696,0.4487663758143543,0.5,0.75
5,16,4,0.55,1.35,full,16,deployed,58805,-0.4498341901337781,0.0,0,0.0,,0,0,0,0.08685317053147532,0.0,1.0
5,16,4,0.55,1.35,full,16,exact enumeration,58805,-0.4498341901337781,0.0,65536,0.0,,0,0,68719476736,0.08685317053147532,0.0,1.0
5,16,4,0.55,1.35,full,16,MILP,58805,-0.4498341901337781,0.0,0,0.010251375031657517,,0,0,0,0.08685317053147532,0.0,1.0
5,16,4,0.55,1.35,full,16,annealing,58805,-0.4498341901337781,0.0,89,8.05840827524662e-05,,0,0,93323264,0.08685317053147532,0.0,1.0
5,16,4,0.55,1.35,full,16,QAOA,50613,-0.3989398790038261,0.035103539064184945,89,0.22314666700549424,0.0018929115733755896,1,256,93323264,0.08685317053147532,0.0,1.0
5,16,4,0.55,1.35,true,4,exact LNS,58805,-0.4498341901337781,0.0,16,1.3330718502402306e-06,,0,0,1024,0.08685317053147532,0.0,1.0
5,16,4,0.55,1.35,true,4,annealing,58805,-0.4498341901337781,0.0,89,7.129099685698748e-05,,0,0,5696,0.08685317053147532,0.0,1.0
5,16,4,0.55,1.35,true,4,QAOA,58805,-0.4498341901337781,0.0,89,0.0016132090240716934,0.41402935003370167,1,256,5696,0.08685317053147532,0.0,1.0
5,16,4,0.55,1.35,inferred,4,exact LNS,58805,-0.4498341901337781,0.0,16,9.59029421210289e-07,,0,0,1024,0.08685317053147532,0.0,0.75
5,16,4,0.55,1.35,inferred,4,annealing,58805,-0.4498341901337781,0.0,89,7.320800796151161e-05,,0,0,5696,0.08685317053147532,0.0,0.75
5,16,4,0.55,1.35,inferred,4,QAOA,58805,-0.4498341901337781,0.0,87,0.0015553749399259686,0.4561040908643387,1,256,5568,0.08685317053147532,0.0,0.75
5,16,4,0.55,1.35,wrong,4,exact LNS,58805,-0.4498341901337781,0.0,16,8.749775588512421e-07,,0,0,1024,0.08685317053147532,0.0,0.5
5,16,4,0.55,1.35,wrong,4,annealing,58805,-0.4498341901337781,0.0,89,6.999995093792677e-05,,0,0,5696,0.08685317053147532,0.0,0.5
5,16,4,0.55,1.35,wrong,4,QAOA,58805,-0.4498341901337781,0.0,89,0.001590666943229735,0.2973849447265487,1,256,5696,0.08685317053147532,0.0,0.5
5,16,4,0.55,1.35,inferred-sensitivity,4,QAOA,58805,-0.4498341901337781,0.0,87,0.0015447500627487898,0.4561040908643387,1,64,5568,0.08685317053147532,0.0,0.75
5,16,4,0.55,1.35,inferred-sensitivity,4,QAOA,58805,-0.4498341901337781,0.0,89,0.0026131659979000688,0.4620264695292352,2,64,5696,0.08685317053147532,0.0,0.75
5,16,4,0.55,1.35,inferred-sensitivity,4,QAOA,58805,-0.4498341901337781,0.0,89,0.0025029589887708426,0.4620264695292352,2,256,5696,0.08685317053147532,0.0,0.75
5,16,4,0.55,1.35,inferred-sensitivity,4,QAOA,58805,-0.4498341901337781,0.0,89,0.002571791992522776,0.4620264695292352,2,1024,5696,0.08685317053147532,0.0,0.75
5,16,4,0.55,1.35,inferred-noise,4,QAOA,58805,-0.4498341901337781,0.0,87,0.0015301250386983156,0.4167436817779048,1,256,5568,0.08685317053147532,0.1,0.75
5,16,4,0.55,1.35,inferred-noise,4,QAOA,58805,-0.4498341901337781,0.0,87,0.0015331250615417957,0.35770306814825403,1,256,5568,0.08685317053147532,0.25,0.75
5,16,4,0.55,1.35,inferred-noise,4,QAOA,58805,-0.4498341901337781,0.0,87,0.0015826669987291098,0.25930204543216934,1,256,5568,0.08685317053147532,0.5,0.75
6,16,4,0.55,1.35,full,16,deployed,37310,3.8539026322810783,1.1439773841263023,0,0.0,,0,0,0,0.0,0.0,1.0
6,16,4,0.55,1.35,full,16,exact enumeration,30113,1.2639710046470964,0.0,65536,0.0,,0,0,68719476736,0.0,0.0,1.0
6,16,4,0.55,1.35,full,16,MILP,30113,1.2639710046470964,0.0,0,0.012447249959222972,,0,0,0,0.0,0.0,1.0
6,16,4,0.55,1.35,full,16,annealing,53689,1.8864470796355084,0.2749487841101756,89,7.683306466788054e-05,,0,0,93323264,0.0,0.0,1.0
6,16,4,0.55,1.35,full,16,QAOA,32161,1.656301612444062,0.1732931238923359,89,0.22314399993047118,0.0018839839544282607,1,256,93323264,0.0,0.0,1.0
6,16,4,0.55,1.35,true,4,exact LNS,53694,2.8966030911884424,0.7211364823975903,16,1.125037670135498e-06,,0,0,1024,0.0,0.0,1.0
6,16,4,0.55,1.35,true,4,annealing,53694,2.8966030911884424,0.7211364823975903,89,6.929098162800074e-05,,0,0,5696,0.0,0.0,1.0
6,16,4,0.55,1.35,true,4,QAOA,53694,2.8966030911884424,0.7211364823975903,89,0.001542625017464161,0.6918280241962359,1,256,5696,0.0,0.0,1.0
6,16,4,0.55,1.35,inferred,4,exact LNS,53694,2.8966030911884424,0.7211364823975903,16,9.579816833138466e-07,,0,0,1024,0.0,0.0,0.75
6,16,4,0.55,1.35,inferred,4,annealing,53694,2.8966030911884424,0.7211364823975903,89,6.966700311750174e-05,,0,0,5696,0.0,0.0,0.75
6,16,4,0.55,1.35,inferred,4,QAOA,53694,2.8966030911884424,0.7211364823975903,89,0.0015646670944988728,0.5897785597602109,1,256,5696,0.0,0.0,0.75
6,16,4,0.55,1.35,wrong,4,exact LNS,53693,2.328467425279381,0.47018995316073675,16,8.33999365568161e-07,,0,0,1024,0.0,0.0,0.5
6,16,4,0.55,1.35,wrong,4,annealing,53693,2.328467425279381,0.47018995316073675,89,6.920797750353813e-05,,0,0,5696,0.0,0.0,0.5
6,16,4,0.55,1.35,wrong,4,QAOA,53693,2.328467425279381,0.47018995316073675,89,0.0015906249172985554,0.2927477208493013,1,256,5696,0.0,0.0,0.5
6,16,4,0.55,1.35,inferred-sensitivity,4,QAOA,53694,2.8966030911884424,0.7211364823975903,89,0.001563750091008842,0.5897785597602109,1,64,5696,0.0,0.0,0.75
6,16,4,0.55,1.35,inferred-sensitivity,4,QAOA,53694,2.8966030911884424,0.7211364823975903,89,0.002601750078611076,0.5897288570135284,2,64,5696,0.0,0.0,0.75
6,16,4,0.55,1.35,inferred-sensitivity,4,QAOA,53694,2.8966030911884424,0.7211364823975903,89,0.0024919999996200204,0.5897288570135284,2,256,5696,0.0,0.0,0.75
6,16,4,0.55,1.35,inferred-sensitivity,4,QAOA,53694,2.8966030911884424,0.7211364823975903,89,0.002622083993628621,0.5897288570135284,2,1024,5696,0.0,0.0,0.75
6,16,4,0.55,1.35,inferred-noise,4,QAOA,53694,2.8966030911884424,0.7211364823975903,89,0.0015801669796928763,0.5370507037841897,1,256,5696,0.0,0.1,0.75
6,16,4,0.55,1.35,inferred-noise,4,QAOA,53694,2.8966030911884424,0.7211364823975903,89,0.0015832079807296395,0.45795891982015813,1,256,5696,0.0,0.25,0.75
6,16,4,0.55,1.35,inferred-noise,4,QAOA,53694,2.8966030911884424,0.7211364823975903,89,0.0016053749714046717,0.32613927988010544,1,256,5696,0.0,0.5,0.75
7,16,4,0.55,1.35,full,16,deployed,42630,3.969384911833629,0.6072324012990696,0,0.0,,0,0,0,0.33958239437773424,0.0,1.0
7,16,4,0.55,1.35,full,16,exact enumeration,22889,2.091889454080847,0.0,65536,0.0,,0,0,68719476736,0.33958239437773424,0.0,1.0
7,16,4,0.55,1.35,full,16,MILP,22889,2.091889454080847,0.0,0,0.012643374968320131,,0,0,0,0.33958239437773424,0.0,1.0
7,16,4,0.55,1.35,full,16,annealing,3754,2.735393330030014,0.20812641768282994,89,8.079200051724911e-05,,0,0,93323264,0.33958239437773424,0.0,1.0
7,16,4,0.55,1.35,full,16,QAOA,22889,2.091889454080847,0.0,89,0.24328058399260044,0.0026648764492653034,1,256,93323264,0.33958239437773424,0.0,1.0
7,16,4,0.55,1.35,true,4,exact LNS,42630,3.969384911833629,0.6072324012990696,16,1.7079291865229607e-06,,0,0,1024,0.33958239437773424,0.0,1.0
7,16,4,0.55,1.35,true,4,annealing,42630,3.969384911833629,0.6072324012990696,89,0.00010208296589553356,,0,0,5696,0.33958239437773424,0.0,1.0
7,16,4,0.55,1.35,true,4,QAOA,42630,3.969384911833629,0.6072324012990696,89,0.0016813749680295587,0.4526561936593165,1,256,5696,0.33958239437773424,0.0,1.0
7,16,4,0.55,1.35,inferred,4,exact LNS,42630,3.969384911833629,0.6072324012990696,16,1.2079253792762756e-06,,0,0,1024,0.33958239437773424,0.0,0.75
7,16,4,0.55,1.35,inferred,4,annealing,42630,3.969384911833629,0.6072324012990696,89,6.750004831701517e-05,,0,0,5696,0.33958239437773424,0.0,0.75
7,16,4,0.55,1.35,inferred,4,QAOA,42630,3.969384911833629,0.6072324012990696,89,0.0016486250096932054,0.5612662145847667,1,256,5696,0.33958239437773424,0.0,0.75
7,16,4,0.55,1.35,wrong,4,exact LNS,42630,3.969384911833629,0.6072324012990696,16,9.170034900307655e-07,,0,0,1024,0.33958239437773424,0.0,0.5
7,16,4,0.55,1.35,wrong,4,annealing,42630,3.969384911833629,0.6072324012990696,89,7.120799273252487e-05,,0,0,5696,0.33958239437773424,0.0,0.5
7,16,4,0.55,1.35,wrong,4,QAOA,42630,3.969384911833629,0.6072324012990696,89,0.0016334590036422014,0.3911962318393487,1,256,5696,0.33958239437773424,0.0,0.5
7,16,4,0.55,1.35,inferred-sensitivity,4,QAOA,42630,3.969384911833629,0.6072324012990696,89,0.0015893339877948165,0.5612662145847667,1,64,5696,0.33958239437773424,0.0,0.75
7,16,4,0.55,1.35,inferred-sensitivity,4,QAOA,42630,3.969384911833629,0.6072324012990696,89,0.002671250025741756,0.5920674404977232,2,64,5696,0.33958239437773424,0.0,0.75
7,16,4,0.55,1.35,inferred-sensitivity,4,QAOA,42630,3.969384911833629,0.6072324012990696,89,0.0026550410548225045,0.5920674404977232,2,256,5696,0.33958239437773424,0.0,0.75
7,16,4,0.55,1.35,inferred-sensitivity,4,QAOA,42630,3.969384911833629,0.6072324012990696,89,0.002763375057838857,0.5920674404977232,2,1024,5696,0.33958239437773424,0.0,0.75
7,16,4,0.55,1.35,inferred-noise,4,QAOA,42630,3.969384911833629,0.6072324012990696,89,0.0016537500778213143,0.51138959312629,1,256,5696,0.33958239437773424,0.1,0.75
7,16,4,0.55,1.35,inferred-noise,4,QAOA,42630,3.969384911833629,0.6072324012990696,89,0.001742499996908009,0.436574660938575,1,256,5696,0.33958239437773424,0.25,0.75
7,16,4,0.55,1.35,inferred-noise,4,QAOA,42630,3.969384911833629,0.6072324012990696,89,0.0016985000111162663,0.31188310729238333,1,256,5696,0.33958239437773424,0.5,0.75
8,16,4,0.55,1.35,full,16,deployed,51880,4.70466334375533,0.4985426234418838,0,0.0,,0,0,0,0.25488640685438985,0.0,1.0
8,16,4,0.55,1.35,full,16,exact enumeration,6992,2.806807530541067,0.0,65536,0.0,,0,0,68719476736,0.25488640685438985,0.0,1.0
8,16,4,0.55,1.35,full,16,MILP,6992,2.806807530541067,0.0,0,0.012826916994526982,,0,0,0,0.25488640685438985,0.0,1.0
8,16,4,0.55,1.35,full,16,annealing,51872,3.927788614802154,0.2944674967850976,89,8.837506175041199e-05,,0,0,93323264,0.25488640685438985,0.0,1.0
8,16,4,0.55,1.35,full,16,QAOA,6993,3.0214711071288276,0.05638939580358822,89,0.23444712499622256,0.0019575276013284806,1,256,93323264,0.25488640685438985,0.0,1.0
8,16,4,0.55,1.35,true,4,exact LNS,51872,3.927788614802154,0.2944674967850976,16,1.5419209375977516e-06,,0,0,1024,0.25488640685438985,0.0,1.0
8,16,4,0.55,1.35,true,4,annealing,51872,3.927788614802154,0.2944674967850976,89,7.812504190951586e-05,,0,0,5696,0.25488640685438985,0.0,1.0
8,16,4,0.55,1.35,true,4,QAOA,51872,3.927788614802154,0.2944674967850976,89,0.0016937500331550837,0.48530614350055173,1,256,5696,0.25488640685438985,0.0,1.0
8,16,4,0.55,1.35,inferred,4,exact LNS,51872,3.927788614802154,0.2944674967850976,16,1.00000761449337e-06,,0,0,1024,0.25488640685438985,0.0,0.75
8,16,4,0.55,1.35,inferred,4,annealing,51872,3.927788614802154,0.2944674967850976,89,7.204199209809303e-05,,0,0,5696,0.25488640685438985,0.0,0.75
8,16,4,0.55,1.35,inferred,4,QAOA,51872,3.927788614802154,0.2944674967850976,89,0.0016305830795317888,0.6816155523138822,1,256,5696,0.25488640685438985,0.0,0.75
8,16,4,0.55,1.35,wrong,4,exact LNS,51872,3.927788614802154,0.2944674967850976,16,9.170034900307655e-07,,0,0,1024,0.25488640685438985,0.0,0.5
8,16,4,0.55,1.35,wrong,4,annealing,51872,3.927788614802154,0.2944674967850976,89,8.208397775888443e-05,,0,0,5696,0.25488640685438985,0.0,0.5
8,16,4,0.55,1.35,wrong,4,QAOA,51872,3.927788614802154,0.2944674967850976,89,0.001815208001062274,0.34571672890935873,1,256,5696,0.25488640685438985,0.0,0.5
8,16,4,0.55,1.35,inferred-sensitivity,4,QAOA,51872,3.927788614802154,0.2944674967850976,89,0.0016361249145120382,0.6816155523138822,1,64,5696,0.25488640685438985,0.0,0.75
8,16,4,0.55,1.35,inferred-sensitivity,4,QAOA,51872,3.927788614802154,0.2944674967850976,89,0.002727125072851777,0.7008471029091458,2,64,5696,0.25488640685438985,0.0,0.75
8,16,4,0.55,1.35,inferred-sensitivity,4,QAOA,51872,3.927788614802154,0.2944674967850976,89,0.002671334077604115,0.7008471029091458,2,256,5696,0.25488640685438985,0.0,0.75
8,16,4,0.55,1.35,inferred-sensitivity,4,QAOA,51872,3.927788614802154,0.2944674967850976,89,0.0027625419897958636,0.7008471029091458,2,1024,5696,0.25488640685438985,0.0,0.75
8,16,4,0.55,1.35,inferred-noise,4,QAOA,51872,3.927788614802154,0.2944674967850976,89,0.0016320840222761035,0.6197039970824939,1,256,5696,0.25488640685438985,0.1,0.75
8,16,4,0.55,1.35,inferred-noise,4,QAOA,51872,3.927788614802154,0.2944674967850976,89,0.0016225000144913793,0.5268366642354116,1,256,5696,0.25488640685438985,0.25,0.75
8,16,4,0.55,1.35,inferred-noise,4,QAOA,51872,3.927788614802154,0.2944674967850976,89,0.001612291089259088,0.3720577761569411,1,256,5696,0.25488640685438985,0.5,0.75
9,16,4,0.55,1.35,full,16,deployed,16288,1.6243462106680453,1.4586581409995325,0,0.0,,0,0,0,0.0,0.0,1.0
9,16,4,0.55,1.35,full,16,exact enumeration,51324,-0.3612452387903473,0.0,65536,0.0,,0,0,68719476736,0.0,0.0,1.0
9,16,4,0.55,1.35,full,16,MILP,51324,-0.3612452387903473,0.0,0,0.010946333059109747,,0,0,0,0.0,0.0,1.0
9,16,4,0.55,1.35,full,16,annealing,51836,0.04478759013451894,0.29828044011061666,89,8.233299013227224e-05,,0,0,93323264,0.0,0.0,1.0
9,16,4,0.55,1.35,full,16,QAOA,49277,-0.2291432890230638,0.09704493062886609,89,0.23211350000929087,0.0008298522773807393,1,256,93323264,0.0,0.0,1.0
9,16,4,0.55,1.35,true,4,exact LNS,28576,0.8770092105464351,0.9096483234991081,16,3.1669624149799347e-06,,0,0,1024,0.0,0.0,1.0
9,16,4,0.55,1.35,true,4,annealing,28576,0.8770092105464351,0.9096483234991081,89,7.741607259958982e-05,,0,0,5696,0.0,0.0,1.0
9,16,4,0.55,1.35,true,4,QAOA,28576,0.8770092105464351,0.9096483234991081,89,0.001614375039935112,0.2494631445828723,1,256,5696,0.0,0.0,1.0
9,16,4,0.55,1.35,inferred,4,exact LNS,28576,0.8770092105464351,0.9096483234991081,16,9.580980986356735e-07,,0,0,1024,0.0,0.0,0.75
9,16,4,0.55,1.35,inferred,4,annealing,28576,0.8770092105464351,0.9096483234991081,89,6.612495053559542e-05,,0,0,5696,0.0,0.0,0.75
9,16,4,0.55,1.35,inferred,4,QAOA,28576,0.8770092105464351,0.9096483234991081,89,0.0015892080264165998,0.20759011497170138,1,256,5696,0.0,0.0,0.75
9,16,4,0.55,1.35,wrong,4,exact LNS,32672,1.4219940310911785,1.3100058821628482,16,8.749775588512421e-07,,0,0,1024,0.0,0.0,0.5
9,16,4,0.55,1.35,wrong,4,annealing,32672,1.4219940310911785,1.3100058821628482,89,7.116701453924179e-05,,0,0,5696,0.0,0.0,0.5
9,16,4,0.55,1.35,wrong,4,QAOA,32672,1.4219940310911785,1.3100058821628482,89,0.001614999957382679,0.4454321658282783,1,256,5696,0.0,0.0,0.5
9,16,4,0.55,1.35,inferred-sensitivity,4,QAOA,28576,0.8770092105464351,0.9096483234991081,89,0.0015999999595806003,0.20759011497170138,1,64,5696,0.0,0.0,0.75
9,16,4,0.55,1.35,inferred-sensitivity,4,QAOA,28576,0.8770092105464351,0.9096483234991081,89,0.0026117080124095082,0.4486639025320845,2,64,5696,0.0,0.0,0.75
9,16,4,0.55,1.35,inferred-sensitivity,4,QAOA,28576,0.8770092105464351,0.9096483234991081,89,0.0026060830568894744,0.4486639025320845,2,256,5696,0.0,0.0,0.75
9,16,4,0.55,1.35,inferred-sensitivity,4,QAOA,28576,0.8770092105464351,0.9096483234991081,89,0.00261254096403718,0.4486639025320845,2,1024,5696,0.0,0.0,0.75
9,16,4,0.55,1.35,inferred-noise,4,QAOA,28576,0.8770092105464351,0.9096483234991081,89,0.001588124898262322,0.19308110347453125,1,256,5696,0.0,0.1,0.75
9,16,4,0.55,1.35,inferred-noise,4,QAOA,28576,0.8770092105464351,0.9096483234991081,89,0.0015974579146131873,0.17131758622877602,1,256,5696,0.0,0.25,0.75
9,16,4,0.55,1.35,inferred-noise,4,QAOA,28576,0.8770092105464351,0.9096483234991081,89,0.0015706249978393316,0.1350450574858507,1,256,5696,0.0,0.5,0.75
10,16,4,0.55,1.35,full,16,deployed,42136,3.1634751533589913,0.07855939245450239,0,0.0,,0,0,0,0.05408401970950373,0.0,1.0
10,16,4,0.55,1.35,full,16,exact enumeration,44184,2.860218716267516,0.0,65536,0.0,,0,0,68719476736,0.05408401970950373,0.0,1.0
10,16,4,0.55,1.35,full,16,MILP,44184,2.860218716267516,0.0,0,0.014840290998108685,,0,0,0,0.05408401970950373,0.0,1.0
10,16,4,0.55,1.35,full,16,annealing,44184,2.860218716267516,0.0,89,8.56249826028943e-05,,0,0,93323264,0.05408401970950373,0.0,1.0
10,16,4,0.55,1.35,full,16,QAOA,42377,3.383477108786016,0.13555148839453415,89,0.23059091705363244,0.0004066818953317849,1,256,93323264,0.05408401970950373,0.0,1.0
10,16,4,0.55,1.35,true,4,exact LNS,44184,2.860218716267516,0.0,16,2.125045284628868e-06,,0,0,1024,0.05408401970950373,0.0,1.0
10,16,4,0.55,1.35,true,4,annealing,44184,2.860218716267516,0.0,89,8.229201193898916e-05,,0,0,5696,0.05408401970950373,0.0,1.0
10,16,4,0.55,1.35,true,4,QAOA,44184,2.860218716267516,0.0,89,0.0016760829603299499,0.3668781948776202,1,256,5696,0.05408401970950373,0.0,1.0
10,16,4,0.55,1.35,inferred,4,exact LNS,42136,3.1634751533589913,0.07855939245450239,16,1.00000761449337e-06,,0,0,1024,0.05408401970950373,0.0,0.5
10,16,4,0.55,1.35,inferred,4,annealing,42136,3.1634751533589913,0.07855939245450239,89,7.070903666317463e-05,,0,0,5696,0.05408401970950373,0.0,0.5
10,16,4,0.55,1.35,inferred,4,QAOA,42136,3.1634751533589913,0.07855939245450239,89,0.0016417079605162144,0.2999500774443868,1,256,5696,0.05408401970950373,0.0,0.5
10,16,4,0.55,1.35,wrong,4,exact LNS,42136,3.1634751533589913,0.07855939245450239,16,9.170034900307655e-07,,0,0,1024,0.05408401970950373,0.0,0.5
10,16,4,0.55,1.35,wrong,4,annealing,42136,3.1634751533589913,0.07855939245450239,89,7.250008638948202e-05,,0,0,5696,0.05408401970950373,0.0,0.5
10,16,4,0.55,1.35,wrong,4,QAOA,42136,3.1634751533589913,0.07855939245450239,89,0.001626332988962531,0.22774003266832019,1,256,5696,0.05408401970950373,0.0,0.5
10,16,4,0.55,1.35,inferred-sensitivity,4,QAOA,42136,3.1634751533589913,0.07855939245450239,89,0.0016081660287454724,0.2999500774443868,1,64,5696,0.05408401970950373,0.0,0.5
10,16,4,0.55,1.35,inferred-sensitivity,4,QAOA,42136,3.1634751533589913,0.07855939245450239,89,0.0029348329408094287,0.2999849358489227,2,64,5696,0.05408401970950373,0.0,0.5
10,16,4,0.55,1.35,inferred-sensitivity,4,QAOA,42136,3.1634751533589913,0.07855939245450239,89,0.002647708053700626,0.2999849358489227,2,256,5696,0.05408401970950373,0.0,0.5
10,16,4,0.55,1.35,inferred-sensitivity,4,QAOA,42136,3.1634751533589913,0.07855939245450239,89,0.0026403330266475677,0.2999849358489227,2,1024,5696,0.05408401970950373,0.0,0.5
10,16,4,0.55,1.35,inferred-noise,4,QAOA,42136,3.1634751533589913,0.07855939245450239,89,0.0016392500838264823,0.27620506969994807,1,256,5696,0.05408401970950373,0.1,0.5
10,16,4,0.55,1.35,inferred-noise,4,QAOA,42136,3.1634751533589913,0.07855939245450239,89,0.0015979170566424727,0.24058755808329008,1,256,5696,0.05408401970950373,0.25,0.5
10,16,4,0.55,1.35,inferred-noise,4,QAOA,42136,3.1634751533589913,0.07855939245450239,89,0.0017209160141646862,0.1812250387221934,1,256,5696,0.05408401970950373,0.5,0.5
11,16,4,0.55,1.35,full,16,deployed,62296,0.8667124308292332,0.5521695808396406,0,0.0,,0,0,0,0.03437422233188222,0.0,1.0
11,16,4,0.55,1.35,full,16,exact enumeration,58218,0.20264721965459587,0.0,65536,0.0,,0,0,68719476736,0.03437422233188222,0.0,1.0
11,16,4,0.55,1.35,full,16,MILP,58218,0.20264721965459587,0.0,0,0.011839124956168234,,0,0,0,0.03437422233188222,0.0,1.0
11,16,4,0.55,1.35,full,16,annealing,58210,0.2667051603294257,0.0532641157173485,89,8.554093074053526e-05,,0,0,93323264,0.03437422233188222,0.0,1.0
11,16,4,0.55,1.35,full,16,QAOA,27243,0.2786698471785487,0.06321274126072214,89,0.23056370799895376,0.0015249943082852402,1,256,93323264,0.03437422233188222,0.0,1.0
11,16,4,0.55,1.35,true,4,exact LNS,62296,0.8667124308292332,0.5521695808396406,16,1.6660196706652641e-06,,0,0,1024,0.03437422233188222,0.0,1.0
11,16,4,0.55,1.35,true,4,annealing,62296,0.8667124308292332,0.5521695808396406,89,7.866602391004562e-05,,0,0,5696,0.03437422233188222,0.0,1.0
11,16,4,0.55,1.35,true,4,QAOA,62296,0.8667124308292332,0.5521695808396406,89,0.0017525410512462258,0.3421797878114686,1,256,5696,0.03437422233188222,0.0,1.0
11,16,4,0.55,1.35,inferred,4,exact LNS,62296,0.8667124308292332,0.5521695808396406,16,9.170034900307655e-07,,0,0,1024,0.03437422233188222,0.0,1.0
11,16,4,0.55,1.35,inferred,4,annealing,62296,0.8667124308292332,0.5521695808396406,89,6.741599645465612e-05,,0,0,5696,0.03437422233188222,0.0,1.0
11,16,4,0.55,1.35,inferred,4,QAOA,62296,0.8667124308292332,0.5521695808396406,89,0.0016249589389190078,0.3421797878114686,1,256,5696,0.03437422233188222,0.0,1.0
11,16,4,0.55,1.35,wrong,4,exact LNS,62296,0.8667124308292332,0.5521695808396406,16,8.749775588512421e-07,,0,0,1024,0.03437422233188222,0.0,0.5
11,16,4,0.55,1.35,wrong,4,annealing,62296,0.8667124308292332,0.5521695808396406,89,7.104105316102505e-05,,0,0,5696,0.03437422233188222,0.0,0.5
11,16,4,0.55,1.35,wrong,4,QAOA,62296,0.8667124308292332,0.5521695808396406,89,0.0016386250499635935,0.5292563614781289,1,256,5696,0.03437422233188222,0.0,0.5
11,16,4,0.55,1.35,inferred-sensitivity,4,QAOA,62296,0.8667124308292332,0.5521695808396406,89,0.0016652499325573444,0.3421797878114686,1,64,5696,0.03437422233188222,0.0,1.0
11,16,4,0.55,1.35,inferred-sensitivity,4,QAOA,62296,0.8667124308292332,0.5521695808396406,89,0.002723208977840841,0.342129916080402,2,64,5696,0.03437422233188222,0.0,1.0
11,16,4,0.55,1.35,inferred-sensitivity,4,QAOA,62296,0.8667124308292332,0.5521695808396406,89,0.0025602909736335278,0.342129916080402,2,256,5696,0.03437422233188222,0.0,1.0
11,16,4,0.55,1.35,inferred-sensitivity,4,QAOA,62296,0.8667124308292332,0.5521695808396406,89,0.002557584084570408,0.342129916080402,2,1024,5696,0.03437422233188222,0.0,1.0
11,16,4,0.55,1.35,inferred-noise,4,QAOA,62296,0.8667124308292332,0.5521695808396406,89,0.0015915840631350875,0.31421180903032175,1,256,5696,0.03437422233188222,0.1,1.0
11,16,4,0.55,1.35,inferred-noise,4,QAOA,62296,0.8667124308292332,0.5521695808396406,89,0.001584957935847342,0.27225984085860144,1,256,5696,0.03437422233188222,0.25,1.0
11,16,4,0.55,1.35,inferred-noise,4,QAOA,62296,0.8667124308292332,0.5521695808396406,89,0.0016250000335276127,0.2023398939057343,1,256,5696,0.03437422233188222,0.5,1.0
0,16,6,0.55,0.65,full,16,deployed,28951,3.5889281212471427,0.06373649750594036,0,0.0,,0,0,0,0.14388129756507032,0.0,1.0
0,16,6,0.55,0.65,full,16,exact enumeration,13575,3.313970736179912,0.0,65536,0.0,,0,0,68719476736,0.14388129756507032,0.0,1.0
0,16,6,0.55,0.65,full,16,MILP,13575,3.313970736179912,0.0,0,0.012757707969285548,,0,0,0,0.14388129756507032,0.0,1.0
0,16,6,0.55,0.65,full,16,annealing,13607,3.5264850289574685,0.04926187630232773,89,8.258293382823467e-05,,0,0,93323264,0.14388129756507032,0.0,1.0
0,16,6,0.55,0.65,full,16,QAOA,13583,3.700521243938692,0.0896043416606661,89,0.22930708399508148,0.0009972983301303868,1,256,93323264,0.14388129756507032,0.0,1.0
0,16,6,0.55,0.65,true,6,exact LNS,28951,3.5889281212471427,0.06373649750594036,64,1.3329554349184036e-06,,0,0,24576,0.14388129756507032,0.0,1.0
0,16,6,0.55,0.65,true,6,annealing,28951,3.5889281212471427,0.06373649750594036,89,8.61660810187459e-05,,0,0,34176,0.14388129756507032,0.0,1.0
0,16,6,0.55,0.65,true,6,QAOA,28951,3.5889281212471427,0.06373649750594036,89,0.0021328330039978027,0.3788915789339581,1,256,34176,0.14388129756507032,0.0,1.0
0,16,6,0.55,0.65,inferred,6,exact LNS,28951,3.5889281212471427,0.06373649750594036,64,9.998911991715431e-07,,0,0,24576,0.14388129756507032,0.0,1.0
0,16,6,0.55,0.65,inferred,6,annealing,28951,3.5889281212471427,0.06373649750594036,89,7.18339579179883e-05,,0,0,34176,0.14388129756507032,0.0,1.0
0,16,6,0.55,0.65,inferred,6,QAOA,28951,3.5889281212471427,0.06373649750594036,89,0.0021170839900150895,0.3788915789339581,1,256,34176,0.14388129756507032,0.0,1.0
0,16,6,0.55,0.65,wrong,6,exact LNS,28951,3.5889281212471427,0.06373649750594036,64,1.208973117172718e-06,,0,0,24576,0.14388129756507032,0.0,0.5
0,16,6,0.55,0.65,wrong,6,annealing,28951,3.5889281212471427,0.06373649750594036,89,7.324991747736931e-05,,0,0,34176,0.14388129756507032,0.0,0.5
0,16,6,0.55,0.65,wrong,6,QAOA,28951,3.5889281212471427,0.06373649750594036,89,0.0020917089423164725,0.11027075376790503,1,256,34176,0.14388129756507032,0.0,0.5
0,16,6,0.55,0.65,inferred-sensitivity,6,QAOA,28951,3.5889281212471427,0.06373649750594036,89,0.002081583021208644,0.3788915789339581,1,64,34176,0.14388129756507032,0.0,1.0
0,16,6,0.55,0.65,inferred-sensitivity,6,QAOA,28951,3.5889281212471427,0.06373649750594036,89,0.003565083025023341,0.3877685231703572,2,64,34176,0.14388129756507032,0.0,1.0
0,16,6,0.55,0.65,inferred-sensitivity,6,QAOA,28951,3.5889281212471427,0.06373649750594036,89,0.003530666930601001,0.3877685231703572,2,256,34176,0.14388129756507032,0.0,1.0
0,16,6,0.55,0.65,inferred-sensitivity,6,QAOA,28951,3.5889281212471427,0.06373649750594036,89,0.0035825000377371907,0.3877685231703572,2,1024,34176,0.14388129756507032,0.0,1.0
0,16,6,0.55,0.65,inferred-noise,6,QAOA,28951,3.5889281212471427,0.06373649750594036,89,0.0020988340256735682,0.3425649210405623,1,256,34176,0.14388129756507032,0.1,1.0
0,16,6,0.55,0.65,inferred-noise,6,QAOA,28951,3.5889281212471427,0.06373649750594036,89,0.0021135000279173255,0.2880749342004686,1,256,34176,0.14388129756507032,0.25,1.0
0,16,6,0.55,0.65,inferred-noise,6,QAOA,28951,3.5889281212471427,0.06373649750594036,89,0.0019892079290002584,0.19725828946697904,1,256,34176,0.14388129756507032,0.5,1.0
1,16,6,0.55,0.65,full,16,deployed,25391,3.5885665300352434,0.31476541653919193,0,0.0,,0,0,0,0.4427268586844923,0.0,1.0
1,16,6,0.55,0.65,full,16,exact enumeration,40144,2.490026792850664,0.0,65536,0.0,,0,0,68719476736,0.4427268586844923,0.0,1.0
1,16,6,0.55,0.65,full,16,MILP,40144,2.490026792850664,0.0,0,0.01117366598919034,,0,0,0,0.4427268586844923,0.0,1.0
1,16,6,0.55,0.65,full,16,annealing,25391,3.5885665300352434,0.31476541653919193,89,8.174998220056295e-05,,0,0,93323264,0.4427268586844923,0.0,1.0
1,16,6,0.55,0.65,full,16,QAOA,40144,2.490026792850664,0.0,89,0.2298125420929864,0.0026458655017673758,1,256,93323264,0.4427268586844923,0.0,1.0
1,16,6,0.55,0.65,true,6,exact LNS,25391,3.5885665300352434,0.31476541653919193,64,1.500011421740055e-06,,0,0,24576,0.4427268586844923,0.0,1.0
1,16,6,0.55,0.65,true,6,annealing,25391,3.5885665300352434,0.31476541653919193,89,7.650000043213367e-05,,0,0,34176,0.4427268586844923,0.0,1.0
1,16,6,0.55,0.65,true,6,QAOA,25391,3.5885665300352434,0.31476541653919193,89,0.0021198330214247108,0.14761839246281977,1,256,34176,0.4427268586844923,0.0,1.0
1,16,6,0.55,0.65,inferred,6,exact LNS,25391,3.5885665300352434,0.31476541653919193,64,1.084059476852417e-06,,0,0,24576,0.4427268586844923,0.0,0.6666666666666666
1,16,6,0.55,0.65,inferred,6,annealing,25391,3.5885665300352434,0.31476541653919193,89,6.887491326779127e-05,,0,0,34176,0.4427268586844923,0.0,0.6666666666666666
1,16,6,0.55,0.65,inferred,6,QAOA,25391,3.5885665300352434,0.31476541653919193,89,0.002024458022788167,0.2501558634754861,1,256,34176,0.4427268586844923,0.0,0.6666666666666666
1,16,6,0.55,0.65,wrong,6,exact LNS,25391,3.5885665300352434,0.31476541653919193,64,8.749775588512421e-07,,0,0,24576,0.4427268586844923,0.0,0.5
1,16,6,0.55,0.65,wrong,6,annealing,25391,3.5885665300352434,0.31476541653919193,89,8.433300536125898e-05,,0,0,34176,0.4427268586844923,0.0,0.5
1,16,6,0.55,0.65,wrong,6,QAOA,25391,3.5885665300352434,0.31476541653919193,89,0.002071874914690852,0.12330438002492868,1,256,34176,0.4427268586844923,0.0,0.5
1,16,6,0.55,0.65,inferred-sensitivity,6,QAOA,25391,3.5885665300352434,0.31476541653919193,89,0.0020697080763056874,0.2501558634754861,1,64,34176,0.4427268586844923,0.0,0.6666666666666666
1,16,6,0.55,0.65,inferred-sensitivity,6,QAOA,25391,3.5885665300352434,0.31476541653919193,89,0.0035533750196918845,0.2659345384603536,2,64,34176,0.4427268586844923,0.0,0.6666666666666666
1,16,6,0.55,0.65,inferred-sensitivity,6,QAOA,25391,3.5885665300352434,0.31476541653919193,89,0.003473290940746665,0.2659345384603536,2,256,34176,0.4427268586844923,0.0,0.6666666666666666
1,16,6,0.55,0.65,inferred-sensitivity,6,QAOA,25391,3.5885665300352434,0.31476541653919193,89,0.0035878330236300826,0.2659345384603536,2,1024,34176,0.4427268586844923,0.0,0.6666666666666666
1,16,6,0.55,0.65,inferred-noise,6,QAOA,25391,3.5885665300352434,0.31476541653919193,89,0.0021388339810073376,0.22670277712793746,1,256,34176,0.4427268586844923,0.1,0.6666666666666666
1,16,6,0.55,0.65,inferred-noise,6,QAOA,25391,3.5885665300352434,0.31476541653919193,89,0.001977458014152944,0.19152314760661454,1,256,34176,0.4427268586844923,0.25,0.6666666666666666
1,16,6,0.55,0.65,inferred-noise,6,QAOA,25391,3.5885665300352434,0.31476541653919193,89,0.002057082951068878,0.13289043173774304,1,256,34176,0.4427268586844923,0.5,0.6666666666666666
2,16,6,0.55,0.65,full,16,deployed,29237,1.6253511576926816,0.1716074421783695,0,0.0,,0,0,0,0.34470112758825827,0.0,1.0
2,16,6,0.55,0.65,full,16,exact enumeration,29301,1.2408112676472647,0.0,65536,0.0,,0,0,68719476736,0.34470112758825827,0.0,1.0
2,16,6,0.55,0.65,full,16,MILP,29301,1.2408112676472647,0.0,0,0.012101250002160668,,0,0,0,0.34470112758825827,0.0,1.0
2,16,6,0.55,0.65,full,16,annealing,29301,1.2408112676472647,0.0,89,7.937499321997166e-05,,0,0,93323264,0.34470112758825827,0.0,1.0
2,16,6,0.55,0.65,full,16,QAOA,29301,1.2408112676472647,0.0,89,0.2340941249858588,0.0026570146373117542,1,256,93323264,0.34470112758825827,0.0,1.0
2,16,6,0.55,0.65,true,6,exact LNS,29301,1.2408112676472647,0.0,64,1.291045919060707e-06,,0,0,24576,0.34470112758825827,0.0,1.0
2,16,6,0.55,0.65,true,6,annealing,29301,1.2408112676472647,0.0,89,7.91249331086874e-05,,0,0,34176,0.34470112758825827,0.0,1.0
2,16,6,0.55,0.65,true,6,QAOA,29301,1.2408112676472647,0.0,89,0.0021120000164955854,0.46432700191655607,1,256,34176,0.34470112758825827,0.0,1.0
2,16,6,0.55,0.65,inferred,6,exact LNS,29301,1.2408112676472647,0.0,64,8.749775588512421e-07,,0,0,24576,0.34470112758825827,0.0,1.0
2,16,6,0.55,0.65,inferred,6,annealing,29301,1.2408112676472647,0.0,89,7.091707084327936e-05,,0,0,34176,0.34470112758825827,0.0,1.0
2,16,6,0.55,0.65,inferred,6,QAOA,29301,1.2408112676472647,0.0,89,0.00218008307274431,0.46432700191655607,1,256,34176,0.34470112758825827,0.0,1.0
2,16,6,0.55,0.65,wrong,6,exact LNS,29237,1.6253511576926816,0.1716074421783695,64,1.9170111045241356e-06,,0,0,24576,0.34470112758825827,0.0,0.5
2,16,6,0.55,0.65,wrong,6,annealing,29237,1.6253511576926816,0.1716074421783695,89,7.14579364284873e-05,,0,0,34176,0.34470112758825827,0.0,0.5
2,16,6,0.55,0.65,wrong,6,QAOA,29237,1.6253511576926816,0.1716074421783695,89,0.0019969999557361007,0.3666914582546003,1,256,34176,0.34470112758825827,0.0,0.5
2,16,6,0.55,0.65,inferred-sensitivity,6,QAOA,29301,1.2408112676472647,0.0,89,0.002048957976512611,0.46432700191655607,1,64,34176,0.34470112758825827,0.0,1.0
2,16,6,0.55,0.65,inferred-sensitivity,6,QAOA,29301,1.2408112676472647,0.0,89,0.0034928329987451434,0.46490385545380486,2,64,34176,0.34470112758825827,0.0,1.0
2,16,6,0.55,0.65,inferred-sensitivity,6,QAOA,29301,1.2408112676472647,0.0,89,0.0035662080626934767,0.46490385545380486,2,256,34176,0.34470112758825827,0.0,1.0
2,16,6,0.55,0.65,inferred-sensitivity,6,QAOA,29301,1.2408112676472647,0.0,89,0.0034103329526260495,0.46490385545380486,2,1024,34176,0.34470112758825827,0.0,1.0
2,16,6,0.55,0.65,inferred-noise,6,QAOA,29301,1.2408112676472647,0.0,89,0.002015582984313369,0.4194568017249005,1,256,34176,0.34470112758825827,0.1,1.0
2,16,6,0.55,0.65,inferred-noise,6,QAOA,29301,1.2408112676472647,0.0,89,0.0020069170277565718,0.352151501437417,1,256,34176,0.34470112758825827,0.25,1.0
2,16,6,0.55,0.65,inferred-noise,6,QAOA,29301,1.2408112676472647,0.0,89,0.002121083904057741,0.23997600095827804,1,256,34176,0.34470112758825827,0.5,1.0
3,16,6,0.55,0.65,full,16,deployed,11028,1.6398279726986376,0.0,0,0.0,,0,0,0,0.05027588586905627,0.0,1.0
3,16,6,0.55,0.65,full,16,exact enumeration,11028,1.6398279726986376,0.0,65536,0.0,,0,0,68719476736,0.05027588586905627,0.0,1.0
3,16,6,0.55,0.65,full,16,MILP,11028,1.6398279726986376,0.0,0,0.01086845900863409,,0,0,0,0.05027588586905627,0.0,1.0
3,16,6,0.55,0.65,full,16,annealing,11028,1.6398279726986376,0.0,89,7.941701915115118e-05,,0,0,93323264,0.05027588586905627,0.0,1.0
3,16,6,0.55,0.65,full,16,QAOA,27412,2.210691746547655,0.2162503692486583,89,0.22726758394856006,0.0013195293648903478,1,256,93323264,0.05027588586905627,0.0,1.0
3,16,6,0.55,0.65,true,6,exact LNS,11028,1.6398279726986376,0.0,64,1.4170072972774506e-06,,0,0,24576,0.05027588586905627,0.0,1.0
3,16,6,0.55,0.65,true,6,annealing,11028,1.6398279726986376,0.0,89,7.683399599045515e-05,,0,0,34176,0.05027588586905627,0.0,1.0
3,16,6,0.55,0.65,true,6,QAOA,11028,1.6398279726986376,0.0,89,0.002111291978508234,0.17721134968210936,1,256,34176,0.05027588586905627,0.0,1.0
3,16,6,0.55,0.65,inferred,6,exact LNS,11028,1.6398279726986376,0.0,64,9.170034900307655e-07,,0,0,24576,0.05027588586905627,0.0,0.6666666666666666
3,16,6,0.55,0.65,inferred,6,annealing,11028,1.6398279726986376,0.0,89,7.329205982387066e-05,,0,0,34176,0.05027588586905627,0.0,0.6666666666666666
3,16,6,0.55,0.65,inferred,6,QAOA,11028,1.6398279726986376,0.0,89,0.0020864169346168637,0.22713775280792753,1,256,34176,0.05027588586905627,0.0,0.6666666666666666
3,16,6,0.55,0.65,wrong,6,exact LNS,11028,1.6398279726986376,0.0,64,9.59029421210289e-07,,0,0,24576,0.05027588586905627,0.0,0.5
3,16,6,0.55,0.65,wrong,6,annealing,11028,1.6398279726986376,0.0,89,7.01249809935689e-05,,0,0,34176,0.05027588586905627,0.0,0.5
3,16,6,0.55,0.65,wrong,6,QAOA,11028,1.6398279726986376,0.0,89,0.0020563750294968486,0.3537861862652022,1,256,34176,0.05027588586905627,0.0,0.5
3,16,6,0.55,0.65,inferred-sensitivity,6,QAOA,11028,1.6398279726986376,0.0,89,0.0020693340338766575,0.22713775280792753,1,64,34176,0.05027588586905627,0.0,0.6666666666666666
3,16,6,0.55,0.65,inferred-sensitivity,6,QAOA,11028,1.6398279726986376,0.0,89,0.003483208012767136,0.2271756660236576,2,64,34176,0.05027588586905627,0.0,0.6666666666666666
3,16,6,0.55,0.65,inferred-sensitivity,6,QAOA,11028,1.6398279726986376,0.0,89,0.0036443329881876707,0.2271756660236576,2,256,34176,0.05027588586905627,0.0,0.6666666666666666
3,16,6,0.55,0.65,inferred-sensitivity,6,QAOA,11028,1.6398279726986376,0.0,89,0.0036730829160660505,0.2271756660236576,2,1024,34176,0.05027588586905627,0.0,0.6666666666666666
3,16,6,0.55,0.65,inferred-noise,6,QAOA,11028,1.6398279726986376,0.0,89,0.0021607910748571157,0.20598647752713478,1,256,34176,0.05027588586905627,0.1,0.6666666666666666
3,16,6,0.55,0.65,inferred-noise,6,QAOA,11028,1.6398279726986376,0.0,89,0.0022106249816715717,0.17425956460594566,1,256,34176,0.05027588586905627,0.25,0.6666666666666666
3,16,6,0.55,0.65,inferred-noise,6,QAOA,11028,1.6398279726986376,0.0,89,0.002136250026524067,0.12138137640396376,1,256,34176,0.05027588586905627,0.5,0.6666666666666666
4,16,6,0.55,0.65,full,16,deployed,16340,1.3294925273583482,0.0,0,0.0,,0,0,0,0.0,0.0,1.0
4,16,6,0.55,0.65,full,16,exact enumeration,16340,1.3294925273583482,0.0,65536,0.0,,0,0,68719476736,0.0,0.0,1.0
4,16,6,0.55,0.65,full,16,MILP,16340,1.3294925273583482,0.0,0,0.012680415995419025,,0,0,0,0.0,0.0,1.0
4,16,6,0.55,0.65,full,16,annealing,16340,1.3294925273583482,0.0,89,8.395803160965443e-05,,0,0,93323264,0.0,0.0,1.0
4,16,6,0.55,0.65,full,16,QAOA,16340,1.3294925273583482,0.0,89,0.22888516704551876,0.0014903649536576497,1,256,93323264,0.0,0.0,1.0
4,16,6,0.55,0.65,true,6,exact LNS,16340,1.3294925273583482,0.0,64,1.7079291865229607e-06,,0,0,24576,0.0,0.0,1.0
4,16,6,0.55,0.65,true,6,annealing,16340,1.3294925273583482,0.0,89,7.825007196515799e-05,,0,0,34176,0.0,0.0,1.0
4,16,6,0.55,0.65,true,6,QAOA,16340,1.3294925273583482,0.0,89,0.0020761670311912894,0.2275255620415464,1,256,34176,0.0,0.0,1.0
4,16,6,0.55,0.65,inferred,6,exact LNS,16340,1.3294925273583482,0.0,64,1.0420335456728935e-06,,0,0,24576,0.0,0.0,0.8333333333333334
4,16,6,0.55,0.65,inferred,6,annealing,16340,1.3294925273583482,0.0,89,7.075001485645771e-05,,0,0,34176,0.0,0.0,0.8333333333333334
4,16,6,0.55,0.65,inferred,6,QAOA,16340,1.3294925273583482,0.0,89,0.002050000010058284,0.3137344040032476,1,256,34176,0.0,0.0,0.8333333333333334
4,16,6,0.55,0.65,wrong,6,exact LNS,16340,1.3294925273583482,0.0,64,8.33999365568161e-07,,0,0,24576,0.0,0.0,0.5
4,16,6,0.55,0.65,wrong,6,annealing,16340,1.3294925273583482,0.0,89,7.062498480081558e-05,,0,0,34176,0.0,0.0,0.5
4,16,6,0.55,0.65,wrong,6,QAOA,16340,1.3294925273583482,0.0,89,0.0020525000290945172,0.1541117084078742,1,256,34176,0.0,0.0,0.5
4,16,6,0.55,0.65,inferred-sensitivity,6,QAOA,16340,1.3294925273583482,0.0,89,0.002030625008046627,0.3137344040032476,1,64,34176,0.0,0.0,0.8333333333333334
4,16,6,0.55,0.65,inferred-sensitivity,6,QAOA,16340,1.3294925273583482,0.0,89,0.0034348340705037117,0.30657803002368056,2,64,34176,0.0,0.0,0.8333333333333334
4,16,6,0.55,0.65,inferred-sensitivity,6,QAOA,16340,1.3294925273583482,0.0,89,0.0034565828973427415,0.30657803002368056,2,256,34176,0.0,0.0,0.8333333333333334
4,16,6,0.55,0.65,inferred-sensitivity,6,QAOA,16340,1.3294925273583482,0.0,89,0.0034814170794561505,0.30657803002368056,2,1024,34176,0.0,0.0,0.8333333333333334
4,16,6,0.55,0.65,inferred-noise,6,QAOA,16340,1.3294925273583482,0.0,89,0.0020222909515723586,0.28392346360292287,1,256,34176,0.0,0.1,0.8333333333333334
4,16,6,0.55,0.65,inferred-noise,6,QAOA,16340,1.3294925273583482,0.0,89,0.002029250026680529,0.2392070530024357,1,256,34176,0.0,0.25,0.8333333333333334
4,16,6,0.55,0.65,inferred-noise,6,QAOA,16340,1.3294925273583482,0.0,89,0.0020267909858375788,0.1646797020016238,1,256,34176,0.0,0.5,0.8333333333333334
5,16,6,0.55,0.65,full,16,deployed,50637,3.535352036156261,0.11126810735166301,0,0.0,,0,0,0,0.1121789768998531,0.0,1.0
5,16,6,0.55,0.65,full,16,exact enumeration,38295,3.0812401671139114,0.0,65536,0.0,,0,0,68719476736,0.1121789768998531,0.0,1.0
5,16,6,0.55,0.65,full,16,MILP,38295,3.0812401671139114,0.0,0,0.014776124968193471,,0,0,0,0.1121789768998531,0.0,1.0
5,16,6,0.55,0.65,full,16,annealing,38295,3.0812401671139114,0.0,89,8.612498641014099e-05,,0,0,93323264,0.1121789768998531,0.0,1.0
5,16,6,0.55,0.65,full,16,QAOA,38375,3.1821703225358715,0.02473026611745172,89,0.2260099588893354,0.0009387424523886035,1,256,93323264,0.1121789768998531,0.0,1.0
5,16,6,0.55,0.65,true,6,exact LNS,38349,3.209419901487106,0.03140705499422693,64,1.4170072972774506e-06,,0,0,24576,0.1121789768998531,0.0,1.0
5,16,6,0.55,0.65,true,6,annealing,38349,3.209419901487106,0.03140705499422693,89,7.683306466788054e-05,,0,0,34176,0.1121789768998531,0.0,1.0
5,16,6,0.55,0.65,true,6,QAOA,38349,3.209419901487106,0.03140705499422693,89,0.002111125038936734,0.16359780795291712,1,256,34176,0.1121789768998531,0.0,1.0
5,16,6,0.55,0.65,inferred,6,exact LNS,38349,3.209419901487106,0.03140705499422693,64,9.159557521343231e-07,,0,0,24576,0.1121789768998531,0.0,1.0
5,16,6,0.55,0.65,inferred,6,annealing,38349,3.209419901487106,0.03140705499422693,89,7.129099685698748e-05,,0,0,34176,0.1121789768998531,0.0,1.0
5,16,6,0.55,0.65,inferred,6,QAOA,38349,3.209419901487106,0.03140705499422693,89,0.0020688329823315144,0.16359780795291712,1,256,34176,0.1121789768998531,0.0,1.0
5,16,6,0.55,0.65,wrong,6,exact LNS,38349,3.209419901487106,0.03140705499422693,64,9.160721674561501e-07,,0,0,24576,0.1121789768998531,0.0,0.5
5,16,6,0.55,0.65,wrong,6,annealing,38349,3.209419901487106,0.03140705499422693,89,7.075001485645771e-05,,0,0,34176,0.1121789768998531,0.0,0.5
5,16,6,0.55,0.65,wrong,6,QAOA,38349,3.209419901487106,0.03140705499422693,89,0.002077291952446103,0.09390586901492594,1,256,34176,0.1121789768998531,0.0,0.5
5,16,6,0.55,0.65,inferred-sensitivity,6,QAOA,38349,3.209419901487106,0.03140705499422693,89,0.0020726670045405626,0.16359780795291712,1,64,34176,0.1121789768998531,0.0,1.0
5,16,6,0.55,0.65,inferred-sensitivity,6,QAOA,38349,3.209419901487106,0.03140705499422693,89,0.003522499930113554,0.18467377203278348,2,64,34176,0.1121789768998531,0.0,1.0
5,16,6,0.55,0.65,inferred-sensitivity,6,QAOA,38349,3.209419901487106,0.03140705499422693,89,0.0035180000122636557,0.18467377203278348,2,256,34176,0.1121789768998531,0.0,1.0
5,16,6,0.55,0.65,inferred-sensitivity,6,QAOA,38349,3.209419901487106,0.03140705499422693,89,0.003518290934152901,0.18467377203278348,2,1024,34176,0.1121789768998531,0.0,1.0
5,16,6,0.55,0.65,inferred-noise,6,QAOA,38349,3.209419901487106,0.03140705499422693,89,0.002047583111561835,0.1488005271576254,1,256,34176,0.1121789768998531,0.1,1.0
5,16,6,0.55,0.65,inferred-noise,6,QAOA,38349,3.209419901487106,0.03140705499422693,89,0.0020509589230641723,0.12660460596468784,1,256,34176,0.1121789768998531,0.25,1.0
5,16,6,0.55,0.65,inferred-noise,6,QAOA,38349,3.209419901487106,0.03140705499422693,89,0.002050457987934351,0.08961140397645856,1,256,34176,0.1121789768998531,0.5,1.0
6,16,6,0.55,0.65,full,16,deployed,37310,2.589681356952391,0.0,0,0.0,,0,0,0,0.1514781297623754,0.0,1.0
6,16,6,0.55,0.65,full,16,exact enumeration,37310,2.589681356952391,0.0,65536,0.0,,0,0,68719476736,0.1514781297623754,0.0,1.0
6,16,6,0.55,0.65,full,16,MILP,37310,2.589681356952391,0.0,0,0.013009125017561018,,0,0,0,0.1514781297623754,0.0,1.0
6,16,6,0.55,0.65,full,16,annealing,37310,2.589681356952391,0.0,89,8.545804303139448e-05,,0,0,93323264,0.1514781297623754,0.0,1.0
6,16,6,0.55,0.65,full,16,QAOA,37310,2.589681356952391,0.0,89,0.227440332993865,0.002106568130679944,1,256,93323264,0.1514781297623754,0.0,1.0
6,16,6,0.55,0.65,true,6,exact LNS,37310,2.589681356952391,0.0,64,1.2909295037388802e-06,,0,0,24576,0.1514781297623754,0.0,1.0
6,16,6,0.55,0.65,true,6,annealing,37310,2.589681356952391,0.0,89,7.662491407245398e-05,,0,0,34176,0.1514781297623754,0.0,1.0
6,16,6,0.55,0.65,true,6,QAOA,37310,2.589681356952391,0.0,89,0.0020839159842580557,0.3918119707072083,1,256,34176,0.1514781297623754,0.0,1.0
6,16,6,0.55,0.65,inferred,6,exact LNS,37310,2.589681356952391,0.0,64,9.159557521343231e-07,,0,0,24576,0.1514781297623754,0.0,0.8333333333333334
6,16,6,0.55,0.65,inferred,6,annealing,37310,2.589681356952391,0.0,89,7.045804522931576e-05,,0,0,34176,0.1514781297623754,0.0,0.8333333333333334
6,16,6,0.55,0.65,inferred,6,QAOA,37310,2.589681356952391,0.0,89,0.00203683297149837,0.28876245487835384,1,256,34176,0.1514781297623754,0.0,0.8333333333333334
6,16,6,0.55,0.65,wrong,6,exact LNS,37310,2.589681356952391,0.0,64,9.159557521343231e-07,,0,0,24576,0.1514781297623754,0.0,0.5
6,16,6,0.55,0.65,wrong,6,annealing,37310,2.589681356952391,0.0,89,7.154198829084635e-05,,0,0,34176,0.1514781297623754,0.0,0.5
6,16,6,0.55,0.65,wrong,6,QAOA,37310,2.589681356952391,0.0,89,0.0020274159032851458,0.15396110280015043,1,256,34176,0.1514781297623754,0.0,0.5
6,16,6,0.55,0.65,inferred-sensitivity,6,QAOA,37310,2.589681356952391,0.0,89,0.002024416928179562,0.28876245487835384,1,64,34176,0.1514781297623754,0.0,0.8333333333333334
6,16,6,0.55,0.65,inferred-sensitivity,6,QAOA,37310,2.589681356952391,0.0,89,0.003523375024087727,0.35705176603034766,2,64,34176,0.1514781297623754,0.0,0.8333333333333334
6,16,6,0.55,0.65,inferred-sensitivity,6,QAOA,37310,2.589681356952391,0.0,89,0.003442542045377195,0.35705176603034766,2,256,34176,0.1514781297623754,0.0,0.8333333333333334
6,16,6,0.55,0.65,inferred-sensitivity,6,QAOA,37310,2.589681356952391,0.0,89,0.0034773339284583926,0.35705176603034766,2,1024,34176,0.1514781297623754,0.0,0.8333333333333334
6,16,6,0.55,0.65,inferred-noise,6,QAOA,37310,2.589681356952391,0.0,89,0.0020907920552417636,0.2614487093905185,1,256,34176,0.1514781297623754,0.1,0.8333333333333334
6,16,6,0.55,0.65,inferred-noise,6,QAOA,37310,2.589681356952391,0.0,89,0.0020478330552577972,0.22047809115876538,1,256,34176,0.1514781297623754,0.25,0.8333333333333334
6,16,6,0.55,0.65,inferred-noise,6,QAOA,37310,2.589681356952391,0.0,89,0.002067459048703313,0.15219372743917692,1,256,34176,0.1514781297623754,0.5,0.8333333333333334
7,16,6,0.55,0.65,full,16,deployed,42630,0.911998267559105,0.015169357090938907,0,0.0,,0,0,0,0.35345503458393795,0.0,1.0
7,16,6,0.55,0.65,full,16,exact enumeration,61765,0.8834278775298259,0.0,65536,0.0,,0,0,68719476736,0.35345503458393795,0.0,1.0
7,16,6,0.55,0.65,full,16,MILP,61765,0.8834278775298259,0.0,0,0.0108688750769943,,0,0,0,0.35345503458393795,0.0,1.0
7,16,6,0.55,0.65,full,16,annealing,42630,0.911998267559105,0.015169357090938907,89,8.829205762594938e-05,,0,0,93323264,0.35345503458393795,0.0,1.0
7,16,6,0.55,0.65,full,16,QAOA,61765,0.8834278775298259,0.0,89,0.23035783402156085,0.0021093200323405005,1,256,93323264,0.35345503458393795,0.0,1.0
7,16,6,0.55,0.65,true,6,exact LNS,42630,0.911998267559105,0.015169357090938907,64,1.249951310455799e-06,,0,0,24576,0.35345503458393795,0.0,1.0
7,16,6,0.55,0.65,true,6,annealing,42630,0.911998267559105,0.015169357090938907,89,7.683306466788054e-05,,0,0,34176,0.35345503458393795,0.0,1.0
7,16,6,0.55,0.65,true,6,QAOA,42630,0.911998267559105,0.015169357090938907,89,0.002100875019095838,0.21612721577796973,1,256,34176,0.35345503458393795,0.0,1.0
7,16,6,0.55,0.65,inferred,6,exact LNS,42630,0.911998267559105,0.015169357090938907,64,1.08394306153059e-06,,0,0,24576,0.35345503458393795,0.0,0.6666666666666666
7,16,6,0.55,0.65,inferred,6,annealing,42630,0.911998267559105,0.015169357090938907,89,6.808398757129908e-05,,0,0,34176,0.35345503458393795,0.0,0.6666666666666666
7,16,6,0.55,0.65,inferred,6,QAOA,42630,0.911998267559105,0.015169357090938907,89,0.0020631669322028756,0.3071102943206997,1,256,34176,0.35345503458393795,0.0,0.6666666666666666
7,16,6,0.55,0.65,wrong,6,exact LNS,42630,0.911998267559105,0.015169357090938907,64,1.00000761449337e-06,,0,0,24576,0.35345503458393795,0.0,0.5
7,16,6,0.55,0.65,wrong,6,annealing,42630,0.911998267559105,0.015169357090938907,89,6.999995093792677e-05,,0,0,34176,0.35345503458393795,0.0,0.5
7,16,6,0.55,0.65,wrong,6,QAOA,42630,0.911998267559105,0.015169357090938907,89,0.00208529201336205,0.17315020075789148,1,256,34176,0.35345503458393795,0.0,0.5
7,16,6,0.55,0.65,inferred-sensitivity,6,QAOA,42630,0.911998267559105,0.015169357090938907,89,0.0020793330622836947,0.3071102943206997,1,64,34176,0.35345503458393795,0.0,0.6666666666666666
7,16,6,0.55,0.65,inferred-sensitivity,6,QAOA,42630,0.911998267559105,0.015169357090938907,89,0.003543082973919809,0.2989130015433142,2,64,34176,0.35345503458393795,0.0,0.6666666666666666
7,16,6,0.55,0.65,inferred-sensitivity,6,QAOA,42630,0.911998267559105,0.015169357090938907,89,0.003550125053152442,0.2989130015433142,2,256,34176,0.35345503458393795,0.0,0.6666666666666666
7,16,6,0.55,0.65,inferred-sensitivity,6,QAOA,42630,0.911998267559105,0.015169357090938907,89,0.0035912080202251673,0.2989130015433142,2,1024,34176,0.35345503458393795,0.0,0.6666666666666666
7,16,6,0.55,0.65,inferred-noise,6,QAOA,42630,0.911998267559105,0.015169357090938907,89,0.0021393330534920096,0.2779617648886298,1,256,34176,0.35345503458393795,0.1,0.6666666666666666
7,16,6,0.55,0.65,inferred-noise,6,QAOA,42630,0.911998267559105,0.015169357090938907,89,0.0020281249890103936,0.23423897074052477,1,256,34176,0.35345503458393795,0.25,0.6666666666666666
7,16,6,0.55,0.65,inferred-noise,6,QAOA,42630,0.911998267559105,0.015169357090938907,89,0.0020759160397574306,0.16136764716034985,1,256,34176,0.35345503458393795,0.5,0.6666666666666666
8,16,6,0.55,0.65,full,16,deployed,6872,1.421307516407412,0.22542205320336775,0,0.0,,0,0,0,0.2046722792884179,0.0,1.0
8,16,6,0.55,0.65,full,16,exact enumeration,2896,0.9758968023122221,0.0,65536,0.0,,0,0,68719476736,0.2046722792884179,0.0,1.0
8,16,6,0.55,0.65,full,16,MILP,2896,0.9758968023122221,0.0,0,0.012398292077705264,,0,0,0,0.2046722792884179,0.0,1.0
8,16,6,0.55,0.65,full,16,annealing,2776,1.1199467232804308,0.07290356500381975,89,8.062494453042746e-05,,0,0,93323264,0.2046722792884179,0.0,1.0
8,16,6,0.55,0.65,full,16,QAOA,3024,1.1630779976879637,0.0947322730401201,89,0.2307860410073772,0.0008326784900924394,1,256,93323264,0.2046722792884179,0.0,1.0
8,16,6,0.55,0.65,true,6,exact LNS,2904,1.078159022406186,0.05175483860001966,64,1.4579854905605316e-06,,0,0,24576,0.2046722792884179,0.0,1.0
8,16,6,0.55,0.65,true,6,annealing,2776,1.1199467232804308,0.07290356500381975,89,7.941701915115118e-05,,0,0,34176,0.2046722792884179,0.0,1.0
8,16,6,0.55,0.65,true,6,QAOA,2904,1.078159022406186,0.05175483860001966,89,0.0021473750239238143,0.11604926527557474,1,256,34176,0.2046722792884179,0.0,1.0
8,16,6,0.55,0.65,inferred,6,exact LNS,2776,1.1199467232804308,0.07290356500381975,64,1.0830117389559746e-06,,0,0,24576,0.2046722792884179,0.0,0.6666666666666666
8,16,6,0.55,0.65,inferred,6,annealing,2776,1.1199467232804308,0.07290356500381975,89,7.362500764429569e-05,,0,0,34176,0.2046722792884179,0.0,0.6666666666666666
8,16,6,0.55,0.65,inferred,6,QAOA,2776,1.1199467232804308,0.07290356500381975,89,0.0021121669560670853,0.10593214456384832,1,256,34176,0.2046722792884179,0.0,0.6666666666666666
8,16,6,0.55,0.65,wrong,6,exact LNS,2776,1.1199467232804308,0.07290356500381975,64,9.580980986356735e-07,,0,0,24576,0.2046722792884179,0.0,0.5
8,16,6,0.55,0.65,wrong,6,annealing,2776,1.1199467232804308,0.07290356500381975,89,7.26659782230854e-05,,0,0,34176,0.2046722792884179,0.0,0.5
8,16,6,0.55,0.65,wrong,6,QAOA,2776,1.1199467232804308,0.07290356500381975,89,0.0021281660301610827,0.3584928695691126,1,256,34176,0.2046722792884179,0.0,0.5
8,16,6,0.55,0.65,inferred-sensitivity,6,QAOA,2776,1.1199467232804308,0.07290356500381975,89,0.0020897909998893738,0.10593214456384832,1,64,34176,0.2046722792884179,0.0,0.6666666666666666
8,16,6,0.55,0.65,inferred-sensitivity,6,QAOA,2776,1.1199467232804308,0.07290356500381975,89,0.003643166972324252,0.10862256255472041,2,64,34176,0.2046722792884179,0.0,0.6666666666666666
8,16,6,0.55,0.65,inferred-sensitivity,6,QAOA,2776,1.1199467232804308,0.07290356500381975,89,0.00362566695548594,0.10862256255472041,2,256,34176,0.2046722792884179,0.0,0.6666666666666666
8,16,6,0.55,0.65,inferred-sensitivity,6,QAOA,2776,1.1199467232804308,0.07290356500381975,89,0.0035920829977840185,0.10862256255472041,2,1024,34176,0.2046722792884179,0.0,0.6666666666666666
8,16,6,0.55,0.65,inferred-noise,6,QAOA,2776,1.1199467232804308,0.07290356500381975,89,0.0020802499493584037,0.09690143010746348,1,256,34176,0.2046722792884179,0.1,0.6666666666666666
8,16,6,0.55,0.65,inferred-noise,6,QAOA,2776,1.1199467232804308,0.07290356500381975,89,0.0020214589312672615,0.08335535842288624,1,256,34176,0.2046722792884179,0.25,0.6666666666666666
8,16,6,0.55,0.65,inferred-noise,6,QAOA,2776,1.1199467232804308,0.07290356500381975,89,0.002063125022687018,0.06077857228192416,1,256,34176,0.2046722792884179,0.5,0.6666666666666666
9,16,6,0.55,0.65,full,16,deployed,16288,-0.2794731660650964,0.0,0,0.0,,0,0,0,0.28574245199836024,0.0,1.0
9,16,6,0.55,0.65,full,16,exact enumeration,16288,-0.2794731660650964,0.0,65536,0.0,,0,0,68719476736,0.28574245199836024,0.0,1.0
9,16,6,0.55,0.65,full,16,MILP,16288,-0.2794731660650964,0.0,0,0.009519207989796996,,0,0,0,0.28574245199836024,0.0,1.0
9,16,6,0.55,0.65,full,16,annealing,16288,-0.2794731660650964,0.0,89,8.308293763548136e-05,,0,0,93323264,0.28574245199836024,0.0,1.0
9,16,6,0.55,0.65,full,16,QAOA,12192,0.25114638160331193,0.4147172146644393,89,0.23063637502491474,0.000991229106683631,1,256,93323264,0.28574245199836024,0.0,1.0
9,16,6,0.55,0.65,true,6,exact LNS,16288,-0.2794731660650964,0.0,64,1.166015863418579e-06,,0,0,24576,0.28574245199836024,0.0,1.0
9,16,6,0.55,0.65,true,6,annealing,16288,-0.2794731660650964,0.0,89,7.108296267688274e-05,,0,0,34176,0.28574245199836024,0.0,1.0
9,16,6,0.55,0.65,true,6,QAOA,16288,-0.2794731660650964,0.0,89,0.0019877919694408774,0.2213973524608414,1,256,34176,0.28574245199836024,0.0,1.0
9,16,6,0.55,0.65,inferred,6,exact LNS,16288,-0.2794731660650964,0.0,64,8.749775588512421e-07,,0,0,24576,0.28574245199836024,0.0,1.0
9,16,6,0.55,0.65,inferred,6,annealing,16288,-0.2794731660650964,0.0,89,6.941601168364286e-05,,0,0,34176,0.28574245199836024,0.0,1.0
9,16,6,0.55,0.65,inferred,6,QAOA,16288,-0.2794731660650964,0.0,89,0.002050583017989993,0.2213973524608414,1,256,34176,0.28574245199836024,0.0,1.0
9,16,6,0.55,0.65,wrong,6,exact LNS,16288,-0.2794731660650964,0.0,64,8.329516276717186e-07,,0,0,24576,0.28574245199836024,0.0,0.5
9,16,6,0.55,0.65,wrong,6,annealing,16288,-0.2794731660650964,0.0,89,6.920890882611275e-05,,0,0,34176,0.28574245199836024,0.0,0.5
9,16,6,0.55,0.65,wrong,6,QAOA,16288,-0.2794731660650964,0.0,89,0.002032833988778293,0.11878700531763166,1,256,34176,0.28574245199836024,0.0,0.5
9,16,6,0.55,0.65,inferred-sensitivity,6,QAOA,16288,-0.2794731660650964,0.0,89,0.0020398329943418503,0.2213973524608414,1,64,34176,0.28574245199836024,0.0,1.0
9,16,6,0.55,0.65,inferred-sensitivity,6,QAOA,16288,-0.2794731660650964,0.0,89,0.0033980420557782054,0.2216411520512996,2,64,34176,0.28574245199836024,0.0,1.0
9,16,6,0.55,0.65,inferred-sensitivity,6,QAOA,16288,-0.2794731660650964,0.0,89,0.003453040961176157,0.2216411520512996,2,256,34176,0.28574245199836024,0.0,1.0
9,16,6,0.55,0.65,inferred-sensitivity,6,QAOA,16288,-0.2794731660650964,0.0,89,0.003444832982495427,0.2216411520512996,2,1024,34176,0.28574245199836024,0.0,1.0
9,16,6,0.55,0.65,inferred-noise,6,QAOA,16288,-0.2794731660650964,0.0,89,0.0020060830283910036,0.20082011721475726,1,256,34176,0.28574245199836024,0.1,1.0
9,16,6,0.55,0.65,inferred-noise,6,QAOA,16288,-0.2794731660650964,0.0,89,0.0020219578873366117,0.16995426434563105,1,256,34176,0.28574245199836024,0.25,1.0
9,16,6,0.55,0.65,inferred-noise,6,QAOA,16288,-0.2794731660650964,0.0,89,0.0020095419604331255,0.1185111762304207,1,256,34176,0.28574245199836024,0.5,1.0
10,16,6,0.55,0.65,full,16,deployed,51749,2.7719141751095093,0.025683492059268235,0,0.0,,0,0,0,0.13362859741275396,0.0,1.0
10,16,6,0.55,0.65,full,16,exact enumeration,49701,2.677464056223255,0.0,65536,0.0,,0,0,68719476736,0.13362859741275396,0.0,1.0
10,16,6,0.55,0.65,full,16,MILP,49701,2.677464056223255,0.0,0,0.015430500032380223,,0,0,0,0.13362859741275396,0.0,1.0
10,16,6,0.55,0.65,full,16,annealing,49701,2.677464056223255,0.0,89,7.783400360494852e-05,,0,0,93323264,0.13362859741275396,0.0,1.0
10,16,6,0.55,0.65,full,16,QAOA,43664,2.992812135045285,0.08575150538545075,89,0.22668566706124693,0.0007550510129869676,1,256,93323264,0.13362859741275396,0.0,1.0
10,16,6,0.55,0.65,true,6,exact LNS,49701,2.677464056223255,0.0,64,1.4170072972774506e-06,,0,0,24576,0.13362859741275396,0.0,1.0
10,16,6,0.55,0.65,true,6,annealing,49701,2.677464056223255,0.0,89,7.383397314697504e-05,,0,0,34176,0.13362859741275396,0.0,1.0
10,16,6,0.55,0.65,true,6,QAOA,49701,2.677464056223255,0.0,89,0.0020944169955328107,0.23019344182506896,1,256,34176,0.13362859741275396,0.0,1.0
10,16,6,0.55,0.65,inferred,6,exact LNS,49701,2.677464056223255,0.0,64,9.579816833138466e-07,,0,0,24576,0.13362859741275396,0.0,1.0
10,16,6,0.55,0.65,inferred,6,annealing,49701,2.677464056223255,0.0,89,6.970902904868126e-05,,0,0,34176,0.13362859741275396,0.0,1.0
10,16,6,0.55,0.65,inferred,6,QAOA,49701,2.677464056223255,0.0,89,0.002030374947935343,0.23019344182506896,1,256,34176,0.13362859741275396,0.0,1.0
10,16,6,0.55,0.65,wrong,6,exact LNS,49701,2.677464056223255,0.0,64,9.579816833138466e-07,,0,0,24576,0.13362859741275396,0.0,0.5
10,16,6,0.55,0.65,wrong,6,annealing,49701,2.677464056223255,0.0,89,6.870797369629145e-05,,0,0,34176,0.13362859741275396,0.0,0.5
10,16,6,0.55,0.65,wrong,6,QAOA,49701,2.677464056223255,0.0,89,0.002030625008046627,0.0835223156280956,1,256,34176,0.13362859741275396,0.0,0.5
10,16,6,0.55,0.65,inferred-sensitivity,6,QAOA,49701,2.677464056223255,0.0,89,0.0020246250787749887,0.23019344182506896,1,64,34176,0.13362859741275396,0.0,1.0
10,16,6,0.55,0.65,inferred-sensitivity,6,QAOA,49701,2.677464056223255,0.0,89,0.00345204200129956,0.23254041158871575,2,64,34176,0.13362859741275396,0.0,1.0
10,16,6,0.55,0.65,inferred-sensitivity,6,QAOA,49701,2.677464056223255,0.0,89,0.0034721250412985682,0.23254041158871575,2,256,34176,0.13362859741275396,0.0,1.0
10,16,6,0.55,0.65,inferred-sensitivity,6,QAOA,49701,2.677464056223255,0.0,89,0.0035790830152109265,0.23254041158871575,2,1024,34176,0.13362859741275396,0.0,1.0
10,16,6,0.55,0.65,inferred-noise,6,QAOA,49701,2.677464056223255,0.0,89,0.0020511250477284193,0.20873659764256206,1,256,34176,0.13362859741275396,0.1,1.0
10,16,6,0.55,0.65,inferred-noise,6,QAOA,49701,2.677464056223255,0.0,89,0.0020240420708432794,0.17655133136880172,1,256,34176,0.13362859741275396,0.25,1.0
10,16,6,0.55,0.65,inferred-noise,6,QAOA,49701,2.677464056223255,0.0,89,0.0020174169912934303,0.12290922091253448,1,256,34176,0.13362859741275396,0.5,1.0
11,16,6,0.55,0.65,full,16,deployed,5532,3.2940375162941766,1.43598949831151,0,0.0,,0,0,0,0.2630706613937897,0.0,1.0
11,16,6,0.55,0.65,full,16,exact enumeration,58218,0.7627487800216547,0.0,65536,0.0,,0,0,68719476736,0.2630706613937897,0.0,1.0
11,16,6,0.55,0.65,full,16,MILP,58218,0.7627487800216547,0.0,0,0.0098880419973284,,0,0,0,0.2630706613937897,0.0,1.0
11,16,6,0.55,0.65,full,16,annealing,7837,2.790473331396197,1.1503196452926394,89,7.825007196515799e-05,,0,0,93323264,0.2630706613937897,0.0,1.0
11,16,6,0.55,0.65,full,16,QAOA,62280,1.3564674263398482,0.33681410138936524,89,0.2247695829719305,0.0024258930430654012,1,256,93323264,0.2630706613937897,0.0,1.0
11,16,6,0.55,0.65,true,6,exact LNS,6044,2.9558360906598233,1.2441292460354036,64,1.208973117172718e-06,,0,0,24576,0.2630706613937897,0.0,1.0
11,16,6,0.55,0.65,true,6,annealing,6044,2.9558360906598233,1.2441292460354036,89,7.233291398733854e-05,,0,0,34176,0.2630706613937897,0.0,1.0
11,16,6,0.55,0.65,true,6,QAOA,6044,2.9558360906598233,1.2441292460354036,89,0.0020793749717995524,0.24080490180850833,1,256,34176,0.2630706613937897,0.0,1.0
11,16,6,0.55,0.65,inferred,6,exact LNS,22300,2.733842868293363,1.1181934207593067,64,9.579816833138466e-07,,0,0,24576,0.2630706613937897,0.0,0.6666666666666666
11,16,6,0.55,0.65,inferred,6,annealing,22300,2.733842868293363,1.1181934207593067,89,6.720796227455139e-05,,0,0,34176,0.2630706613937897,0.0,0.6666666666666666
11,16,6,0.55,0.65,inferred,6,QAOA,22300,2.733842868293363,1.1181934207593067,89,0.0019409999949857593,0.12227441155945501,1,256,34176,0.2630706613937897,0.0,0.6666666666666666
11,16,6,0.55,0.65,wrong,6,exact LNS,6044,2.9558360906598233,1.2441292460354036,64,1.00000761449337e-06,,0,0,24576,0.2630706613937897,0.0,0.5
11,16,6,0.55,0.65,wrong,6,annealing,6044,2.9558360906598233,1.2441292460354036,89,6.962509360164404e-05,,0,0,34176,0.2630706613937897,0.0,0.5
11,16,6,0.55,0.65,wrong,6,QAOA,6044,2.9558360906598233,1.2441292460354036,89,0.0020414579194039106,0.1586812682697643,1,256,34176,0.2630706613937897,0.0,0.5
11,16,6,0.55,0.65,inferred-sensitivity,6,QAOA,22300,2.733842868293363,1.1181934207593067,89,0.002031374955549836,0.12227441155945501,1,64,34176,0.2630706613937897,0.0,0.6666666666666666
11,16,6,0.55,0.65,inferred-sensitivity,6,QAOA,22300,2.733842868293363,1.1181934207593067,89,0.0034848329378291965,0.11731428828487113,2,64,34176,0.2630706613937897,0.0,0.6666666666666666
11,16,6,0.55,0.65,inferred-sensitivity,6,QAOA,22300,2.733842868293363,1.1181934207593067,89,0.003343000076711178,0.11731428828487113,2,256,34176,0.2630706613937897,0.0,0.6666666666666666
11,16,6,0.55,0.65,inferred-sensitivity,6,QAOA,22300,2.733842868293363,1.1181934207593067,89,0.0034612909657880664,0.11731428828487113,2,1024,34176,0.2630706613937897,0.0,0.6666666666666666
11,16,6,0.55,0.65,inferred-noise,6,QAOA,22300,2.733842868293363,1.1181934207593067,89,0.002011624979786575,0.1116094704035095,1,256,34176,0.2630706613937897,0.1,0.6666666666666666
11,16,6,0.55,0.65,inferred-noise,6,QAOA,22300,2.733842868293363,1.1181934207593067,89,0.0020579169504344463,0.09561205866959126,1,256,34176,0.2630706613937897,0.25,0.6666666666666666
11,16,6,0.55,0.65,inferred-noise,6,QAOA,22300,2.733842868293363,1.1181934207593067,89,0.0020014169858768582,0.0689497057797275,1,256,34176,0.2630706613937897,0.5,0.6666666666666666
0,16,6,0.55,1.35,full,16,deployed,36584,4.668001172044942,4.255009137337739,0,0.0,,0,0,0,0.4174092145391203,0.0,1.0
0,16,6,0.55,1.35,full,16,exact enumeration,44132,0.078590164910052,0.0,65536,0.0,,0,0,68719476736,0.4174092145391203,0.0,1.0
0,16,6,0.55,1.35,full,16,MILP,44132,0.078590164910052,0.0,0,0.01011120795737952,,0,0,0,0.4174092145391203,0.0,1.0
0,16,6,0.55,1.35,full,16,annealing,42086,0.08843034950408324,0.00912319147175967,89,7.979199290275574e-05,,0,0,93323264,0.4174092145391203,0.0,1.0
0,16,6,0.55,1.35,full,16,QAOA,57446,0.44711803372885495,0.3416755323830864,89,0.22784808406140655,0.0013822149307059317,1,256,93323264,0.4174092145391203,0.0,1.0
0,16,6,0.55,1.35,true,6,exact LNS,36576,1.805747076627521,1.6013097169873634,64,1.374981366097927e-06,,0,0,24576,0.4174092145391203,0.0,1.0
0,16,6,0.55,1.35,true,6,annealing,36576,1.805747076627521,1.6013097169873634,89,7.854192517697811e-05,,0,0,34176,0.4174092145391203,0.0,1.0
0,16,6,0.55,1.35,true,6,QAOA,36576,1.805747076627521,1.6013097169873634,89,0.002080208039842546,0.2716642137197946,1,256,34176,0.4174092145391203,0.0,1.0
0,16,6,0.55,1.35,inferred,6,exact LNS,36576,1.805747076627521,1.6013097169873634,64,8.749775588512421e-07,,0,0,24576,0.4174092145391203,0.0,0.6666666666666666
0,16,6,0.55,1.35,inferred,6,annealing,36576,1.805747076627521,1.6013097169873634,89,7.245794404298067e-05,,0,0,34176,0.4174092145391203,0.0,0.6666666666666666
0,16,6,0.55,1.35,inferred,6,QAOA,36576,1.805747076627521,1.6013097169873634,89,0.002096459036692977,0.21081751625675602,1,256,34176,0.4174092145391203,0.0,0.6666666666666666
0,16,6,0.55,1.35,wrong,6,exact LNS,36584,4.668001172044942,4.255009137337739,64,1.084059476852417e-06,,0,0,24576,0.4174092145391203,0.0,0.5
0,16,6,0.55,1.35,wrong,6,annealing,36584,4.668001172044942,4.255009137337739,89,7.720896974205971e-05,,0,0,34176,0.4174092145391203,0.0,0.5
0,16,6,0.55,1.35,wrong,6,QAOA,36584,4.668001172044942,4.255009137337739,89,0.0019477499881759286,0.26234725271856696,1,256,34176,0.4174092145391203,0.0,0.5
0,16,6,0.55,1.35,inferred-sensitivity,6,QAOA,36576,1.805747076627521,1.6013097169873634,89,0.0020102079724892974,0.21081751625675602,1,64,34176,0.4174092145391203,0.0,0.6666666666666666
0,16,6,0.55,1.35,inferred-sensitivity,6,QAOA,36576,1.805747076627521,1.6013097169873634,89,0.0034387080231681466,0.21334344792267168,2,64,34176,0.4174092145391203,0.0,0.6666666666666666
0,16,6,0.55,1.35,inferred-sensitivity,6,QAOA,36576,1.805747076627521,1.6013097169873634,89,0.003443541005253792,0.21334344792267168,2,256,34176,0.4174092145391203,0.0,0.6666666666666666
0,16,6,0.55,1.35,inferred-sensitivity,6,QAOA,36576,1.805747076627521,1.6013097169873634,89,0.003459291998296976,0.21334344792267168,2,1024,34176,0.4174092145391203,0.0,0.6666666666666666
0,16,6,0.55,1.35,inferred-noise,6,QAOA,36576,1.805747076627521,1.6013097169873634,89,0.0020404579117894173,0.1912982646310804,1,256,34176,0.4174092145391203,0.1,0.6666666666666666
0,16,6,0.55,1.35,inferred-noise,6,QAOA,36576,1.805747076627521,1.6013097169873634,89,0.0020117919193580747,0.162019387192567,1,256,34176,0.4174092145391203,0.25,0.6666666666666666
0,16,6,0.55,1.35,inferred-noise,6,QAOA,36576,1.805747076627521,1.6013097169873634,89,0.0020215840777382255,0.11322125812837801,1,256,34176,0.4174092145391203,0.5,0.6666666666666666
1,16,6,0.55,1.35,full,16,deployed,25391,-1.5927866823080796,0.0,0,0.0,,0,0,0,0.13347999717714112,0.0,1.0
1,16,6,0.55,1.35,full,16,exact enumeration,25391,-1.5927866823080796,0.0,65536,0.0,,0,0,68719476736,0.13347999717714112,0.0,1.0
1,16,6,0.55,1.35,full,16,MILP,25391,-1.5927866823080796,0.0,0,0.004854333004914224,,0,0,0,0.13347999717714112,0.0,1.0
1,16,6,0.55,1.35,full,16,annealing,25391,-1.5927866823080796,0.0,89,7.712503429502249e-05,,0,0,93323264,0.13347999717714112,0.0,1.0
1,16,6,0.55,1.35,full,16,QAOA,25391,-1.5927866823080796,0.0,89,0.22352391690947115,0.004117708154551111,1,256,93323264,0.13347999717714112,0.0,1.0
1,16,6,0.55,1.35,true,6,exact LNS,25391,-1.5927866823080796,0.0,64,1.3329554349184036e-06,,0,0,24576,0.13347999717714112,0.0,1.0
1,16,6,0.55,1.35,true,6,annealing,25391,-1.5927866823080796,0.0,89,7.391697727143764e-05,,0,0,34176,0.13347999717714112,0.0,1.0
1,16,6,0.55,1.35,true,6,QAOA,25391,-1.5927866823080796,0.0,89,0.0021118749864399433,0.4197937250471106,1,256,34176,0.13347999717714112,0.0,1.0
1,16,6,0.55,1.35,inferred,6,exact LNS,25391,-1.5927866823080796,0.0,64,9.170034900307655e-07,,0,0,24576,0.13347999717714112,0.0,0.6666666666666666
1,16,6,0.55,1.35,inferred,6,annealing,25391,-1.5927866823080796,0.0,89,7.174990605562925e-05,,0,0,34176,0.13347999717714112,0.0,0.6666666666666666
1,16,6,0.55,1.35,inferred,6,QAOA,25391,-1.5927866823080796,0.0,89,0.002131042070686817,0.3537760336216096,1,256,34176,0.13347999717714112,0.0,0.6666666666666666
1,16,6,0.55,1.35,wrong,6,exact LNS,25391,-1.5927866823080796,0.0,64,1.2079253792762756e-06,,0,0,24576,0.13347999717714112,0.0,0.5
1,16,6,0.55,1.35,wrong,6,annealing,25391,-1.5927866823080796,0.0,89,7.329194340854883e-05,,0,0,34176,0.13347999717714112,0.0,0.5
1,16,6,0.55,1.35,wrong,6,QAOA,25391,-1.5927866823080796,0.0,89,0.0020317499293014407,0.2907532936541587,1,256,34176,0.13347999717714112,0.0,0.5
1,16,6,0.55,1.35,inferred-sensitivity,6,QAOA,25391,-1.5927866823080796,0.0,89,0.00207462499383837,0.3537760336216096,1,64,34176,0.13347999717714112,0.0,0.6666666666666666
1,16,6,0.55,1.35,inferred-sensitivity,6,QAOA,25391,-1.5927866823080796,0.0,89,0.003541499958373606,0.35380344730806235,2,64,34176,0.13347999717714112,0.0,0.6666666666666666
1,16,6,0.55,1.35,inferred-sensitivity,6,QAOA,25391,-1.5927866823080796,0.0,89,0.003557250020094216,0.35380344730806235,2,256,34176,0.13347999717714112,0.0,0.6666666666666666
1,16,6,0.55,1.35,inferred-sensitivity,6,QAOA,25391,-1.5927866823080796,0.0,89,0.003517167060635984,0.35380344730806235,2,1024,34176,0.13347999717714112,0.0,0.6666666666666666
1,16,6,0.55,1.35,inferred-noise,6,QAOA,25391,-1.5927866823080796,0.0,89,0.002085624961182475,0.31996093025944866,1,256,34176,0.13347999717714112,0.1,0.6666666666666666
1,16,6,0.55,1.35,inferred-noise,6,QAOA,25391,-1.5927866823080796,0.0,89,0.0020851659355685115,0.2692382752162072,1,256,34176,0.13347999717714112,0.25,0.6666666666666666
1,16,6,0.55,1.35,inferred-noise,6,QAOA,25391,-1.5927866823080796,0.0,89,0.00207145803142339,0.1847005168108048,1,256,34176,0.13347999717714112,0.5,0.6666666666666666
2,16,6,0.55,1.35,full,16,deployed,29237,1.1867163069927553,0.6358262388006599,0,0.0,,0,0,0,0.34470112758825827,0.0,1.0
2,16,6,0.55,1.35,full,16,exact enumeration,30373,0.33676563874901033,0.0,65536,0.0,,0,0,68719476736,0.34470112758825827,0.0,1.0
2,16,6,0.55,1.35,full,16,MILP,30373,0.33676563874901033,0.0,0,0.011029125074855983,,0,0,0,0.34470112758825827,0.0,1.0
2,16,6,0.55,1.35,full,16,annealing,13989,0.48172034641478056,0.1084368893573773,89,7.84160802140832e-05,,0,0,93323264,0.34470112758825827,0.0,1.0
2,16,6,0.55,1.35,full,16,QAOA,30373,0.33676563874901033,0.0,89,0.22659837501123548,0.0024006149636580415,1,256,93323264,0.34470112758825827,0.0,1.0
2,16,6,0.55,1.35,true,6,exact LNS,29365,0.6547060442857959,0.2378430416825531,64,1.3329554349184036e-06,,0,0,24576,0.34470112758825827,0.0,1.0
2,16,6,0.55,1.35,true,6,annealing,29365,0.6547060442857959,0.2378430416825531,89,7.304106839001179e-05,,0,0,34176,0.34470112758825827,0.0,1.0
2,16,6,0.55,1.35,true,6,QAOA,29365,0.6547060442857959,0.2378430416825531,89,0.0021068749483674765,0.4597742088995042,1,256,34176,0.34470112758825827,0.0,1.0
2,16,6,0.55,1.35,inferred,6,exact LNS,29365,0.6547060442857959,0.2378430416825531,64,1.00000761449337e-06,,0,0,24576,0.34470112758825827,0.0,1.0
2,16,6,0.55,1.35,inferred,6,annealing,29365,0.6547060442857959,0.2378430416825531,89,7.020891644060612e-05,,0,0,34176,0.34470112758825827,0.0,1.0
2,16,6,0.55,1.35,inferred,6,QAOA,29365,0.6547060442857959,0.2378430416825531,89,0.0020900419913232327,0.4597742088995042,1,256,34176,0.34470112758825827,0.0,1.0
2,16,6,0.55,1.35,wrong,6,exact LNS,29237,1.1867163069927553,0.6358262388006599,64,8.749775588512421e-07,,0,0,24576,0.34470112758825827,0.0,0.5
2,16,6,0.55,1.35,wrong,6,annealing,29237,1.1867163069927553,0.6358262388006599,89,7.01660756021738e-05,,0,0,34176,0.34470112758825827,0.0,0.5
2,16,6,0.55,1.35,wrong,6,QAOA,29237,1.1867163069927553,0.6358262388006599,89,0.002099249977618456,0.29892120257180654,1,256,34176,0.34470112758825827,0.0,0.5
2,16,6,0.55,1.35,inferred-sensitivity,6,QAOA,29365,0.6547060442857959,0.2378430416825531,89,0.002097665914334357,0.4597742088995042,1,64,34176,0.34470112758825827,0.0,1.0
2,16,6,0.55,1.35,inferred-sensitivity,6,QAOA,29365,0.6547060442857959,0.2378430416825531,89,0.003625291050411761,0.4600301577076081,2,64,34176,0.34470112758825827,0.0,1.0
2,16,6,0.55,1.35,inferred-sensitivity,6,QAOA,29365,0.6547060442857959,0.2378430416825531,89,0.0036627500085160136,0.4600301577076081,2,256,34176,0.34470112758825827,0.0,1.0
2,16,6,0.55,1.35,inferred-sensitivity,6,QAOA,29365,0.6547060442857959,0.2378430416825531,89,0.0036568749928846955,0.4600301577076081,2,1024,34176,0.34470112758825827,0.0,1.0
2,16,6,0.55,1.35,inferred-noise,6,QAOA,29365,0.6547060442857959,0.2378430416825531,89,0.002095957985147834,0.4153592880095538,1,256,34176,0.34470112758825827,0.1,1.0
2,16,6,0.55,1.35,inferred-noise,6,QAOA,29365,0.6547060442857959,0.2378430416825531,89,0.002137875068001449,0.34873690667462814,1,256,34176,0.34470112758825827,0.25,1.0
2,16,6,0.55,1.35,inferred-noise,6,QAOA,29365,0.6547060442857959,0.2378430416825531,89,0.0021257500629872084,0.2376996044497521,1,256,34176,0.34470112758825827,0.5,1.0
3,16,6,0.55,1.35,full,16,deployed,48644,1.7157560939662426,0.230207668607955,0,0.0,,0,0,0,0.11541884032708294,0.0,1.0
3,16,6,0.55,1.35,full,16,exact enumeration,8850,1.2075590676810397,0.0,65536,0.0,,0,0,68719476736,0.11541884032708294,0.0,1.0
3,16,6,0.55,1.35,full,16,MILP,8850,1.2075590676810397,0.0,0,0.010774499969556928,,0,0,0,0.11541884032708294,0.0,1.0
3,16,6,0.55,1.35,full,16,annealing,48644,1.7157560939662426,0.230207668607955,89,8.166604675352573e-05,,0,0,93323264,0.11541884032708294,0.0,1.0
3,16,6,0.55,1.35,full,16,QAOA,8722,1.3933526454679899,0.08416244915345325,89,0.22935004206374288,0.0010490087362783505,1,256,93323264,0.11541884032708294,0.0,1.0
3,16,6,0.55,1.35,true,6,exact LNS,48644,1.7157560939662426,0.230207668607955,64,1.6670674085617065e-06,,0,0,24576,0.11541884032708294,0.0,1.0
3,16,6,0.55,1.35,true,6,annealing,48644,1.7157560939662426,0.230207668607955,89,7.920805364847183e-05,,0,0,34176,0.11541884032708294,0.0,1.0
3,16,6,0.55,1.35,true,6,QAOA,48644,1.7157560939662426,0.230207668607955,89,0.0021741249365732074,0.08631632559312923,1,256,34176,0.11541884032708294,0.0,1.0
3,16,6,0.55,1.35,inferred,6,exact LNS,48644,1.7157560939662426,0.230207668607955,64,1.00000761449337e-06,,0,0,24576,0.11541884032708294,0.0,1.0
3,16,6,0.55,1.35,inferred,6,annealing,48644,1.7157560939662426,0.230207668607955,89,7.087492849677801e-05,,0,0,34176,0.11541884032708294,0.0,1.0
3,16,6,0.55,1.35,inferred,6,QAOA,48644,1.7157560939662426,0.230207668607955,89,0.0020778330508619547,0.08631632559312923,1,256,34176,0.11541884032708294,0.0,1.0
3,16,6,0.55,1.35,wrong,6,exact LNS,48644,1.7157560939662426,0.230207668607955,64,8.749775588512421e-07,,0,0,24576,0.11541884032708294,0.0,0.5
3,16,6,0.55,1.35,wrong,6,annealing,48644,1.7157560939662426,0.230207668607955,89,7.895799353718758e-05,,0,0,34176,0.11541884032708294,0.0,0.5
3,16,6,0.55,1.35,wrong,6,QAOA,48644,1.7157560939662426,0.230207668607955,89,0.0020800420315936208,0.1072348524474216,1,256,34176,0.11541884032708294,0.0,0.5
3,16,6,0.55,1.35,inferred-sensitivity,6,QAOA,48644,1.7157560939662426,0.230207668607955,89,0.002093707909807563,0.08631632559312923,1,64,34176,0.11541884032708294,0.0,1.0
3,16,6,0.55,1.35,inferred-sensitivity,6,QAOA,48644,1.7157560939662426,0.230207668607955,89,0.0035281250020489097,0.08870662215372668,2,64,34176,0.11541884032708294,0.0,1.0
3,16,6,0.55,1.35,inferred-sensitivity,6,QAOA,48644,1.7157560939662426,0.230207668607955,89,0.003598916926421225,0.08870662215372668,2,256,34176,0.11541884032708294,0.0,1.0
3,16,6,0.55,1.35,inferred-sensitivity,6,QAOA,48644,1.7157560939662426,0.230207668607955,89,0.003587790997698903,0.08870662215372668,2,1024,34176,0.11541884032708294,0.0,1.0
3,16,6,0.55,1.35,inferred-noise,6,QAOA,48644,1.7157560939662426,0.230207668607955,89,0.002106750034727156,0.0792471930338163,1,256,34176,0.11541884032708294,0.1,1.0
3,16,6,0.55,1.35,inferred-noise,6,QAOA,48644,1.7157560939662426,0.230207668607955,89,0.0021072919480502605,0.06864349419484692,1,256,34176,0.11541884032708294,0.25,1.0
3,16,6,0.55,1.35,inferred-noise,6,QAOA,48644,1.7157560939662426,0.230207668607955,89,0.0021093750838190317,0.05097066279656461,1,256,34176,0.11541884032708294,0.5,1.0
4,16,6,0.55,1.35,full,16,deployed,16340,5.360019657224823,1.1525026530572229,0,0.0,,0,0,0,0.12048060861028324,0.0,1.0
4,16,6,0.55,1.35,full,16,exact enumeration,49963,1.954709323211109,0.0,65536,0.0,,0,0,68719476736,0.12048060861028324,0.0,1.0
4,16,6,0.55,1.35,full,16,MILP,49963,1.954709323211109,0.0,0,0.011571458075195551,,0,0,0,0.12048060861028324,0.0,1.0
4,16,6,0.55,1.35,full,16,annealing,11884,2.7540910660869002,0.27054496921106336,89,8.449994493275881e-05,,0,0,93323264,0.12048060861028324,0.0,1.0
4,16,6,0.55,1.35,full,16,QAOA,49707,1.9563953232642044,0.0005706145236862342,89,0.2288572919787839,0.0026963151700775735,1,256,93323264,0.12048060861028324,0.0,1.0
4,16,6,0.55,1.35,true,6,exact LNS,15972,2.9060703624809667,0.3219812628593668,64,1.834006980061531e-06,,0,0,24576,0.12048060861028324,0.0,1.0
4,16,6,0.55,1.35,true,6,annealing,15972,2.9060703624809667,0.3219812628593668,89,7.695809472352266e-05,,0,0,34176,0.12048060861028324,0.0,1.0
4,16,6,0.55,1.35,true,6,QAOA,15972,2.9060703624809667,0.3219812628593668,89,0.0021667919354513288,0.0969589480031855,1,256,34176,0.12048060861028324,0.0,1.0
4,16,6,0.55,1.35,inferred,6,exact LNS,16196,3.057238458857006,0.37314301172871184,64,1.2080417945981026e-06,,0,0,24576,0.12048060861028324,0.0,0.6666666666666666
4,16,6,0.55,1.35,inferred,6,annealing,16196,3.057238458857006,0.37314301172871184,89,7.266702596098185e-05,,0,0,34176,0.12048060861028324,0.0,0.6666666666666666
4,16,6,0.55,1.35,inferred,6,QAOA,16196,3.057238458857006,0.37314301172871184,89,0.002003124915063381,0.42776711049023813,1,256,34176,0.12048060861028324,0.0,0.6666666666666666
4,16,6,0.55,1.35,wrong,6,exact LNS,15956,4.082821801799569,0.7202442764405933,64,1.00000761449337e-06,,0,0,24576,0.12048060861028324,0.0,0.5
4,16,6,0.55,1.35,wrong,6,annealing,15956,4.082821801799569,0.7202442764405933,89,6.829097401350737e-05,,0,0,34176,0.12048060861028324,0.0,0.5
4,16,6,0.55,1.35,wrong,6,QAOA,15956,4.082821801799569,0.7202442764405933,89,0.0020958749810233712,0.1223698639134971,1,256,34176,0.12048060861028324,0.0,0.5
4,16,6,0.55,1.35,inferred-sensitivity,6,QAOA,16196,3.057238458857006,0.37314301172871184,89,0.0020982499700039625,0.42776711049023813,1,64,34176,0.12048060861028324,0.0,0.6666666666666666
4,16,6,0.55,1.35,inferred-sensitivity,6,QAOA,16196,3.057238458857006,0.37314301172871184,89,0.003579166019335389,0.4607890308116973,2,64,34176,0.12048060861028324,0.0,0.6666666666666666
4,16,6,0.55,1.35,inferred-sensitivity,6,QAOA,16196,3.057238458857006,0.37314301172871184,89,0.0034421669552102685,0.4607890308116973,2,256,34176,0.12048060861028324,0.0,0.6666666666666666
4,16,6,0.55,1.35,inferred-sensitivity,6,QAOA,16196,3.057238458857006,0.37314301172871184,89,0.0035677501000463963,0.4607890308116973,2,1024,34176,0.12048060861028324,0.0,0.6666666666666666
4,16,6,0.55,1.35,inferred-noise,6,QAOA,16196,3.057238458857006,0.37314301172871184,89,0.002095207921229303,0.38655289944121435,1,256,34176,0.12048060861028324,0.1,0.6666666666666666
4,16,6,0.55,1.35,inferred-noise,6,QAOA,16196,3.057238458857006,0.37314301172871184,89,0.002004500012844801,0.3247315828676786,1,256,34176,0.12048060861028324,0.25,0.6666666666666666
4,16,6,0.55,1.35,inferred-noise,6,QAOA,16196,3.057238458857006,0.37314301172871184,89,0.002016291953623295,0.22169605524511907,1,256,34176,0.12048060861028324,0.5,0.6666666666666666
5,16,6,0.55,1.35,full,16,deployed,58805,2.101982139999998,1.9416262275798646,0,0.0,,0,0,0,0.3112062888057208,0.0,1.0
5,16,6,0.55,1.35,full,16,exact enumeration,19001,-0.17029677776953456,0.0,65536,0.0,,0,0,68719476736,0.3112062888057208,0.0,1.0
5,16,6,0.55,1.35,full,16,MILP,19001,-0.17029677776953456,0.0,0,0.01073691702913493,,0,0,0,0.3112062888057208,0.0,1.0
5,16,6,0.55,1.35,full,16,annealing,38063,1.9159699734492177,1.7826817870890515,89,0.00010074989404529333,,0,0,93323264,0.3112062888057208,0.0,1.0
5,16,6,0.55,1.35,full,16,QAOA,19001,-0.17029677776953456,0.0,89,0.22728779108729213,0.0017218319125106125,1,256,93323264,0.3112062888057208,0.0,1.0
5,16,6,0.55,1.35,true,6,exact LNS,58793,0.6002939827502711,0.6584575597896395,64,1.3329554349184036e-06,,0,0,24576,0.3112062888057208,0.0,1.0
5,16,6,0.55,1.35,true,6,annealing,58793,0.6002939827502711,0.6584575597896395,89,7.566600106656551e-05,,0,0,34176,0.3112062888057208,0.0,1.0
5,16,6,0.55,1.35,true,6,QAOA,58793,0.6002939827502711,0.6584575597896395,89,0.0021423749858513474,0.20540073174273227,1,256,34176,0.3112062888057208,0.0,1.0
5,16,6,0.55,1.35,inferred,6,exact LNS,58793,0.6002939827502711,0.6584575597896395,64,1.00000761449337e-06,,0,0,24576,0.3112062888057208,0.0,1.0
5,16,6,0.55,1.35,inferred,6,annealing,58793,0.6002939827502711,0.6584575597896395,89,7.049995474517345e-05,,0,0,34176,0.3112062888057208,0.0,1.0
5,16,6,0.55,1.35,inferred,6,QAOA,58793,0.6002939827502711,0.6584575597896395,89,0.00210883398540318,0.20540073174273227,1,256,34176,0.3112062888057208,0.0,1.0
5,16,6,0.55,1.35,wrong,6,exact LNS,58805,2.101982139999998,1.9416262275798646,64,1.0420335456728935e-06,,0,0,24576,0.3112062888057208,0.0,0.5
5,16,6,0.55,1.35,wrong,6,annealing,58805,2.101982139999998,1.9416262275798646,89,6.925000343471766e-05,,0,0,34176,0.3112062888057208,0.0,0.5
5,16,6,0.55,1.35,wrong,6,QAOA,58805,2.101982139999998,1.9416262275798646,89,0.0020751660922542214,0.15228944974522757,1,256,34176,0.3112062888057208,0.0,0.5
5,16,6,0.55,1.35,inferred-sensitivity,6,QAOA,58793,0.6002939827502711,0.6584575597896395,89,0.002115290961228311,0.20540073174273227,1,64,34176,0.3112062888057208,0.0,1.0
5,16,6,0.55,1.35,inferred-sensitivity,6,QAOA,58793,0.6002939827502711,0.6584575597896395,89,0.003550458000972867,0.20744618844474821,2,64,34176,0.3112062888057208,0.0,1.0
5,16,6,0.55,1.35,inferred-sensitivity,6,QAOA,58793,0.6002939827502711,0.6584575597896395,89,0.0034264159621670842,0.20744618844474821,2,256,34176,0.3112062888057208,0.0,1.0
5,16,6,0.55,1.35,inferred-sensitivity,6,QAOA,58793,0.6002939827502711,0.6584575597896395,89,0.0035375419538468122,0.20744618844474821,2,1024,34176,0.3112062888057208,0.0,1.0
5,16,6,0.55,1.35,inferred-noise,6,QAOA,58793,0.6002939827502711,0.6584575597896395,89,0.002073792042210698,0.18642315856845904,1,256,34176,0.3112062888057208,0.1,1.0
5,16,6,0.55,1.35,inferred-noise,6,QAOA,58793,0.6002939827502711,0.6584575597896395,89,0.0021010839845985174,0.15795679880704921,1,256,34176,0.3112062888057208,0.25,1.0
5,16,6,0.55,1.35,inferred-noise,6,QAOA,58793,0.6002939827502711,0.6584575597896395,89,0.002019166015088558,0.11051286587136613,1,256,34176,0.3112062888057208,0.5,1.0
6,16,6,0.55,1.35,full,16,deployed,33366,4.33654655276833,1.295865028530069,0,0.0,,0,0,0,0.32150121234152806,0.0,1.0
6,16,6,0.55,1.35,full,16,exact enumeration,53681,1.3244164994250824,0.0,65536,0.0,,0,0,68719476736,0.32150121234152806,0.0,1.0
6,16,6,0.55,1.35,full,16,MILP,53681,1.3244164994250824,0.0,0,0.011611040914431214,,0,0,0,0.32150121234152806,0.0,1.0
6,16,6,0.55,1.35,full,16,annealing,49457,3.208436037519673,0.8105344023158418,89,8.037500083446503e-05,,0,0,93323264,0.32150121234152806,0.0,1.0
6,16,6,0.55,1.35,full,16,QAOA,53681,1.3244164994250824,0.0,89,0.22668087494093925,0.0022809194391867718,1,256,93323264,0.32150121234152806,0.0,1.0
6,16,6,0.55,1.35,true,6,exact LNS,33334,3.2701590671594634,0.8370886062010134,64,1.2919772416353226e-06,,0,0,24576,0.32150121234152806,0.0,1.0
6,16,6,0.55,1.35,true,6,annealing,33334,3.2701590671594634,0.8370886062010134,89,7.641594856977463e-05,,0,0,34176,0.32150121234152806,0.0,1.0
6,16,6,0.55,1.35,true,6,QAOA,33334,3.2701590671594634,0.8370886062010134,89,0.002142749959602952,0.18141522768449123,1,256,34176,0.32150121234152806,0.0,1.0
6,16,6,0.55,1.35,inferred,6,exact LNS,33398,3.4852385066227844,0.9296191141872192,64,9.170034900307655e-07,,0,0,24576,0.32150121234152806,0.0,0.5
6,16,6,0.55,1.35,inferred,6,annealing,33398,3.4852385066227844,0.9296191141872192,89,7.220904808491468e-05,,0,0,34176,0.32150121234152806,0.0,0.5
6,16,6,0.55,1.35,inferred,6,QAOA,33398,3.4852385066227844,0.9296191141872192,89,0.0021289580035954714,0.15408037399699323,1,256,34176,0.32150121234152806,0.0,0.5
6,16,6,0.55,1.35,wrong,6,exact LNS,33206,2.624943738219967,0.559506972660259,64,9.159557521343231e-07,,0,0,24576,0.32150121234152806,0.0,0.5
6,16,6,0.55,1.35,wrong,6,annealing,33206,2.624943738219967,0.559506972660259,89,7.141707465052605e-05,,0,0,34176,0.32150121234152806,0.0,0.5
6,16,6,0.55,1.35,wrong,6,QAOA,33206,2.624943738219967,0.559506972660259,89,0.002089999965392053,0.10582743884012064,1,256,34176,0.32150121234152806,0.0,0.5
6,16,6,0.55,1.35,inferred-sensitivity,6,QAOA,33398,3.4852385066227844,0.9296191141872192,89,0.0020875419722869992,0.15408037399699323,1,64,34176,0.32150121234152806,0.0,0.5
6,16,6,0.55,1.35,inferred-sensitivity,6,QAOA,33398,3.4852385066227844,0.9296191141872192,89,0.003622292075306177,0.15731766657617977,2,64,34176,0.32150121234152806,0.0,0.5
6,16,6,0.55,1.35,inferred-sensitivity,6,QAOA,33398,3.4852385066227844,0.9296191141872192,89,0.003434541984461248,0.15731766657617977,2,256,34176,0.32150121234152806,0.0,0.5
6,16,6,0.55,1.35,inferred-sensitivity,6,QAOA,33398,3.4852385066227844,0.9296191141872192,89,0.003541999962180853,0.15731766657617977,2,1024,34176,0.32150121234152806,0.0,0.5
6,16,6,0.55,1.35,inferred-noise,6,QAOA,33398,3.4852385066227844,0.9296191141872192,89,0.0020904579432681203,0.1402348365972939,1,256,34176,0.32150121234152806,0.1,0.5
6,16,6,0.55,1.35,inferred-noise,6,QAOA,33398,3.4852385066227844,0.9296191141872192,89,0.0020587079925462604,0.11946653049774492,1,256,34176,0.32150121234152806,0.25,0.5
6,16,6,0.55,1.35,inferred-noise,6,QAOA,33398,3.4852385066227844,0.9296191141872192,89,0.002016250044107437,0.08485268699849662,1,256,34176,0.32150121234152806,0.5,0.5
7,16,6,0.55,1.35,full,16,deployed,42630,2.9029617518240967,0.27830232274470523,0,0.0,,0,0,0,0.2074534130247261,0.0,1.0
7,16,6,0.55,1.35,full,16,exact enumeration,61765,2.0532384103346204,0.0,65536,0.0,,0,0,68719476736,0.2074534130247261,0.0,1.0
7,16,6,0.55,1.35,full,16,MILP,61765,2.0532384103346204,0.0,0,0.012044999981299043,,0,0,0,0.2074534130247261,0.0,1.0
7,16,6,0.55,1.35,full,16,annealing,42630,2.9029617518240967,0.27830232274470523,89,8.362496737390757e-05,,0,0,93323264,0.2074534130247261,0.0,1.0
7,16,6,0.55,1.35,full,16,QAOA,61781,2.0852255317534865,0.010476457164496506,89,0.2343196669826284,0.0013768062178091116,1,256,93323264,0.2074534130247261,0.0,1.0
7,16,6,0.55,1.35,true,6,exact LNS,42246,2.5539365982732614,0.1639892208364321,64,1.625041477382183e-06,,0,0,24576,0.2074534130247261,0.0,1.0
7,16,6,0.55,1.35,true,6,annealing,42246,2.5539365982732614,0.1639892208364321,89,7.958302740007639e-05,,0,0,34176,0.2074534130247261,0.0,1.0
7,16,6,0.55,1.35,true,6,QAOA,42246,2.5539365982732614,0.1639892208364321,89,0.0021537919528782368,0.1295173340510294,1,256,34176,0.2074534130247261,0.0,1.0
7,16,6,0.55,1.35,inferred,6,exact LNS,42246,2.5539365982732614,0.1639892208364321,64,1.00000761449337e-06,,0,0,24576,0.2074534130247261,0.0,0.8333333333333334
7,16,6,0.55,1.35,inferred,6,annealing,42246,2.5539365982732614,0.1639892208364321,89,7.099995855242014e-05,,0,0,34176,0.2074534130247261,0.0,0.8333333333333334
7,16,6,0.55,1.35,inferred,6,QAOA,42246,2.5539365982732614,0.1639892208364321,89,0.002077916986308992,0.12293640694799868,1,256,34176,0.2074534130247261,0.0,0.8333333333333334
7,16,6,0.55,1.35,wrong,6,exact LNS,42246,2.5539365982732614,0.1639892208364321,64,8.330680429935455e-07,,0,0,24576,0.2074534130247261,0.0,0.5
7,16,6,0.55,1.35,wrong,6,annealing,42246,2.5539365982732614,0.1639892208364321,89,6.96659553796053e-05,,0,0,34176,0.2074534130247261,0.0,0.5
7,16,6,0.55,1.35,wrong,6,QAOA,42246,2.5539365982732614,0.1639892208364321,89,0.002106333035044372,0.08305200309061785,1,256,34176,0.2074534130247261,0.0,0.5
7,16,6,0.55,1.35,inferred-sensitivity,6,QAOA,42246,2.5539365982732614,0.1639892208364321,89,0.002046499983407557,0.12293640694799868,1,64,34176,0.2074534130247261,0.0,0.8333333333333334
7,16,6,0.55,1.35,inferred-sensitivity,6,QAOA,42246,2.5539365982732614,0.1639892208364321,89,0.003459624946117401,0.12391417928575832,2,64,34176,0.2074534130247261,0.0,0.8333333333333334
7,16,6,0.55,1.35,inferred-sensitivity,6,QAOA,42246,2.5539365982732614,0.1639892208364321,89,0.003468165989033878,0.12391417928575832,2,256,34176,0.2074534130247261,0.0,0.8333333333333334
7,16,6,0.55,1.35,inferred-sensitivity,6,QAOA,42246,2.5539365982732614,0.1639892208364321,89,0.0034782500006258488,0.12391417928575832,2,1024,34176,0.2074534130247261,0.0,0.8333333333333334
7,16,6,0.55,1.35,inferred-noise,6,QAOA,42246,2.5539365982732614,0.1639892208364321,89,0.00203820806927979,0.11220526625319881,1,256,34176,0.2074534130247261,0.1,0.8333333333333334
7,16,6,0.55,1.35,inferred-noise,6,QAOA,42246,2.5539365982732614,0.1639892208364321,89,0.0020239170407876372,0.09610855521099901,1,256,34176,0.2074534130247261,0.25,0.8333333333333334
7,16,6,0.55,1.35,inferred-noise,6,QAOA,42246,2.5539365982732614,0.1639892208364321,89,0.0020228748908266425,0.06928070347399934,1,256,34176,0.2074534130247261,0.5,0.8333333333333334
8,16,6,0.55,1.35,full,16,deployed,6872,4.1885523790428065,1.3342238474744028,0,0.0,,0,0,0,0.32272004852525654,0.0,1.0
8,16,6,0.55,1.35,full,16,exact enumeration,13652,1.2228169696135813,0.0,65536,0.0,,0,0,68719476736,0.32272004852525654,0.0,1.0
8,16,6,0.55,1.35,full,16,MILP,13652,1.2228169696135813,0.0,0,0.010011916980147362,,0,0,0,0.32272004852525654,0.0,1.0
8,16,6,0.55,1.35,full,16,annealing,39248,2.9407044364028248,0.7728425193226252,89,8.345802780240774e-05,,0,0,93323264,0.32272004852525654,0.0,1.0
8,16,6,0.55,1.35,full,16,QAOA,13652,1.2228169696135813,0.0,89,0.22295537497848272,0.0011832325044056043,1,256,93323264,0.32272004852525654,0.0,1.0
8,16,6,0.55,1.35,true,6,exact LNS,7000,3.468634885682725,1.0103476564962346,64,1.459033228456974e-06,,0,0,24576,0.32272004852525654,0.0,1.0
8,16,6,0.55,1.35,true,6,annealing,7000,3.468634885682725,1.0103476564962346,89,7.791700772941113e-05,,0,0,34176,0.32272004852525654,0.0,1.0
8,16,6,0.55,1.35,true,6,QAOA,7000,3.468634885682725,1.0103476564962346,89,0.0022316669346764684,0.12354864366191214,1,256,34176,0.32272004852525654,0.0,1.0
8,16,6,0.55,1.35,inferred,6,exact LNS,6872,4.1885523790428065,1.3342238474744028,64,1.374981366097927e-06,,0,0,24576,0.32272004852525654,0.0,0.5
8,16,6,0.55,1.35,inferred,6,annealing,6872,4.1885523790428065,1.3342238474744028,89,8.729100227355957e-05,,0,0,34176,0.32272004852525654,0.0,0.5
8,16,6,0.55,1.35,inferred,6,QAOA,6872,4.1885523790428065,1.3342238474744028,89,0.002116749994456768,0.16205678030984313,1,256,34176,0.32272004852525654,0.0,0.5
8,16,6,0.55,1.35,wrong,6,exact LNS,13784,3.6442190365190363,1.089339383317015,64,1.00000761449337e-06,,0,0,24576,0.32272004852525654,0.0,0.5
8,16,6,0.55,1.35,wrong,6,annealing,13784,3.6442190365190363,1.089339383317015,89,7.120799273252487e-05,,0,0,34176,0.32272004852525654,0.0,0.5
8,16,6,0.55,1.35,wrong,6,QAOA,13784,3.6442190365190363,1.089339383317015,89,0.0020701249595731497,0.09499596721141691,1,256,34176,0.32272004852525654,0.0,0.5
8,16,6,0.55,1.35,inferred-sensitivity,6,QAOA,6872,4.1885523790428065,1.3342238474744028,89,0.0020448750583454967,0.16205678030984313,1,64,34176,0.32272004852525654,0.0,0.5
8,16,6,0.55,1.35,inferred-sensitivity,6,QAOA,6872,4.1885523790428065,1.3342238474744028,89,0.0035759590100497007,0.16032070222688846,2,64,34176,0.32272004852525654,0.0,0.5
8,16,6,0.55,1.35,inferred-sensitivity,6,QAOA,6872,4.1885523790428065,1.3342238474744028,89,0.0034860000014305115,0.16032070222688846,2,256,34176,0.32272004852525654,0.0,0.5
8,16,6,0.55,1.35,inferred-sensitivity,6,QAOA,6872,4.1885523790428065,1.3342238474744028,89,0.003480499959550798,0.16032070222688846,2,1024,34176,0.32272004852525654,0.0,0.5
8,16,6,0.55,1.35,inferred-noise,6,QAOA,6872,4.1885523790428065,1.3342238474744028,89,0.0020163339795544744,0.14741360227885883,1,256,34176,0.32272004852525654,0.1,0.5
8,16,6,0.55,1.35,inferred-noise,6,QAOA,6872,4.1885523790428065,1.3342238474744028,89,0.002021708060055971,0.12544883523238234,1,256,34176,0.32272004852525654,0.25,0.5
8,16,6,0.55,1.35,inferred-noise,6,QAOA,6872,4.1885523790428065,1.3342238474744028,89,0.0020145419985055923,0.08884089015492157,1,256,34176,0.32272004852525654,0.5,0.5
9,16,6,0.55,1.35,full,16,deployed,20260,0.6857975549652844,0.06981980576864895,0,0.0,,0,0,0,0.22079323587664104,0.0,1.0
9,16,6,0.55,1.35,full,16,exact enumeration,19748,0.575777103653512,0.0,65536,0.0,,0,0,68719476736,0.22079323587664104,0.0,1.0
9,16,6,0.55,1.35,full,16,MILP,19748,0.575777103653512,0.0,0,0.009403125033713877,,0,0,0,0.22079323587664104,0.0,1.0
9,16,6,0.55,1.35,full,16,annealing,19748,0.575777103653512,0.0,89,7.979199290275574e-05,,0,0,93323264,0.22079323587664104,0.0,1.0
9,16,6,0.55,1.35,full,16,QAOA,23844,0.659784101344248,0.05331147247663515,89,0.22561508405487984,0.0009345755792857556,1,256,93323264,0.22079323587664104,0.0,1.0
9,16,6,0.55,1.35,true,6,exact LNS,19748,0.575777103653512,0.0,64,1.3330718502402306e-06,,0,0,24576,0.22079323587664104,0.0,1.0
9,16,6,0.55,1.35,true,6,annealing,19748,0.575777103653512,0.0,89,7.845798972994089e-05,,0,0,34176,0.22079323587664104,0.0,1.0
9,16,6,0.55,1.35,true,6,QAOA,19748,0.575777103653512,0.0,89,0.0021361670223996043,0.27047024117722096,1,256,34176,0.22079323587664104,0.0,1.0
9,16,6,0.55,1.35,inferred,6,exact LNS,19748,0.575777103653512,0.0,64,9.59029421210289e-07,,0,0,24576,0.22079323587664104,0.0,0.8333333333333334
9,16,6,0.55,1.35,inferred,6,annealing,19748,0.575777103653512,0.0,89,7.266702596098185e-05,,0,0,34176,0.22079323587664104,0.0,0.8333333333333334
9,16,6,0.55,1.35,inferred,6,QAOA,19748,0.575777103653512,0.0,89,0.002095125033520162,0.28535858288591676,1,256,34176,0.22079323587664104,0.0,0.8333333333333334
9,16,6,0.55,1.35,wrong,6,exact LNS,19748,0.575777103653512,0.0,64,9.579816833138466e-07,,0,0,24576,0.22079323587664104,0.0,0.5
9,16,6,0.55,1.35,wrong,6,annealing,19748,0.575777103653512,0.0,89,7.170799653977156e-05,,0,0,34176,0.22079323587664104,0.0,0.5
9,16,6,0.55,1.35,wrong,6,QAOA,19748,0.575777103653512,0.0,89,0.002088500070385635,0.06061527396771685,1,256,34176,0.22079323587664104,0.0,0.5
9,16,6,0.55,1.35,inferred-sensitivity,6,QAOA,19748,0.575777103653512,0.0,89,0.002112333895638585,0.28535858288591676,1,64,34176,0.22079323587664104,0.0,0.8333333333333334
9,16,6,0.55,1.35,inferred-sensitivity,6,QAOA,19748,0.575777103653512,0.0,89,0.0035145829897373915,0.2883918132460289,2,64,34176,0.22079323587664104,0.0,0.8333333333333334
9,16,6,0.55,1.35,inferred-sensitivity,6,QAOA,19748,0.575777103653512,0.0,89,0.003492666990496218,0.2883918132460289,2,256,34176,0.22079323587664104,0.0,0.8333333333333334
9,16,6,0.55,1.35,inferred-sensitivity,6,QAOA,19748,0.575777103653512,0.0,89,0.0035828750114887953,0.2883918132460289,2,1024,34176,0.22079323587664104,0.0,0.8333333333333334
9,16,6,0.55,1.35,inferred-noise,6,QAOA,19748,0.575777103653512,0.0,89,0.0020828749984502792,0.2583852245973251,1,256,34176,0.22079323587664104,0.1,0.8333333333333334
9,16,6,0.55,1.35,inferred-noise,6,QAOA,19748,0.575777103653512,0.0,89,0.002068124944344163,0.21792518716443757,1,256,34176,0.22079323587664104,0.25,0.8333333333333334
9,16,6,0.55,1.35,inferred-noise,6,QAOA,19748,0.575777103653512,0.0,89,0.0020452080061659217,0.15049179144295838,1,256,34176,0.22079323587664104,0.5,0.8333333333333334
10,16,6,0.55,1.35,full,16,deployed,42136,3.0902915737002106,2.598180403080262,0,0.0,,0,0,0,0.4549979154783072,0.0,1.0
10,16,6,0.55,1.35,full,16,exact enumeration,19678,0.13676667523359054,0.0,65536,0.0,,0,0,68719476736,0.4549979154783072,0.0,1.0
10,16,6,0.55,1.35,full,16,MILP,19678,0.13676667523359054,0.0,0,0.015353875001892447,,0,0,0,0.4549979154783072,0.0,1.0
10,16,6,0.55,1.35,full,16,annealing,19934,0.21197781280260664,0.06616233498713463,89,8.616596460342407e-05,,0,0,93323264,0.4549979154783072,0.0,1.0
10,16,6,0.55,1.35,full,16,QAOA,9438,0.1671105103267081,0.026693107525238017,89,0.2278220410225913,0.000946095566024293,1,256,93323264,0.4549979154783072,0.0,1.0
10,16,6,0.55,1.35,true,6,exact LNS,42204,0.6775980102028365,0.4757628339677641,64,1.458916813135147e-06,,0,0,24576,0.4549979154783072,0.0,1.0
10,16,6,0.55,1.35,true,6,annealing,42204,0.6775980102028365,0.4757628339677641,89,7.691595237702131e-05,,0,0,34176,0.4549979154783072,0.0,1.0
10,16,6,0.55,1.35,true,6,QAOA,42204,0.6775980102028365,0.4757628339677641,89,0.0020944999996572733,0.30065947371571744,1,256,34176,0.4549979154783072,0.0,1.0
10,16,6,0.55,1.35,inferred,6,exact LNS,42204,0.6775980102028365,0.4757628339677641,64,9.59029421210289e-07,,0,0,24576,0.4549979154783072,0.0,0.8333333333333334
10,16,6,0.55,1.35,inferred,6,annealing,42204,0.6775980102028365,0.4757628339677641,89,6.841705180704594e-05,,0,0,34176,0.4549979154783072,0.0,0.8333333333333334
10,16,6,0.55,1.35,inferred,6,QAOA,42204,0.6775980102028365,0.4757628339677641,89,0.002174708992242813,0.175669895767981,1,256,34176,0.4549979154783072,0.0,0.8333333333333334
10,16,6,0.55,1.35,wrong,6,exact LNS,42200,1.174174203126542,0.9125949506566754,64,1.249951310455799e-06,,0,0,24576,0.4549979154783072,0.0,0.5
10,16,6,0.55,1.35,wrong,6,annealing,42200,1.174174203126542,0.9125949506566754,89,8.079095277935266e-05,,0,0,34176,0.4549979154783072,0.0,0.5
10,16,6,0.55,1.35,wrong,6,QAOA,42200,1.174174203126542,0.9125949506566754,89,0.002204583026468754,0.18034312851754136,1,256,34176,0.4549979154783072,0.0,0.5
10,16,6,0.55,1.35,inferred-sensitivity,6,QAOA,42204,0.6775980102028365,0.4757628339677641,89,0.0021560839377343655,0.175669895767981,1,64,34176,0.4549979154783072,0.0,0.8333333333333334
10,16,6,0.55,1.35,inferred-sensitivity,6,QAOA,42204,0.6775980102028365,0.4757628339677641,89,0.003583917045034468,0.18174830913034873,2,64,34176,0.4549979154783072,0.0,0.8333333333333334
10,16,6,0.55,1.35,inferred-sensitivity,6,QAOA,42204,0.6775980102028365,0.4757628339677641,89,0.00356887502130121,0.18174830913034873,2,256,34176,0.4549979154783072,0.0,0.8333333333333334
10,16,6,0.55,1.35,inferred-sensitivity,6,QAOA,42204,0.6775980102028365,0.4757628339677641,89,0.0035900420043617487,0.18174830913034873,2,1024,34176,0.4549979154783072,0.0,0.8333333333333334
10,16,6,0.55,1.35,inferred-noise,6,QAOA,42204,0.6775980102028365,0.4757628339677641,89,0.0020529580069705844,0.1596654061911829,1,256,34176,0.4549979154783072,0.1,0.8333333333333334
10,16,6,0.55,1.35,inferred-noise,6,QAOA,42204,0.6775980102028365,0.4757628339677641,89,0.002113583032041788,0.13565867182598576,1,256,34176,0.4549979154783072,0.25,0.8333333333333334
10,16,6,0.55,1.35,inferred-noise,6,QAOA,42204,0.6775980102028365,0.4757628339677641,89,0.0020072079496458173,0.0956474478839905,1,256,34176,0.4549979154783072,0.5,0.8333333333333334
11,16,6,0.55,1.35,full,16,deployed,62296,0.11548030357982642,0.3942745784445765,0,0.0,,0,0,0,0.5857974810799411,0.0,1.0
11,16,6,0.55,1.35,full,16,exact enumeration,23641,-0.46026510518386843,0.0,65536,0.0,,0,0,68719476736,0.5857974810799411,0.0,1.0
11,16,6,0.55,1.35,full,16,MILP,23641,-0.46026510518386843,0.0,0,0.0113731250166893,,0,0,0,0.5857974810799411,0.0,1.0
11,16,6,0.55,1.35,full,16,annealing,24185,-0.13697228554327756,0.22139323777094821,89,8.087500464171171e-05,,0,0,93323264,0.5857974810799411,0.0,1.0
11,16,6,0.55,1.35,full,16,QAOA,23641,-0.46026510518386843,0.0,89,0.22710583300795406,0.0008813358854546395,1,256,93323264,0.5857974810799411,0.0,1.0
11,16,6,0.55,1.35,true,6,exact LNS,62312,0.07389276295446967,0.36579513284410087,64,1.291045919060707e-06,,0,0,24576,0.5857974810799411,0.0,1.0
11,16,6,0.55,1.35,true,6,annealing,62312,0.07389276295446967,0.36579513284410087,89,7.508299313485622e-05,,0,0,34176,0.5857974810799411,0.0,1.0
11,16,6,0.55,1.35,true,6,QAOA,62312,0.07389276295446967,0.36579513284410087,89,0.0020709580276161432,0.10772477426925098,1,256,34176,0.5857974810799411,0.0,1.0
11,16,6,0.55,1.35,inferred,6,exact LNS,62312,0.07389276295446967,0.36579513284410087,64,1.00000761449337e-06,,0,0,24576,0.5857974810799411,0.0,0.8333333333333334
11,16,6,0.55,1.35,inferred,6,annealing,62312,0.07389276295446967,0.36579513284410087,89,6.937491707503796e-05,,0,0,34176,0.5857974810799411,0.0,0.8333333333333334
11,16,6,0.55,1.35,inferred,6,QAOA,62312,0.07389276295446967,0.36579513284410087,89,0.0020397499902173877,0.12460778601323463,1,256,34176,0.5857974810799411,0.0,0.8333333333333334
11,16,6,0.55,1.35,wrong,6,exact LNS,62312,0.07389276295446967,0.36579513284410087,64,1.250067725777626e-06,,0,0,24576,0.5857974810799411,0.0,0.5
11,16,6,0.55,1.35,wrong,6,annealing,62312,0.07389276295446967,0.36579513284410087,89,6.666604895144701e-05,,0,0,34176,0.5857974810799411,0.0,0.5
11,16,6,0.55,1.35,wrong,6,QAOA,62312,0.07389276295446967,0.36579513284410087,89,0.00195779197383672,0.10419581803238778,1,256,34176,0.5857974810799411,0.0,0.5
11,16,6,0.55,1.35,inferred-sensitivity,6,QAOA,62312,0.07389276295446967,0.36579513284410087,89,0.0020288339583203197,0.12460778601323463,1,64,34176,0.5857974810799411,0.0,0.8333333333333334
11,16,6,0.55,1.35,inferred-sensitivity,6,QAOA,62312,0.07389276295446967,0.36579513284410087,89,0.0034900419414043427,0.13015461437522682,2,64,34176,0.5857974810799411,0.0,0.8333333333333334
11,16,6,0.55,1.35,inferred-sensitivity,6,QAOA,62312,0.07389276295446967,0.36579513284410087,89,0.00345724995713681,0.13015461437522682,2,256,34176,0.5857974810799411,0.0,0.8333333333333334
11,16,6,0.55,1.35,inferred-sensitivity,6,QAOA,62312,0.07389276295446967,0.36579513284410087,89,0.0035327079240232706,0.13015461437522682,2,1024,34176,0.5857974810799411,0.0,0.8333333333333334
11,16,6,0.55,1.35,inferred-noise,6,QAOA,62312,0.07389276295446967,0.36579513284410087,89,0.002031082985922694,0.11370950741191117,1,256,34176,0.5857974810799411,0.1,0.8333333333333334
11,16,6,0.55,1.35,inferred-noise,6,QAOA,62312,0.07389276295446967,0.36579513284410087,89,0.002038916922174394,0.09736208950992598,1,256,34176,0.5857974810799411,0.25,0.8333333333333334
11,16,6,0.55,1.35,inferred-noise,6,QAOA,62312,0.07389276295446967,0.36579513284410087,89,0.002036791993305087,0.07011639300661732,1,256,34176,0.5857974810799411,0.5,0.8333333333333334
0,16,8,0.55,0.65,full,16,deployed,36584,3.7637448768345694,0.08305506516250535,0,0.0,,0,0,0,0.1104515827892013,0.0,1.0
0,16,8,0.55,0.65,full,16,exact enumeration,28951,3.3984327575438655,0.0,65536,0.0,,0,0,68719476736,0.1104515827892013,0.0,1.0
0,16,8,0.55,0.65,full,16,MILP,28951,3.3984327575438655,0.0,0,0.01603845797944814,,0,0,0,0.1104515827892013,0.0,1.0
0,16,8,0.55,0.65,full,16,annealing,36584,3.7637448768345694,0.08305506516250535,89,7.891689892858267e-05,,0,0,93323264,0.1104515827892013,0.0,1.0
0,16,8,0.55,0.65,full,16,QAOA,29094,3.624760048310674,0.051456348941251534,89,0.23314370901789516,0.0006794436369716907,1,256,93323264,0.1104515827892013,0.0,1.0
0,16,8,0.55,0.65,true,8,exact LNS,36584,3.7637448768345694,0.08305506516250535,256,1.2080417945981026e-06,,0,0,524288,0.1104515827892013,0.0,1.0
0,16,8,0.55,0.65,true,8,annealing,36584,3.7637448768345694,0.08305506516250535,89,7.52920750528574e-05,,0,0,182272,0.1104515827892013,0.0,1.0
0,16,8,0.55,0.65,true,8,QAOA,36584,3.7637448768345694,0.08305506516250535,89,0.003030791995115578,0.19172428179961262,1,256,182272,0.1104515827892013,0.0,1.0
0,16,8,0.55,0.65,inferred,8,exact LNS,36584,3.7637448768345694,0.08305506516250535,256,1.084059476852417e-06,,0,0,524288,0.1104515827892013,0.0,0.75
0,16,8,0.55,0.65,inferred,8,annealing,36584,3.7637448768345694,0.08305506516250535,89,7.058307528495789e-05,,0,0,182272,0.1104515827892013,0.0,0.75
0,16,8,0.55,0.65,inferred,8,QAOA,36584,3.7637448768345694,0.08305506516250535,89,0.00299783400259912,0.17959728860914181,1,256,182272,0.1104515827892013,0.0,0.75
0,16,8,0.55,0.65,wrong,8,exact LNS,36584,3.7637448768345694,0.08305506516250535,256,1.250067725777626e-06,,0,0,524288,0.1104515827892013,0.0,0.5
0,16,8,0.55,0.65,wrong,8,annealing,36584,3.7637448768345694,0.08305506516250535,89,7.3749921284616e-05,,0,0,182272,0.1104515827892013,0.0,0.5
0,16,8,0.55,0.65,wrong,8,QAOA,36584,3.7637448768345694,0.08305506516250535,89,0.0030067500192672014,0.06916522597292211,1,256,182272,0.1104515827892013,0.0,0.5
0,16,8,0.55,0.65,inferred-sensitivity,8,QAOA,36584,3.7637448768345694,0.08305506516250535,89,0.0030452909413725138,0.17959728860914181,1,64,182272,0.1104515827892013,0.0,0.75
0,16,8,0.55,0.65,inferred-sensitivity,8,QAOA,36584,3.7637448768345694,0.08305506516250535,89,0.005281749996356666,0.1903000648396843,2,64,182272,0.1104515827892013,0.0,0.75
0,16,8,0.55,0.65,inferred-sensitivity,8,QAOA,36584,3.7637448768345694,0.08305506516250535,89,0.005351749947294593,0.1903000648396843,2,256,182272,0.1104515827892013,0.0,0.75
0,16,8,0.55,0.65,inferred-sensitivity,8,QAOA,36584,3.7637448768345694,0.08305506516250535,89,0.005358375026844442,0.1903000648396843,2,1024,182272,0.1104515827892013,0.0,0.75
0,16,8,0.55,0.65,inferred-noise,8,QAOA,36584,3.7637448768345694,0.08305506516250535,89,0.0030771669698879123,0.16202818474822764,1,256,182272,0.1104515827892013,0.1,0.75
0,16,8,0.55,0.65,inferred-noise,8,QAOA,36584,3.7637448768345694,0.08305506516250535,89,0.0032178330002352595,0.13567452895685636,1,256,182272,0.1104515827892013,0.25,0.75
0,16,8,0.55,0.65,inferred-noise,8,QAOA,36584,3.7637448768345694,0.08305506516250535,89,0.0033750419970601797,0.09175176930457091,1,256,182272,0.1104515827892013,0.5,0.75
1,16,8,0.55,0.65,full,16,deployed,25391,2.6671648460698782,0.0,0,0.0,,0,0,0,0.13699921583675823,0.0,1.0
1,16,8,0.55,0.65,full,16,exact enumeration,25391,2.6671648460698782,0.0,65536,0.0,,0,0,68719476736,0.13699921583675823,0.0,1.0
1,16,8,0.55,0.65,full,16,MILP,25391,2.6671648460698782,0.0,0,0.009919208940118551,,0,0,0,0.13699921583675823,0.0,1.0
1,16,8,0.55,0.65,full,16,annealing,25391,2.6671648460698782,0.0,89,8.141703438013792e-05,,0,0,93323264,0.13699921583675823,0.0,1.0
1,16,8,0.55,0.65,full,16,QAOA,17215,2.8524510401127445,0.050525733589925355,89,0.22775216703303158,0.002663438310605374,1,256,93323264,0.13699921583675823,0.0,1.0
1,16,8,0.55,0.65,true,8,exact LNS,25391,2.6671648460698782,0.0,256,1.6670674085617065e-06,,0,0,524288,0.13699921583675823,0.0,1.0
1,16,8,0.55,0.65,true,8,annealing,25391,2.6671648460698782,0.0,89,7.7791977673769e-05,,0,0,182272,0.13699921583675823,0.0,1.0
1,16,8,0.55,0.65,true,8,QAOA,25391,2.6671648460698782,0.0,89,0.003285542014054954,0.06478721416449315,1,256,182272,0.13699921583675823,0.0,1.0
1,16,8,0.55,0.65,inferred,8,exact LNS,25391,2.6671648460698782,0.0,256,1.334003172814846e-06,,0,0,524288,0.13699921583675823,0.0,0.5
1,16,8,0.55,0.65,inferred,8,annealing,25391,2.6671648460698782,0.0,89,7.433292921632528e-05,,0,0,182272,0.13699921583675823,0.0,0.5
1,16,8,0.55,0.65,inferred,8,QAOA,25391,2.6671648460698782,0.0,89,0.0034574999008327723,0.0869193844423993,1,256,182272,0.13699921583675823,0.0,0.5
1,16,8,0.55,0.65,wrong,8,exact LNS,25391,2.6671648460698782,0.0,256,1.4579854905605316e-06,,0,0,524288,0.13699921583675823,0.0,0.5
1,16,8,0.55,0.65,wrong,8,annealing,25391,2.6671648460698782,0.0,89,7.529102731496096e-05,,0,0,182272,0.13699921583675823,0.0,0.5
1,16,8,0.55,0.65,wrong,8,QAOA,25391,2.6671648460698782,0.0,89,0.0031984589295461774,0.12381329883959827,1,256,182272,0.13699921583675823,0.0,0.5
1,16,8,0.55,0.65,inferred-sensitivity,8,QAOA,25391,2.6671648460698782,0.0,89,0.0032147919991984963,0.0869193844423993,1,64,182272,0.13699921583675823,0.0,0.5
1,16,8,0.55,0.65,inferred-sensitivity,8,QAOA,25391,2.6671648460698782,0.0,89,0.00565637496765703,0.0816340127218686,2,64,182272,0.13699921583675823,0.0,0.5
1,16,8,0.55,0.65,inferred-sensitivity,8,QAOA,25391,2.6671648460698782,0.0,89,0.0056481669889763,0.0816340127218686,2,256,182272,0.13699921583675823,0.0,0.5
1,16,8,0.55,0.65,inferred-sensitivity,8,QAOA,25391,2.6671648460698782,0.0,89,0.005746042006649077,0.0816340127218686,2,1024,182272,0.13699921583675823,0.0,0.5
1,16,8,0.55,0.65,inferred-noise,8,QAOA,25391,2.6671648460698782,0.0,89,0.0032767499797046185,0.07861807099815937,1,256,182272,0.13699921583675823,0.1,0.5
1,16,8,0.55,0.65,inferred-noise,8,QAOA,25391,2.6671648460698782,0.0,89,0.0032810838893055916,0.06616610083179947,1,256,182272,0.13699921583675823,0.25,0.5
1,16,8,0.55,0.65,inferred-noise,8,QAOA,25391,2.6671648460698782,0.0,89,0.003159457934089005,0.04541281722119965,1,256,182272,0.13699921583675823,0.5,0.5
2,16,8,0.55,0.65,full,16,deployed,36298,4.326223304799325,0.6684818042974701,0,0.0,,0,0,0,0.3452012958969039,0.0,1.0
2,16,8,0.55,0.65,full,16,exact enumeration,29301,2.192257351012576,0.0,65536,0.0,,0,0,68719476736,0.3452012958969039,0.0,1.0
2,16,8,0.55,0.65,full,16,MILP,29301,2.192257351012576,0.0,0,0.015470916056074202,,0,0,0,0.3452012958969039,0.0,1.0
2,16,8,0.55,0.65,full,16,annealing,35166,3.2969141526698853,0.3460425273378774,89,8.954200893640518e-05,,0,0,93323264,0.3452012958969039,0.0,1.0
2,16,8,0.55,0.65,full,16,QAOA,29301,2.192257351012576,0.0,89,0.2293708339566365,0.001698125900450235,1,256,93323264,0.3452012958969039,0.0,1.0
2,16,8,0.55,0.65,true,8,exact LNS,35162,2.7413907627118914,0.17202040791765477,256,1.374981366097927e-06,,0,0,524288,0.3452012958969039,0.0,1.0
2,16,8,0.55,0.65,true,8,annealing,35162,2.7413907627118914,0.17202040791765477,89,7.325003389269114e-05,,0,0,182272,0.3452012958969039,0.0,1.0
2,16,8,0.55,0.65,true,8,QAOA,35162,2.7413907627118914,0.17202040791765477,89,0.00307458289898932,0.08047738281566555,1,256,182272,0.3452012958969039,0.0,1.0
2,16,8,0.55,0.65,inferred,8,exact LNS,35162,2.7413907627118914,0.17202040791765477,256,1.00000761449337e-06,,0,0,524288,0.3452012958969039,0.0,0.75
2,16,8,0.55,0.65,inferred,8,annealing,35162,2.7413907627118914,0.17202040791765477,89,7.00830714777112e-05,,0,0,182272,0.3452012958969039,0.0,0.75
2,16,8,0.55,0.65,inferred,8,QAOA,35162,2.7413907627118914,0.17202040791765477,89,0.003183250082656741,0.031174813460406594,1,256,182272,0.3452012958969039,0.0,0.75
2,16,8,0.55,0.65,wrong,8,exact LNS,36298,4.326223304799325,0.6684818042974701,256,1.3329554349184036e-06,,0,0,524288,0.3452012958969039,0.0,0.5
2,16,8,0.55,0.65,wrong,8,annealing,36298,4.326223304799325,0.6684818042974701,89,7.370905950665474e-05,,0,0,182272,0.3452012958969039,0.0,0.5
2,16,8,0.55,0.65,wrong,8,QAOA,36298,4.326223304799325,0.6684818042974701,89,0.0031538750045001507,0.11464432325564264,1,256,182272,0.3452012958969039,0.0,0.5
2,16,8,0.55,0.65,inferred-sensitivity,8,QAOA,35162,2.7413907627118914,0.17202040791765477,89,0.003104417002759874,0.031174813460406594,1,64,182272,0.3452012958969039,0.0,0.75
2,16,8,0.55,0.65,inferred-sensitivity,8,QAOA,36186,2.857045282757104,0.20825010600528768,89,0.005607041995972395,0.029670763673815402,2,64,182272,0.3452012958969039,0.0,0.75
2,16,8,0.55,0.65,inferred-sensitivity,8,QAOA,35162,2.7413907627118914,0.17202040791765477,89,0.00572254101280123,0.029670763673815402,2,256,182272,0.3452012958969039,0.0,0.75
2,16,8,0.55,0.65,inferred-sensitivity,8,QAOA,35162,2.7413907627118914,0.17202040791765477,89,0.005689082900062203,0.029670763673815402,2,1024,182272,0.3452012958969039,0.0,0.75
2,16,8,0.55,0.65,inferred-noise,8,QAOA,35162,2.7413907627118914,0.17202040791765477,89,0.0032175839878618717,0.028447957114365933,1,256,182272,0.3452012958969039,0.1,0.75
2,16,8,0.55,0.65,inferred-noise,8,QAOA,35162,2.7413907627118914,0.17202040791765477,89,0.0031850419472903013,0.024357672595304945,1,256,182272,0.3452012958969039,0.25,0.75
2,16,8,0.55,0.65,inferred-noise,8,QAOA,35162,2.7413907627118914,0.17202040791765477,89,0.0032407919643446803,0.0175405317302033,1,256,182272,0.3452012958969039,0.5,0.75
3,16,8,0.55,0.65,full,16,deployed,11028,3.7388824690446416,0.41584353129985574,0,0.0,,0,0,0,0.16093637072178008,0.0,1.0
3,16,8,0.55,0.65,full,16,exact enumeration,38123,2.347038259724911,0.0,65536,0.0,,0,0,68719476736,0.16093637072178008,0.0,1.0
3,16,8,0.55,0.65,full,16,MILP,38123,2.347038259724911,0.0,0,0.012267209007404745,,0,0,0,0.16093637072178008,0.0,1.0
3,16,8,0.55,0.65,full,16,annealing,55597,3.132582029757622,0.2346981746474789,89,8.358305785804987e-05,,0,0,93323264,0.16093637072178008,0.0,1.0
3,16,8,0.55,0.65,full,16,QAOA,38123,2.347038259724911,0.0,89,0.23205541691277176,0.0008374920860589047,1,256,93323264,0.16093637072178008,0.0,1.0
3,16,8,0.55,0.65,true,8,exact LNS,15124,3.672885404726519,0.39612548232734507,256,1.375097781419754e-06,,0,0,524288,0.16093637072178008,0.0,1.0
3,16,8,0.55,0.65,true,8,annealing,15124,3.672885404726519,0.39612548232734507,89,7.641606498509645e-05,,0,0,182272,0.16093637072178008,0.0,1.0
3,16,8,0.55,0.65,true,8,QAOA,15124,3.672885404726519,0.39612548232734507,89,0.0032761250622570515,0.023425051300791744,1,256,182272,0.16093637072178008,0.0,1.0
3,16,8,0.55,0.65,inferred,8,exact LNS,11028,3.7388824690446416,0.41584353129985574,256,1.0420335456728935e-06,,0,0,524288,0.16093637072178008,0.0,0.5
3,16,8,0.55,0.65,inferred,8,annealing,11068,4.087516287892006,0.5200054176584594,89,7.091707084327936e-05,,0,0,182272,0.16093637072178008,0.0,0.5
3,16,8,0.55,0.65,inferred,8,QAOA,11028,3.7388824690446416,0.41584353129985574,89,0.0032189999474212527,0.043245030166944066,1,256,182272,0.16093637072178008,0.0,0.5
3,16,8,0.55,0.65,wrong,8,exact LNS,15124,3.672885404726519,0.39612548232734507,256,1.250067725777626e-06,,0,0,524288,0.16093637072178008,0.0,0.5
3,16,8,0.55,0.65,wrong,8,annealing,15124,3.672885404726519,0.39612548232734507,89,6.920902524143457e-05,,0,0,182272,0.16093637072178008,0.0,0.5
3,16,8,0.55,0.65,wrong,8,QAOA,15124,3.672885404726519,0.39612548232734507,89,0.0031869160011410713,0.11621690335143786,1,256,182272,0.16093637072178008,0.0,0.5
3,16,8,0.55,0.65,inferred-sensitivity,8,QAOA,11028,3.7388824690446416,0.41584353129985574,89,0.0031830420484766364,0.043245030166944066,1,64,182272,0.16093637072178008,0.0,0.5
3,16,8,0.55,0.65,inferred-sensitivity,8,QAOA,11028,3.7388824690446416,0.41584353129985574,89,0.005586333922110498,0.04192388548874335,2,64,182272,0.16093637072178008,0.0,0.5
3,16,8,0.55,0.65,inferred-sensitivity,8,QAOA,11028,3.7388824690446416,0.41584353129985574,89,0.005662415991537273,0.04192388548874335,2,256,182272,0.16093637072178008,0.0,0.5
3,16,8,0.55,0.65,inferred-sensitivity,8,QAOA,11028,3.7388824690446416,0.41584353129985574,89,0.005717082996852696,0.04192388548874335,2,1024,182272,0.16093637072178008,0.0,0.5
3,16,8,0.55,0.65,inferred-noise,8,QAOA,11028,3.7388824690446416,0.41584353129985574,89,0.0031575000612065196,0.03931115215024966,1,256,182272,0.16093637072178008,0.1,0.5
3,16,8,0.55,0.65,inferred-noise,8,QAOA,11028,3.7388824690446416,0.41584353129985574,89,0.0032315420685335994,0.03341033512520805,1,256,182272,0.16093637072178008,0.25,0.5
3,16,8,0.55,0.65,inferred-noise,8,QAOA,11028,3.7388824690446416,0.41584353129985574,89,0.0031111249700188637,0.023575640083472033,1,256,182272,0.16093637072178008,0.5,0.5
4,16,8,0.55,0.65,full,16,deployed,16340,1.4566484380258164,0.2689875868880167,0,0.0,,0,0,0,0.12547601572616332,0.0,1.0
4,16,8,0.55,0.65,full,16,exact enumeration,53651,0.9359121108901802,0.0,65536,0.0,,0,0,68719476736,0.12547601572616332,0.0,1.0
4,16,8,0.55,0.65,full,16,MILP,53651,0.9359121108901802,0.0,0,0.01675270905252546,,0,0,0,0.12547601572616332,0.0,1.0
4,16,8,0.55,0.65,full,16,annealing,16340,1.4566484380258164,0.2689875868880167,89,9.954103734344244e-05,,0,0,93323264,0.12547601572616332,0.0,1.0
4,16,8,0.55,0.65,full,16,QAOA,53659,1.1223683421325874,0.09631440920976005,89,0.23374508298002183,0.0015106591252626552,1,256,93323264,0.12547601572616332,0.0,1.0
4,16,8,0.55,0.65,true,8,exact LNS,16340,1.4566484380258164,0.2689875868880167,256,1.625041477382183e-06,,0,0,524288,0.12547601572616332,0.0,1.0
4,16,8,0.55,0.65,true,8,annealing,16340,1.4566484380258164,0.2689875868880167,89,7.937499321997166e-05,,0,0,182272,0.12547601572616332,0.0,1.0
4,16,8,0.55,0.65,true,8,QAOA,16340,1.4566484380258164,0.2689875868880167,89,0.003178125014528632,0.13673843155133608,1,256,182272,0.12547601572616332,0.0,1.0
4,16,8,0.55,0.65,inferred,8,exact LNS,16340,1.4566484380258164,0.2689875868880167,256,1.0420335456728935e-06,,0,0,524288,0.12547601572616332,0.0,0.875
4,16,8,0.55,0.65,inferred,8,annealing,16340,1.4566484380258164,0.2689875868880167,89,7.070798892527819e-05,,0,0,182272,0.12547601572616332,0.0,0.875
4,16,8,0.55,0.65,inferred,8,QAOA,16340,1.4566484380258164,0.2689875868880167,89,0.0031469580717384815,0.06878842294527979,1,256,182272,0.12547601572616332,0.0,0.875
4,16,8,0.55,0.65,wrong,8,exact LNS,16340,1.4566484380258164,0.2689875868880167,256,1.374981366097927e-06,,0,0,524288,0.12547601572616332,0.0,0.5
4,16,8,0.55,0.65,wrong,8,annealing,16340,1.4566484380258164,0.2689875868880167,89,7.020891644060612e-05,,0,0,182272,0.12547601572616332,0.0,0.5
4,16,8,0.55,0.65,wrong,8,QAOA,16340,1.4566484380258164,0.2689875868880167,89,0.003208791953511536,0.09077910854371159,1,256,182272,0.12547601572616332,0.0,0.5
4,16,8,0.55,0.65,inferred-sensitivity,8,QAOA,16340,1.4566484380258164,0.2689875868880167,89,0.0031582500087097287,0.06878842294527979,1,64,182272,0.12547601572616332,0.0,0.875
4,16,8,0.55,0.65,inferred-sensitivity,8,QAOA,16340,1.4566484380258164,0.2689875868880167,89,0.006188582978211343,0.06907581731632531,2,64,182272,0.12547601572616332,0.0,0.875
4,16,8,0.55,0.65,inferred-sensitivity,8,QAOA,16340,1.4566484380258164,0.2689875868880167,89,0.00804258300922811,0.06907581731632531,2,256,182272,0.12547601572616332,0.0,0.875
4,16,8,0.55,0.65,inferred-sensitivity,8,QAOA,16340,1.4566484380258164,0.2689875868880167,89,0.00666162499692291,0.06907581731632531,2,1024,182272,0.12547601572616332,0.0,0.875
4,16,8,0.55,0.65,inferred-noise,8,QAOA,16340,1.4566484380258164,0.2689875868880167,89,0.003374084015376866,0.06230020565075181,1,256,182272,0.12547601572616332,0.1,0.875
4,16,8,0.55,0.65,inferred-noise,8,QAOA,16340,1.4566484380258164,0.2689875868880167,89,0.0032399999909102917,0.05256787970895984,1,256,182272,0.12547601572616332,0.25,0.875
4,16,8,0.55,0.65,inferred-noise,8,QAOA,16340,1.4566484380258164,0.2689875868880167,89,0.0031289999606087804,0.03634733647263989,1,256,182272,0.12547601572616332,0.5,0.875
5,16,8,0.55,0.65,full,16,deployed,58805,0.3228435557613243,0.0,0,0.0,,0,0,0,0.1319714131207098,0.0,1.0
5,16,8,0.55,0.65,full,16,exact enumeration,58805,0.3228435557613243,0.0,65536,0.0,,0,0,68719476736,0.1319714131207098,0.0,1.0
5,16,8,0.55,0.65,full,16,MILP,58805,0.3228435557613243,0.0,0,0.011559000005945563,,0,0,0,0.1319714131207098,0.0,1.0
5,16,8,0.55,0.65,full,16,annealing,58805,0.3228435557613243,0.0,89,8.616701234132051e-05,,0,0,93323264,0.1319714131207098,0.0,1.0
5,16,8,0.55,0.65,full,16,QAOA,58805,0.3228435557613243,0.0,89,0.22611308400519192,0.0027377153587736474,1,256,93323264,0.1319714131207098,0.0,1.0
5,16,8,0.55,0.65,true,8,exact LNS,58805,0.3228435557613243,0.0,256,1.374981366097927e-06,,0,0,524288,0.1319714131207098,0.0,1.0
5,16,8,0.55,0.65,true,8,annealing,58805,0.3228435557613243,0.0,89,7.479102350771427e-05,,0,0,182272,0.1319714131207098,0.0,1.0
5,16,8,0.55,0.65,true,8,QAOA,58805,0.3228435557613243,0.0,89,0.003156249993480742,0.206032744750719,1,256,182272,0.1319714131207098,0.0,1.0
5,16,8,0.55,0.65,inferred,8,exact LNS,58805,0.3228435557613243,0.0,256,1.0420335456728935e-06,,0,0,524288,0.1319714131207098,0.0,0.625
5,16,8,0.55,0.65,inferred,8,annealing,58805,0.3228435557613243,0.0,89,7.625005673617125e-05,,0,0,182272,0.1319714131207098,0.0,0.625
5,16,8,0.55,0.65,inferred,8,QAOA,58805,0.3228435557613243,0.0,89,0.0031639590160921216,0.1450273931058618,1,256,182272,0.1319714131207098,0.0,0.625
5,16,8,0.55,0.65,wrong,8,exact LNS,58805,0.3228435557613243,0.0,256,1.0830117389559746e-06,,0,0,524288,0.1319714131207098,0.0,0.5
5,16,8,0.55,0.65,wrong,8,annealing,58805,0.3228435557613243,0.0,89,7.179193198680878e-05,,0,0,182272,0.1319714131207098,0.0,0.5
5,16,8,0.55,0.65,wrong,8,QAOA,58805,0.3228435557613243,0.0,89,0.003137415973469615,0.10451934171518208,1,256,182272,0.1319714131207098,0.0,0.5
5,16,8,0.55,0.65,inferred-sensitivity,8,QAOA,58805,0.3228435557613243,0.0,89,0.00312437501270324,0.1450273931058618,1,64,182272,0.1319714131207098,0.0,0.625
5,16,8,0.55,0.65,inferred-sensitivity,8,QAOA,58805,0.3228435557613243,0.0,89,0.005552959046326578,0.1545462452352745,2,64,182272,0.1319714131207098,0.0,0.625
5,16,8,0.55,0.65,inferred-sensitivity,8,QAOA,58805,0.3228435557613243,0.0,89,0.0054579999996349216,0.1545462452352745,2,256,182272,0.1319714131207098,0.0,0.625
5,16,8,0.55,0.65,inferred-sensitivity,8,QAOA,58805,0.3228435557613243,0.0,89,0.005547083099372685,0.1545462452352745,2,1024,182272,0.1319714131207098,0.0,0.625
5,16,8,0.55,0.65,inferred-noise,8,QAOA,58805,0.3228435557613243,0.0,89,0.003168000024743378,0.13091527879527562,1,256,182272,0.1319714131207098,0.1,0.625
5,16,8,0.55,0.65,inferred-noise,8,QAOA,58805,0.3228435557613243,0.0,89,0.0031628330470994115,0.10974710732939635,1,256,182272,0.1319714131207098,0.25,0.625
5,16,8,0.55,0.65,inferred-noise,8,QAOA,58805,0.3228435557613243,0.0,89,0.0032164169242605567,0.0744668215529309,1,256,182272,0.1319714131207098,0.5,0.625
6,16,8,0.55,0.65,full,16,deployed,37310,2.879015490037466,0.06585027076073599,0,0.0,,0,0,0,0.4770408555506674,0.0,1.0
6,16,8,0.55,0.65,full,16,exact enumeration,37306,2.6393624850035193,0.0,65536,0.0,,0,0,68719476736,0.4770408555506674,0.0,1.0
6,16,8,0.55,0.65,full,16,MILP,37306,2.6393624850035193,0.0,0,0.01100191695149988,,0,0,0,0.4770408555506674,0.0,1.0
6,16,8,0.55,0.65,full,16,annealing,37306,2.6393624850035193,0.0,89,8.079200051724911e-05,,0,0,93323264,0.4770408555506674,0.0,1.0
6,16,8,0.55,0.65,full,16,QAOA,55738,3.1344129305131188,0.13602669356227118,89,0.225512458011508,0.0010523988474233224,1,256,93323264,0.4770408555506674,0.0,1.0
6,16,8,0.55,0.65,true,8,exact LNS,37306,2.6393624850035193,0.0,256,1.459033228456974e-06,,0,0,524288,0.4770408555506674,0.0,1.0
6,16,8,0.55,0.65,true,8,annealing,37306,2.6393624850035193,0.0,89,7.570895832031965e-05,,0,0,182272,0.4770408555506674,0.0,1.0
6,16,8,0.55,0.65,true,8,QAOA,37306,2.6393624850035193,0.0,89,0.003095166990533471,0.0694159001170532,1,256,182272,0.4770408555506674,0.0,1.0
6,16,8,0.55,0.65,inferred,8,exact LNS,37306,2.6393624850035193,0.0,256,9.579816833138466e-07,,0,0,524288,0.4770408555506674,0.0,0.75
6,16,8,0.55,0.65,inferred,8,annealing,37306,2.6393624850035193,0.0,89,7.049995474517345e-05,,0,0,182272,0.4770408555506674,0.0,0.75
6,16,8,0.55,0.65,inferred,8,QAOA,37306,2.6393624850035193,0.0,89,0.0031120829517021775,0.05699399361923356,1,256,182272,0.4770408555506674,0.0,0.75
6,16,8,0.55,0.65,wrong,8,exact LNS,37310,2.879015490037466,0.06585027076073599,256,9.59029421210289e-07,,0,0,524288,0.4770408555506674,0.0,0.5
6,16,8,0.55,0.65,wrong,8,annealing,37470,3.5725929123767104,0.25642689652890915,89,7.095793262124062e-05,,0,0,182272,0.4770408555506674,0.0,0.5
6,16,8,0.55,0.65,wrong,8,QAOA,37310,2.879015490037466,0.06585027076073599,89,0.0030963330063968897,0.04239543828235658,1,256,182272,0.4770408555506674,0.0,0.5
6,16,8,0.55,0.65,inferred-sensitivity,8,QAOA,37306,2.6393624850035193,0.0,89,0.0030502500012516975,0.05699399361923356,1,64,182272,0.4770408555506674,0.0,0.75
6,16,8,0.55,0.65,inferred-sensitivity,8,QAOA,37306,2.6393624850035193,0.0,89,0.0055459580617025495,0.05709629886776035,2,64,182272,0.4770408555506674,0.0,0.75
6,16,8,0.55,0.65,inferred-sensitivity,8,QAOA,37306,2.6393624850035193,0.0,89,0.005421665962785482,0.05709629886776035,2,256,182272,0.4770408555506674,0.0,0.75
6,16,8,0.55,0.65,inferred-sensitivity,8,QAOA,37306,2.6393624850035193,0.0,89,0.005577542004175484,0.05709629886776035,2,1024,182272,0.4770408555506674,0.0,0.75
6,16,8,0.55,0.65,inferred-noise,8,QAOA,37306,2.6393624850035193,0.0,89,0.003106707939878106,0.051685219257310205,1,256,182272,0.4770408555506674,0.1,0.75
6,16,8,0.55,0.65,inferred-noise,8,QAOA,37306,2.6393624850035193,0.0,89,0.003141458029858768,0.043722057714425167,1,256,182272,0.4770408555506674,0.25,0.75
6,16,8,0.55,0.65,inferred-noise,8,QAOA,37306,2.6393624850035193,0.0,89,0.003124083043076098,0.03045012180961678,1,256,182272,0.4770408555506674,0.5,0.75
7,16,8,0.55,0.65,full,16,deployed,42630,3.100643630831539,0.4330098578178802,0,0.0,,0,0,0,0.1846228075146075,0.0,1.0
7,16,8,0.55,0.65,full,16,exact enumeration,3754,1.8615599595914891,0.0,65536,0.0,,0,0,68719476736,0.1846228075146075,0.0,1.0
7,16,8,0.55,0.65,full,16,MILP,3754,1.8615599595914891,0.0,0,0.010345541988499463,,0,0,0,0.1846228075146075,0.0,1.0
7,16,8,0.55,0.65,full,16,annealing,42630,3.100643630831539,0.4330098578178802,89,8.091703057289124e-05,,0,0,93323264,0.1846228075146075,0.0,1.0
7,16,8,0.55,0.65,full,16,QAOA,3758,1.9254412107802739,0.02232392544306648,89,0.22690837504342198,0.0014556135893995137,1,256,93323264,0.1846228075146075,0.0,1.0
7,16,8,0.55,0.65,true,8,exact LNS,42630,3.100643630831539,0.4330098578178802,256,1.459033228456974e-06,,0,0,524288,0.1846228075146075,0.0,1.0
7,16,8,0.55,0.65,true,8,annealing,42630,3.100643630831539,0.4330098578178802,89,7.529195863753557e-05,,0,0,182272,0.1846228075146075,0.0,1.0
7,16,8,0.55,0.65,true,8,QAOA,42630,3.100643630831539,0.4330098578178802,89,0.0032207079930230975,0.04978681847909463,1,256,182272,0.1846228075146075,0.0,1.0
7,16,8,0.55,0.65,inferred,8,exact LNS,42630,3.100643630831539,0.4330098578178802,256,1.0830117389559746e-06,,0,0,524288,0.1846228075146075,0.0,0.75
7,16,8,0.55,0.65,inferred,8,annealing,42630,3.100643630831539,0.4330098578178802,89,7.229100447148085e-05,,0,0,182272,0.1846228075146075,0.0,0.75
7,16,8,0.55,0.65,inferred,8,QAOA,42630,3.100643630831539,0.4330098578178802,89,0.0032008750131353736,0.05992849060662373,1,256,182272,0.1846228075146075,0.0,0.75
7,16,8,0.55,0.65,wrong,8,exact LNS,42630,3.100643630831539,0.4330098578178802,256,1.0420335456728935e-06,,0,0,524288,0.1846228075146075,0.0,0.5
7,16,8,0.55,0.65,wrong,8,annealing,42630,3.100643630831539,0.4330098578178802,89,7.216702215373516e-05,,0,0,182272,0.1846228075146075,0.0,0.5
7,16,8,0.55,0.65,wrong,8,QAOA,42630,3.100643630831539,0.4330098578178802,89,0.00306254206225276,0.0392606721048198,1,256,182272,0.1846228075146075,0.0,0.5
7,16,8,0.55,0.65,inferred-sensitivity,8,QAOA,42630,3.100643630831539,0.4330098578178802,89,0.003095707972534001,0.05992849060662373,1,64,182272,0.1846228075146075,0.0,0.75
7,16,8,0.55,0.65,inferred-sensitivity,8,QAOA,42630,3.100643630831539,0.4330098578178802,89,0.005479124956764281,0.060861476301540485,2,64,182272,0.1846228075146075,0.0,0.75
7,16,8,0.55,0.65,inferred-sensitivity,8,QAOA,42630,3.100643630831539,0.4330098578178802,89,0.005500833969563246,0.060861476301540485,2,256,182272,0.1846228075146075,0.0,0.75
7,16,8,0.55,0.65,inferred-sensitivity,8,QAOA,42630,3.100643630831539,0.4330098578178802,89,0.005544792045839131,0.060861476301540485,2,1024,182272,0.1846228075146075,0.0,0.75
7,16,8,0.55,0.65,inferred-noise,8,QAOA,42630,3.100643630831539,0.4330098578178802,89,0.0031441670143976808,0.05432626654596136,1,256,182272,0.1846228075146075,0.1,0.75
7,16,8,0.55,0.65,inferred-noise,8,QAOA,42630,3.100643630831539,0.4330098578178802,89,0.00313187506981194,0.0459229304549678,1,256,182272,0.1846228075146075,0.25,0.75
7,16,8,0.55,0.65,inferred-noise,8,QAOA,42630,3.100643630831539,0.4330098578178802,89,0.0033181250328198075,0.03191737030331186,1,256,182272,0.1846228075146075,0.5,0.75
8,16,8,0.55,0.65,full,16,deployed,6872,1.5351447114291443,1.1139418730004182,0,0.0,,0,0,0,0.3064630081168427,0.0,1.0
8,16,8,0.55,0.65,full,16,exact enumeration,13652,0.19924996226641412,0.0,65536,0.0,,0,0,68719476736,0.3064630081168427,0.0,1.0
8,16,8,0.55,0.65,full,16,MILP,13652,0.19924996226641412,0.0,0,0.010193165973760188,,0,0,0,0.3064630081168427,0.0,1.0
8,16,8,0.55,0.65,full,16,annealing,6872,1.5351447114291443,1.1139418730004182,89,7.954193279147148e-05,,0,0,93323264,0.3064630081168427,0.0,1.0
8,16,8,0.55,0.65,full,16,QAOA,13783,0.80409863520214,0.504355799013449,89,0.2246259159874171,0.0015114976093474092,1,256,93323264,0.3064630081168427,0.0,1.0
8,16,8,0.55,0.65,true,8,exact LNS,6872,1.5351447114291443,1.1139418730004182,256,1.5409896150231361e-06,,0,0,524288,0.3064630081168427,0.0,1.0
8,16,8,0.55,0.65,true,8,annealing,6872,1.5351447114291443,1.1139418730004182,89,8.595804683864117e-05,,0,0,182272,0.3064630081168427,0.0,1.0
8,16,8,0.55,0.65,true,8,QAOA,6872,1.5351447114291443,1.1139418730004182,89,0.0034382910234853625,0.046821129910078925,1,256,182272,0.3064630081168427,0.0,1.0
8,16,8,0.55,0.65,inferred,8,exact LNS,6872,1.5351447114291443,1.1139418730004182,256,1.3329554349184036e-06,,0,0,524288,0.3064630081168427,0.0,0.75
8,16,8,0.55,0.65,inferred,8,annealing,6872,1.5351447114291443,1.1139418730004182,89,7.912504952400923e-05,,0,0,182272,0.3064630081168427,0.0,0.75
8,16,8,0.55,0.65,inferred,8,QAOA,6872,1.5351447114291443,1.1139418730004182,89,0.0031941250199452043,0.06474475191883931,1,256,182272,0.3064630081168427,0.0,0.75
8,16,8,0.55,0.65,wrong,8,exact LNS,6872,1.5351447114291443,1.1139418730004182,256,1.08394306153059e-06,,0,0,524288,0.3064630081168427,0.0,0.5
8,16,8,0.55,0.65,wrong,8,annealing,46296,1.6297486246095576,1.1928277734857726,89,7.162499241530895e-05,,0,0,182272,0.3064630081168427,0.0,0.5
8,16,8,0.55,0.65,wrong,8,QAOA,6872,1.5351447114291443,1.1139418730004182,89,0.0031564999371767044,0.046651420193634476,1,256,182272,0.3064630081168427,0.0,0.5
8,16,8,0.55,0.65,inferred-sensitivity,8,QAOA,6872,1.5351447114291443,1.1139418730004182,89,0.003341000061482191,0.06474475191883931,1,64,182272,0.3064630081168427,0.0,0.75
8,16,8,0.55,0.65,inferred-sensitivity,8,QAOA,6872,1.5351447114291443,1.1139418730004182,89,0.00571599998511374,0.06466627656036562,2,64,182272,0.3064630081168427,0.0,0.75
8,16,8,0.55,0.65,inferred-sensitivity,8,QAOA,6872,1.5351447114291443,1.1139418730004182,89,0.005635333014652133,0.06466627656036562,2,256,182272,0.3064630081168427,0.0,0.75
8,16,8,0.55,0.65,inferred-sensitivity,8,QAOA,6872,1.5351447114291443,1.1139418730004182,89,0.005761834094300866,0.06466627656036562,2,1024,182272,0.3064630081168427,0.0,0.75
8,16,8,0.55,0.65,inferred-noise,8,QAOA,6872,1.5351447114291443,1.1139418730004182,89,0.003211374976672232,0.05866090172695538,1,256,182272,0.3064630081168427,0.1,0.75
8,16,8,0.55,0.65,inferred-noise,8,QAOA,6872,1.5351447114291443,1.1139418730004182,89,0.003373458981513977,0.04953512643912948,1,256,182272,0.3064630081168427,0.25,0.75
8,16,8,0.55,0.65,inferred-noise,8,QAOA,6872,1.5351447114291443,1.1139418730004182,89,0.0032546670408919454,0.03432550095941966,1,256,182272,0.3064630081168427,0.5,0.75
9,16,8,0.55,0.65,full,16,deployed,20260,3.9308692918477064,1.0763790183060724,0,0.0,,0,0,0,0.4642802559268209,0.0,1.0
9,16,8,0.55,0.65,full,16,exact enumeration,43737,1.3747443257591532,0.0,65536,0.0,,0,0,68719476736,0.4642802559268209,0.0,1.0
9,16,8,0.55,0.65,full,16,MILP,43737,1.3747443257591532,0.0,0,0.013062999933026731,,0,0,0,0.4642802559268209,0.0,1.0
9,16,8,0.55,0.65,full,16,annealing,43737,1.3747443257591532,0.0,89,9.304203558713198e-05,,0,0,93323264,0.4642802559268209,0.0,1.0
9,16,8,0.55,0.65,full,16,QAOA,43729,1.4459399824693095,0.029980346068369572,89,0.23323795897886157,0.0005898363386991646,1,256,93323264,0.4642802559268209,0.0,1.0
9,16,8,0.55,0.65,true,8,exact LNS,20264,2.8764571601031657,0.6323682166769461,256,1.374981366097927e-06,,0,0,524288,0.4642802559268209,0.0,1.0
9,16,8,0.55,0.65,true,8,annealing,20024,3.4907593014925262,0.8910495975422238,89,7.975008338689804e-05,,0,0,182272,0.4642802559268209,0.0,1.0
9,16,8,0.55,0.65,true,8,QAOA,20264,2.8764571601031657,0.6323682166769461,89,0.003171707969158888,0.09128579620076689,1,256,182272,0.4642802559268209,0.0,1.0
9,16,8,0.55,0.65,inferred,8,exact LNS,20256,3.1768677367949247,0.7588704988102972,256,1.0409858077764511e-06,,0,0,524288,0.4642802559268209,0.0,0.875
9,16,8,0.55,0.65,inferred,8,annealing,20256,3.1768677367949247,0.7588704988102972,89,7.075001485645771e-05,,0,0,182272,0.4642802559268209,0.0,0.875
9,16,8,0.55,0.65,inferred,8,QAOA,20256,3.1768677367949247,0.7588704988102972,89,0.0031583330128341913,0.10501366635115686,1,256,182272,0.4642802559268209,0.0,0.875
9,16,8,0.55,0.65,wrong,8,exact LNS,20260,3.9308692918477064,1.0763790183060724,256,1.0419171303510666e-06,,0,0,524288,0.4642802559268209,0.0,0.5
9,16,8,0.55,0.65,wrong,8,annealing,20260,3.9308692918477064,1.0763790183060724,89,6.975000724196434e-05,,0,0,182272,0.4642802559268209,0.0,0.5
9,16,8,0.55,0.65,wrong,8,QAOA,20260,3.9308692918477064,1.0763790183060724,89,0.003240542020648718,0.045407629560181816,1,256,182272,0.4642802559268209,0.0,0.5
9,16,8,0.55,0.65,inferred-sensitivity,8,QAOA,20256,3.1768677367949247,0.7588704988102972,89,0.003145708004012704,0.10501366635115686,1,64,182272,0.4642802559268209,0.0,0.875
9,16,8,0.55,0.65,inferred-sensitivity,8,QAOA,20256,3.1768677367949247,0.7588704988102972,89,0.005528500070795417,0.11143731293052814,2,64,182272,0.4642802559268209,0.0,0.875
9,16,8,0.55,0.65,inferred-sensitivity,8,QAOA,20256,3.1768677367949247,0.7588704988102972,89,0.005351083003915846,0.11143731293052814,2,256,182272,0.4642802559268209,0.0,0.875
9,16,8,0.55,0.65,inferred-sensitivity,8,QAOA,20256,3.1768677367949247,0.7588704988102972,89,0.005465583060868084,0.11143731293052814,2,1024,182272,0.4642802559268209,0.0,0.875
9,16,8,0.55,0.65,inferred-noise,8,QAOA,20256,3.1768677367949247,0.7588704988102972,89,0.003115750034339726,0.09490292471604118,1,256,182272,0.4642802559268209,0.1,0.875
9,16,8,0.55,0.65,inferred-noise,8,QAOA,20256,3.1768677367949247,0.7588704988102972,89,0.0031283750431612134,0.07973681226336765,1,256,182272,0.4642802559268209,0.25,0.875
9,16,8,0.55,0.65,inferred-noise,8,QAOA,20256,3.1768677367949247,0.7588704988102972,89,0.003073416999541223,0.05445995817557843,1,256,182272,0.4642802559268209,0.5,0.875
10,16,8,0.55,0.65,full,16,deployed,42136,4.403138378798942,0.5345019945585153,0,0.0,,0,0,0,0.274660376763938,0.0,1.0
10,16,8,0.55,0.65,full,16,exact enumeration,19917,2.5211022194555404,0.0,65536,0.0,,0,0,68719476736,0.274660376763938,0.0,1.0
10,16,8,0.55,0.65,full,16,MILP,19917,2.5211022194555404,0.0,0,0.016130917007103562,,0,0,0,0.274660376763938,0.0,1.0
10,16,8,0.55,0.65,full,16,annealing,42440,2.7027772550373816,0.051596069713060834,89,8.458294905722141e-05,,0,0,93323264,0.274660376763938,0.0,1.0
10,16,8,0.55,0.65,full,16,QAOA,19917,2.5211022194555404,0.0,89,0.22550641593988985,0.0009438772525738943,1,256,93323264,0.274660376763938,0.0,1.0
10,16,8,0.55,0.65,true,8,exact LNS,42440,2.7027772550373816,0.051596069713060834,256,1.4159595593810081e-06,,0,0,524288,0.274660376763938,0.0,1.0
10,16,8,0.55,0.65,true,8,annealing,42440,2.7027772550373816,0.051596069713060834,89,7.929198909550905e-05,,0,0,182272,0.274660376763938,0.0,1.0
10,16,8,0.55,0.65,true,8,QAOA,42440,2.7027772550373816,0.051596069713060834,89,0.003227874985896051,0.03957584216994646,1,256,182272,0.274660376763938,0.0,1.0
10,16,8,0.55,0.65,inferred,8,exact LNS,42376,2.7113727591754593,0.05403720990222772,256,1.2080417945981026e-06,,0,0,524288,0.274660376763938,0.0,0.75
10,16,8,0.55,0.65,inferred,8,annealing,42376,2.7113727591754593,0.05403720990222772,89,7.399998139590025e-05,,0,0,182272,0.274660376763938,0.0,0.75
10,16,8,0.55,0.65,inferred,8,QAOA,42376,2.7113727591754593,0.05403720990222772,89,0.003183583030477166,0.0640040679313961,1,256,182272,0.274660376763938,0.0,0.75
10,16,8,0.55,0.65,wrong,8,exact LNS,42392,4.312721213043649,0.5088233405121486,256,9.579816833138466e-07,,0,0,524288,0.274660376763938,0.0,0.5
10,16,8,0.55,0.65,wrong,8,annealing,42392,4.312721213043649,0.5088233405121486,89,7.054198067635298e-05,,0,0,182272,0.274660376763938,0.0,0.5
10,16,8,0.55,0.65,wrong,8,QAOA,42392,4.312721213043649,0.5088233405121486,89,0.0031227499712258577,0.029704038414676892,1,256,182272,0.274660376763938,0.0,0.5
10,16,8,0.55,0.65,inferred-sensitivity,8,QAOA,42376,2.7113727591754593,0.05403720990222772,89,0.003115292056463659,0.0640040679313961,1,64,182272,0.274660376763938,0.0,0.75
10,16,8,0.55,0.65,inferred-sensitivity,8,QAOA,42376,2.7113727591754593,0.05403720990222772,89,0.005504874978214502,0.06500621776169932,2,64,182272,0.274660376763938,0.0,0.75
10,16,8,0.55,0.65,inferred-sensitivity,8,QAOA,42376,2.7113727591754593,0.05403720990222772,89,0.005575833027251065,0.06500621776169932,2,256,182272,0.274660376763938,0.0,0.75
10,16,8,0.55,0.65,inferred-sensitivity,8,QAOA,42376,2.7113727591754593,0.05403720990222772,89,0.005489000002853572,0.06500621776169932,2,1024,182272,0.274660376763938,0.0,0.75
10,16,8,0.55,0.65,inferred-noise,8,QAOA,42376,2.7113727591754593,0.05403720990222772,89,0.0031191669404506683,0.05799428613825649,1,256,182272,0.274660376763938,0.1,0.75
10,16,8,0.55,0.65,inferred-noise,8,QAOA,42376,2.7113727591754593,0.05403720990222772,89,0.0031891250982880592,0.04897961344854707,1,256,182272,0.274660376763938,0.25,0.75
10,16,8,0.55,0.65,inferred-noise,8,QAOA,42376,2.7113727591754593,0.05403720990222772,89,0.0032379579497501254,0.03395515896569805,1,256,182272,0.274660376763938,0.5,0.75
11,16,8,0.55,0.65,full,16,deployed,62296,4.770988471937159,0.4513215704053354,0,0.0,,0,0,0,0.08155290051020173,0.0,1.0
11,16,8,0.55,0.65,full,16,exact enumeration,41707,2.9763678771241553,0.0,65536,0.0,,0,0,68719476736,0.08155290051020173,0.0,1.0
11,16,8,0.55,0.65,full,16,MILP,41707,2.9763678771241553,0.0,0,0.010504000005312264,,0,0,0,0.08155290051020173,0.0,1.0
11,16,8,0.55,0.65,full,16,annealing,58218,3.7322012925487185,0.1900813603723224,89,8.154206443578005e-05,,0,0,93323264,0.08155290051020173,0.0,1.0
11,16,8,0.55,0.65,full,16,QAOA,10979,3.11859868969145,0.035769027656002754,89,0.22527770791202784,0.0011192046272938806,1,256,93323264,0.08155290051020173,0.0,1.0
11,16,8,0.55,0.65,true,8,exact LNS,58200,4.738523434653911,0.44315707499483337,256,1.374981366097927e-06,,0,0,524288,0.08155290051020173,0.0,1.0
11,16,8,0.55,0.65,true,8,annealing,58200,4.738523434653911,0.44315707499483337,89,7.83340074121952e-05,,0,0,182272,0.08155290051020173,0.0,1.0
11,16,8,0.55,0.65,true,8,QAOA,58200,4.738523434653911,0.44315707499483337,89,0.0031862499890848994,0.05057367963209114,1,256,182272,0.08155290051020173,0.0,1.0
11,16,8,0.55,0.65,inferred,8,exact LNS,58200,4.738523434653911,0.44315707499483337,256,1.0419171303510666e-06,,0,0,524288,0.08155290051020173,0.0,0.75
11,16,8,0.55,0.65,inferred,8,annealing,41946,4.952065287273115,0.49685981559076753,89,7.01249809935689e-05,,0,0,182272,0.08155290051020173,0.0,0.75
11,16,8,0.55,0.65,inferred,8,QAOA,58200,4.738523434653911,0.44315707499483337,89,0.003108999924734235,0.05259904608530298,1,256,182272,0.08155290051020173,0.0,0.75
11,16,8,0.55,0.65,wrong,8,exact LNS,58200,4.738523434653911,0.44315707499483337,256,1.249951310455799e-06,,0,0,524288,0.08155290051020173,0.0,0.5
11,16,8,0.55,0.65,wrong,8,annealing,58200,4.738523434653911,0.44315707499483337,89,6.958399899303913e-05,,0,0,182272,0.08155290051020173,0.0,0.5
11,16,8,0.55,0.65,wrong,8,QAOA,58200,4.738523434653911,0.44315707499483337,89,0.0031012919498607516,0.04357088194720208,1,256,182272,0.08155290051020173,0.0,0.5
11,16,8,0.55,0.65,inferred-sensitivity,8,QAOA,58200,4.738523434653911,0.44315707499483337,89,0.003173750010319054,0.05259904608530298,1,64,182272,0.08155290051020173,0.0,0.75
11,16,8,0.55,0.65,inferred-sensitivity,8,QAOA,58200,4.738523434653911,0.44315707499483337,89,0.005433000042103231,0.05304872395099018,2,64,182272,0.08155290051020173,0.0,0.75
11,16,8,0.55,0.65,inferred-sensitivity,8,QAOA,58200,4.738523434653911,0.44315707499483337,89,0.00550158298574388,0.05304872395099018,2,256,182272,0.08155290051020173,0.0,0.75
11,16,8,0.55,0.65,inferred-sensitivity,8,QAOA,58200,4.738523434653911,0.44315707499483337,89,0.005536291981115937,0.05304872395099018,2,1024,182272,0.08155290051020173,0.0,0.75
11,16,8,0.55,0.65,inferred-noise,8,QAOA,58200,4.738523434653911,0.44315707499483337,89,0.0035095829516649246,0.047729766476772684,1,256,182272,0.08155290051020173,0.1,0.75
11,16,8,0.55,0.65,inferred-noise,8,QAOA,58200,4.738523434653911,0.44315707499483337,89,0.0032005830435082316,0.04042584706397724,1,256,182272,0.08155290051020173,0.25,0.75
11,16,8,0.55,0.65,inferred-noise,8,QAOA,58200,4.738523434653911,0.44315707499483337,89,0.003132374957203865,0.02825264804265149,1,256,182272,0.08155290051020173,0.5,0.75
0,16,8,0.55,1.35,full,16,deployed,36584,0.5623734891896985,0.0,0,0.0,,0,0,0,0.08005203893751182,0.0,1.0
0,16,8,0.55,1.35,full,16,exact enumeration,36584,0.5623734891896985,0.0,65536,0.0,,0,0,68719476736,0.08005203893751182,0.0,1.0
0,16,8,0.55,1.35,full,16,MILP,36584,0.5623734891896985,0.0,0,0.010453707887791097,,0,0,0,0.08005203893751182,0.0,1.0
0,16,8,0.55,1.35,full,16,annealing,36584,0.5623734891896985,0.0,89,7.979199290275574e-05,,0,0,93323264,0.08005203893751182,0.0,1.0
0,16,8,0.55,1.35,full,16,QAOA,52968,0.901777459369423,0.21723612985506507,89,0.22876891598571092,0.0016348836394506194,1,256,93323264,0.08005203893751182,0.0,1.0
0,16,8,0.55,1.35,true,8,exact LNS,36584,0.5623734891896985,0.0,256,1.2919772416353226e-06,,0,0,524288,0.08005203893751182,0.0,1.0
0,16,8,0.55,1.35,true,8,annealing,36584,0.5623734891896985,0.0,89,7.595797069370747e-05,,0,0,182272,0.08005203893751182,0.0,1.0
0,16,8,0.55,1.35,true,8,QAOA,36584,0.5623734891896985,0.0,89,0.0031332080252468586,0.2318254376500588,1,256,182272,0.08005203893751182,0.0,1.0
0,16,8,0.55,1.35,inferred,8,exact LNS,36584,0.5623734891896985,0.0,256,1.00000761449337e-06,,0,0,524288,0.08005203893751182,0.0,0.75
0,16,8,0.55,1.35,inferred,8,annealing,36584,0.5623734891896985,0.0,89,7.104198448359966e-05,,0,0,182272,0.08005203893751182,0.0,0.75
0,16,8,0.55,1.35,inferred,8,QAOA,36584,0.5623734891896985,0.0,89,0.0031682910630479455,0.1250156128774902,1,256,182272,0.08005203893751182,0.0,0.75
0,16,8,0.55,1.35,wrong,8,exact LNS,36584,0.5623734891896985,0.0,256,9.579816833138466e-07,,0,0,524288,0.08005203893751182,0.0,0.5
0,16,8,0.55,1.35,wrong,8,annealing,36584,0.5623734891896985,0.0,89,7.212499622255564e-05,,0,0,182272,0.08005203893751182,0.0,0.5
0,16,8,0.55,1.35,wrong,8,QAOA,36584,0.5623734891896985,0.0,89,0.0032222080044448376,0.04051736778673183,1,256,182272,0.08005203893751182,0.0,0.5
0,16,8,0.55,1.35,inferred-sensitivity,8,QAOA,36584,0.5623734891896985,0.0,89,0.002989875036291778,0.1250156128774902,1,64,182272,0.08005203893751182,0.0,0.75
0,16,8,0.55,1.35,inferred-sensitivity,8,QAOA,36584,0.5623734891896985,0.0,89,0.005452499957755208,0.11892321012604345,2,64,182272,0.08005203893751182,0.0,0.75
0,16,8,0.55,1.35,inferred-sensitivity,8,QAOA,36584,0.5623734891896985,0.0,89,0.005452167009934783,0.11892321012604345,2,256,182272,0.08005203893751182,0.0,0.75
0,16,8,0.55,1.35,inferred-sensitivity,8,QAOA,36584,0.5623734891896985,0.0,89,0.0056498750345781446,0.11892321012604345,2,1024,182272,0.08005203893751182,0.0,0.75
0,16,8,0.55,1.35,inferred-noise,8,QAOA,36584,0.5623734891896985,0.0,89,0.0030423749703913927,0.11290467658974118,1,256,182272,0.08005203893751182,0.1,0.75
0,16,8,0.55,1.35,inferred-noise,8,QAOA,36584,0.5623734891896985,0.0,89,0.0031438340665772557,0.09473827215811764,1,256,182272,0.08005203893751182,0.25,0.75
0,16,8,0.55,1.35,inferred-noise,8,QAOA,36584,0.5623734891896985,0.0,89,0.0031184169929474592,0.0644609314387451,1,256,182272,0.08005203893751182,0.5,0.75
1,16,8,0.55,1.35,full,16,deployed,25391,2.55402948669857,1.6384536657502167,0,0.0,,0,0,0,0.2430171823838107,0.0,1.0
1,16,8,0.55,1.35,full,16,exact enumeration,40144,-1.4340521012946241,0.0,65536,0.0,,0,0,68719476736,0.2430171823838107,0.0,1.0
1,16,8,0.55,1.35,full,16,MILP,40144,-1.4340521012946241,0.0,0,0.011020291945897043,,0,0,0,0.2430171823838107,0.0,1.0
1,16,8,0.55,1.35,full,16,annealing,54361,1.4706758202251882,1.1933713004642936,89,8.02080612629652e-05,,0,0,93323264,0.2430171823838107,0.0,1.0
1,16,8,0.55,1.35,full,16,QAOA,40144,-1.4340521012946241,0.0,89,0.2290779579197988,0.0022594927460227628,1,256,93323264,0.2430171823838107,0.0,1.0
1,16,8,0.55,1.35,true,8,exact LNS,29071,1.7091591858507056,1.2913492219305898,256,1.374981366097927e-06,,0,0,524288,0.2430171823838107,0.0,1.0
1,16,8,0.55,1.35,true,8,annealing,29071,1.7091591858507056,1.2913492219305898,89,7.520802319049835e-05,,0,0,182272,0.2430171823838107,0.0,1.0
1,16,8,0.55,1.35,true,8,QAOA,29071,1.7091591858507056,1.2913492219305898,89,0.0031225000275298953,0.028429595460301813,1,256,182272,0.2430171823838107,0.0,1.0
1,16,8,0.55,1.35,inferred,8,exact LNS,29455,2.1763602595412275,1.483292966044377,256,9.59029421210289e-07,,0,0,524288,0.2430171823838107,0.0,0.75
1,16,8,0.55,1.35,inferred,8,annealing,29455,2.1763602595412275,1.483292966044377,89,7.087492849677801e-05,,0,0,182272,0.2430171823838107,0.0,0.75
1,16,8,0.55,1.35,inferred,8,QAOA,29455,2.1763602595412275,1.483292966044377,89,0.0030930419452488422,0.031214071562649704,1,256,182272,0.2430171823838107,0.0,0.75
1,16,8,0.55,1.35,wrong,8,exact LNS,29487,2.3782157012383838,1.5662227610104722,256,1.08394306153059e-06,,0,0,524288,0.2430171823838107,0.0,0.5
1,16,8,0.55,1.35,wrong,8,annealing,29487,2.3782157012383838,1.5662227610104722,89,6.754102651029825e-05,,0,0,182272,0.2430171823838107,0.0,0.5
1,16,8,0.55,1.35,wrong,8,QAOA,29487,2.3782157012383838,1.5662227610104722,89,0.003022082964889705,0.09282255492979359,1,256,182272,0.2430171823838107,0.0,0.5
1,16,8,0.55,1.35,inferred-sensitivity,8,QAOA,29455,2.1763602595412275,1.483292966044377,89,0.003025250043720007,0.031214071562649704,1,64,182272,0.2430171823838107,0.0,0.75
1,16,8,0.55,1.35,inferred-sensitivity,8,QAOA,29455,2.1763602595412275,1.483292966044377,89,0.005384583957493305,0.031244672008254433,2,64,182272,0.2430171823838107,0.0,0.75
1,16,8,0.55,1.35,inferred-sensitivity,8,QAOA,29455,2.1763602595412275,1.483292966044377,89,0.0055527499644085765,0.031244672008254433,2,256,182272,0.2430171823838107,0.0,0.75
1,16,8,0.55,1.35,inferred-sensitivity,8,QAOA,29455,2.1763602595412275,1.483292966044377,89,0.005982541013509035,0.031244672008254433,2,1024,182272,0.2430171823838107,0.0,0.75
1,16,8,0.55,1.35,inferred-noise,8,QAOA,29455,2.1763602595412275,1.483292966044377,89,0.0034670409513637424,0.028483289406384733,1,256,182272,0.2430171823838107,0.1,0.75
1,16,8,0.55,1.35,inferred-noise,8,QAOA,29455,2.1763602595412275,1.483292966044377,89,0.0033217499731108546,0.02438711617198728,1,256,182272,0.2430171823838107,0.25,0.75
1,16,8,0.55,1.35,inferred-noise,8,QAOA,29455,2.1763602595412275,1.483292966044377,89,0.0031812910456210375,0.01756016078132485,1,256,182272,0.2430171823838107,0.5,0.75
2,16,8,0.55,1.35,full,16,deployed,29237,4.851705642169229,1.2578798867122947,0,0.0,,0,0,0,0.5361564446233175,0.0,1.0
2,16,8,0.55,1.35,full,16,exact enumeration,43162,1.5916815489640213,0.0,65536,0.0,,0,0,68719476736,0.5361564446233175,0.0,1.0
2,16,8,0.55,1.35,full,16,MILP,43162,1.5916815489640213,0.0,0,0.011030791094526649,,0,0,0,0.5361564446233175,0.0,1.0
2,16,8,0.55,1.35,full,16,annealing,29361,3.2813553490925527,0.6519604234570981,89,8.095800876617432e-05,,0,0,93323264,0.5361564446233175,0.0,1.0
2,16,8,0.55,1.35,full,16,QAOA,43162,1.5916815489640213,0.0,89,0.22600949998013675,0.00397634127742023,1,256,93323264,0.5361564446233175,0.0,1.0
2,16,8,0.55,1.35,true,8,exact LNS,29361,3.2813553490925527,0.6519604234570981,256,1.374981366097927e-06,,0,0,524288,0.5361564446233175,0.0,1.0
2,16,8,0.55,1.35,true,8,annealing,29361,3.2813553490925527,0.6519604234570981,89,7.583398837596178e-05,,0,0,182272,0.5361564446233175,0.0,1.0
2,16,8,0.55,1.35,true,8,QAOA,29361,3.2813553490925527,0.6519604234570981,89,0.003086665994487703,0.07977198555027797,1,256,182272,0.5361564446233175,0.0,1.0
2,16,8,0.55,1.35,inferred,8,exact LNS,29361,3.2813553490925527,0.6519604234570981,256,9.580980986356735e-07,,0,0,524288,0.5361564446233175,0.0,0.875
2,16,8,0.55,1.35,inferred,8,annealing,29361,3.2813553490925527,0.6519604234570981,89,6.970902904868126e-05,,0,0,182272,0.5361564446233175,0.0,0.875
2,16,8,0.55,1.35,inferred,8,QAOA,29361,3.2813553490925527,0.6519604234570981,89,0.003059583017602563,0.10282276679094082,1,256,182272,0.5361564446233175,0.0,0.875
2,16,8,0.55,1.35,wrong,8,exact LNS,29365,4.150164102245839,0.9871901716877698,256,1.250067725777626e-06,,0,0,524288,0.5361564446233175,0.0,0.5
2,16,8,0.55,1.35,wrong,8,annealing,29365,4.150164102245839,0.9871901716877698,89,7.220800034701824e-05,,0,0,182272,0.5361564446233175,0.0,0.5
2,16,8,0.55,1.35,wrong,8,QAOA,29365,4.150164102245839,0.9871901716877698,89,0.0030395420035347342,0.20979831310899355,1,256,182272,0.5361564446233175,0.0,0.5
2,16,8,0.55,1.35,inferred-sensitivity,8,QAOA,29361,3.2813553490925527,0.6519604234570981,89,0.0030279160710051656,0.10282276679094082,1,64,182272,0.5361564446233175,0.0,0.875
2,16,8,0.55,1.35,inferred-sensitivity,8,QAOA,29361,3.2813553490925527,0.6519604234570981,89,0.005422083893790841,0.10262311737747687,2,64,182272,0.5361564446233175,0.0,0.875
2,16,8,0.55,1.35,inferred-sensitivity,8,QAOA,29361,3.2813553490925527,0.6519604234570981,89,0.005536000011488795,0.10262311737747687,2,256,182272,0.5361564446233175,0.0,0.875
2,16,8,0.55,1.35,inferred-sensitivity,8,QAOA,29361,3.2813553490925527,0.6519604234570981,89,0.005463583045639098,0.10262311737747687,2,1024,182272,0.5361564446233175,0.0,0.875
2,16,8,0.55,1.35,inferred-noise,8,QAOA,29361,3.2813553490925527,0.6519604234570981,89,0.0031252080807462335,0.09293111511184675,1,256,182272,0.5361564446233175,0.1,0.875
2,16,8,0.55,1.35,inferred-noise,8,QAOA,29361,3.2813553490925527,0.6519604234570981,89,0.0031055419240146875,0.07809363759320562,1,256,182272,0.5361564446233175,0.25,0.875
2,16,8,0.55,1.35,inferred-noise,8,QAOA,29361,3.2813553490925527,0.6519604234570981,89,0.0030631660483777523,0.05336450839547041,1,256,182272,0.5361564446233175,0.5,0.875
3,16,8,0.55,1.35,full,16,deployed,48644,1.6621837694505248,0.7492382143173588,0,0.0,,0,0,0,0.3591248245246801,0.0,1.0
3,16,8,0.55,1.35,full,16,exact enumeration,38123,0.5219103651296821,0.0,65536,0.0,,0,0,68719476736,0.3591248245246801,0.0,1.0
3,16,8,0.55,1.35,full,16,MILP,38123,0.5219103651296821,0.0,0,0.012372375000268221,,0,0,0,0.3591248245246801,0.0,1.0
3,16,8,0.55,1.35,full,16,annealing,62691,0.7110851724259595,0.12430088632726917,89,7.683294825255871e-05,,0,0,93323264,0.3591248245246801,0.0,1.0
3,16,8,0.55,1.35,full,16,QAOA,46786,0.6109050878537867,0.058475666348800595,89,0.22490604198537767,0.000513774236572977,1,256,93323264,0.3591248245246801,0.0,1.0
3,16,8,0.55,1.35,true,8,exact LNS,48740,1.4745649847955518,0.6259597421065556,256,1.2919772416353226e-06,,0,0,524288,0.3591248245246801,0.0,1.0
3,16,8,0.55,1.35,true,8,annealing,48740,1.4745649847955518,0.6259597421065556,89,7.637497037649155e-05,,0,0,182272,0.3591248245246801,0.0,1.0
3,16,8,0.55,1.35,true,8,QAOA,48740,1.4745649847955518,0.6259597421065556,89,0.003090167068876326,0.03446943951700248,1,256,182272,0.3591248245246801,0.0,1.0
3,16,8,0.55,1.35,inferred,8,exact LNS,48676,1.6361116151298232,0.7321070120349695,256,1.291045919060707e-06,,0,0,524288,0.3591248245246801,0.0,0.75
3,16,8,0.55,1.35,inferred,8,annealing,48676,1.6361116151298232,0.7321070120349695,89,7.216597441583872e-05,,0,0,182272,0.3591248245246801,0.0,0.75
3,16,8,0.55,1.35,inferred,8,QAOA,48676,1.6361116151298232,0.7321070120349695,89,0.003058957983739674,0.036020536021618144,1,256,182272,0.3591248245246801,0.0,0.75
3,16,8,0.55,1.35,wrong,8,exact LNS,48644,1.6621837694505248,0.7492382143173588,256,1.041102223098278e-06,,0,0,524288,0.3591248245246801,0.0,0.5
3,16,8,0.55,1.35,wrong,8,annealing,48644,1.6621837694505248,0.7492382143173588,89,6.970798131078482e-05,,0,0,182272,0.3591248245246801,0.0,0.5
3,16,8,0.55,1.35,wrong,8,QAOA,48644,1.6621837694505248,0.7492382143173588,89,0.0030520420987159014,0.11965558222352005,1,256,182272,0.3591248245246801,0.0,0.5
3,16,8,0.55,1.35,inferred-sensitivity,8,QAOA,48676,1.6361116151298232,0.7321070120349695,89,0.003030374995432794,0.036020536021618144,1,64,182272,0.3591248245246801,0.0,0.75
3,16,8,0.55,1.35,inferred-sensitivity,8,QAOA,48676,1.6361116151298232,0.7321070120349695,89,0.00542537507135421,0.036714732438951785,2,64,182272,0.3591248245246801,0.0,0.75
3,16,8,0.55,1.35,inferred-sensitivity,8,QAOA,48676,1.6361116151298232,0.7321070120349695,89,0.00554554199334234,0.036714732438951785,2,256,182272,0.3591248245246801,0.0,0.75
3,16,8,0.55,1.35,inferred-sensitivity,8,QAOA,48676,1.6361116151298232,0.7321070120349695,89,0.005382249946705997,0.036714732438951785,2,1024,182272,0.3591248245246801,0.0,0.75
3,16,8,0.55,1.35,inferred-noise,8,QAOA,48676,1.6361116151298232,0.7321070120349695,89,0.0030460830312222242,0.03280910741945633,1,256,182272,0.3591248245246801,0.1,0.75
3,16,8,0.55,1.35,inferred-noise,8,QAOA,48676,1.6361116151298232,0.7321070120349695,89,0.003063499927520752,0.027991964516213608,1,256,182272,0.3591248245246801,0.25,0.75
3,16,8,0.55,1.35,inferred-noise,8,QAOA,48676,1.6361116151298232,0.7321070120349695,89,0.003096958971582353,0.019963393010809072,1,256,182272,0.3591248245246801,0.5,0.75
4,16,8,0.55,1.35,full,16,deployed,16340,9.585846505602568,0.8931355835167225,0,0.0,,0,0,0,0.12547601572616332,0.0,1.0
4,16,8,0.55,1.35,full,16,exact enumeration,34983,4.591700139056131,0.0,65536,0.0,,0,0,68719476736,0.12547601572616332,0.0,1.0
4,16,8,0.55,1.35,full,16,MILP,34983,4.591700139056131,0.0,0,0.010184334008954465,,0,0,0,0.12547601572616332,0.0,1.0
4,16,8,0.55,1.35,full,16,annealing,3239,5.0987808502941085,0.09068453218658672,89,7.683399599045515e-05,,0,0,93323264,0.12547601572616332,0.0,1.0
4,16,8,0.55,1.35,full,16,QAOA,34999,5.025371951937916,0.07755634281114858,89,0.2251203340711072,0.0015553905779885947,1,256,93323264,0.12547601572616332,0.0,1.0
4,16,8,0.55,1.35,true,8,exact LNS,10708,7.300710198517917,0.48446983781198644,256,1.4159595593810081e-06,,0,0,524288,0.12547601572616332,0.0,1.0
4,16,8,0.55,1.35,true,8,annealing,10708,7.300710198517917,0.48446983781198644,89,7.695797830820084e-05,,0,0,182272,0.12547601572616332,0.0,1.0
4,16,8,0.55,1.35,true,8,QAOA,10708,7.300710198517917,0.48446983781198644,89,0.003210750059224665,0.03224649953188491,1,256,182272,0.12547601572616332,0.0,1.0
4,16,8,0.55,1.35,inferred,8,exact LNS,10708,7.300710198517917,0.48446983781198644,256,1.250067725777626e-06,,0,0,524288,0.12547601572616332,0.0,0.75
4,16,8,0.55,1.35,inferred,8,annealing,10708,7.300710198517917,0.48446983781198644,89,7.312500383704901e-05,,0,0,182272,0.12547601572616332,0.0,0.75
4,16,8,0.55,1.35,inferred,8,QAOA,10708,7.300710198517917,0.48446983781198644,89,0.0032597919926047325,0.028068591297051883,1,256,182272,0.12547601572616332,0.0,0.75
4,16,8,0.55,1.35,wrong,8,exact LNS,12244,9.001898488372806,0.7887043724882408,256,1.334003172814846e-06,,0,0,524288,0.12547601572616332,0.0,0.5
4,16,8,0.55,1.35,wrong,8,annealing,12244,9.001898488372806,0.7887043724882408,89,7.387506775557995e-05,,0,0,182272,0.12547601572616332,0.0,0.5
4,16,8,0.55,1.35,wrong,8,QAOA,12244,9.001898488372806,0.7887043724882408,89,0.0032336669974029064,0.04617468006794631,1,256,182272,0.12547601572616332,0.0,0.5
4,16,8,0.55,1.35,inferred-sensitivity,8,QAOA,10708,7.300710198517917,0.48446983781198644,89,0.003247042070142925,0.028068591297051883,1,64,182272,0.12547601572616332,0.0,0.75
4,16,8,0.55,1.35,inferred-sensitivity,8,QAOA,10708,7.300710198517917,0.48446983781198644,89,0.0055391250643879175,0.023417931478845702,2,64,182272,0.12547601572616332,0.0,0.75
4,16,8,0.55,1.35,inferred-sensitivity,8,QAOA,10708,7.300710198517917,0.48446983781198644,89,0.005588917061686516,0.023417931478845702,2,256,182272,0.12547601572616332,0.0,0.75
4,16,8,0.55,1.35,inferred-sensitivity,8,QAOA,10708,7.300710198517917,0.48446983781198644,89,0.005571500048972666,0.023417931478845702,2,1024,182272,0.12547601572616332,0.0,0.75
4,16,8,0.55,1.35,inferred-noise,8,QAOA,10708,7.300710198517917,0.48446983781198644,89,0.003100916976109147,0.025652357167346693,1,256,182272,0.12547601572616332,0.1,0.75
4,16,8,0.55,1.35,inferred-noise,8,QAOA,10708,7.300710198517917,0.48446983781198644,89,0.003097916953265667,0.02202800597278891,1,256,182272,0.12547601572616332,0.25,0.75
4,16,8,0.55,1.35,inferred-noise,8,QAOA,10708,7.300710198517917,0.48446983781198644,89,0.0031384590547531843,0.015987420648525943,1,256,182272,0.12547601572616332,0.5,0.75
5,16,8,0.55,1.35,full,16,deployed,58853,3.0965805566158915,1.8996019929949726,0,0.0,,0,0,0,0.3526245428214547,0.0,1.0
5,16,8,0.55,1.35,full,16,exact enumeration,58677,-1.3305645973903575,0.0,65536,0.0,,0,0,68719476736,0.3526245428214547,0.0,1.0
5,16,8,0.55,1.35,full,16,MILP,58677,-1.3305645973903575,0.0,0,0.009972416912205517,,0,0,0,0.3526245428214547,0.0,1.0
5,16,8,0.55,1.35,full,16,annealing,58677,-1.3305645973903575,0.0,89,7.89581099525094e-05,,0,0,93323264,0.3526245428214547,0.0,1.0
5,16,8,0.55,1.35,full,16,QAOA,58677,-1.3305645973903575,0.0,89,0.2297491249628365,0.0035167486497813486,1,256,93323264,0.3526245428214547,0.0,1.0
5,16,8,0.55,1.35,true,8,exact LNS,58677,-1.3305645973903575,0.0,256,1.4170072972774506e-06,,0,0,524288,0.3526245428214547,0.0,1.0
5,16,8,0.55,1.35,true,8,annealing,58677,-1.3305645973903575,0.0,89,8.379202336072922e-05,,0,0,182272,0.3526245428214547,0.0,1.0
5,16,8,0.55,1.35,true,8,QAOA,58677,-1.3305645973903575,0.0,89,0.003255333984270692,0.2668203147566618,1,256,182272,0.3526245428214547,0.0,1.0
5,16,8,0.55,1.35,inferred,8,exact LNS,58677,-1.3305645973903575,0.0,256,1.1249212548136711e-06,,0,0,524288,0.3526245428214547,0.0,0.75
5,16,8,0.55,1.35,inferred,8,annealing,58677,-1.3305645973903575,0.0,89,7.283303420990705e-05,,0,0,182272,0.3526245428214547,0.0,0.75
5,16,8,0.55,1.35,inferred,8,QAOA,58677,-1.3305645973903575,0.0,89,0.0033488329499959946,0.20558238194838085,1,256,182272,0.3526245428214547,0.0,0.75
5,16,8,0.55,1.35,wrong,8,exact LNS,58661,0.6011002318757233,0.8288398577018875,256,1.6249250620603561e-06,,0,0,524288,0.3526245428214547,0.0,0.5
5,16,8,0.55,1.35,wrong,8,annealing,58661,0.6011002318757233,0.8288398577018875,89,7.770792581140995e-05,,0,0,182272,0.3526245428214547,0.0,0.5
5,16,8,0.55,1.35,wrong,8,QAOA,58661,0.6011002318757233,0.8288398577018875,89,0.0032860420178622007,0.16584257186836807,1,256,182272,0.3526245428214547,0.0,0.5
5,16,8,0.55,1.35,inferred-sensitivity,8,QAOA,58677,-1.3305645973903575,0.0,89,0.00318304100073874,0.20558238194838085,1,64,182272,0.3526245428214547,0.0,0.75
5,16,8,0.55,1.35,inferred-sensitivity,8,QAOA,58677,-1.3305645973903575,0.0,89,0.005653166095726192,0.20929184345810758,2,64,182272,0.3526245428214547,0.0,0.75
5,16,8,0.55,1.35,inferred-sensitivity,8,QAOA,58677,-1.3305645973903575,0.0,89,0.005712667014449835,0.20929184345810758,2,256,182272,0.3526245428214547,0.0,0.75
5,16,8,0.55,1.35,inferred-sensitivity,8,QAOA,58677,-1.3305645973903575,0.0,89,0.005652167019434273,0.20929184345810758,2,1024,182272,0.3526245428214547,0.0,0.75
5,16,8,0.55,1.35,inferred-noise,8,QAOA,58677,-1.3305645973903575,0.0,89,0.003263582941144705,0.1854147687535428,1,256,182272,0.3526245428214547,0.1,0.75
5,16,8,0.55,1.35,inferred-noise,8,QAOA,58677,-1.3305645973903575,0.0,89,0.003096416941843927,0.15516334896128564,1,256,182272,0.3526245428214547,0.25,0.75
5,16,8,0.55,1.35,inferred-noise,8,QAOA,58677,-1.3305645973903575,0.0,89,0.00321929098572582,0.10474431597419043,1,256,182272,0.3526245428214547,0.5,0.75
6,16,8,0.55,1.35,full,16,deployed,53689,0.7147789080854454,0.7994521713382545,0,0.0,,0,0,0,0.1514781297623754,0.0,1.0
6,16,8,0.55,1.35,full,16,exact enumeration,49593,-0.422209823052353,0.0,65536,0.0,,0,0,68719476736,0.1514781297623754,0.0,1.0
6,16,8,0.55,1.35,full,16,MILP,49593,-0.422209823052353,0.0,0,0.01037595805246383,,0,0,0,0.1514781297623754,0.0,1.0
6,16,8,0.55,1.35,full,16,annealing,49593,-0.422209823052353,0.0,89,8.13750084489584e-05,,0,0,93323264,0.1514781297623754,0.0,1.0
6,16,8,0.55,1.35,full,16,QAOA,49593,-0.422209823052353,0.0,89,0.22627737501170486,0.003899039740873075,1,256,93323264,0.1514781297623754,0.0,1.0
6,16,8,0.55,1.35,true,8,exact LNS,49593,-0.422209823052353,0.0,256,1.915963366627693e-06,,0,0,524288,0.1514781297623754,0.0,1.0
6,16,8,0.55,1.35,true,8,annealing,49593,-0.422209823052353,0.0,89,7.83340074121952e-05,,0,0,182272,0.1514781297623754,0.0,1.0
6,16,8,0.55,1.35,true,8,QAOA,49593,-0.422209823052353,0.0,89,0.0032498750369995832,0.39193699050194936,1,256,182272,0.1514781297623754,0.0,1.0
6,16,8,0.55,1.35,inferred,8,exact LNS,49593,-0.422209823052353,0.0,256,1.0420335456728935e-06,,0,0,524288,0.1514781297623754,0.0,1.0
6,16,8,0.55,1.35,inferred,8,annealing,49593,-0.422209823052353,0.0,89,7.025001104921103e-05,,0,0,182272,0.1514781297623754,0.0,1.0
6,16,8,0.55,1.35,inferred,8,QAOA,49593,-0.422209823052353,0.0,89,0.003210707916878164,0.39193699050194936,1,256,182272,0.1514781297623754,0.0,1.0
6,16,8,0.55,1.35,wrong,8,exact LNS,49593,-0.422209823052353,0.0,256,1.0409858077764511e-06,,0,0,524288,0.1514781297623754,0.0,0.5
6,16,8,0.55,1.35,wrong,8,annealing,49593,-0.422209823052353,0.0,89,7.599999662488699e-05,,0,0,182272,0.1514781297623754,0.0,0.5
6,16,8,0.55,1.35,wrong,8,QAOA,49593,-0.422209823052353,0.0,89,0.0031515000155195594,0.08602227972935553,1,256,182272,0.1514781297623754,0.0,0.5
6,16,8,0.55,1.35,inferred-sensitivity,8,QAOA,49593,-0.422209823052353,0.0,89,0.0032373330323025584,0.39193699050194936,1,64,182272,0.1514781297623754,0.0,1.0
6,16,8,0.55,1.35,inferred-sensitivity,8,QAOA,49593,-0.422209823052353,0.0,89,0.005427291966043413,0.4377996624884685,2,64,182272,0.1514781297623754,0.0,1.0
6,16,8,0.55,1.35,inferred-sensitivity,8,QAOA,49593,-0.422209823052353,0.0,89,0.00540554104372859,0.4377996624884685,2,256,182272,0.1514781297623754,0.0,1.0
6,16,8,0.55,1.35,inferred-sensitivity,8,QAOA,49593,-0.422209823052353,0.0,89,0.005515874945558608,0.4377996624884685,2,1024,182272,0.1514781297623754,0.0,1.0
6,16,8,0.55,1.35,inferred-noise,8,QAOA,49593,-0.422209823052353,0.0,89,0.0030617909505963326,0.3531339164517544,1,256,182272,0.1514781297623754,0.1,1.0
6,16,8,0.55,1.35,inferred-noise,8,QAOA,49593,-0.422209823052353,0.0,89,0.0030970840016379952,0.294929305376462,1,256,182272,0.1514781297623754,0.25,1.0
6,16,8,0.55,1.35,inferred-noise,8,QAOA,49593,-0.422209823052353,0.0,89,0.003065541968680918,0.19792162025097468,1,256,182272,0.1514781297623754,0.5,1.0
7,16,8,0.55,1.35,full,16,deployed,42630,0.6251263846776989,0.7918401085661114,0,0.0,,0,0,0,0.3271054784860256,0.0,1.0
7,16,8,0.55,1.35,full,16,exact enumeration,42374,-0.8008926346954821,0.0,65536,0.0,,0,0,68719476736,0.3271054784860256,0.0,1.0
7,16,8,0.55,1.35,full,16,MILP,42374,-0.8008926346954821,0.0,0,0.00980283401440829,,0,0,0,0.3271054784860256,0.0,1.0
7,16,8,0.55,1.35,full,16,annealing,46470,-0.3696311432505328,0.23947096186434927,89,8.400005754083395e-05,,0,0,93323264,0.3271054784860256,0.0,1.0
7,16,8,0.55,1.35,full,16,QAOA,46470,-0.3696311432505328,0.23947096186434927,89,0.22998883400578052,0.0021691869767557965,1,256,93323264,0.3271054784860256,0.0,1.0
7,16,8,0.55,1.35,true,8,exact LNS,42374,-0.8008926346954821,0.0,256,1.4159595593810081e-06,,0,0,524288,0.3271054784860256,0.0,1.0
7,16,8,0.55,1.35,true,8,annealing,42374,-0.8008926346954821,0.0,89,7.966591510921717e-05,,0,0,182272,0.3271054784860256,0.0,1.0
7,16,8,0.55,1.35,true,8,QAOA,42374,-0.8008926346954821,0.0,89,0.0032032919116318226,0.08135392300021137,1,256,182272,0.3271054784860256,0.0,1.0
7,16,8,0.55,1.35,inferred,8,exact LNS,42374,-0.8008926346954821,0.0,256,1.0420335456728935e-06,,0,0,524288,0.3271054784860256,0.0,0.75
7,16,8,0.55,1.35,inferred,8,annealing,42374,-0.8008926346954821,0.0,89,7.033394649624825e-05,,0,0,182272,0.3271054784860256,0.0,0.75
7,16,8,0.55,1.35,inferred,8,QAOA,42374,-0.8008926346954821,0.0,89,0.0031698750099167228,0.07106873968088322,1,256,182272,0.3271054784860256,0.0,0.75
7,16,8,0.55,1.35,wrong,8,exact LNS,42374,-0.8008926346954821,0.0,256,1.00000761449337e-06,,0,0,524288,0.3271054784860256,0.0,0.5
7,16,8,0.55,1.35,wrong,8,annealing,42374,-0.8008926346954821,0.0,89,6.995804142206907e-05,,0,0,182272,0.3271054784860256,0.0,0.5
7,16,8,0.55,1.35,wrong,8,QAOA,42374,-0.8008926346954821,0.0,89,0.0031185828847810626,0.07727045276162495,1,256,182272,0.3271054784860256,0.0,0.5
7,16,8,0.55,1.35,inferred-sensitivity,8,QAOA,42374,-0.8008926346954821,0.0,89,0.004236915963701904,0.07106873968088322,1,64,182272,0.3271054784860256,0.0,0.75
7,16,8,0.55,1.35,inferred-sensitivity,8,QAOA,42374,-0.8008926346954821,0.0,89,0.0054522090358659625,0.07101246767532828,2,64,182272,0.3271054784860256,0.0,0.75
7,16,8,0.55,1.35,inferred-sensitivity,8,QAOA,42374,-0.8008926346954821,0.0,89,0.005455499980598688,0.07101246767532828,2,256,182272,0.3271054784860256,0.0,0.75
7,16,8,0.55,1.35,inferred-sensitivity,8,QAOA,42374,-0.8008926346954821,0.0,89,0.0054889589082449675,0.07101246767532828,2,1024,182272,0.3271054784860256,0.0,0.75
7,16,8,0.55,1.35,inferred-noise,8,QAOA,42374,-0.8008926346954821,0.0,89,0.0030614170245826244,0.0643524907127949,1,256,182272,0.3271054784860256,0.1,0.75
7,16,8,0.55,1.35,inferred-noise,8,QAOA,42374,-0.8008926346954821,0.0,89,0.003057416994124651,0.05427811726066241,1,256,182272,0.3271054784860256,0.25,0.75
7,16,8,0.55,1.35,inferred-noise,8,QAOA,42374,-0.8008926346954821,0.0,89,0.003094166051596403,0.03748749484044161,1,256,182272,0.3271054784860256,0.5,0.75
8,16,8,0.55,1.35,full,16,deployed,6872,-2.929074766273969,0.0,0,0.0,,0,0,0,0.24192841807307452,0.0,1.0
8,16,8,0.55,1.35,full,16,exact enumeration,6872,-2.929074766273969,0.0,65536,0.0,,0,0,68719476736,0.24192841807307452,0.0,1.0
8,16,8,0.55,1.35,full,16,MILP,6872,-2.929074766273969,0.0,0,0.004840042092837393,,0,0,0,0.24192841807307452,0.0,1.0
8,16,8,0.55,1.35,full,16,annealing,6872,-2.929074766273969,0.0,89,7.9583958722651e-05,,0,0,93323264,0.24192841807307452,0.0,1.0
8,16,8,0.55,1.35,full,16,QAOA,6874,-2.633438455586639,0.07524323874541301,89,0.2237299169646576,0.0019170369521553513,1,256,93323264,0.24192841807307452,0.0,1.0
8,16,8,0.55,1.35,true,8,exact LNS,6872,-2.929074766273969,0.0,256,1.625041477382183e-06,,0,0,524288,0.24192841807307452,0.0,1.0
8,16,8,0.55,1.35,true,8,annealing,6872,-2.929074766273969,0.0,89,7.962505333125591e-05,,0,0,182272,0.24192841807307452,0.0,1.0
8,16,8,0.55,1.35,true,8,QAOA,6872,-2.929074766273969,0.0,89,0.003226374974474311,0.0667790732615081,1,256,182272,0.24192841807307452,0.0,1.0
8,16,8,0.55,1.35,inferred,8,exact LNS,6872,-2.929074766273969,0.0,256,1.1670636013150215e-06,,0,0,524288,0.24192841807307452,0.0,0.875
8,16,8,0.55,1.35,inferred,8,annealing,6872,-2.929074766273969,0.0,89,7.562502287328243e-05,,0,0,182272,0.24192841807307452,0.0,0.875
8,16,8,0.55,1.35,inferred,8,QAOA,6872,-2.929074766273969,0.0,89,0.0032264170004054904,0.08794898611496314,1,256,182272,0.24192841807307452,0.0,0.875
8,16,8,0.55,1.35,wrong,8,exact LNS,6872,-2.929074766273969,0.0,256,9.59029421210289e-07,,0,0,524288,0.24192841807307452,0.0,0.5
8,16,8,0.55,1.35,wrong,8,annealing,6872,-2.929074766273969,0.0,89,7.175002247095108e-05,,0,0,182272,0.24192841807307452,0.0,0.5
8,16,8,0.55,1.35,wrong,8,QAOA,6872,-2.929074766273969,0.0,89,0.0031637089559808373,0.16405864188034217,1,256,182272,0.24192841807307452,0.0,0.5
8,16,8,0.55,1.35,inferred-sensitivity,8,QAOA,6872,-2.929074766273969,0.0,89,0.0032166660530492663,0.08794898611496314,1,64,182272,0.24192841807307452,0.0,0.875
8,16,8,0.55,1.35,inferred-sensitivity,8,QAOA,6872,-2.929074766273969,0.0,89,0.005650041974149644,0.08560987283573857,2,64,182272,0.24192841807307452,0.0,0.875
8,16,8,0.55,1.35,inferred-sensitivity,8,QAOA,6872,-2.929074766273969,0.0,89,0.005658000009134412,0.08560987283573857,2,256,182272,0.24192841807307452,0.0,0.875
8,16,8,0.55,1.35,inferred-sensitivity,8,QAOA,6872,-2.929074766273969,0.0,89,0.005871957982890308,0.08560987283573857,2,1024,182272,0.24192841807307452,0.0,0.875
8,16,8,0.55,1.35,inferred-noise,8,QAOA,6872,-2.929074766273969,0.0,89,0.003440333064645529,0.07954471250346684,1,256,182272,0.24192841807307452,0.1,0.875
8,16,8,0.55,1.35,inferred-noise,8,QAOA,6872,-2.929074766273969,0.0,89,0.0031947909155860543,0.06693830208622235,1,256,182272,0.24192841807307452,0.25,0.875
8,16,8,0.55,1.35,inferred-noise,8,QAOA,6872,-2.929074766273969,0.0,89,0.003226500004529953,0.04592761805748157,1,256,182272,0.24192841807307452,0.5,0.875
9,16,8,0.55,1.35,full,16,deployed,20260,-1.1144212075040039,0.41286857961532386,0,0.0,,0,0,0,0.4642802559268209,0.0,1.0
9,16,8,0.55,1.35,full,16,exact enumeration,20332,-2.6012741510557884,0.0,65536,0.0,,0,0,68719476736,0.4642802559268209,0.0,1.0
9,16,8,0.55,1.35,full,16,MILP,20332,-2.6012741510557884,0.0,0,0.010548125021159649,,0,0,0,0.4642802559268209,0.0,1.0
9,16,8,0.55,1.35,full,16,annealing,8172,-2.2474888307522636,0.09823893029632451,89,9.416707325726748e-05,,0,0,93323264,0.4642802559268209,0.0,1.0
9,16,8,0.55,1.35,full,16,QAOA,6124,-2.118788256260444,0.13397644126979164,89,0.23256404197309166,0.0006261633696240201,1,256,93323264,0.4642802559268209,0.0,1.0
9,16,8,0.55,1.35,true,8,exact LNS,20332,-2.6012741510557884,0.0,256,1.459033228456974e-06,,0,0,524288,0.4642802559268209,0.0,1.0
9,16,8,0.55,1.35,true,8,annealing,20332,-2.6012741510557884,0.0,89,7.750000804662704e-05,,0,0,182272,0.4642802559268209,0.0,1.0
9,16,8,0.55,1.35,true,8,QAOA,20332,-2.6012741510557884,0.0,89,0.003259125049225986,0.06888552207292152,1,256,182272,0.4642802559268209,0.0,1.0
9,16,8,0.55,1.35,inferred,8,exact LNS,20324,-2.110047275121168,0.13640363252839477,256,1.2080417945981026e-06,,0,0,524288,0.4642802559268209,0.0,0.75
9,16,8,0.55,1.35,inferred,8,annealing,20324,-2.110047275121168,0.13640363252839477,89,6.958399899303913e-05,,0,0,182272,0.4642802559268209,0.0,0.75
9,16,8,0.55,1.35,inferred,8,QAOA,20324,-2.110047275121168,0.13640363252839477,89,0.0031347920885309577,0.045048210080868366,1,256,182272,0.4642802559268209,0.0,0.75
9,16,8,0.55,1.35,wrong,8,exact LNS,20324,-2.110047275121168,0.13640363252839477,256,1.0409858077764511e-06,,0,0,524288,0.4642802559268209,0.0,0.5
9,16,8,0.55,1.35,wrong,8,annealing,20324,-2.110047275121168,0.13640363252839477,89,7.087504491209984e-05,,0,0,182272,0.4642802559268209,0.0,0.5
9,16,8,0.55,1.35,wrong,8,QAOA,20324,-2.110047275121168,0.13640363252839477,89,0.0031673340126872063,0.10855519167881389,1,256,182272,0.4642802559268209,0.0,0.5
9,16,8,0.55,1.35,inferred-sensitivity,8,QAOA,20324,-2.110047275121168,0.13640363252839477,89,0.0031832910608500242,0.045048210080868366,1,64,182272,0.4642802559268209,0.0,0.75
9,16,8,0.55,1.35,inferred-sensitivity,8,QAOA,20324,-2.110047275121168,0.13640363252839477,89,0.005506917019374669,0.043897354376618396,2,64,182272,0.4642802559268209,0.0,0.75
9,16,8,0.55,1.35,inferred-sensitivity,8,QAOA,20324,-2.110047275121168,0.13640363252839477,89,0.005559250013902783,0.043897354376618396,2,256,182272,0.4642802559268209,0.0,0.75
9,16,8,0.55,1.35,inferred-sensitivity,8,QAOA,20324,-2.110047275121168,0.13640363252839477,89,0.005540457903407514,0.043897354376618396,2,1024,182272,0.4642802559268209,0.0,0.75
9,16,8,0.55,1.35,inferred-noise,8,QAOA,20324,-2.110047275121168,0.13640363252839477,89,0.0031896670116111636,0.04093401407278153,1,256,182272,0.4642802559268209,0.1,0.75
9,16,8,0.55,1.35,inferred-noise,8,QAOA,20324,-2.110047275121168,0.13640363252839477,89,0.0031144999666139483,0.03476272006065127,1,256,182272,0.4642802559268209,0.25,0.75
9,16,8,0.55,1.35,inferred-noise,8,QAOA,20324,-2.110047275121168,0.13640363252839477,89,0.0031344169983640313,0.024477230040434183,1,256,182272,0.4642802559268209,0.5,0.75
10,16,8,0.55,1.35,full,16,deployed,9434,3.524621979560605,2.3938438192384988,0,0.0,,0,0,0,0.0,0.0,1.0
10,16,8,0.55,1.35,full,16,exact enumeration,26846,-0.8112660433791543,0.0,65536,0.0,,0,0,68719476736,0.0,0.0,1.0
10,16,8,0.55,1.35,full,16,MILP,26846,-0.8112660433791543,0.0,0,0.010747082997113466,,0,0,0,0.0,0.0,1.0
10,16,8,0.55,1.35,full,16,annealing,26846,-0.8112660433791543,0.0,89,8.820893708616495e-05,,0,0,93323264,0.0,0.0,1.0
10,16,8,0.55,1.35,full,16,QAOA,26782,-0.7567473802424951,0.030099754443001368,89,0.23060641600750387,0.0025511729177032224,1,256,93323264,0.0,0.0,1.0
10,16,8,0.55,1.35,true,8,exact LNS,26842,-0.10499396118830795,0.3899328233820379,256,1.5830155462026596e-06,,0,0,524288,0.0,0.0,1.0
10,16,8,0.55,1.35,true,8,annealing,26842,-0.10499396118830795,0.3899328233820379,89,7.79579859226942e-05,,0,0,182272,0.0,0.0,1.0
10,16,8,0.55,1.35,true,8,QAOA,26842,-0.10499396118830795,0.3899328233820379,89,0.0033162919571623206,0.22936615445224975,1,256,182272,0.0,0.0,1.0
10,16,8,0.55,1.35,inferred,8,exact LNS,26842,-0.10499396118830795,0.3899328233820379,256,1.334003172814846e-06,,0,0,524288,0.0,0.0,1.0
10,16,8,0.55,1.35,inferred,8,annealing,26842,-0.10499396118830795,0.3899328233820379,89,7.537507917732e-05,,0,0,182272,0.0,0.0,1.0
10,16,8,0.55,1.35,inferred,8,QAOA,26842,-0.10499396118830795,0.3899328233820379,89,0.0033813329646363854,0.22936615445224975,1,256,182272,0.0,0.0,1.0
10,16,8,0.55,1.35,wrong,8,exact LNS,25818,1.6282108085981548,1.3468351934794434,256,1.208973117172718e-06,,0,0,524288,0.0,0.0,0.5
10,16,8,0.55,1.35,wrong,8,annealing,25818,1.6282108085981548,1.3468351934794434,89,7.77500681579113e-05,,0,0,182272,0.0,0.0,0.5
10,16,8,0.55,1.35,wrong,8,QAOA,25818,1.6282108085981548,1.3468351934794434,89,0.0032413750886917114,0.05779288861675211,1,256,182272,0.0,0.0,0.5
10,16,8,0.55,1.35,inferred-sensitivity,8,QAOA,26842,-0.10499396118830795,0.3899328233820379,89,0.003337124944664538,0.22936615445224975,1,64,182272,0.0,0.0,1.0
10,16,8,0.55,1.35,inferred-sensitivity,8,QAOA,26842,-0.10499396118830795,0.3899328233820379,89,0.005723124952055514,0.24774536907021966,2,64,182272,0.0,0.0,1.0
10,16,8,0.55,1.35,inferred-sensitivity,8,QAOA,26842,-0.10499396118830795,0.3899328233820379,89,0.005668750032782555,0.24774536907021966,2,256,182272,0.0,0.0,1.0
10,16,8,0.55,1.35,inferred-sensitivity,8,QAOA,26842,-0.10499396118830795,0.3899328233820379,89,0.005634374916553497,0.24774536907021966,2,1024,182272,0.0,0.0,1.0
10,16,8,0.55,1.35,inferred-noise,8,QAOA,26842,-0.10499396118830795,0.3899328233820379,89,0.00317333301063627,0.2068201640070248,1,256,182272,0.0,0.1,1.0
10,16,8,0.55,1.35,inferred-noise,8,QAOA,26842,-0.10499396118830795,0.3899328233820379,89,0.003180416999384761,0.17300117833918732,1,256,182272,0.0,0.25,1.0
10,16,8,0.55,1.35,inferred-noise,8,QAOA,26842,-0.10499396118830795,0.3899328233820379,89,0.0031828749924898148,0.11663620222612488,1,256,182272,0.0,0.5,1.0
11,16,8,0.55,1.35,full,16,deployed,7325,-6.85023083834367,0.03355353462318722,0,0.0,,0,0,0,0.378548058644613,0.0,1.0
11,16,8,0.55,1.35,full,16,exact enumeration,5532,-7.1227787772837505,0.0,65536,0.0,,0,0,68719476736,0.378548058644613,0.0,1.0
11,16,8,0.55,1.35,full,16,MILP,5532,-7.1227787772837505,0.0,0,0.004889458999969065,,0,0,0,0.378548058644613,0.0,1.0
11,16,8,0.55,1.35,full,16,annealing,7325,-6.85023083834367,0.03355353462318722,89,8.212507236748934e-05,,0,0,93323264,0.378548058644613,0.0,1.0
11,16,8,0.55,1.35,full,16,QAOA,6044,-6.047047685502228,0.13243387777467525,89,0.22679937502834946,0.0002711712629992448,1,256,93323264,0.378548058644613,0.0,1.0
11,16,8,0.55,1.35,true,8,exact LNS,7325,-6.85023083834367,0.03355353462318722,256,1.291045919060707e-06,,0,0,524288,0.378548058644613,0.0,1.0
11,16,8,0.55,1.35,true,8,annealing,7325,-6.85023083834367,0.03355353462318722,89,7.854204159229994e-05,,0,0,182272,0.378548058644613,0.0,1.0
11,16,8,0.55,1.35,true,8,QAOA,7325,-6.85023083834367,0.03355353462318722,89,0.0031045409850776196,0.04336387751187816,1,256,182272,0.378548058644613,0.0,1.0
11,16,8,0.55,1.35,inferred,8,exact LNS,7325,-6.85023083834367,0.03355353462318722,256,1.708976924419403e-06,,0,0,524288,0.378548058644613,0.0,0.5
11,16,8,0.55,1.35,inferred,8,annealing,7325,-6.85023083834367,0.03355353462318722,89,7.275003008544445e-05,,0,0,182272,0.378548058644613,0.0,0.5
11,16,8,0.55,1.35,inferred,8,QAOA,7325,-6.85023083834367,0.03355353462318722,88,0.0029757909942418337,0.02475662578457232,1,256,180224,0.378548058644613,0.0,0.5
11,16,8,0.55,1.35,wrong,8,exact LNS,7325,-6.85023083834367,0.03355353462318722,256,9.579816833138466e-07,,0,0,524288,0.378548058644613,0.0,0.5
11,16,8,0.55,1.35,wrong,8,annealing,7325,-6.85023083834367,0.03355353462318722,89,7.012509740889072e-05,,0,0,182272,0.378548058644613,0.0,0.5
11,16,8,0.55,1.35,wrong,8,QAOA,7325,-6.85023083834367,0.03355353462318722,89,0.0031043749768286943,0.19139868026519022,1,256,182272,0.378548058644613,0.0,0.5
11,16,8,0.55,1.35,inferred-sensitivity,8,QAOA,7325,-6.85023083834367,0.03355353462318722,88,0.003070416976697743,0.02475662578457232,1,64,180224,0.378548058644613,0.0,0.5
11,16,8,0.55,1.35,inferred-sensitivity,8,QAOA,7325,-6.85023083834367,0.03355353462318722,89,0.005410457961261272,0.032169184663613966,2,64,182272,0.378548058644613,0.0,0.5
11,16,8,0.55,1.35,inferred-sensitivity,8,QAOA,7325,-6.85023083834367,0.03355353462318722,89,0.005536125041544437,0.032169184663613966,2,256,182272,0.378548058644613,0.0,0.5
11,16,8,0.55,1.35,inferred-sensitivity,8,QAOA,7325,-6.85023083834367,0.03355353462318722,89,0.005475332960486412,0.032169184663613966,2,1024,182272,0.378548058644613,0.0,0.5
11,16,8,0.55,1.35,inferred-noise,8,QAOA,7325,-6.85023083834367,0.03355353462318722,88,0.0031049579847604036,0.02267158820611509,1,256,180224,0.378548058644613,0.1,0.5
11,16,8,0.55,1.35,inferred-noise,8,QAOA,7325,-6.85023083834367,0.03355353462318722,88,0.0031027919612824917,0.01954403183842924,1,256,180224,0.378548058644613,0.25,0.5
11,16,8,0.55,1.35,inferred-noise,8,QAOA,7325,-6.85023083834367,0.03355353462318722,88,0.003091874998062849,0.01433143789228616,1,256,180224,0.378548058644613,0.5,0.5
0,16,4,1.65,0.65,full,16,deployed,28951,8.83655841036789,0.0,0,0.0,,0,0,0,0.6365136508749507,0.0,1.0
0,16,4,1.65,0.65,full,16,exact enumeration,28951,8.83655841036789,0.0,65536,0.0,,0,0,68719476736,0.6365136508749507,0.0,1.0
0,16,4,1.65,0.65,full,16,MILP,28951,8.83655841036789,0.0,0,0.01584320899564773,,0,0,0,0.6365136508749507,0.0,1.0
0,16,4,1.65,0.65,full,16,annealing,28951,8.83655841036789,0.0,89,8.350005373358727e-05,,0,0,93323264,0.6365136508749507,0.0,1.0
0,16,4,1.65,0.65,full,16,QAOA,44132,9.721503866219638,0.08996494697972847,89,0.23963104095309973,0.0007980871069457532,1,256,93323264,0.6365136508749507,0.0,1.0
0,16,4,1.65,0.65,true,4,exact LNS,28951,8.83655841036789,0.0,16,1.5828991308808327e-06,,0,0,1024,0.6365136508749507,0.0,1.0
0,16,4,1.65,0.65,true,4,annealing,28951,8.83655841036789,0.0,89,7.950002327561378e-05,,0,0,5696,0.6365136508749507,0.0,1.0
0,16,4,1.65,0.65,true,4,QAOA,28951,8.83655841036789,0.0,89,0.0017038329970091581,0.41012035665451513,1,256,5696,0.6365136508749507,0.0,1.0
0,16,4,1.65,0.65,inferred,4,exact LNS,28951,8.83655841036789,0.0,16,9.59029421210289e-07,,0,0,1024,0.6365136508749507,0.0,0.75
0,16,4,1.65,0.65,inferred,4,annealing,28951,8.83655841036789,0.0,89,7.17920484021306e-05,,0,0,5696,0.6365136508749507,0.0,0.75
0,16,4,1.65,0.65,inferred,4,QAOA,28951,8.83655841036789,0.0,89,0.0016449999529868364,0.2610088575175043,1,256,5696,0.6365136508749507,0.0,0.75
0,16,4,1.65,0.65,wrong,4,exact LNS,28951,8.83655841036789,0.0,16,8.749775588512421e-07,,0,0,1024,0.6365136508749507,0.0,0.5
0,16,4,1.65,0.65,wrong,4,annealing,28951,8.83655841036789,0.0,89,7.154105696827173e-05,,0,0,5696,0.6365136508749507,0.0,0.5
0,16,4,1.65,0.65,wrong,4,QAOA,28951,8.83655841036789,0.0,89,0.001704542082734406,0.35306926601300737,1,256,5696,0.6365136508749507,0.0,0.5
0,16,4,1.65,0.65,inferred-sensitivity,4,QAOA,28951,8.83655841036789,0.0,89,0.0016259999247267842,0.2610088575175043,1,64,5696,0.6365136508749507,0.0,0.75
0,16,4,1.65,0.65,inferred-sensitivity,4,QAOA,28951,8.83655841036789,0.0,89,0.002709332969971001,0.26326441046966864,2,64,5696,0.6365136508749507,0.0,0.75
0,16,4,1.65,0.65,inferred-sensitivity,4,QAOA,28951,8.83655841036789,0.0,89,0.0026844589738175273,0.26326441046966864,2,256,5696,0.6365136508749507,0.0,0.75
0,16,4,1.65,0.65,inferred-sensitivity,4,QAOA,28951,8.83655841036789,0.0,89,0.002606541966088116,0.26326441046966864,2,1024,5696,0.6365136508749507,0.0,0.75
0,16,4,1.65,0.65,inferred-noise,4,QAOA,28951,8.83655841036789,0.0,89,0.0018373330822214484,0.24115797176575388,1,256,5696,0.6365136508749507,0.1,0.75
0,16,4,1.65,0.65,inferred-noise,4,QAOA,28951,8.83655841036789,0.0,89,0.0015747080324217677,0.21138164313812824,1,256,5696,0.6365136508749507,0.25,0.75
0,16,4,1.65,0.65,inferred-noise,4,QAOA,28951,8.83655841036789,0.0,89,0.001603374956175685,0.16175442875875215,1,256,5696,0.6365136508749507,0.5,0.75
1,16,4,1.65,0.65,full,16,deployed,25391,4.345532427597975,0.0,0,0.0,,0,0,0,0.014793343446814424,0.0,1.0
1,16,4,1.65,0.65,full,16,exact enumeration,25391,4.345532427597975,0.0,65536,0.0,,0,0,68719476736,0.014793343446814424,0.0,1.0
1,16,4,1.65,0.65,full,16,MILP,25391,4.345532427597975,0.0,0,0.014212791924364865,,0,0,0,0.014793343446814424,0.0,1.0
1,16,4,1.65,0.65,full,16,annealing,25391,4.345532427597975,0.0,89,8.999998681247234e-05,,0,0,93323264,0.014793343446814424,0.0,1.0
1,16,4,1.65,0.65,full,16,QAOA,25391,4.345532427597975,0.0,89,0.22733737505041063,0.0036805686592791494,1,256,93323264,0.014793343446814424,0.0,1.0
1,16,4,1.65,0.65,true,4,exact LNS,25391,4.345532427597975,0.0,16,1.2919772416353226e-06,,0,0,1024,0.014793343446814424,0.0,1.0
1,16,4,1.65,0.65,true,4,annealing,25391,4.345532427597975,0.0,89,7.737497799098492e-05,,0,0,5696,0.014793343446814424,0.0,1.0
1,16,4,1.65,0.65,true,4,QAOA,25391,4.345532427597975,0.0,89,0.0016223749844357371,0.5873948667239328,1,256,5696,0.014793343446814424,0.0,1.0
1,16,4,1.65,0.65,inferred,4,exact LNS,25391,4.345532427597975,0.0,16,9.59029421210289e-07,,0,0,1024,0.014793343446814424,0.0,0.75
1,16,4,1.65,0.65,inferred,4,annealing,25391,4.345532427597975,0.0,89,7.137504871934652e-05,,0,0,5696,0.014793343446814424,0.0,0.75
1,16,4,1.65,0.65,inferred,4,QAOA,25391,4.345532427597975,0.0,89,0.0016046250239014626,0.353707256373943,1,256,5696,0.014793343446814424,0.0,0.75
1,16,4,1.65,0.65,wrong,4,exact LNS,25391,4.345532427597975,0.0,16,8.33999365568161e-07,,0,0,1024,0.014793343446814424,0.0,0.5
1,16,4,1.65,0.65,wrong,4,annealing,25391,4.345532427597975,0.0,89,7.075001485645771e-05,,0,0,5696,0.014793343446814424,0.0,0.5
1,16,4,1.65,0.65,wrong,4,QAOA,25391,4.345532427597975,0.0,89,0.0015986659564077854,0.8690552988555639,1,256,5696,0.014793343446814424,0.0,0.5
1,16,4,1.65,0.65,inferred-sensitivity,4,QAOA,25391,4.345532427597975,0.0,89,0.0016437920276075602,0.353707256373943,1,64,5696,0.014793343446814424,0.0,0.75
1,16,4,1.65,0.65,inferred-sensitivity,4,QAOA,25391,4.345532427597975,0.0,89,0.0025812910171225667,0.4335258610988807,2,64,5696,0.014793343446814424,0.0,0.75
1,16,4,1.65,0.65,inferred-sensitivity,4,QAOA,25391,4.345532427597975,0.0,89,0.0026186670875176787,0.4335258610988807,2,256,5696,0.014793343446814424,0.0,0.75
1,16,4,1.65,0.65,inferred-sensitivity,4,QAOA,25391,4.345532427597975,0.0,89,0.0026224999455735087,0.4335258610988807,2,1024,5696,0.014793343446814424,0.0,0.75
1,16,4,1.65,0.65,inferred-noise,4,QAOA,25391,4.345532427597975,0.0,89,0.0016122499946504831,0.3245865307365487,1,256,5696,0.014793343446814424,0.1,0.75
1,16,4,1.65,0.65,inferred-noise,4,QAOA,25391,4.345532427597975,0.0,89,0.0016117909690365195,0.2809054422804573,1,256,5696,0.014793343446814424,0.25,0.75
1,16,4,1.65,0.65,inferred-noise,4,QAOA,25391,4.345532427597975,0.0,89,0.0016047500539571047,0.2081036281869715,1,256,5696,0.014793343446814424,0.5,0.75
2,16,4,1.65,0.65,full,16,deployed,29237,7.64399926999045,0.008961977911981391,0,0.0,,0,0,0,0.10039345149928681,0.0,1.0
2,16,4,1.65,0.65,full,16,exact enumeration,36298,7.567220033285065,0.0,65536,0.0,,0,0,68719476736,0.10039345149928681,0.0,1.0
2,16,4,1.65,0.65,full,16,MILP,36298,7.567220033285065,0.0,0,0.017279750085435808,,0,0,0,0.10039345149928681,0.0,1.0
2,16,4,1.65,0.65,full,16,annealing,29237,7.64399926999045,0.008961977911981391,89,8.112506475299597e-05,,0,0,93323264,0.10039345149928681,0.0,1.0
2,16,4,1.65,0.65,full,16,QAOA,36298,7.567220033285065,0.0,89,0.2287953330669552,0.0007019726516006133,1,256,93323264,0.10039345149928681,0.0,1.0
2,16,4,1.65,0.65,true,4,exact LNS,29237,7.64399926999045,0.008961977911981391,16,1.208973117172718e-06,,0,0,1024,0.10039345149928681,0.0,1.0
2,16,4,1.65,0.65,true,4,annealing,29237,7.64399926999045,0.008961977911981391,89,7.66669400036335e-05,,0,0,5696,0.10039345149928681,0.0,1.0
2,16,4,1.65,0.65,true,4,QAOA,29237,7.64399926999045,0.008961977911981391,89,0.0016371250385418534,0.624976892537746,1,256,5696,0.10039345149928681,0.0,1.0
2,16,4,1.65,0.65,inferred,4,exact LNS,29237,7.64399926999045,0.008961977911981391,16,8.749775588512421e-07,,0,0,1024,0.10039345149928681,0.0,1.0
2,16,4,1.65,0.65,inferred,4,annealing,29237,7.64399926999045,0.008961977911981391,89,7.120799273252487e-05,,0,0,5696,0.10039345149928681,0.0,1.0
2,16,4,1.65,0.65,inferred,4,QAOA,29237,7.64399926999045,0.008961977911981391,89,0.0015965420752763748,0.624976892537746,1,256,5696,0.10039345149928681,0.0,1.0
2,16,4,1.65,0.65,wrong,4,exact LNS,29237,7.64399926999045,0.008961977911981391,16,7.919734343886375e-07,,0,0,1024,0.10039345149928681,0.0,0.5
2,16,4,1.65,0.65,wrong,4,annealing,29237,7.64399926999045,0.008961977911981391,89,7.141707465052605e-05,,0,0,5696,0.10039345149928681,0.0,0.5
2,16,4,1.65,0.65,wrong,4,QAOA,29237,7.64399926999045,0.008961977911981391,88,0.0015692500164732337,0.5753702327819152,1,256,5632,0.10039345149928681,0.0,0.5
2,16,4,1.65,0.65,inferred-sensitivity,4,QAOA,29237,7.64399926999045,0.008961977911981391,89,0.0016308750491589308,0.624976892537746,1,64,5696,0.10039345149928681,0.0,1.0
2,16,4,1.65,0.65,inferred-sensitivity,4,QAOA,29237,7.64399926999045,0.008961977911981391,89,0.002598208957351744,0.6260941618326317,2,64,5696,0.10039345149928681,0.0,1.0
2,16,4,1.65,0.65,inferred-sensitivity,4,QAOA,29237,7.64399926999045,0.008961977911981391,89,0.002562624984420836,0.6260941618326317,2,256,5696,0.10039345149928681,0.0,1.0
2,16,4,1.65,0.65,inferred-sensitivity,4,QAOA,29237,7.64399926999045,0.008961977911981391,89,0.002563541056588292,0.6260941618326317,2,1024,5696,0.10039345149928681,0.0,1.0
2,16,4,1.65,0.65,inferred-noise,4,QAOA,29237,7.64399926999045,0.008961977911981391,89,0.0015776249347254634,0.5687292032839714,1,256,5696,0.10039345149928681,0.1,1.0
2,16,4,1.65,0.65,inferred-noise,4,QAOA,29237,7.64399926999045,0.008961977911981391,89,0.001597125083208084,0.4843576694033095,1,256,5696,0.10039345149928681,0.25,1.0
2,16,4,1.65,0.65,inferred-noise,4,QAOA,29237,7.64399926999045,0.008961977911981391,89,0.0015512090176343918,0.343738446268873,1,256,5696,0.10039345149928681,0.5,1.0
3,16,4,1.65,0.65,full,16,deployed,2876,8.91244623192921,0.10818387766084317,0,0.0,,0,0,0,0.39344261207017844,0.0,1.0
3,16,4,1.65,0.65,full,16,exact enumeration,11028,7.944766686962114,0.0,65536,0.0,,0,0,68719476736,0.39344261207017844,0.0,1.0
3,16,4,1.65,0.65,full,16,MILP,11028,7.944766686962114,0.0,0,0.018974624923430383,,0,0,0,0.39344261207017844,0.0,1.0
3,16,4,1.65,0.65,full,16,annealing,2876,8.91244623192921,0.10818387766084317,89,8.583406452089548e-05,,0,0,93323264,0.39344261207017844,0.0,1.0
3,16,4,1.65,0.65,full,16,QAOA,11028,7.944766686962114,0.0,89,0.22921070805750787,0.0010001829072374534,1,256,93323264,0.39344261207017844,0.0,1.0
3,16,4,1.65,0.65,true,4,exact LNS,2876,8.91244623192921,0.10818387766084317,16,1.333886757493019e-06,,0,0,1024,0.39344261207017844,0.0,1.0
3,16,4,1.65,0.65,true,4,annealing,2876,8.91244623192921,0.10818387766084317,89,8.154194802045822e-05,,0,0,5696,0.39344261207017844,0.0,1.0
3,16,4,1.65,0.65,true,4,QAOA,2876,8.91244623192921,0.10818387766084317,89,0.0016373749822378159,0.41330357820917696,1,256,5696,0.39344261207017844,0.0,1.0
3,16,4,1.65,0.65,inferred,4,exact LNS,2876,8.91244623192921,0.10818387766084317,16,9.160721674561501e-07,,0,0,1024,0.39344261207017844,0.0,1.0
3,16,4,1.65,0.65,inferred,4,annealing,2876,8.91244623192921,0.10818387766084317,89,7.129099685698748e-05,,0,0,5696,0.39344261207017844,0.0,1.0
3,16,4,1.65,0.65,inferred,4,QAOA,2876,8.91244623192921,0.10818387766084317,89,0.0016000830801203847,0.41330357820917696,1,256,5696,0.39344261207017844,0.0,1.0
3,16,4,1.65,0.65,wrong,4,exact LNS,2876,8.91244623192921,0.10818387766084317,16,8.749775588512421e-07,,0,0,1024,0.39344261207017844,0.0,0.5
3,16,4,1.65,0.65,wrong,4,annealing,2876,8.91244623192921,0.10818387766084317,89,7.01249809935689e-05,,0,0,5696,0.39344261207017844,0.0,0.5
3,16,4,1.65,0.65,wrong,4,QAOA,2876,8.91244623192921,0.10818387766084317,89,0.001683874987065792,0.3092299983881641,1,256,5696,0.39344261207017844,0.0,0.5
3,16,4,1.65,0.65,inferred-sensitivity,4,QAOA,2876,8.91244623192921,0.10818387766084317,89,0.001572416047565639,0.41330357820917696,1,64,5696,0.39344261207017844,0.0,1.0
3,16,4,1.65,0.65,inferred-sensitivity,4,QAOA,2876,8.91244623192921,0.10818387766084317,89,0.0025507089449092746,0.3785739855370956,2,64,5696,0.39344261207017844,0.0,1.0
3,16,4,1.65,0.65,inferred-sensitivity,4,QAOA,2876,8.91244623192921,0.10818387766084317,89,0.002574124955572188,0.3785739855370956,2,256,5696,0.39344261207017844,0.0,1.0
3,16,4,1.65,0.65,inferred-sensitivity,4,QAOA,2876,8.91244623192921,0.10818387766084317,89,0.0026132920756936073,0.3785739855370956,2,1024,5696,0.39344261207017844,0.0,1.0
3,16,4,1.65,0.65,inferred-noise,4,QAOA,2876,8.91244623192921,0.10818387766084317,89,0.00147387501783669,0.37822322038825923,1,256,5696,0.39344261207017844,0.1,1.0
3,16,4,1.65,0.65,inferred-noise,4,QAOA,2876,8.91244623192921,0.10818387766084317,89,0.0015078330179676414,0.3256026836568827,1,256,5696,0.39344261207017844,0.25,1.0
3,16,4,1.65,0.65,inferred-noise,4,QAOA,2876,8.91244623192921,0.10818387766084317,89,0.0015381250996142626,0.23790178910458848,1,256,5696,0.39344261207017844,0.5,1.0
4,16,4,1.65,0.65,full,16,deployed,16340,8.32381903011638,0.0,0,0.0,,0,0,0,0.3506236268514711,0.0,1.0
4,16,4,1.65,0.65,full,16,exact enumeration,16340,8.32381903011638,0.0,65536,0.0,,0,0,68719476736,0.3506236268514711,0.0,1.0
4,16,4,1.65,0.65,full,16,MILP,16340,8.32381903011638,0.0,0,0.015538749983534217,,0,0,0,0.3506236268514711,0.0,1.0
4,16,4,1.65,0.65,full,16,annealing,16340,8.32381903011638,0.0,89,7.949990686029196e-05,,0,0,93323264,0.3506236268514711,0.0,1.0
4,16,4,1.65,0.65,full,16,QAOA,15828,8.610744691619685,0.03077340525127313,89,0.23036799998953938,0.0005123332075785319,1,256,93323264,0.3506236268514711,0.0,1.0
4,16,4,1.65,0.65,true,4,exact LNS,16340,8.32381903011638,0.0,16,1.334003172814846e-06,,0,0,1024,0.3506236268514711,0.0,1.0
4,16,4,1.65,0.65,true,4,annealing,16340,8.32381903011638,0.0,89,7.820804603397846e-05,,0,0,5696,0.3506236268514711,0.0,1.0
4,16,4,1.65,0.65,true,4,QAOA,16340,8.32381903011638,0.0,89,0.0016055419109761715,0.3173374214124568,1,256,5696,0.3506236268514711,0.0,1.0
4,16,4,1.65,0.65,inferred,4,exact LNS,16340,8.32381903011638,0.0,16,8.75093974173069e-07,,0,0,1024,0.3506236268514711,0.0,0.75
4,16,4,1.65,0.65,inferred,4,annealing,16340,8.32381903011638,0.0,89,7.162499241530895e-05,,0,0,5696,0.3506236268514711,0.0,0.75
4,16,4,1.65,0.65,inferred,4,QAOA,16340,8.32381903011638,0.0,89,0.0015750000020489097,0.5397573653517501,1,256,5696,0.3506236268514711,0.0,0.75
4,16,4,1.65,0.65,wrong,4,exact LNS,16340,8.32381903011638,0.0,16,7.499475032091141e-07,,0,0,1024,0.3506236268514711,0.0,0.5
4,16,4,1.65,0.65,wrong,4,annealing,16340,8.32381903011638,0.0,89,7.087504491209984e-05,,0,0,5696,0.3506236268514711,0.0,0.5
4,16,4,1.65,0.65,wrong,4,QAOA,16340,8.32381903011638,0.0,89,0.0016472919378429651,0.2211379085380995,1,256,5696,0.3506236268514711,0.0,0.5
4,16,4,1.65,0.65,inferred-sensitivity,4,QAOA,16340,8.32381903011638,0.0,89,0.001504375017248094,0.5397573653517501,1,64,5696,0.3506236268514711,0.0,0.75
4,16,4,1.65,0.65,inferred-sensitivity,4,QAOA,16340,8.32381903011638,0.0,89,0.002602707943879068,0.5324560697208326,2,64,5696,0.3506236268514711,0.0,0.75
4,16,4,1.65,0.65,inferred-sensitivity,4,QAOA,16340,8.32381903011638,0.0,89,0.002610999974422157,0.5324560697208326,2,256,5696,0.3506236268514711,0.0,0.75
4,16,4,1.65,0.65,inferred-sensitivity,4,QAOA,16340,8.32381903011638,0.0,89,0.0026560829719528556,0.5324560697208326,2,1024,5696,0.3506236268514711,0.0,0.75
4,16,4,1.65,0.65,inferred-noise,4,QAOA,16340,8.32381903011638,0.0,89,0.0014987910399213433,0.4920316288165751,1,256,5696,0.3506236268514711,0.1,0.75
4,16,4,1.65,0.65,inferred-noise,4,QAOA,16340,8.32381903011638,0.0,89,0.0015783749986439943,0.4204430240138126,1,256,5696,0.3506236268514711,0.25,0.75
4,16,4,1.65,0.65,inferred-noise,4,QAOA,16340,8.32381903011638,0.0,89,0.0015999999595806003,0.30112868267587506,1,256,5696,0.3506236268514711,0.5,0.75
5,16,4,1.65,0.65,full,16,deployed,58805,8.132229134435754,0.0,0,0.0,,0,0,0,0.0868531705314787,0.0,1.0
5,16,4,1.65,0.65,full,16,exact enumeration,58805,8.132229134435754,0.0,65536,0.0,,0,0,68719476736,0.0868531705314787,0.0,1.0
5,16,4,1.65,0.65,full,16,MILP,58805,8.132229134435754,0.0,0,0.018871832988224924,,0,0,0,0.0868531705314787,0.0,1.0
5,16,4,1.65,0.65,full,16,annealing,58805,8.132229134435754,0.0,89,8.66670161485672e-05,,0,0,93323264,0.0868531705314787,0.0,1.0
5,16,4,1.65,0.65,full,16,QAOA,58853,8.145395077028246,0.001441700859524634,89,0.22720829106401652,0.0009245835088905241,1,256,93323264,0.0868531705314787,0.0,1.0
5,16,4,1.65,0.65,true,4,exact LNS,58805,8.132229134435754,0.0,16,1.209089532494545e-06,,0,0,1024,0.0868531705314787,0.0,1.0
5,16,4,1.65,0.65,true,4,annealing,58805,8.132229134435754,0.0,89,8.062494453042746e-05,,0,0,5696,0.0868531705314787,0.0,1.0
5,16,4,1.65,0.65,true,4,QAOA,58805,8.132229134435754,0.0,89,0.001634041080251336,0.2242253754234322,1,256,5696,0.0868531705314787,0.0,1.0
5,16,4,1.65,0.65,inferred,4,exact LNS,58805,8.132229134435754,0.0,16,8.749775588512421e-07,,0,0,1024,0.0868531705314787,0.0,1.0
5,16,4,1.65,0.65,inferred,4,annealing,58805,8.132229134435754,0.0,89,7.129099685698748e-05,,0,0,5696,0.0868531705314787,0.0,1.0
5,16,4,1.65,0.65,inferred,4,QAOA,58805,8.132229134435754,0.0,89,0.0016351250233128667,0.2242253754234322,1,256,5696,0.0868531705314787,0.0,1.0
5,16,4,1.65,0.65,wrong,4,exact LNS,58805,8.132229134435754,0.0,16,1.166015863418579e-06,,0,0,1024,0.0868531705314787,0.0,0.5
5,16,4,1.65,0.65,wrong,4,annealing,58805,8.132229134435754,0.0,89,7.320800796151161e-05,,0,0,5696,0.0868531705314787,0.0,0.5
5,16,4,1.65,0.65,wrong,4,QAOA,58805,8.132229134435754,0.0,89,0.0015693750465288758,0.32724180666823105,1,256,5696,0.0868531705314787,0.0,0.5
5,16,4,1.65,0.65,inferred-sensitivity,4,QAOA,58805,8.132229134435754,0.0,89,0.0015709580620750785,0.2242253754234322,1,64,5696,0.0868531705314787,0.0,1.0
5,16,4,1.65,0.65,inferred-sensitivity,4,QAOA,58805,8.132229134435754,0.0,89,0.0025612079771235585,0.24095329562396262,2,64,5696,0.0868531705314787,0.0,1.0
5,16,4,1.65,0.65,inferred-sensitivity,4,QAOA,58805,8.132229134435754,0.0,89,0.002553542028181255,0.24095329562396262,2,256,5696,0.0868531705314787,0.0,1.0
5,16,4,1.65,0.65,inferred-sensitivity,4,QAOA,58805,8.132229134435754,0.0,89,0.002599707921035588,0.24095329562396262,2,1024,5696,0.0868531705314787,0.0,1.0
5,16,4,1.65,0.65,inferred-noise,4,QAOA,58805,8.132229134435754,0.0,89,0.001500332960858941,0.208052837881089,1,256,5696,0.0868531705314787,0.1,1.0
5,16,4,1.65,0.65,inferred-noise,4,QAOA,58805,8.132229134435754,0.0,89,0.0015452500665560365,0.18379403156757415,1,256,5696,0.0868531705314787,0.25,1.0
5,16,4,1.65,0.65,inferred-noise,4,QAOA,58805,8.132229134435754,0.0,89,0.0015519160078838468,0.14336268771171612,1,256,5696,0.0868531705314787,0.5,1.0
6,16,4,1.65,0.65,full,16,deployed,53689,8.562236021345488,0.0,0,0.0,,0,0,0,0.1724550270118649,0.0,1.0
6,16,4,1.65,0.65,full,16,exact enumeration,53689,8.562236021345488,0.0,65536,0.0,,0,0,68719476736,0.1724550270118649,0.0,1.0
6,16,4,1.65,0.65,full,16,MILP,53689,8.562236021345488,0.0,0,0.01613383402582258,,0,0,0,0.1724550270118649,0.0,1.0
6,16,4,1.65,0.65,full,16,annealing,53689,8.562236021345488,0.0,89,7.912504952400923e-05,,0,0,93323264,0.1724550270118649,0.0,1.0
6,16,4,1.65,0.65,full,16,QAOA,15942,9.707415594666744,0.11976064706674323,89,0.2242737909546122,0.000974760451230025,1,256,93323264,0.1724550270118649,0.0,1.0
6,16,4,1.65,0.65,true,4,exact LNS,53689,8.562236021345488,0.0,16,1.084059476852417e-06,,0,0,1024,0.1724550270118649,0.0,1.0
6,16,4,1.65,0.65,true,4,annealing,53689,8.562236021345488,0.0,89,7.41670373827219e-05,,0,0,5696,0.1724550270118649,0.0,1.0
6,16,4,1.65,0.65,true,4,QAOA,53689,8.562236021345488,0.0,89,0.0015414590016007423,0.5387853246604631,1,256,5696,0.1724550270118649,0.0,1.0
6,16,4,1.65,0.65,inferred,4,exact LNS,53689,8.562236021345488,0.0,16,1.00000761449337e-06,,0,0,1024,0.1724550270118649,0.0,0.75
6,16,4,1.65,0.65,inferred,4,annealing,53689,8.562236021345488,0.0,89,7.166608702391386e-05,,0,0,5696,0.1724550270118649,0.0,0.75
6,16,4,1.65,0.65,inferred,4,QAOA,53689,8.562236021345488,0.0,89,0.0015525839990004897,0.9481447601394781,1,256,5696,0.1724550270118649,0.0,0.75
6,16,4,1.65,0.65,wrong,4,exact LNS,53689,8.562236021345488,0.0,16,7.919734343886375e-07,,0,0,1024,0.1724550270118649,0.0,0.5
6,16,4,1.65,0.65,wrong,4,annealing,53689,8.562236021345488,0.0,89,7.104093674570322e-05,,0,0,5696,0.1724550270118649,0.0,0.5
6,16,4,1.65,0.65,wrong,4,QAOA,53689,8.562236021345488,0.0,89,0.0015418750699609518,0.567193238945448,1,256,5696,0.1724550270118649,0.0,0.5
6,16,4,1.65,0.65,inferred-sensitivity,4,QAOA,53689,8.562236021345488,0.0,89,0.0015992909902706742,0.9481447601394781,1,64,5696,0.1724550270118649,0.0,0.75
6,16,4,1.65,0.65,inferred-sensitivity,4,QAOA,53689,8.562236021345488,0.0,89,0.0025807078927755356,0.9482380147993485,2,64,5696,0.1724550270118649,0.0,0.75
6,16,4,1.65,0.65,inferred-sensitivity,4,QAOA,53689,8.562236021345488,0.0,89,0.002523707924410701,0.9482380147993485,2,256,5696,0.1724550270118649,0.0,0.75
6,16,4,1.65,0.65,inferred-sensitivity,4,QAOA,53689,8.562236021345488,0.0,89,0.0025933749275282025,0.9482380147993485,2,1024,5696,0.1724550270118649,0.0,0.75
6,16,4,1.65,0.65,inferred-noise,4,QAOA,53689,8.562236021345488,0.0,89,0.001587499980814755,0.8595802841255303,1,256,5696,0.1724550270118649,0.1,0.75
6,16,4,1.65,0.65,inferred-noise,4,QAOA,53689,8.562236021345488,0.0,89,0.0015969999367371202,0.7267335701046086,1,256,5696,0.1724550270118649,0.25,0.75
6,16,4,1.65,0.65,inferred-noise,4,QAOA,53689,8.562236021345488,0.0,89,0.0016371249221265316,0.5053223800697391,1,256,5696,0.1724550270118649,0.5,0.75
7,16,4,1.65,0.65,full,16,deployed,3754,6.733035612755659,0.2559087559031129,0,0.0,,0,0,0,0.17468002074249264,0.0,1.0
7,16,4,1.65,0.65,full,16,exact enumeration,61781,5.157322796268668,0.0,65536,0.0,,0,0,68719476736,0.17468002074249264,0.0,1.0
7,16,4,1.65,0.65,full,16,MILP,61781,5.157322796268668,0.0,0,0.014872916974127293,,0,0,0,0.17468002074249264,0.0,1.0
7,16,4,1.65,0.65,full,16,annealing,3754,6.733035612755659,0.2559087559031129,89,8.512497879564762e-05,,0,0,93323264,0.17468002074249264,0.0,1.0
7,16,4,1.65,0.65,full,16,QAOA,61765,5.8927933507425765,0.11944648328647044,89,0.231644207960926,0.0016698691353532933,1,256,93323264,0.17468002074249264,0.0,1.0
7,16,4,1.65,0.65,true,4,exact LNS,3754,6.733035612755659,0.2559087559031129,16,1.249951310455799e-06,,0,0,1024,0.17468002074249264,0.0,1.0
7,16,4,1.65,0.65,true,4,annealing,3754,6.733035612755659,0.2559087559031129,89,8.041702676564455e-05,,0,0,5696,0.17468002074249264,0.0,1.0
7,16,4,1.65,0.65,true,4,QAOA,3754,6.733035612755659,0.2559087559031129,89,0.0016062080394476652,0.4307034282139156,1,256,5696,0.17468002074249264,0.0,1.0
7,16,4,1.65,0.65,inferred,4,exact LNS,3754,6.733035612755659,0.2559087559031129,16,8.749775588512421e-07,,0,0,1024,0.17468002074249264,0.0,1.0
7,16,4,1.65,0.65,inferred,4,annealing,3754,6.733035612755659,0.2559087559031129,89,7.116701453924179e-05,,0,0,5696,0.17468002074249264,0.0,1.0
7,16,4,1.65,0.65,inferred,4,QAOA,3754,6.733035612755659,0.2559087559031129,89,0.001598707982338965,0.4307034282139156,1,256,5696,0.17468002074249264,0.0,1.0
7,16,4,1.65,0.65,wrong,4,exact LNS,3754,6.733035612755659,0.2559087559031129,16,8.330680429935455e-07,,0,0,1024,0.17468002074249264,0.0,0.5
7,16,4,1.65,0.65,wrong,4,annealing,3754,6.733035612755659,0.2559087559031129,89,7.1709044277668e-05,,0,0,5696,0.17468002074249264,0.0,0.5
7,16,4,1.65,0.65,wrong,4,QAOA,3754,6.733035612755659,0.2559087559031129,89,0.0016057919710874557,0.43382019504933905,1,256,5696,0.17468002074249264,0.0,0.5
7,16,4,1.65,0.65,inferred-sensitivity,4,QAOA,3754,6.733035612755659,0.2559087559031129,89,0.00160604203119874,0.4307034282139156,1,64,5696,0.17468002074249264,0.0,1.0
7,16,4,1.65,0.65,inferred-sensitivity,4,QAOA,3754,6.733035612755659,0.2559087559031129,89,0.0026656249538064003,0.5195998050721556,2,64,5696,0.17468002074249264,0.0,1.0
7,16,4,1.65,0.65,inferred-sensitivity,4,QAOA,3754,6.733035612755659,0.2559087559031129,89,0.0026504159905016422,0.5195998050721556,2,256,5696,0.17468002074249264,0.0,1.0
7,16,4,1.65,0.65,inferred-sensitivity,4,QAOA,3754,6.733035612755659,0.2559087559031129,89,0.0026920830132439733,0.5195998050721556,2,1024,5696,0.17468002074249264,0.0,1.0
7,16,4,1.65,0.65,inferred-noise,4,QAOA,3754,6.733035612755659,0.2559087559031129,89,0.0017023748951032758,0.39388308539252403,1,256,5696,0.17468002074249264,0.1,1.0
7,16,4,1.65,0.65,inferred-noise,4,QAOA,3754,6.733035612755659,0.2559087559031129,89,0.0016600840026512742,0.3386525711604367,1,256,5696,0.17468002074249264,0.25,1.0
7,16,4,1.65,0.65,inferred-noise,4,QAOA,3754,6.733035612755659,0.2559087559031129,89,0.0015983340563252568,0.2466017141069578,1,256,5696,0.17468002074249264,0.5,1.0
8,16,4,1.65,0.65,full,16,deployed,6872,7.88189226032844,0.0,0,0.0,,0,0,0,0.2066138733651994,0.0,1.0
8,16,4,1.65,0.65,full,16,exact enumeration,6872,7.88189226032844,0.0,65536,0.0,,0,0,68719476736,0.2066138733651994,0.0,1.0
8,16,4,1.65,0.65,full,16,MILP,6872,7.88189226032844,0.0,0,0.012988958042114973,,0,0,0,0.2066138733651994,0.0,1.0
8,16,4,1.65,0.65,full,16,annealing,6872,7.88189226032844,0.0,89,8.19170381873846e-05,,0,0,93323264,0.2066138733651994,0.0,1.0
8,16,4,1.65,0.65,full,16,QAOA,51880,8.72798556360941,0.09526047811456818,89,0.22464433300774544,0.0005858167932860538,1,256,93323264,0.2066138733651994,0.0,1.0
8,16,4,1.65,0.65,true,4,exact LNS,6872,7.88189226032844,0.0,16,1.374981366097927e-06,,0,0,1024,0.2066138733651994,0.0,1.0
8,16,4,1.65,0.65,true,4,annealing,6872,7.88189226032844,0.0,89,8.249992970377207e-05,,0,0,5696,0.2066138733651994,0.0,1.0
8,16,4,1.65,0.65,true,4,QAOA,6872,7.88189226032844,0.0,89,0.0016637089429423213,0.3550583964081299,1,256,5696,0.2066138733651994,0.0,1.0
8,16,4,1.65,0.65,inferred,4,exact LNS,6872,7.88189226032844,0.0,16,9.579816833138466e-07,,0,0,1024,0.2066138733651994,0.0,1.0
8,16,4,1.65,0.65,inferred,4,annealing,6872,7.88189226032844,0.0,89,7.24999699741602e-05,,0,0,5696,0.2066138733651994,0.0,1.0
8,16,4,1.65,0.65,inferred,4,QAOA,6872,7.88189226032844,0.0,89,0.001624083030037582,0.3550583964081299,1,256,5696,0.2066138733651994,0.0,1.0
8,16,4,1.65,0.65,wrong,4,exact LNS,6872,7.88189226032844,0.0,16,8.749775588512421e-07,,0,0,1024,0.2066138733651994,0.0,0.5
8,16,4,1.65,0.65,wrong,4,annealing,6872,7.88189226032844,0.0,89,7.162499241530895e-05,,0,0,5696,0.2066138733651994,0.0,0.5
8,16,4,1.65,0.65,wrong,4,QAOA,6872,7.88189226032844,0.0,89,0.0016673329519107938,0.3877694792405876,1,256,5696,0.2066138733651994,0.0,0.5
8,16,4,1.65,0.65,inferred-sensitivity,4,QAOA,6872,7.88189226032844,0.0,89,0.001685208990238607,0.3550583964081299,1,64,5696,0.2066138733651994,0.0,1.0
8,16,4,1.65,0.65,inferred-sensitivity,4,QAOA,6872,7.88189226032844,0.0,89,0.0026521249674260616,0.3617539579713905,2,64,5696,0.2066138733651994,0.0,1.0
8,16,4,1.65,0.65,inferred-sensitivity,4,QAOA,6872,7.88189226032844,0.0,89,0.0026415829779580235,0.3617539579713905,2,256,5696,0.2066138733651994,0.0,1.0
8,16,4,1.65,0.65,inferred-sensitivity,4,QAOA,6872,7.88189226032844,0.0,89,0.0027465419843792915,0.3617539579713905,2,1024,5696,0.2066138733651994,0.0,1.0
8,16,4,1.65,0.65,inferred-noise,4,QAOA,6872,7.88189226032844,0.0,89,0.0016262499848380685,0.3258025567673169,1,256,5696,0.2066138733651994,0.1,1.0
8,16,4,1.65,0.65,inferred-noise,4,QAOA,6872,7.88189226032844,0.0,89,0.001666500000283122,0.2819187973060974,1,256,5696,0.2066138733651994,0.25,1.0
8,16,4,1.65,0.65,inferred-noise,4,QAOA,6872,7.88189226032844,0.0,89,0.0016528329579159617,0.20877919820406496,1,256,5696,0.2066138733651994,0.5,1.0
9,16,4,1.65,0.65,full,16,deployed,24364,6.406672271367565,0.2018010263533616,0,0.0,,0,0,0,0.3288242250886208,0.0,1.0
9,16,4,1.65,0.65,full,16,exact enumeration,16288,5.162977155912168,0.0,65536,0.0,,0,0,68719476736,0.3288242250886208,0.0,1.0
9,16,4,1.65,0.65,full,16,MILP,16288,5.162977155912168,0.0,0,0.013684458914212883,,0,0,0,0.3288242250886208,0.0,1.0
9,16,4,1.65,0.65,full,16,annealing,16288,5.162977155912168,0.0,89,8.825003169476986e-05,,0,0,93323264,0.3288242250886208,0.0,1.0
9,16,4,1.65,0.65,full,16,QAOA,35065,6.393895996404954,0.19972795766603813,89,0.23034270794596523,0.0008230735152096215,1,256,93323264,0.3288242250886208,0.0,1.0
9,16,4,1.65,0.65,true,4,exact LNS,24364,6.406672271367565,0.2018010263533616,16,1.6249250620603561e-06,,0,0,1024,0.3288242250886208,0.0,1.0
9,16,4,1.65,0.65,true,4,annealing,24364,6.406672271367565,0.2018010263533616,89,7.808406371623278e-05,,0,0,5696,0.3288242250886208,0.0,1.0
9,16,4,1.65,0.65,true,4,QAOA,24364,6.406672271367565,0.2018010263533616,89,0.0017132079228758812,0.309644216788291,1,256,5696,0.3288242250886208,0.0,1.0
9,16,4,1.65,0.65,inferred,4,exact LNS,24364,6.406672271367565,0.2018010263533616,16,1.5420373529195786e-06,,0,0,1024,0.3288242250886208,0.0,1.0
9,16,4,1.65,0.65,inferred,4,annealing,24364,6.406672271367565,0.2018010263533616,89,8.212495595216751e-05,,0,0,5696,0.3288242250886208,0.0,1.0
9,16,4,1.65,0.65,inferred,4,QAOA,24364,6.406672271367565,0.2018010263533616,89,0.0016624580603092909,0.309644216788291,1,256,5696,0.3288242250886208,0.0,1.0
9,16,4,1.65,0.65,wrong,4,exact LNS,24364,6.406672271367565,0.2018010263533616,16,9.160721674561501e-07,,0,0,1024,0.3288242250886208,0.0,0.5
9,16,4,1.65,0.65,wrong,4,annealing,24364,6.406672271367565,0.2018010263533616,89,7.54999928176403e-05,,0,0,5696,0.3288242250886208,0.0,0.5
9,16,4,1.65,0.65,wrong,4,QAOA,24364,6.406672271367565,0.2018010263533616,89,0.0016001249896362424,0.40600524651264075,1,256,5696,0.3288242250886208,0.0,0.5
9,16,4,1.65,0.65,inferred-sensitivity,4,QAOA,24364,6.406672271367565,0.2018010263533616,89,0.0016609580488875508,0.309644216788291,1,64,5696,0.3288242250886208,0.0,1.0
9,16,4,1.65,0.65,inferred-sensitivity,4,QAOA,24364,6.406672271367565,0.2018010263533616,89,0.0025994589086622,0.30959927188159453,2,64,5696,0.3288242250886208,0.0,1.0
9,16,4,1.65,0.65,inferred-sensitivity,4,QAOA,24364,6.406672271367565,0.2018010263533616,89,0.0026507910806685686,0.30959927188159453,2,256,5696,0.3288242250886208,0.0,1.0
9,16,4,1.65,0.65,inferred-sensitivity,4,QAOA,24364,6.406672271367565,0.2018010263533616,89,0.002658125013113022,0.30959927188159453,2,1024,5696,0.3288242250886208,0.0,1.0
9,16,4,1.65,0.65,inferred-noise,4,QAOA,24364,6.406672271367565,0.2018010263533616,89,0.0016271659405902028,0.2849297951094619,1,256,5696,0.3288242250886208,0.1,1.0
9,16,4,1.65,0.65,inferred-noise,4,QAOA,24364,6.406672271367565,0.2018010263533616,89,0.001614667009562254,0.24785816259121826,1,256,5696,0.3288242250886208,0.25,1.0
9,16,4,1.65,0.65,inferred-noise,4,QAOA,24364,6.406672271367565,0.2018010263533616,89,0.00159987504594028,0.1860721083941455,1,256,5696,0.3288242250886208,0.5,1.0
10,16,4,1.65,0.65,full,16,deployed,51749,10.385427358216395,0.24393344102236805,0,0.0,,0,0,0,0.3391580039949075,0.0,1.0
10,16,4,1.65,0.65,full,16,exact enumeration,9434,8.152762505410983,0.0,65536,0.0,,0,0,68719476736,0.3391580039949075,0.0,1.0
10,16,4,1.65,0.65,full,16,MILP,9434,8.152762505410983,0.0,0,0.02610016707330942,,0,0,0,0.3391580039949075,0.0,1.0
10,16,4,1.65,0.65,full,16,annealing,51749,10.385427358216395,0.24393344102236805,89,9.445799514651299e-05,,0,0,93323264,0.3391580039949075,0.0,1.0
10,16,4,1.65,0.65,full,16,QAOA,9434,8.152762505410983,0.0,89,0.2327167500043288,0.00044126765411535624,1,256,93323264,0.3391580039949075,0.0,1.0
10,16,4,1.65,0.65,true,4,exact LNS,51749,10.385427358216395,0.24393344102236805,16,1.5830155462026596e-06,,0,0,1024,0.3391580039949075,0.0,1.0
10,16,4,1.65,0.65,true,4,annealing,51749,10.385427358216395,0.24393344102236805,89,8.233299013227224e-05,,0,0,5696,0.3391580039949075,0.0,1.0
10,16,4,1.65,0.65,true,4,QAOA,51749,10.385427358216395,0.24393344102236805,89,0.0016531250439584255,0.32933090922000374,1,256,5696,0.3391580039949075,0.0,1.0
10,16,4,1.65,0.65,inferred,4,exact LNS,51749,10.385427358216395,0.24393344102236805,16,1.0420335456728935e-06,,0,0,1024,0.3391580039949075,0.0,0.5
10,16,4,1.65,0.65,inferred,4,annealing,51749,10.385427358216395,0.24393344102236805,89,6.770901381969452e-05,,0,0,5696,0.3391580039949075,0.0,0.5
10,16,4,1.65,0.65,inferred,4,QAOA,51749,10.385427358216395,0.24393344102236805,89,0.0015952499816194177,0.11982339373477378,1,256,5696,0.3391580039949075,0.0,0.5
10,16,4,1.65,0.65,wrong,4,exact LNS,51749,10.385427358216395,0.24393344102236805,16,1.00000761449337e-06,,0,0,1024,0.3391580039949075,0.0,0.5
10,16,4,1.65,0.65,wrong,4,annealing,51749,10.385427358216395,0.24393344102236805,89,7.170799653977156e-05,,0,0,5696,0.3391580039949075,0.0,0.5
10,16,4,1.65,0.65,wrong,4,QAOA,51749,10.385427358216395,0.24393344102236805,89,0.001612916006706655,0.4196989543587815,1,256,5696,0.3391580039949075,0.0,0.5
10,16,4,1.65,0.65,inferred-sensitivity,4,QAOA,51749,10.385427358216395,0.24393344102236805,89,0.0015967088984325528,0.11982339373477378,1,64,5696,0.3391580039949075,0.0,0.5
10,16,4,1.65,0.65,inferred-sensitivity,4,QAOA,51749,10.385427358216395,0.24393344102236805,89,0.0026098749367520213,0.1869468224451547,2,64,5696,0.3391580039949075,0.0,0.5
10,16,4,1.65,0.65,inferred-sensitivity,4,QAOA,51749,10.385427358216395,0.24393344102236805,89,0.0027104169130325317,0.1869468224451547,2,256,5696,0.3391580039949075,0.0,0.5
10,16,4,1.65,0.65,inferred-sensitivity,4,QAOA,51749,10.385427358216395,0.24393344102236805,89,0.002615459030494094,0.1869468224451547,2,1024,5696,0.3391580039949075,0.0,0.5
10,16,4,1.65,0.65,inferred-noise,4,QAOA,51749,10.385427358216395,0.24393344102236805,89,0.001593374996446073,0.1140910543612964,1,256,5696,0.3391580039949075,0.1,0.5
10,16,4,1.65,0.65,inferred-noise,4,QAOA,51749,10.385427358216395,0.24393344102236805,89,0.0015780000248923898,0.10549254530108033,1,256,5696,0.3391580039949075,0.25,0.5
10,16,4,1.65,0.65,inferred-noise,4,QAOA,51749,10.385427358216395,0.24393344102236805,89,0.0015590409748256207,0.0911616968673869,1,256,5696,0.3391580039949075,0.5,0.5
11,16,4,1.65,0.65,full,16,deployed,62296,4.876061471280863,0.19529614602799286,0,0.0,,0,0,0,0.08155290051020574,0.0,1.0
11,16,4,1.65,0.65,full,16,exact enumeration,58218,3.915987967339477,0.0,65536,0.0,,0,0,68719476736,0.08155290051020574,0.0,1.0
11,16,4,1.65,0.65,full,16,MILP,58218,3.915987967339477,0.0,0,0.012002667062915862,,0,0,0,0.08155290051020574,0.0,1.0
11,16,4,1.65,0.65,full,16,annealing,62296,4.876061471280863,0.19529614602799286,89,7.954193279147148e-05,,0,0,93323264,0.08155290051020574,0.0,1.0
11,16,4,1.65,0.65,full,16,QAOA,58210,3.980045908014307,0.013030532438324516,89,0.2328847920289263,0.0016388199293096812,1,256,93323264,0.08155290051020574,0.0,1.0
11,16,4,1.65,0.65,true,4,exact LNS,62296,4.876061471280863,0.19529614602799286,16,1.459033228456974e-06,,0,0,1024,0.08155290051020574,0.0,1.0
11,16,4,1.65,0.65,true,4,annealing,62296,4.876061471280863,0.19529614602799286,89,7.658300455659628e-05,,0,0,5696,0.08155290051020574,0.0,1.0
11,16,4,1.65,0.65,true,4,QAOA,62296,4.876061471280863,0.19529614602799286,89,0.0016452079871669412,0.7849563717598737,1,256,5696,0.08155290051020574,0.0,1.0
11,16,4,1.65,0.65,inferred,4,exact LNS,62296,4.876061471280863,0.19529614602799286,16,1.084059476852417e-06,,0,0,1024,0.08155290051020574,0.0,0.75
11,16,4,1.65,0.65,inferred,4,annealing,62296,4.876061471280863,0.19529614602799286,89,6.962509360164404e-05,,0,0,5696,0.08155290051020574,0.0,0.75
11,16,4,1.65,0.65,inferred,4,QAOA,62296,4.876061471280863,0.19529614602799286,89,0.001515583018772304,0.4773406927830608,1,256,5696,0.08155290051020574,0.0,0.75
11,16,4,1.65,0.65,wrong,4,exact LNS,62296,4.876061471280863,0.19529614602799286,16,8.329516276717186e-07,,0,0,1024,0.08155290051020574,0.0,0.5
11,16,4,1.65,0.65,wrong,4,annealing,62296,4.876061471280863,0.19529614602799286,89,6.687501445412636e-05,,0,0,5696,0.08155290051020574,0.0,0.5
11,16,4,1.65,0.65,wrong,4,QAOA,62296,4.876061471280863,0.19529614602799286,89,0.001567541970871389,0.5942551056057326,1,256,5696,0.08155290051020574,0.0,0.5
11,16,4,1.65,0.65,inferred-sensitivity,4,QAOA,62296,4.876061471280863,0.19529614602799286,89,0.0015755840577185154,0.4773406927830608,1,64,5696,0.08155290051020574,0.0,0.75
11,16,4,1.65,0.65,inferred-sensitivity,4,QAOA,62296,4.876061471280863,0.19529614602799286,89,0.0025851659011095762,0.494171176364212,2,64,5696,0.08155290051020574,0.0,0.75
11,16,4,1.65,0.65,inferred-sensitivity,4,QAOA,62296,4.876061471280863,0.19529614602799286,89,0.002539458917453885,0.494171176364212,2,256,5696,0.08155290051020574,0.0,0.75
11,16,4,1.65,0.65,inferred-sensitivity,4,QAOA,62296,4.876061471280863,0.19529614602799286,89,0.002466042060405016,0.494171176364212,2,1024,5696,0.08155290051020574,0.0,0.75
11,16,4,1.65,0.65,inferred-noise,4,QAOA,62296,4.876061471280863,0.19529614602799286,89,0.0015363330021500587,0.4358566235047547,1,256,5696,0.08155290051020574,0.1,0.75
11,16,4,1.65,0.65,inferred-noise,4,QAOA,62296,4.876061471280863,0.19529614602799286,89,0.001540832919999957,0.3736305195872956,1,256,5696,0.08155290051020574,0.25,0.75
11,16,4,1.65,0.65,inferred-noise,4,QAOA,62296,4.876061471280863,0.19529614602799286,89,0.001536875031888485,0.2699203463915304,1,256,5696,0.08155290051020574,0.5,0.75
0,16,4,1.65,1.35,full,16,deployed,36584,7.359493764997059,0.073400223348844,0,0.0,,0,0,0,0.07845679936979463,0.0,1.0
0,16,4,1.65,1.35,full,16,exact enumeration,44388,6.787862889497751,0.0,65536,0.0,,0,0,68719476736,0.07845679936979463,0.0,1.0
0,16,4,1.65,1.35,full,16,MILP,44388,6.787862889497751,0.0,0,0.015753874904476106,,0,0,0,0.07845679936979463,0.0,1.0
0,16,4,1.65,1.35,full,16,annealing,36584,7.359493764997059,0.073400223348844,89,7.750000804662704e-05,,0,0,93323264,0.07845679936979463,0.0,1.0
0,16,4,1.65,1.35,full,16,QAOA,52332,9.584034592151152,0.35904223563362325,89,0.23061200010124594,0.0008390096971780948,1,256,93323264,0.07845679936979463,0.0,1.0
0,16,4,1.65,1.35,true,4,exact LNS,36584,7.359493764997059,0.073400223348844,16,1.4170072972774506e-06,,0,0,1024,0.07845679936979463,0.0,1.0
0,16,4,1.65,1.35,true,4,annealing,36584,7.359493764997059,0.073400223348844,89,7.724994793534279e-05,,0,0,5696,0.07845679936979463,0.0,1.0
0,16,4,1.65,1.35,true,4,QAOA,36584,7.359493764997059,0.073400223348844,89,0.0016121669905260205,0.41072139412073205,1,256,5696,0.07845679936979463,0.0,1.0
0,16,4,1.65,1.35,inferred,4,exact LNS,36584,7.359493764997059,0.073400223348844,16,9.170034900307655e-07,,0,0,1024,0.07845679936979463,0.0,1.0
0,16,4,1.65,1.35,inferred,4,annealing,36584,7.359493764997059,0.073400223348844,89,7.041706703603268e-05,,0,0,5696,0.07845679936979463,0.0,1.0
0,16,4,1.65,1.35,inferred,4,QAOA,36584,7.359493764997059,0.073400223348844,89,0.0016167910071089864,0.41072139412073205,1,256,5696,0.07845679936979463,0.0,1.0
0,16,4,1.65,1.35,wrong,4,exact LNS,36584,7.359493764997059,0.073400223348844,16,8.749775588512421e-07,,0,0,1024,0.07845679936979463,0.0,0.5
0,16,4,1.65,1.35,wrong,4,annealing,36584,7.359493764997059,0.073400223348844,89,7.254199590533972e-05,,0,0,5696,0.07845679936979463,0.0,0.5
0,16,4,1.65,1.35,wrong,4,QAOA,36584,7.359493764997059,0.073400223348844,89,0.0016197089571505785,0.5352956127317234,1,256,5696,0.07845679936979463,0.0,0.5
0,16,4,1.65,1.35,inferred-sensitivity,4,QAOA,36584,7.359493764997059,0.073400223348844,89,0.0016080000204965472,0.41072139412073205,1,64,5696,0.07845679936979463,0.0,1.0
0,16,4,1.65,1.35,inferred-sensitivity,4,QAOA,36584,7.359493764997059,0.073400223348844,89,0.0026470000157132745,0.4240794159049233,2,64,5696,0.07845679936979463,0.0,1.0
0,16,4,1.65,1.35,inferred-sensitivity,4,QAOA,36584,7.359493764997059,0.073400223348844,89,0.0025363749591633677,0.4240794159049233,2,256,5696,0.07845679936979463,0.0,1.0
0,16,4,1.65,1.35,inferred-sensitivity,4,QAOA,36584,7.359493764997059,0.073400223348844,89,0.002542541013099253,0.4240794159049233,2,1024,5696,0.07845679936979463,0.0,1.0
0,16,4,1.65,1.35,inferred-noise,4,QAOA,36584,7.359493764997059,0.073400223348844,89,0.001573749934323132,0.3758992547086588,1,256,5696,0.07845679936979463,0.1,1.0
0,16,4,1.65,1.35,inferred-noise,4,QAOA,36584,7.359493764997059,0.073400223348844,89,0.001541542005725205,0.323666045590549,1,256,5696,0.07845679936979463,0.25,1.0
0,16,4,1.65,1.35,inferred-noise,4,QAOA,36584,7.359493764997059,0.073400223348844,89,0.0015312919858843088,0.23661069706036603,1,256,5696,0.07845679936979463,0.5,1.0
1,16,4,1.65,1.35,full,16,deployed,25391,5.49010941630775,0.0,0,0.0,,0,0,0,0.10846343653923242,0.0,1.0
1,16,4,1.65,1.35,full,16,exact enumeration,25391,5.49010941630775,0.0,65536,0.0,,0,0,68719476736,0.10846343653923242,0.0,1.0
1,16,4,1.65,1.35,full,16,MILP,25391,5.49010941630775,0.0,0,0.012163291918113828,,0,0,0,0.10846343653923242,0.0,1.0
1,16,4,1.65,1.35,full,16,annealing,25391,5.49010941630775,0.0,89,7.875007577240467e-05,,0,0,93323264,0.10846343653923242,0.0,1.0
1,16,4,1.65,1.35,full,16,QAOA,25391,5.49010941630775,0.0,89,0.22529424994718283,0.003053538456813167,1,256,93323264,0.10846343653923242,0.0,1.0
1,16,4,1.65,1.35,true,4,exact LNS,25391,5.49010941630775,0.0,16,1.125037670135498e-06,,0,0,1024,0.10846343653923242,0.0,1.0
1,16,4,1.65,1.35,true,4,annealing,25391,5.49010941630775,0.0,89,7.658300455659628e-05,,0,0,5696,0.10846343653923242,0.0,1.0
1,16,4,1.65,1.35,true,4,QAOA,25391,5.49010941630775,0.0,89,0.0015852500218898058,0.2944463839348243,1,256,5696,0.10846343653923242,0.0,1.0
1,16,4,1.65,1.35,inferred,4,exact LNS,25391,5.49010941630775,0.0,16,8.749775588512421e-07,,0,0,1024,0.10846343653923242,0.0,1.0
1,16,4,1.65,1.35,inferred,4,annealing,25391,5.49010941630775,0.0,89,8.070794865489006e-05,,0,0,5696,0.10846343653923242,0.0,1.0
1,16,4,1.65,1.35,inferred,4,QAOA,25391,5.49010941630775,0.0,89,0.001630042097531259,0.2944463839348243,1,256,5696,0.10846343653923242,0.0,1.0
1,16,4,1.65,1.35,wrong,4,exact LNS,25391,5.49010941630775,0.0,16,8.33999365568161e-07,,0,0,1024,0.10846343653923242,0.0,0.5
1,16,4,1.65,1.35,wrong,4,annealing,25391,5.49010941630775,0.0,89,7.129204459488392e-05,,0,0,5696,0.10846343653923242,0.0,0.5
1,16,4,1.65,1.35,wrong,4,QAOA,25391,5.49010941630775,0.0,89,0.001590374973602593,0.6627021608734107,1,256,5696,0.10846343653923242,0.0,0.5
1,16,4,1.65,1.35,inferred-sensitivity,4,QAOA,25391,5.49010941630775,0.0,89,0.0015876670368015766,0.2944463839348243,1,64,5696,0.10846343653923242,0.0,1.0
1,16,4,1.65,1.35,inferred-sensitivity,4,QAOA,25391,5.49010941630775,0.0,89,0.0025927500100806355,0.2959200434907321,2,64,5696,0.10846343653923242,0.0,1.0
1,16,4,1.65,1.35,inferred-sensitivity,4,QAOA,25391,5.49010941630775,0.0,89,0.0025265830336138606,0.2959200434907321,2,256,5696,0.10846343653923242,0.0,1.0
1,16,4,1.65,1.35,inferred-sensitivity,4,QAOA,25391,5.49010941630775,0.0,89,0.002529707970097661,0.2959200434907321,2,1024,5696,0.10846343653923242,0.0,1.0
1,16,4,1.65,1.35,inferred-noise,4,QAOA,25391,5.49010941630775,0.0,89,0.001545957988128066,0.27125174554134185,1,256,5696,0.10846343653923242,0.1,1.0
1,16,4,1.65,1.35,inferred-noise,4,QAOA,25391,5.49010941630775,0.0,89,0.001537958043627441,0.23645978795111822,1,256,5696,0.10846343653923242,0.25,1.0
1,16,4,1.65,1.35,inferred-noise,4,QAOA,25391,5.49010941630775,0.0,89,0.0016191250178962946,0.17847319196741215,1,256,5696,0.10846343653923242,0.5,1.0
2,16,4,1.65,1.35,full,16,deployed,29237,8.480641391986316,0.0,0,0.0,,0,0,0,0.3894033537569579,0.0,1.0
2,16,4,1.65,1.35,full,16,exact enumeration,29237,8.480641391986316,0.0,65536,0.0,,0,0,68719476736,0.3894033537569579,0.0,1.0
2,16,4,1.65,1.35,full,16,MILP,29237,8.480641391986316,0.0,0,0.01738270791247487,,0,0,0,0.3894033537569579,0.0,1.0
2,16,4,1.65,1.35,full,16,annealing,29237,8.480641391986316,0.0,89,7.874995935708284e-05,,0,0,93323264,0.3894033537569579,0.0,1.0
2,16,4,1.65,1.35,full,16,QAOA,36170,10.486661881887484,0.21159122120121465,89,0.22697054198943079,0.0008499448657469382,1,256,93323264,0.3894033537569579,0.0,1.0
2,16,4,1.65,1.35,true,4,exact LNS,29237,8.480641391986316,0.0,16,1.2919772416353226e-06,,0,0,1024,0.3894033537569579,0.0,1.0
2,16,4,1.65,1.35,true,4,annealing,29237,8.480641391986316,0.0,89,7.112498860806227e-05,,0,0,5696,0.3894033537569579,0.0,1.0
2,16,4,1.65,1.35,true,4,QAOA,29237,8.480641391986316,0.0,89,0.0015752080362290144,0.44541471808843447,1,256,5696,0.3894033537569579,0.0,1.0
2,16,4,1.65,1.35,inferred,4,exact LNS,29237,8.480641391986316,0.0,16,9.170034900307655e-07,,0,0,1024,0.3894033537569579,0.0,1.0
2,16,4,1.65,1.35,inferred,4,annealing,29237,8.480641391986316,0.0,89,7.11251050233841e-05,,0,0,5696,0.3894033537569579,0.0,1.0
2,16,4,1.65,1.35,inferred,4,QAOA,29237,8.480641391986316,0.0,89,0.0015543329063802958,0.44541471808843447,1,256,5696,0.3894033537569579,0.0,1.0
2,16,4,1.65,1.35,wrong,4,exact LNS,29237,8.480641391986316,0.0,16,8.749775588512421e-07,,0,0,1024,0.3894033537569579,0.0,0.5
2,16,4,1.65,1.35,wrong,4,annealing,29237,8.480641391986316,0.0,89,7.008295506238937e-05,,0,0,5696,0.3894033537569579,0.0,0.5
2,16,4,1.65,1.35,wrong,4,QAOA,29237,8.480641391986316,0.0,89,0.0015504159964621067,0.31871590173428677,1,256,5696,0.3894033537569579,0.0,0.5
2,16,4,1.65,1.35,inferred-sensitivity,4,QAOA,29237,8.480641391986316,0.0,89,0.0015513749094679952,0.44541471808843447,1,64,5696,0.3894033537569579,0.0,1.0
2,16,4,1.65,1.35,inferred-sensitivity,4,QAOA,29237,8.480641391986316,0.0,89,0.002523624920286238,0.4454475481398895,2,64,5696,0.3894033537569579,0.0,1.0
2,16,4,1.65,1.35,inferred-sensitivity,4,QAOA,29237,8.480641391986316,0.0,89,0.0024832910858094692,0.4454475481398895,2,256,5696,0.3894033537569579,0.0,1.0
2,16,4,1.65,1.35,inferred-sensitivity,4,QAOA,29237,8.480641391986316,0.0,89,0.0025111670838668942,0.4454475481398895,2,1024,5696,0.3894033537569579,0.0,1.0
2,16,4,1.65,1.35,inferred-noise,4,QAOA,29237,8.480641391986316,0.0,89,0.0015453749801963568,0.407123246279591,1,256,5696,0.3894033537569579,0.1,1.0
2,16,4,1.65,1.35,inferred-noise,4,QAOA,29237,8.480641391986316,0.0,89,0.0015419169794768095,0.34968603856632585,1,256,5696,0.3894033537569579,0.25,1.0
2,16,4,1.65,1.35,inferred-noise,4,QAOA,29237,8.480641391986316,0.0,89,0.0015397920506075025,0.25395735904421723,1,256,5696,0.3894033537569579,0.5,1.0
3,16,4,1.65,1.35,full,16,deployed,2876,6.870140870919219,0.4440813099645394,0,0.0,,0,0,0,0.5745746771885244,0.0,1.0
3,16,4,1.65,1.35,full,16,exact enumeration,8914,4.449929181004688,0.0,65536,0.0,,0,0,68719476736,0.5745746771885244,0.0,1.0
3,16,4,1.65,1.35,full,16,MILP,8914,4.449929181004688,0.0,0,0.012548208003863692,,0,0,0,0.5745746771885244,0.0,1.0
3,16,4,1.65,1.35,full,16,annealing,18874,6.865192243159092,0.44317329307188424,89,8.129200432449579e-05,,0,0,93323264,0.5745746771885244,0.0,1.0
3,16,4,1.65,1.35,full,16,QAOA,9170,4.952108004461693,0.09214410073571441,89,0.22547862492501736,0.0005019497627411259,1,256,93323264,0.5745746771885244,0.0,1.0
3,16,4,1.65,1.35,true,4,exact LNS,2876,6.870140870919219,0.4440813099645394,16,1.208973117172718e-06,,0,0,1024,0.5745746771885244,0.0,1.0
3,16,4,1.65,1.35,true,4,annealing,2876,6.870140870919219,0.4440813099645394,89,7.12500186637044e-05,,0,0,5696,0.5745746771885244,0.0,1.0
3,16,4,1.65,1.35,true,4,QAOA,2876,6.870140870919219,0.4440813099645394,89,0.001593374996446073,0.29225252417039205,1,256,5696,0.5745746771885244,0.0,1.0
3,16,4,1.65,1.35,inferred,4,exact LNS,2876,6.870140870919219,0.4440813099645394,16,8.329516276717186e-07,,0,0,1024,0.5745746771885244,0.0,0.5
3,16,4,1.65,1.35,inferred,4,annealing,2876,6.870140870919219,0.4440813099645394,89,7.02909892424941e-05,,0,0,5696,0.5745746771885244,0.0,0.5
3,16,4,1.65,1.35,inferred,4,QAOA,2876,6.870140870919219,0.4440813099645394,89,0.0016332499217242002,0.4668566095921198,1,256,5696,0.5745746771885244,0.0,0.5
3,16,4,1.65,1.35,wrong,4,exact LNS,2876,6.870140870919219,0.4440813099645394,16,7.909256964921951e-07,,0,0,1024,0.5745746771885244,0.0,0.5
3,16,4,1.65,1.35,wrong,4,annealing,2876,6.870140870919219,0.4440813099645394,89,7.13749323040247e-05,,0,0,5696,0.5745746771885244,0.0,0.5
3,16,4,1.65,1.35,wrong,4,QAOA,2876,6.870140870919219,0.4440813099645394,89,0.0015763340052217245,0.3158702649780029,1,256,5696,0.5745746771885244,0.0,0.5
3,16,4,1.65,1.35,inferred-sensitivity,4,QAOA,2876,6.870140870919219,0.4440813099645394,89,0.0015569169772788882,0.4668566095921198,1,64,5696,0.5745746771885244,0.0,0.5
3,16,4,1.65,1.35,inferred-sensitivity,4,QAOA,2876,6.870140870919219,0.4440813099645394,89,0.002587208990007639,0.4765610421434705,2,64,5696,0.5745746771885244,0.0,0.5
3,16,4,1.65,1.35,inferred-sensitivity,4,QAOA,2876,6.870140870919219,0.4440813099645394,89,0.0025737499818205833,0.4765610421434705,2,256,5696,0.5745746771885244,0.0,0.5
3,16,4,1.65,1.35,inferred-sensitivity,4,QAOA,2876,6.870140870919219,0.4440813099645394,89,0.0025649579474702477,0.4765610421434705,2,1024,5696,0.5745746771885244,0.0,0.5
3,16,4,1.65,1.35,inferred-noise,4,QAOA,2876,6.870140870919219,0.4440813099645394,89,0.0015582500491291285,0.4264209486329078,1,256,5696,0.5745746771885244,0.1,0.5
3,16,4,1.65,1.35,inferred-noise,4,QAOA,2876,6.870140870919219,0.4440813099645394,89,0.0015848749317228794,0.3657674571940898,1,256,5696,0.5745746771885244,0.25,0.5
3,16,4,1.65,1.35,inferred-noise,4,QAOA,2876,6.870140870919219,0.4440813099645394,89,0.0015112500404939055,0.2646783047960599,1,256,5696,0.5745746771885244,0.5,0.5
4,16,4,1.65,1.35,full,16,deployed,49963,9.410752170105983,0.025766120413417363,0,0.0,,0,0,0,0.19078961760075658,0.0,1.0
4,16,4,1.65,1.35,full,16,exact enumeration,15316,9.149245488737831,0.0,65536,0.0,,0,0,68719476736,0.19078961760075658,0.0,1.0
4,16,4,1.65,1.35,full,16,MILP,15316,9.149245488737831,0.0,0,0.027391500072553754,,0,0,0,0.19078961760075658,0.0,1.0
4,16,4,1.65,1.35,full,16,annealing,49963,9.410752170105983,0.025766120413417363,89,7.691700011491776e-05,,0,0,93323264,0.19078961760075658,0.0,1.0
4,16,4,1.65,1.35,full,16,QAOA,49451,9.424567477290797,0.02712733560918181,89,0.22637774993199855,0.0012186468618944368,1,256,93323264,0.19078961760075658,0.0,1.0
4,16,4,1.65,1.35,true,4,exact LNS,49963,9.410752170105983,0.025766120413417363,16,1.249951310455799e-06,,0,0,1024,0.19078961760075658,0.0,1.0
4,16,4,1.65,1.35,true,4,annealing,49963,9.410752170105983,0.025766120413417363,89,7.679103873670101e-05,,0,0,5696,0.19078961760075658,0.0,1.0
4,16,4,1.65,1.35,true,4,QAOA,49963,9.410752170105983,0.025766120413417363,89,0.0016005419893190265,0.7763948791867648,1,256,5696,0.19078961760075658,0.0,1.0
4,16,4,1.65,1.35,inferred,4,exact LNS,49963,9.410752170105983,0.025766120413417363,16,8.33999365568161e-07,,0,0,1024,0.19078961760075658,0.0,0.75
4,16,4,1.65,1.35,inferred,4,annealing,49963,9.410752170105983,0.025766120413417363,89,7.062498480081558e-05,,0,0,5696,0.19078961760075658,0.0,0.75
4,16,4,1.65,1.35,inferred,4,QAOA,49963,9.410752170105983,0.025766120413417363,89,0.0017171669751405716,0.3972319691278296,1,256,5696,0.19078961760075658,0.0,0.75
4,16,4,1.65,1.35,wrong,4,exact LNS,49963,9.410752170105983,0.025766120413417363,16,1.00000761449337e-06,,0,0,1024,0.19078961760075658,0.0,0.5
4,16,4,1.65,1.35,wrong,4,annealing,49963,9.410752170105983,0.025766120413417363,89,7.004104554653168e-05,,0,0,5696,0.19078961760075658,0.0,0.5
4,16,4,1.65,1.35,wrong,4,QAOA,49963,9.410752170105983,0.025766120413417363,89,0.0015327089931815863,0.7252171019493733,1,256,5696,0.19078961760075658,0.0,0.5
4,16,4,1.65,1.35,inferred-sensitivity,4,QAOA,49963,9.410752170105983,0.025766120413417363,89,0.0015930000226944685,0.3972319691278296,1,64,5696,0.19078961760075658,0.0,0.75
4,16,4,1.65,1.35,inferred-sensitivity,4,QAOA,49963,9.410752170105983,0.025766120413417363,89,0.002591166994534433,0.3972018773069862,2,64,5696,0.19078961760075658,0.0,0.75
4,16,4,1.65,1.35,inferred-sensitivity,4,QAOA,49963,9.410752170105983,0.025766120413417363,89,0.0025921249762177467,0.3972018773069862,2,256,5696,0.19078961760075658,0.0,0.75
4,16,4,1.65,1.35,inferred-sensitivity,4,QAOA,49963,9.410752170105983,0.025766120413417363,89,0.0024853330105543137,0.3972018773069862,2,1024,5696,0.19078961760075658,0.0,0.75
4,16,4,1.65,1.35,inferred-noise,4,QAOA,49963,9.410752170105983,0.025766120413417363,89,0.0015580829931423068,0.3637587722150466,1,256,5696,0.19078961760075658,0.1,0.75
4,16,4,1.65,1.35,inferred-noise,4,QAOA,49963,9.410752170105983,0.025766120413417363,89,0.0015530000673606992,0.3135489768458722,1,256,5696,0.19078961760075658,0.25,0.75
4,16,4,1.65,1.35,inferred-noise,4,QAOA,49963,9.410752170105983,0.025766120413417363,89,0.0015593749703839421,0.2298659845639148,1,256,5696,0.19078961760075658,0.5,0.75
5,16,4,1.65,1.35,full,16,deployed,58805,9.420377825919378,0.06463376486059826,0,0.0,,0,0,0,0.092234671502774,0.0,1.0
5,16,4,1.65,1.35,full,16,exact enumeration,46487,8.787758166099314,0.0,65536,0.0,,0,0,68719476736,0.092234671502774,0.0,1.0
5,16,4,1.65,1.35,full,16,MILP,46487,8.787758166099314,0.0,0,0.03347575000952929,,0,0,0,0.092234671502774,0.0,1.0
5,16,4,1.65,1.35,full,16,annealing,58805,9.420377825919378,0.06463376486059826,89,8.26249597594142e-05,,0,0,93323264,0.092234671502774,0.0,1.0
5,16,4,1.65,1.35,full,16,QAOA,46487,8.787758166099314,0.0,89,0.2241234160028398,0.00048261894312736915,1,256,93323264,0.092234671502774,0.0,1.0
5,16,4,1.65,1.35,true,4,exact LNS,58805,9.420377825919378,0.06463376486059826,16,1.374981366097927e-06,,0,0,1024,0.092234671502774,0.0,1.0
5,16,4,1.65,1.35,true,4,annealing,58805,9.420377825919378,0.06463376486059826,89,7.533293683081865e-05,,0,0,5696,0.092234671502774,0.0,1.0
5,16,4,1.65,1.35,true,4,QAOA,58805,9.420377825919378,0.06463376486059826,89,0.001554290996864438,0.15729260350504903,1,256,5696,0.092234671502774,0.0,1.0
5,16,4,1.65,1.35,inferred,4,exact LNS,58805,9.420377825919378,0.06463376486059826,16,8.329516276717186e-07,,0,0,1024,0.092234671502774,0.0,1.0
5,16,4,1.65,1.35,inferred,4,annealing,58805,9.420377825919378,0.06463376486059826,89,6.683298852294683e-05,,0,0,5696,0.092234671502774,0.0,1.0
5,16,4,1.65,1.35,inferred,4,QAOA,58805,9.420377825919378,0.06463376486059826,89,0.0015605420339852571,0.15729260350504903,1,256,5696,0.092234671502774,0.0,1.0
5,16,4,1.65,1.35,wrong,4,exact LNS,58805,9.420377825919378,0.06463376486059826,16,8.330680429935455e-07,,0,0,1024,0.092234671502774,0.0,0.5
5,16,4,1.65,1.35,wrong,4,annealing,58805,9.420377825919378,0.06463376486059826,89,7.033406291157007e-05,,0,0,5696,0.092234671502774,0.0,0.5
5,16,4,1.65,1.35,wrong,4,QAOA,58805,9.420377825919378,0.06463376486059826,89,0.0015594169963151217,0.5559806210017627,1,256,5696,0.092234671502774,0.0,0.5
5,16,4,1.65,1.35,inferred-sensitivity,4,QAOA,58805,9.420377825919378,0.06463376486059826,89,0.0015597079182043672,0.15729260350504903,1,64,5696,0.092234671502774,0.0,1.0
5,16,4,1.65,1.35,inferred-sensitivity,4,QAOA,58805,9.420377825919378,0.06463376486059826,89,0.002546583069488406,0.20243459920925275,2,64,5696,0.092234671502774,0.0,1.0
5,16,4,1.65,1.35,inferred-sensitivity,4,QAOA,58805,9.420377825919378,0.06463376486059826,89,0.002546666073612869,0.20243459920925275,2,256,5696,0.092234671502774,0.0,1.0
5,16,4,1.65,1.35,inferred-sensitivity,4,QAOA,58805,9.420377825919378,0.06463376486059826,89,0.0025828329380601645,0.20243459920925275,2,1024,5696,0.092234671502774,0.0,1.0
5,16,4,1.65,1.35,inferred-noise,4,QAOA,58805,9.420377825919378,0.06463376486059826,89,0.0015984158962965012,0.14781334315454414,1,256,5696,0.092234671502774,0.1,1.0
5,16,4,1.65,1.35,inferred-noise,4,QAOA,58805,9.420377825919378,0.06463376486059826,89,0.0016073329607024789,0.13359445262878678,1,256,5696,0.092234671502774,0.25,1.0
5,16,4,1.65,1.35,inferred-noise,4,QAOA,58805,9.420377825919378,0.06463376486059826,89,0.00157045794185251,0.10989630175252452,1,256,5696,0.092234671502774,0.5,1.0
6,16,4,1.65,1.35,full,16,deployed,53689,3.574427052241224,0.0,0,0.0,,0,0,0,0.11207209387145171,0.0,1.0
6,16,4,1.65,1.35,full,16,exact enumeration,53689,3.574427052241224,0.0,65536,0.0,,0,0,68719476736,0.11207209387145171,0.0,1.0
6,16,4,1.65,1.35,full,16,MILP,53689,3.574427052241224,0.0,0,0.012596999993547797,,0,0,0,0.11207209387145171,0.0,1.0
6,16,4,1.65,1.35,full,16,annealing,53689,3.574427052241224,0.0,89,8.179200813174248e-05,,0,0,93323264,0.11207209387145171,0.0,1.0
6,16,4,1.65,1.35,full,16,QAOA,53689,3.574427052241224,0.0,89,0.2233748339349404,0.0020776734850422233,1,256,93323264,0.11207209387145171,0.0,1.0
6,16,4,1.65,1.35,true,4,exact LNS,53689,3.574427052241224,0.0,16,1.1249212548136711e-06,,0,0,1024,0.11207209387145171,0.0,1.0
6,16,4,1.65,1.35,true,4,annealing,53689,3.574427052241224,0.0,89,7.316702976822853e-05,,0,0,5696,0.11207209387145171,0.0,1.0
6,16,4,1.65,1.35,true,4,QAOA,53689,3.574427052241224,0.0,89,0.0015179159818217158,0.7296620125714881,1,256,5696,0.11207209387145171,0.0,1.0
6,16,4,1.65,1.35,inferred,4,exact LNS,53689,3.574427052241224,0.0,16,8.329516276717186e-07,,0,0,1024,0.11207209387145171,0.0,1.0
6,16,4,1.65,1.35,inferred,4,annealing,53689,3.574427052241224,0.0,89,7.033301517367363e-05,,0,0,5696,0.11207209387145171,0.0,1.0
6,16,4,1.65,1.35,inferred,4,QAOA,53689,3.574427052241224,0.0,89,0.0015662920195609331,0.7296620125714881,1,256,5696,0.11207209387145171,0.0,1.0
6,16,4,1.65,1.35,wrong,4,exact LNS,53689,3.574427052241224,0.0,16,8.329516276717186e-07,,0,0,1024,0.11207209387145171,0.0,0.5
6,16,4,1.65,1.35,wrong,4,annealing,53689,3.574427052241224,0.0,89,7.49579630792141e-05,,0,0,5696,0.11207209387145171,0.0,0.5
6,16,4,1.65,1.35,wrong,4,QAOA,53689,3.574427052241224,0.0,88,0.0015515410341322422,0.3839522511279033,1,256,5632,0.11207209387145171,0.0,0.5
6,16,4,1.65,1.35,inferred-sensitivity,4,QAOA,53689,3.574427052241224,0.0,89,0.0015639589400961995,0.7296620125714881,1,64,5696,0.11207209387145171,0.0,1.0
6,16,4,1.65,1.35,inferred-sensitivity,4,QAOA,53689,3.574427052241224,0.0,89,0.00260899995919317,0.7639034511487139,2,64,5696,0.11207209387145171,0.0,1.0
6,16,4,1.65,1.35,inferred-sensitivity,4,QAOA,53689,3.574427052241224,0.0,89,0.002584167057648301,0.7639034511487139,2,256,5696,0.11207209387145171,0.0,1.0
6,16,4,1.65,1.35,inferred-sensitivity,4,QAOA,53689,3.574427052241224,0.0,89,0.0026227080961689353,0.7639034511487139,2,1024,5696,0.11207209387145171,0.0,1.0
6,16,4,1.65,1.35,inferred-noise,4,QAOA,53689,3.574427052241224,0.0,89,0.001590666943229735,0.6629458113143393,1,256,5696,0.11207209387145171,0.1,1.0
6,16,4,1.65,1.35,inferred-noise,4,QAOA,53689,3.574427052241224,0.0,89,0.0015944999177008867,0.5628715094286161,1,256,5696,0.11207209387145171,0.25,1.0
6,16,4,1.65,1.35,inferred-noise,4,QAOA,53689,3.574427052241224,0.0,89,0.0016191670438274741,0.39608100628574405,1,256,5696,0.11207209387145171,0.5,1.0
7,16,4,1.65,1.35,full,16,deployed,61781,6.549036246845313,0.16450240837878408,0,0.0,,0,0,0,0.3395823943777471,0.0,1.0
7,16,4,1.65,1.35,full,16,exact enumeration,3758,5.482628281855641,0.0,65536,0.0,,0,0,68719476736,0.3395823943777471,0.0,1.0
7,16,4,1.65,1.35,full,16,MILP,3758,5.482628281855641,0.0,0,0.015675000031478703,,0,0,0,0.3395823943777471,0.0,1.0
7,16,4,1.65,1.35,full,16,annealing,61765,6.4996863279293295,0.15688976783079675,89,8.65840120241046e-05,,0,0,93323264,0.3395823943777471,0.0,1.0
7,16,4,1.65,1.35,full,16,QAOA,3758,5.482628281855641,0.0,89,0.23412745795212686,0.0015733232298652078,1,256,93323264,0.3395823943777471,0.0,1.0
7,16,4,1.65,1.35,true,4,exact LNS,61765,6.4996863279293295,0.15688976783079675,16,1.5409896150231361e-06,,0,0,1024,0.3395823943777471,0.0,1.0
7,16,4,1.65,1.35,true,4,annealing,61765,6.4996863279293295,0.15688976783079675,89,7.845798972994089e-05,,0,0,5696,0.3395823943777471,0.0,1.0
7,16,4,1.65,1.35,true,4,QAOA,61765,6.4996863279293295,0.15688976783079675,89,0.0018634590087458491,0.3950504216719235,1,256,5696,0.3395823943777471,0.0,1.0
7,16,4,1.65,1.35,inferred,4,exact LNS,61765,6.4996863279293295,0.15688976783079675,16,1.0420335456728935e-06,,0,0,1024,0.3395823943777471,0.0,0.75
7,16,4,1.65,1.35,inferred,4,annealing,61765,6.4996863279293295,0.15688976783079675,89,7.650000043213367e-05,,0,0,5696,0.3395823943777471,0.0,0.75
7,16,4,1.65,1.35,inferred,4,QAOA,61765,6.4996863279293295,0.15688976783079675,89,0.0023782079806551337,0.29952402071745626,1,256,5696,0.3395823943777471,0.0,0.75
7,16,4,1.65,1.35,wrong,4,exact LNS,61765,6.4996863279293295,0.15688976783079675,16,1.250067725777626e-06,,0,0,1024,0.3395823943777471,0.0,0.5
7,16,4,1.65,1.35,wrong,4,annealing,61765,6.4996863279293295,0.15688976783079675,89,8.133391384035349e-05,,0,0,5696,0.3395823943777471,0.0,0.5
7,16,4,1.65,1.35,wrong,4,QAOA,61765,6.4996863279293295,0.15688976783079675,89,0.0016800410812720656,0.4264290869859381,1,256,5696,0.3395823943777471,0.0,0.5
7,16,4,1.65,1.35,inferred-sensitivity,4,QAOA,61765,6.4996863279293295,0.15688976783079675,89,0.0019140830263495445,0.29952402071745626,1,64,5696,0.3395823943777471,0.0,0.75
7,16,4,1.65,1.35,inferred-sensitivity,4,QAOA,61765,6.4996863279293295,0.15688976783079675,89,0.003936458029784262,0.2995046041714579,2,64,5696,0.3395823943777471,0.0,0.75
7,16,4,1.65,1.35,inferred-sensitivity,4,QAOA,61765,6.4996863279293295,0.15688976783079675,89,0.003047417034395039,0.2995046041714579,2,256,5696,0.3395823943777471,0.0,0.75
7,16,4,1.65,1.35,inferred-sensitivity,4,QAOA,61765,6.4996863279293295,0.15688976783079675,89,0.002965209074318409,0.2995046041714579,2,1024,5696,0.3395823943777471,0.0,0.75
7,16,4,1.65,1.35,inferred-noise,4,QAOA,61765,6.4996863279293295,0.15688976783079675,89,0.0016935409512370825,0.27582161864571064,1,256,5696,0.3395823943777471,0.1,0.75
7,16,4,1.65,1.35,inferred-noise,4,QAOA,61765,6.4996863279293295,0.15688976783079675,89,0.001732666976749897,0.24026801553809218,1,256,5696,0.3395823943777471,0.25,0.75
7,16,4,1.65,1.35,inferred-noise,4,QAOA,61765,6.4996863279293295,0.15688976783079675,89,0.0016587499994784594,0.18101201035872813,1,256,5696,0.3395823943777471,0.5,0.75
8,16,4,1.65,1.35,full,16,deployed,6872,9.40896350825357,0.5723251424327377,0,0.0,,0,0,0,0.18397538545221942,0.0,1.0
8,16,4,1.65,1.35,full,16,exact enumeration,13652,5.620108797693448,0.0,65536,0.0,,0,0,68719476736,0.18397538545221942,0.0,1.0
8,16,4,1.65,1.35,full,16,MILP,13652,5.620108797693448,0.0,0,0.014072333928197622,,0,0,0,0.18397538545221942,0.0,1.0
8,16,4,1.65,1.35,full,16,annealing,6872,9.40896350825357,0.5723251424327377,89,9.070802479982376e-05,,0,0,93323264,0.18397538545221942,0.0,1.0
8,16,4,1.65,1.35,full,16,QAOA,13652,5.620108797693448,0.0,89,0.22647462505847216,0.0011844827232179314,1,256,93323264,0.18397538545221942,0.0,1.0
8,16,4,1.65,1.35,true,4,exact LNS,6872,9.40896350825357,0.5723251424327377,16,1.625041477382183e-06,,0,0,1024,0.18397538545221942,0.0,1.0
8,16,4,1.65,1.35,true,4,annealing,6872,9.40896350825357,0.5723251424327377,89,7.920793723315e-05,,0,0,5696,0.18397538545221942,0.0,1.0
8,16,4,1.65,1.35,true,4,QAOA,6872,9.40896350825357,0.5723251424327377,89,0.0016289170598611236,0.28789745119665244,1,256,5696,0.18397538545221942,0.0,1.0
8,16,4,1.65,1.35,inferred,4,exact LNS,6872,9.40896350825357,0.5723251424327377,16,9.580980986356735e-07,,0,0,1024,0.18397538545221942,0.0,1.0
8,16,4,1.65,1.35,inferred,4,annealing,6872,9.40896350825357,0.5723251424327377,89,7.216702215373516e-05,,0,0,5696,0.18397538545221942,0.0,1.0
8,16,4,1.65,1.35,inferred,4,QAOA,6872,9.40896350825357,0.5723251424327377,89,0.0016035831067711115,0.28789745119665244,1,256,5696,0.18397538545221942,0.0,1.0
8,16,4,1.65,1.35,wrong,4,exact LNS,6872,9.40896350825357,0.5723251424327377,16,8.749775588512421e-07,,0,0,1024,0.18397538545221942,0.0,0.5
8,16,4,1.65,1.35,wrong,4,annealing,6872,9.40896350825357,0.5723251424327377,89,7.412501145154238e-05,,0,0,5696,0.18397538545221942,0.0,0.5
8,16,4,1.65,1.35,wrong,4,QAOA,6872,9.40896350825357,0.5723251424327377,89,0.0016530000139027834,0.4955274793261918,1,256,5696,0.18397538545221942,0.0,0.5
8,16,4,1.65,1.35,inferred-sensitivity,4,QAOA,6872,9.40896350825357,0.5723251424327377,89,0.0016705830348655581,0.28789745119665244,1,64,5696,0.18397538545221942,0.0,1.0
8,16,4,1.65,1.35,inferred-sensitivity,4,QAOA,6872,9.40896350825357,0.5723251424327377,89,0.0026019170181825757,0.289253841275925,2,64,5696,0.18397538545221942,0.0,1.0
8,16,4,1.65,1.35,inferred-sensitivity,4,QAOA,6872,9.40896350825357,0.5723251424327377,89,0.0026497499784454703,0.289253841275925,2,256,5696,0.18397538545221942,0.0,1.0
8,16,4,1.65,1.35,inferred-sensitivity,4,QAOA,6872,9.40896350825357,0.5723251424327377,89,0.002637958968989551,0.289253841275925,2,1024,5696,0.18397538545221942,0.0,1.0
8,16,4,1.65,1.35,inferred-noise,4,QAOA,6872,9.40896350825357,0.5723251424327377,89,0.0017540000844746828,0.26535770607698717,1,256,5696,0.18397538545221942,0.1,1.0
8,16,4,1.65,1.35,inferred-noise,4,QAOA,6872,9.40896350825357,0.5723251424327377,89,0.0015947920037433505,0.23154808839748933,1,256,5696,0.18397538545221942,0.25,1.0
8,16,4,1.65,1.35,inferred-noise,4,QAOA,6872,9.40896350825357,0.5723251424327377,89,0.0016397499712184072,0.17519872559832622,1,256,5696,0.18397538545221942,0.5,1.0
9,16,4,1.65,1.35,full,16,deployed,24364,10.116596047908343,0.42675558162238875,0,0.0,,0,0,0,0.12469911146963193,0.0,1.0
9,16,4,1.65,1.35,full,16,exact enumeration,49277,6.791520980256105,0.0,65536,0.0,,0,0,68719476736,0.12469911146963193,0.0,1.0
9,16,4,1.65,1.35,full,16,MILP,49277,6.791520980256105,0.0,0,0.013109334046021104,,0,0,0,0.12469911146963193,0.0,1.0
9,16,4,1.65,1.35,full,16,annealing,21796,7.446623503513278,0.08407890127193625,89,9.195797611027956e-05,,0,0,93323264,0.12469911146963193,0.0,1.0
9,16,4,1.65,1.35,full,16,QAOA,49277,6.791520980256105,0.0,89,0.23261429194826633,0.0010570225529871454,1,256,93323264,0.12469911146963193,0.0,1.0
9,16,4,1.65,1.35,true,4,exact LNS,21804,7.341615006574148,0.07060162293241518,16,1.4170072972774506e-06,,0,0,1024,0.12469911146963193,0.0,1.0
9,16,4,1.65,1.35,true,4,annealing,21804,7.341615006574148,0.07060162293241518,89,7.850001566112041e-05,,0,0,5696,0.12469911146963193,0.0,1.0
9,16,4,1.65,1.35,true,4,QAOA,21804,7.341615006574148,0.07060162293241518,89,0.0016313339583575726,0.24207476929803612,1,256,5696,0.12469911146963193,0.0,1.0
9,16,4,1.65,1.35,inferred,4,exact LNS,21804,7.341615006574148,0.07060162293241518,16,1.041102223098278e-06,,0,0,1024,0.12469911146963193,0.0,0.75
9,16,4,1.65,1.35,inferred,4,annealing,21804,7.341615006574148,0.07060162293241518,89,7.120799273252487e-05,,0,0,5696,0.12469911146963193,0.0,0.75
9,16,4,1.65,1.35,inferred,4,QAOA,21804,7.341615006574148,0.07060162293241518,84,0.001509333960711956,0.28344542893253116,1,256,5376,0.12469911146963193,0.0,0.75
9,16,4,1.65,1.35,wrong,4,exact LNS,22316,9.254999196229162,0.3161742389214594,16,8.329516276717186e-07,,0,0,1024,0.12469911146963193,0.0,0.5
9,16,4,1.65,1.35,wrong,4,annealing,22316,9.254999196229162,0.3161742389214594,89,6.958295125514269e-05,,0,0,5696,0.12469911146963193,0.0,0.5
9,16,4,1.65,1.35,wrong,4,QAOA,22316,9.254999196229162,0.3161742389214594,89,0.00163312500808388,0.34336057131170733,1,256,5696,0.12469911146963193,0.0,0.5
9,16,4,1.65,1.35,inferred-sensitivity,4,QAOA,21804,7.341615006574148,0.07060162293241518,84,0.0015498340362682939,0.28344542893253116,1,64,5376,0.12469911146963193,0.0,0.75
9,16,4,1.65,1.35,inferred-sensitivity,4,QAOA,21804,7.341615006574148,0.07060162293241518,89,0.002603666973300278,0.28344706148749693,2,64,5696,0.12469911146963193,0.0,0.75
9,16,4,1.65,1.35,inferred-sensitivity,4,QAOA,21804,7.341615006574148,0.07060162293241518,89,0.0025807919446378946,0.28344706148749693,2,256,5696,0.12469911146963193,0.0,0.75
9,16,4,1.65,1.35,inferred-sensitivity,4,QAOA,21804,7.341615006574148,0.07060162293241518,89,0.002601749962195754,0.28344706148749693,2,1024,5696,0.12469911146963193,0.0,0.75
9,16,4,1.65,1.35,inferred-noise,4,QAOA,21804,7.341615006574148,0.07060162293241518,84,0.0015967499930411577,0.26135088603927803,1,256,5376,0.12469911146963193,0.1,0.75
9,16,4,1.65,1.35,inferred-noise,4,QAOA,21804,7.341615006574148,0.07060162293241518,84,0.0014642919413745403,0.22820907169939836,1,256,5376,0.12469911146963193,0.25,0.75
9,16,4,1.65,1.35,inferred-noise,4,QAOA,21804,7.341615006574148,0.07060162293241518,84,0.0014915000647306442,0.17297271446626558,1,256,5376,0.12469911146963193,0.5,0.75
10,16,4,1.65,1.35,full,16,deployed,9434,9.345577807036321,0.0,0,0.0,,0,0,0,0.135416119342401,0.0,1.0
10,16,4,1.65,1.35,full,16,exact enumeration,9434,9.345577807036321,0.0,65536,0.0,,0,0,68719476736,0.135416119342401,0.0,1.0
10,16,4,1.65,1.35,full,16,MILP,9434,9.345577807036321,0.0,0,0.014291125000454485,,0,0,0,0.135416119342401,0.0,1.0
10,16,4,1.65,1.35,full,16,annealing,9434,9.345577807036321,0.0,89,8.850009180605412e-05,,0,0,93323264,0.135416119342401,0.0,1.0
10,16,4,1.65,1.35,full,16,QAOA,9434,9.345577807036321,0.0,89,0.22731487499549985,0.00039221372937450365,1,256,93323264,0.135416119342401,0.0,1.0
10,16,4,1.65,1.35,true,4,exact LNS,9434,9.345577807036321,0.0,16,1.4579854905605316e-06,,0,0,1024,0.135416119342401,0.0,1.0
10,16,4,1.65,1.35,true,4,annealing,9434,9.345577807036321,0.0,89,8.27909680083394e-05,,0,0,5696,0.135416119342401,0.0,1.0
10,16,4,1.65,1.35,true,4,QAOA,9434,9.345577807036321,0.0,89,0.0016920409398153424,0.25862866549903085,1,256,5696,0.135416119342401,0.0,1.0
10,16,4,1.65,1.35,inferred,4,exact LNS,9434,9.345577807036321,0.0,16,8.75093974173069e-07,,0,0,1024,0.135416119342401,0.0,0.75
10,16,4,1.65,1.35,inferred,4,annealing,9434,9.345577807036321,0.0,89,7.224990986287594e-05,,0,0,5696,0.135416119342401,0.0,0.75
10,16,4,1.65,1.35,inferred,4,QAOA,9434,9.345577807036321,0.0,89,0.0016766670159995556,0.3803276697517094,1,256,5696,0.135416119342401,0.0,0.75
10,16,4,1.65,1.35,wrong,4,exact LNS,9434,9.345577807036321,0.0,16,8.749775588512421e-07,,0,0,1024,0.135416119342401,0.0,0.5
10,16,4,1.65,1.35,wrong,4,annealing,9434,9.345577807036321,0.0,89,7.099995855242014e-05,,0,0,5696,0.135416119342401,0.0,0.5
10,16,4,1.65,1.35,wrong,4,QAOA,9434,9.345577807036321,0.0,89,0.00163162499666214,0.1432050578650993,1,256,5696,0.135416119342401,0.0,0.5
10,16,4,1.65,1.35,inferred-sensitivity,4,QAOA,9434,9.345577807036321,0.0,89,0.0016080420464277267,0.3803276697517094,1,64,5696,0.135416119342401,0.0,0.75
10,16,4,1.65,1.35,inferred-sensitivity,4,QAOA,9434,9.345577807036321,0.0,89,0.0027210420230403543,0.3813904310545807,2,64,5696,0.135416119342401,0.0,0.75
10,16,4,1.65,1.35,inferred-sensitivity,4,QAOA,9434,9.345577807036321,0.0,89,0.00256454199552536,0.3813904310545807,2,256,5696,0.135416119342401,0.0,0.75
10,16,4,1.65,1.35,inferred-sensitivity,4,QAOA,9434,9.345577807036321,0.0,89,0.002606249996460974,0.3813904310545807,2,1024,5696,0.135416119342401,0.0,0.75
10,16,4,1.65,1.35,inferred-noise,4,QAOA,9434,9.345577807036321,0.0,89,0.0016120830550789833,0.34854490277653843,1,256,5696,0.135416119342401,0.1,0.75
10,16,4,1.65,1.35,inferred-noise,4,QAOA,9434,9.345577807036321,0.0,89,0.0016030000988394022,0.300870752313782,1,256,5696,0.135416119342401,0.25,0.75
10,16,4,1.65,1.35,inferred-noise,4,QAOA,9434,9.345577807036321,0.0,89,0.0016448750393465161,0.2214138348758547,1,256,5696,0.135416119342401,0.5,0.75
11,16,4,1.65,1.35,full,16,deployed,5532,3.106208861884389,1.9582938662888048,0,0.0,,0,0,0,0.17434832471187214,0.0,1.0
11,16,4,1.65,1.35,full,16,exact enumeration,58218,0.3880327808797608,0.0,65536,0.0,,0,0,68719476736,0.17434832471187214,0.0,1.0
11,16,4,1.65,1.35,full,16,MILP,58218,0.3880327808797608,0.0,0,0.010419583995826542,,0,0,0,0.17434832471187214,0.0,1.0
11,16,4,1.65,1.35,full,16,annealing,5532,3.106208861884389,1.9582938662888048,89,9.012501686811447e-05,,0,0,93323264,0.17434832471187214,0.0,1.0
11,16,4,1.65,1.35,full,16,QAOA,58210,0.4520907215545904,0.04615016414398262,89,0.2342881669756025,0.0023832881360158586,1,256,93323264,0.17434832471187214,0.0,1.0
11,16,4,1.65,1.35,true,4,exact LNS,5532,3.106208861884389,1.9582938662888048,16,1.5420373529195786e-06,,0,0,1024,0.17434832471187214,0.0,1.0
11,16,4,1.65,1.35,true,4,annealing,5532,3.106208861884389,1.9582938662888048,89,7.874995935708284e-05,,0,0,5696,0.17434832471187214,0.0,1.0
11,16,4,1.65,1.35,true,4,QAOA,5532,3.106208861884389,1.9582938662888048,89,0.0016927920514717698,0.341931033164749,1,256,5696,0.17434832471187214,0.0,1.0
11,16,4,1.65,1.35,inferred,4,exact LNS,5532,3.106208861884389,1.9582938662888048,16,9.579816833138466e-07,,0,0,1024,0.17434832471187214,0.0,0.75
11,16,4,1.65,1.35,inferred,4,annealing,5532,3.106208861884389,1.9582938662888048,89,7.054093293845654e-05,,0,0,5696,0.17434832471187214,0.0,0.75
11,16,4,1.65,1.35,inferred,4,QAOA,5532,3.106208861884389,1.9582938662888048,89,0.0015978330047801137,0.2970404432627801,1,256,5696,0.17434832471187214,0.0,0.75
11,16,4,1.65,1.35,wrong,4,exact LNS,5532,3.106208861884389,1.9582938662888048,16,8.749775588512421e-07,,0,0,1024,0.17434832471187214,0.0,0.5
11,16,4,1.65,1.35,wrong,4,annealing,5532,3.106208861884389,1.9582938662888048,89,6.920797750353813e-05,,0,0,5696,0.17434832471187214,0.0,0.5
11,16,4,1.65,1.35,wrong,4,QAOA,5532,3.106208861884389,1.9582938662888048,89,0.0015739169903099537,0.14297289741557814,1,256,5696,0.17434832471187214,0.0,0.5
11,16,4,1.65,1.35,inferred-sensitivity,4,QAOA,5532,3.106208861884389,1.9582938662888048,89,0.0015692090382799506,0.2970404432627801,1,64,5696,0.17434832471187214,0.0,0.75
11,16,4,1.65,1.35,inferred-sensitivity,4,QAOA,5532,3.106208861884389,1.9582938662888048,89,0.0026799580082297325,0.29964233539241686,2,64,5696,0.17434832471187214,0.0,0.75
11,16,4,1.65,1.35,inferred-sensitivity,4,QAOA,5532,3.106208861884389,1.9582938662888048,89,0.0025995830073952675,0.29964233539241686,2,256,5696,0.17434832471187214,0.0,0.75
11,16,4,1.65,1.35,inferred-sensitivity,4,QAOA,5532,3.106208861884389,1.9582938662888048,89,0.0026644578902050853,0.29964233539241686,2,1024,5696,0.17434832471187214,0.0,0.75
11,16,4,1.65,1.35,inferred-noise,4,QAOA,5532,3.106208861884389,1.9582938662888048,89,0.0016279170522466302,0.2735863989365021,1,256,5696,0.17434832471187214,0.1,0.75
11,16,4,1.65,1.35,inferred-noise,4,QAOA,5532,3.106208861884389,1.9582938662888048,89,0.001653707935474813,0.2384053324470851,1,256,5696,0.17434832471187214,0.25,0.75
11,16,4,1.65,1.35,inferred-noise,4,QAOA,5532,3.106208861884389,1.9582938662888048,89,0.0016066670650616288,0.17977022163139006,1,256,5696,0.17434832471187214,0.5,0.75
0,16,6,1.65,0.65,full,16,deployed,36584,9.995773283244095,0.0,0,0.0,,0,0,0,0.13060310601131733,0.0,1.0
0,16,6,1.65,0.65,full,16,exact enumeration,36584,9.995773283244095,0.0,65536,0.0,,0,0,68719476736,0.13060310601131733,0.0,1.0
0,16,6,1.65,0.65,full,16,MILP,36584,9.995773283244095,0.0,0,0.016548249986954033,,0,0,0,0.13060310601131733,0.0,1.0
0,16,6,1.65,0.65,full,16,annealing,36584,9.995773283244095,0.0,89,9.887502528727055e-05,,0,0,93323264,0.13060310601131733,0.0,1.0
0,16,6,1.65,0.65,full,16,QAOA,52968,10.843547538450279,0.07710001228363493,89,0.23348024999722838,0.0008945912082746677,1,256,93323264,0.13060310601131733,0.0,1.0
0,16,6,1.65,0.65,true,6,exact LNS,36584,9.995773283244095,0.0,64,1.4579854905605316e-06,,0,0,24576,0.13060310601131733,0.0,1.0
0,16,6,1.65,0.65,true,6,annealing,36584,9.995773283244095,0.0,89,7.854204159229994e-05,,0,0,34176,0.13060310601131733,0.0,1.0
0,16,6,1.65,0.65,true,6,QAOA,36584,9.995773283244095,0.0,89,0.0022107920376583934,0.21550490059076144,1,256,34176,0.13060310601131733,0.0,1.0
0,16,6,1.65,0.65,inferred,6,exact LNS,36584,9.995773283244095,0.0,64,1.250067725777626e-06,,0,0,24576,0.13060310601131733,0.0,0.8333333333333334
0,16,6,1.65,0.65,inferred,6,annealing,36584,9.995773283244095,0.0,89,7.308402564376593e-05,,0,0,34176,0.13060310601131733,0.0,0.8333333333333334
0,16,6,1.65,0.65,inferred,6,QAOA,36584,9.995773283244095,0.0,89,0.002082665916532278,0.19313406415810236,1,256,34176,0.13060310601131733,0.0,0.8333333333333334
0,16,6,1.65,0.65,wrong,6,exact LNS,36584,9.995773283244095,0.0,64,1.041102223098278e-06,,0,0,24576,0.13060310601131733,0.0,0.5
0,16,6,1.65,0.65,wrong,6,annealing,36584,9.995773283244095,0.0,89,7.229193579405546e-05,,0,0,34176,0.13060310601131733,0.0,0.5
0,16,6,1.65,0.65,wrong,6,QAOA,36584,9.995773283244095,0.0,89,0.0021072080126032233,0.5287896056348543,1,256,34176,0.13060310601131733,0.0,0.5
0,16,6,1.65,0.65,inferred-sensitivity,6,QAOA,36584,9.995773283244095,0.0,89,0.0020757500315085053,0.19313406415810236,1,64,34176,0.13060310601131733,0.0,0.8333333333333334
0,16,6,1.65,0.65,inferred-sensitivity,6,QAOA,36584,9.995773283244095,0.0,89,0.003588708001188934,0.24421082218300366,2,64,34176,0.13060310601131733,0.0,0.8333333333333334
0,16,6,1.65,0.65,inferred-sensitivity,6,QAOA,36584,9.995773283244095,0.0,89,0.0034891669638454914,0.24421082218300366,2,256,34176,0.13060310601131733,0.0,0.8333333333333334
0,16,6,1.65,0.65,inferred-sensitivity,6,QAOA,36584,9.995773283244095,0.0,89,0.003527499968186021,0.24421082218300366,2,1024,34176,0.13060310601131733,0.0,0.8333333333333334
0,16,6,1.65,0.65,inferred-noise,6,QAOA,36584,9.995773283244095,0.0,89,0.002108957967720926,0.17538315774229213,1,256,34176,0.13060310601131733,0.1,0.8333333333333334
0,16,6,1.65,0.65,inferred-noise,6,QAOA,36584,9.995773283244095,0.0,89,0.0021042500156909227,0.14875679811857678,1,256,34176,0.13060310601131733,0.25,0.8333333333333334
0,16,6,1.65,0.65,inferred-noise,6,QAOA,36584,9.995773283244095,0.0,89,0.0020725830690935254,0.10437953207905118,1,256,34176,0.13060310601131733,0.5,0.8333333333333334
1,16,6,1.65,0.65,full,16,deployed,29231,5.539460078341159,0.358286524115326,0,0.0,,0,0,0,0.3746224971821652,0.0,1.0
1,16,6,1.65,0.65,full,16,exact enumeration,25391,3.8144923491753078,0.0,65536,0.0,,0,0,68719476736,0.3746224971821652,0.0,1.0
1,16,6,1.65,0.65,full,16,MILP,25391,3.8144923491753078,0.0,0,0.011995917069725692,,0,0,0,0.3746224971821652,0.0,1.0
1,16,6,1.65,0.65,full,16,annealing,25391,3.8144923491753078,0.0,89,8.245802018791437e-05,,0,0,93323264,0.3746224971821652,0.0,1.0
1,16,6,1.65,0.65,full,16,QAOA,26159,6.8755330577148825,0.6357971903442554,89,0.23027441604062915,0.003469522076644131,1,256,93323264,0.3746224971821652,0.0,1.0
1,16,6,1.65,0.65,true,6,exact LNS,29231,5.539460078341159,0.358286524115326,64,1.6670674085617065e-06,,0,0,24576,0.3746224971821652,0.0,1.0
1,16,6,1.65,0.65,true,6,annealing,29231,5.539460078341159,0.358286524115326,89,8.170900400727987e-05,,0,0,34176,0.3746224971821652,0.0,1.0
1,16,6,1.65,0.65,true,6,QAOA,29231,5.539460078341159,0.358286524115326,89,0.0022038749884814024,0.4284356362195377,1,256,34176,0.3746224971821652,0.0,1.0
1,16,6,1.65,0.65,inferred,6,exact LNS,29231,5.539460078341159,0.358286524115326,64,9.579816833138466e-07,,0,0,24576,0.3746224971821652,0.0,0.6666666666666666
1,16,6,1.65,0.65,inferred,6,annealing,29231,5.539460078341159,0.358286524115326,89,7.3583098128438e-05,,0,0,34176,0.3746224971821652,0.0,0.6666666666666666
1,16,6,1.65,0.65,inferred,6,QAOA,29231,5.539460078341159,0.358286524115326,89,0.00212841690517962,0.20715834953499004,1,256,34176,0.3746224971821652,0.0,0.6666666666666666
1,16,6,1.65,0.65,wrong,6,exact LNS,29231,5.539460078341159,0.358286524115326,64,8.749775588512421e-07,,0,0,24576,0.3746224971821652,0.0,0.5
1,16,6,1.65,0.65,wrong,6,annealing,29231,5.539460078341159,0.358286524115326,89,7.233396172523499e-05,,0,0,34176,0.3746224971821652,0.0,0.5
1,16,6,1.65,0.65,wrong,6,QAOA,29231,5.539460078341159,0.358286524115326,89,0.002304250025190413,0.27944655611655306,1,256,34176,0.3746224971821652,0.0,0.5
1,16,6,1.65,0.65,inferred-sensitivity,6,QAOA,29231,5.539460078341159,0.358286524115326,89,0.002214042004197836,0.20715834953499004,1,64,34176,0.3746224971821652,0.0,0.6666666666666666
1,16,6,1.65,0.65,inferred-sensitivity,6,QAOA,29231,5.539460078341159,0.358286524115326,89,0.003593791974708438,0.20993044402636937,2,64,34176,0.3746224971821652,0.0,0.6666666666666666
1,16,6,1.65,0.65,inferred-sensitivity,6,QAOA,29231,5.539460078341159,0.358286524115326,89,0.0038018329069018364,0.20993044402636937,2,256,34176,0.3746224971821652,0.0,0.6666666666666666
1,16,6,1.65,0.65,inferred-sensitivity,6,QAOA,29231,5.539460078341159,0.358286524115326,89,0.0037723330315202475,0.20993044402636937,2,1024,34176,0.3746224971821652,0.0,0.6666666666666666
1,16,6,1.65,0.65,inferred-noise,6,QAOA,29231,5.539460078341159,0.358286524115326,89,0.0021060419967398047,0.18800501458149105,1,256,34176,0.3746224971821652,0.1,0.6666666666666666
1,16,6,1.65,0.65,inferred-noise,6,QAOA,29231,5.539460078341159,0.358286524115326,89,0.002113458001986146,0.15927501215124254,1,256,34176,0.3746224971821652,0.25,0.6666666666666666
1,16,6,1.65,0.65,inferred-noise,6,QAOA,29231,5.539460078341159,0.358286524115326,89,0.0021894589299336076,0.11139167476749502,1,256,34176,0.3746224971821652,0.5,0.6666666666666666
2,16,6,1.65,0.65,full,16,deployed,29237,9.442501502026674,0.03918861237464127,0,0.0,,0,0,0,0.4880685792737069,0.0,1.0
2,16,6,1.65,0.65,full,16,exact enumeration,36298,9.048706632922585,0.0,65536,0.0,,0,0,68719476736,0.4880685792737069,0.0,1.0
2,16,6,1.65,0.65,full,16,MILP,36298,9.048706632922585,0.0,0,0.019241834059357643,,0,0,0,0.4880685792737069,0.0,1.0
2,16,6,1.65,0.65,full,16,annealing,29237,9.442501502026674,0.03918861237464127,89,9.324995335191488e-05,,0,0,93323264,0.4880685792737069,0.0,1.0
2,16,6,1.65,0.65,full,16,QAOA,29221,9.668297364908643,0.06165875416803318,89,0.22921445907559246,0.0007577522868234143,1,256,93323264,0.4880685792737069,0.0,1.0
2,16,6,1.65,0.65,true,6,exact LNS,29237,9.442501502026674,0.03918861237464127,64,1.5420373529195786e-06,,0,0,24576,0.4880685792737069,0.0,1.0
2,16,6,1.65,0.65,true,6,annealing,29237,9.442501502026674,0.03918861237464127,89,8.083402644842863e-05,,0,0,34176,0.4880685792737069,0.0,1.0
2,16,6,1.65,0.65,true,6,QAOA,29237,9.442501502026674,0.03918861237464127,89,0.0021399169927462935,0.16544655693580254,1,256,34176,0.4880685792737069,0.0,1.0
2,16,6,1.65,0.65,inferred,6,exact LNS,29237,9.442501502026674,0.03918861237464127,64,1.00000761449337e-06,,0,0,24576,0.4880685792737069,0.0,0.6666666666666666
2,16,6,1.65,0.65,inferred,6,annealing,29237,9.442501502026674,0.03918861237464127,89,7.250008638948202e-05,,0,0,34176,0.4880685792737069,0.0,0.6666666666666666
2,16,6,1.65,0.65,inferred,6,QAOA,29237,9.442501502026674,0.03918861237464127,89,0.002176124951802194,0.20809880690346103,1,256,34176,0.4880685792737069,0.0,0.6666666666666666
2,16,6,1.65,0.65,wrong,6,exact LNS,29237,9.442501502026674,0.03918861237464127,64,1.2080417945981026e-06,,0,0,24576,0.4880685792737069,0.0,0.5
2,16,6,1.65,0.65,wrong,6,annealing,29237,9.442501502026674,0.03918861237464127,89,7.533305324614048e-05,,0,0,34176,0.4880685792737069,0.0,0.5
2,16,6,1.65,0.65,wrong,6,QAOA,29237,9.442501502026674,0.03918861237464127,89,0.002405332983471453,0.10222234128101397,1,256,34176,0.4880685792737069,0.0,0.5
2,16,6,1.65,0.65,inferred-sensitivity,6,QAOA,29237,9.442501502026674,0.03918861237464127,89,0.0020988340256735682,0.20809880690346103,1,64,34176,0.4880685792737069,0.0,0.6666666666666666
2,16,6,1.65,0.65,inferred-sensitivity,6,QAOA,29237,9.442501502026674,0.03918861237464127,89,0.00362249999307096,0.21236675067551872,2,64,34176,0.4880685792737069,0.0,0.6666666666666666
2,16,6,1.65,0.65,inferred-sensitivity,6,QAOA,29237,9.442501502026674,0.03918861237464127,89,0.003913082997314632,0.21236675067551872,2,256,34176,0.4880685792737069,0.0,0.6666666666666666
2,16,6,1.65,0.65,inferred-sensitivity,6,QAOA,29237,9.442501502026674,0.03918861237464127,89,0.00371825008187443,0.21236675067551872,2,1024,34176,0.4880685792737069,0.0,0.6666666666666666
2,16,6,1.65,0.65,inferred-noise,6,QAOA,29237,9.442501502026674,0.03918861237464127,89,0.00206941703800112,0.18885142621311493,1,256,34176,0.4880685792737069,0.1,0.6666666666666666
2,16,6,1.65,0.65,inferred-noise,6,QAOA,29237,9.442501502026674,0.03918861237464127,89,0.0021405830048024654,0.15998035517759576,1,256,34176,0.4880685792737069,0.25,0.6666666666666666
2,16,6,1.65,0.65,inferred-noise,6,QAOA,29237,9.442501502026674,0.03918861237464127,89,0.0021164590725675225,0.11186190345173051,1,256,34176,0.4880685792737069,0.5,0.6666666666666666
3,16,6,1.65,0.65,full,16,deployed,11028,10.215336076517996,0.17990805005841243,0,0.0,,0,0,0,0.4900101009921179,0.0,1.0
3,16,6,1.65,0.65,full,16,exact enumeration,62659,8.505262783793,0.0,65536,0.0,,0,0,68719476736,0.4900101009921179,0.0,1.0
3,16,6,1.65,0.65,full,16,MILP,62659,8.505262783793,0.0,0,0.015043915947899222,,0,0,0,0.4900101009921179,0.0,1.0
3,16,6,1.65,0.65,full,16,annealing,11028,10.215336076517996,0.17990805005841243,89,8.829194121062756e-05,,0,0,93323264,0.4900101009921179,0.0,1.0
3,16,6,1.65,0.65,full,16,QAOA,62659,8.505262783793,0.0,89,0.23538837500382215,0.0009440856452841562,1,256,93323264,0.4900101009921179,0.0,1.0
3,16,6,1.65,0.65,true,6,exact LNS,11028,10.215336076517996,0.17990805005841243,64,1.459033228456974e-06,,0,0,24576,0.4900101009921179,0.0,1.0
3,16,6,1.65,0.65,true,6,annealing,11028,10.215336076517996,0.17990805005841243,89,7.887498941272497e-05,,0,0,34176,0.4900101009921179,0.0,1.0
3,16,6,1.65,0.65,true,6,QAOA,11028,10.215336076517996,0.17990805005841243,89,0.002075791941024363,0.24436538731981736,1,256,34176,0.4900101009921179,0.0,1.0
3,16,6,1.65,0.65,inferred,6,exact LNS,11028,10.215336076517996,0.17990805005841243,64,8.75093974173069e-07,,0,0,24576,0.4900101009921179,0.0,0.8333333333333334
3,16,6,1.65,0.65,inferred,6,annealing,11028,10.215336076517996,0.17990805005841243,89,6.829202175140381e-05,,0,0,34176,0.4900101009921179,0.0,0.8333333333333334
3,16,6,1.65,0.65,inferred,6,QAOA,11028,10.215336076517996,0.17990805005841243,89,0.0020667079370468855,0.22056690582339367,1,256,34176,0.4900101009921179,0.0,0.8333333333333334
3,16,6,1.65,0.65,wrong,6,exact LNS,11028,10.215336076517996,0.17990805005841243,64,9.170034900307655e-07,,0,0,24576,0.4900101009921179,0.0,0.5
3,16,6,1.65,0.65,wrong,6,annealing,11028,10.215336076517996,0.17990805005841243,89,7.158296648412943e-05,,0,0,34176,0.4900101009921179,0.0,0.5
3,16,6,1.65,0.65,wrong,6,QAOA,11028,10.215336076517996,0.17990805005841243,87,0.002037542057223618,0.0885111477882076,1,256,33408,0.4900101009921179,0.0,0.5
3,16,6,1.65,0.65,inferred-sensitivity,6,QAOA,11028,10.215336076517996,0.17990805005841243,89,0.0020650828955695033,0.22056690582339367,1,64,34176,0.4900101009921179,0.0,0.8333333333333334
3,16,6,1.65,0.65,inferred-sensitivity,6,QAOA,11028,10.215336076517996,0.17990805005841243,89,0.003594834008254111,0.22674770777008504,2,64,34176,0.4900101009921179,0.0,0.8333333333333334
3,16,6,1.65,0.65,inferred-sensitivity,6,QAOA,11028,10.215336076517996,0.17990805005841243,89,0.003556374926120043,0.22674770777008504,2,256,34176,0.4900101009921179,0.0,0.8333333333333334
3,16,6,1.65,0.65,inferred-sensitivity,6,QAOA,11028,10.215336076517996,0.17990805005841243,89,0.003518666955642402,0.22674770777008504,2,1024,34176,0.4900101009921179,0.0,0.8333333333333334
3,16,6,1.65,0.65,inferred-noise,6,QAOA,11028,10.215336076517996,0.17990805005841243,89,0.0021247080294415355,0.2000727152410543,1,256,34176,0.4900101009921179,0.1,0.8333333333333334
3,16,6,1.65,0.65,inferred-noise,6,QAOA,11028,10.215336076517996,0.17990805005841243,89,0.002032749936915934,0.16933142936754525,1,256,34176,0.4900101009921179,0.25,0.8333333333333334
3,16,6,1.65,0.65,inferred-noise,6,QAOA,11028,10.215336076517996,0.17990805005841243,89,0.0020650000078603625,0.11809595291169683,1,256,34176,0.4900101009921179,0.5,0.8333333333333334
4,16,6,1.65,0.65,full,16,deployed,16340,8.055689291060112,0.0,0,0.0,,0,0,0,0.45796968820591605,0.0,1.0
4,16,6,1.65,0.65,full,16,exact enumeration,16340,8.055689291060112,0.0,65536,0.0,,0,0,68719476736,0.45796968820591605,0.0,1.0
4,16,6,1.65,0.65,full,16,MILP,16340,8.055689291060112,0.0,0,0.016384500078856945,,0,0,0,0.45796968820591605,0.0,1.0
4,16,6,1.65,0.65,full,16,annealing,16340,8.055689291060112,0.0,89,8.591695223003626e-05,,0,0,93323264,0.45796968820591605,0.0,1.0
4,16,6,1.65,0.65,full,16,QAOA,54043,8.863810365540981,0.08923904614071249,89,0.2333130829501897,0.0005164489872789811,1,256,93323264,0.45796968820591605,0.0,1.0
4,16,6,1.65,0.65,true,6,exact LNS,16340,8.055689291060112,0.0,64,1.374981366097927e-06,,0,0,24576,0.45796968820591605,0.0,1.0
4,16,6,1.65,0.65,true,6,annealing,16340,8.055689291060112,0.0,89,8.079200051724911e-05,,0,0,34176,0.45796968820591605,0.0,1.0
4,16,6,1.65,0.65,true,6,QAOA,16340,8.055689291060112,0.0,89,0.002133458969183266,0.221123460002936,1,256,34176,0.45796968820591605,0.0,1.0
4,16,6,1.65,0.65,inferred,6,exact LNS,16340,8.055689291060112,0.0,64,1.00000761449337e-06,,0,0,24576,0.45796968820591605,0.0,0.6666666666666666
4,16,6,1.65,0.65,inferred,6,annealing,16340,8.055689291060112,0.0,89,7.529195863753557e-05,,0,0,34176,0.45796968820591605,0.0,0.6666666666666666
4,16,6,1.65,0.65,inferred,6,QAOA,16340,8.055689291060112,0.0,89,0.0021078339777886868,0.303655061900438,1,256,34176,0.45796968820591605,0.0,0.6666666666666666
4,16,6,1.65,0.65,wrong,6,exact LNS,16340,8.055689291060112,0.0,64,9.579816833138466e-07,,0,0,24576,0.45796968820591605,0.0,0.5
4,16,6,1.65,0.65,wrong,6,annealing,16340,8.055689291060112,0.0,89,7.083395030349493e-05,,0,0,34176,0.45796968820591605,0.0,0.5
4,16,6,1.65,0.65,wrong,6,QAOA,16340,8.055689291060112,0.0,89,0.0020973329665139318,0.086333917298328,1,256,34176,0.45796968820591605,0.0,0.5
4,16,6,1.65,0.65,inferred-sensitivity,6,QAOA,16340,8.055689291060112,0.0,89,0.0021126249339431524,0.303655061900438,1,64,34176,0.45796968820591605,0.0,0.6666666666666666
4,16,6,1.65,0.65,inferred-sensitivity,6,QAOA,16340,8.055689291060112,0.0,89,0.0036017500096932054,0.3011364712614566,2,64,34176,0.45796968820591605,0.0,0.6666666666666666
4,16,6,1.65,0.65,inferred-sensitivity,6,QAOA,16340,8.055689291060112,0.0,89,0.0035346250515431166,0.3011364712614566,2,256,34176,0.45796968820591605,0.0,0.6666666666666666
4,16,6,1.65,0.65,inferred-sensitivity,6,QAOA,16340,8.055689291060112,0.0,89,0.0036300410283729434,0.3011364712614566,2,1024,34176,0.45796968820591605,0.0,0.6666666666666666
4,16,6,1.65,0.65,inferred-noise,6,QAOA,16340,8.055689291060112,0.0,89,0.002129583968780935,0.2748520557103942,1,256,34176,0.45796968820591605,0.1,0.6666666666666666
4,16,6,1.65,0.65,inferred-noise,6,QAOA,16340,8.055689291060112,0.0,89,0.002116417046636343,0.2316475464253285,1,256,34176,0.45796968820591605,0.25,0.6666666666666666
4,16,6,1.65,0.65,inferred-noise,6,QAOA,16340,8.055689291060112,0.0,89,0.002134542097337544,0.159640030950219,1,256,34176,0.45796968820591605,0.5,0.6666666666666666
5,16,6,1.65,0.65,full,16,deployed,58805,9.168443269624651,0.0,0,0.0,,0,0,0,0.2201845851630632,0.0,1.0
5,16,6,1.65,0.65,full,16,exact enumeration,58805,9.168443269624651,0.0,65536,0.0,,0,0,68719476736,0.2201845851630632,0.0,1.0
5,16,6,1.65,0.65,full,16,MILP,58805,9.168443269624651,0.0,0,0.01872895797714591,,0,0,0,0.2201845851630632,0.0,1.0
5,16,6,1.65,0.65,full,16,annealing,58805,9.168443269624651,0.0,89,8.487503509968519e-05,,0,0,93323264,0.2201845851630632,0.0,1.0
5,16,6,1.65,0.65,full,16,QAOA,58805,9.168443269624651,0.0,89,0.22557333298027515,0.0005698588392528942,1,256,93323264,0.2201845851630632,0.0,1.0
5,16,6,1.65,0.65,true,6,exact LNS,58805,9.168443269624651,0.0,64,1.2919772416353226e-06,,0,0,24576,0.2201845851630632,0.0,1.0
5,16,6,1.65,0.65,true,6,annealing,58805,9.168443269624651,0.0,89,7.78749817982316e-05,,0,0,34176,0.2201845851630632,0.0,1.0
5,16,6,1.65,0.65,true,6,QAOA,58805,9.168443269624651,0.0,89,0.002118582953698933,0.12126054961486143,1,256,34176,0.2201845851630632,0.0,1.0
5,16,6,1.65,0.65,inferred,6,exact LNS,58805,9.168443269624651,0.0,64,9.170034900307655e-07,,0,0,24576,0.2201845851630632,0.0,0.5
5,16,6,1.65,0.65,inferred,6,annealing,58805,9.168443269624651,0.0,89,7.212499622255564e-05,,0,0,34176,0.2201845851630632,0.0,0.5
5,16,6,1.65,0.65,inferred,6,QAOA,58805,9.168443269624651,0.0,89,0.0021074169781059027,0.1710830728536129,1,256,34176,0.2201845851630632,0.0,0.5
5,16,6,1.65,0.65,wrong,6,exact LNS,58805,9.168443269624651,0.0,64,1.3330718502402306e-06,,0,0,24576,0.2201845851630632,0.0,0.5
5,16,6,1.65,0.65,wrong,6,annealing,58805,9.168443269624651,0.0,89,7.041695062071085e-05,,0,0,34176,0.2201845851630632,0.0,0.5
5,16,6,1.65,0.65,wrong,6,QAOA,58805,9.168443269624651,0.0,89,0.0020340830087661743,0.10914704344954582,1,256,34176,0.2201845851630632,0.0,0.5
5,16,6,1.65,0.65,inferred-sensitivity,6,QAOA,58805,9.168443269624651,0.0,89,0.002069000038318336,0.1710830728536129,1,64,34176,0.2201845851630632,0.0,0.5
5,16,6,1.65,0.65,inferred-sensitivity,6,QAOA,58805,9.168443269624651,0.0,89,0.0035260829608887434,0.1652258354123775,2,64,34176,0.2201845851630632,0.0,0.5
5,16,6,1.65,0.65,inferred-sensitivity,6,QAOA,58805,9.168443269624651,0.0,89,0.003535041003488004,0.1652258354123775,2,256,34176,0.2201845851630632,0.0,0.5
5,16,6,1.65,0.65,inferred-sensitivity,6,QAOA,58805,9.168443269624651,0.0,89,0.0036074580857530236,0.1652258354123775,2,1024,34176,0.2201845851630632,0.0,0.5
5,16,6,1.65,0.65,inferred-noise,6,QAOA,58805,9.168443269624651,0.0,89,0.0021146659273654222,0.15553726556825162,1,256,34176,0.2201845851630632,0.1,0.5
5,16,6,1.65,0.65,inferred-noise,6,QAOA,58805,9.168443269624651,0.0,89,0.002111832960508764,0.13221855464020968,1,256,34176,0.2201845851630632,0.25,0.5
5,16,6,1.65,0.65,inferred-noise,6,QAOA,58805,9.168443269624651,0.0,89,0.0020934579661116004,0.09335403642680645,1,256,34176,0.2201845851630632,0.5,0.5
6,16,6,1.65,0.65,full,16,deployed,11846,8.85725484335566,0.05193909061975579,0,0.0,,0,0,0,0.2382259959283587,0.0,1.0
6,16,6,1.65,0.65,full,16,exact enumeration,53689,8.37055665223754,0.0,65536,0.0,,0,0,68719476736,0.2382259959283587,0.0,1.0
6,16,6,1.65,0.65,full,16,MILP,53689,8.37055665223754,0.0,0,0.014789000037126243,,0,0,0,0.2382259959283587,0.0,1.0
6,16,6,1.65,0.65,full,16,annealing,11846,8.85725484335566,0.05193909061975579,89,8.616701234132051e-05,,0,0,93323264,0.2382259959283587,0.0,1.0
6,16,6,1.65,0.65,full,16,QAOA,11846,8.85725484335566,0.05193909061975579,89,0.2270825000014156,0.0009924692507537966,1,256,93323264,0.2382259959283587,0.0,1.0
6,16,6,1.65,0.65,true,6,exact LNS,11846,8.85725484335566,0.05193909061975579,64,1.4579854905605316e-06,,0,0,24576,0.2382259959283587,0.0,1.0
6,16,6,1.65,0.65,true,6,annealing,11846,8.85725484335566,0.05193909061975579,89,9.554193820804358e-05,,0,0,34176,0.2382259959283587,0.0,1.0
6,16,6,1.65,0.65,true,6,QAOA,11846,8.85725484335566,0.05193909061975579,89,0.002367209061048925,0.21305796935411592,1,256,34176,0.2382259959283587,0.0,1.0
6,16,6,1.65,0.65,inferred,6,exact LNS,11846,8.85725484335566,0.05193909061975579,64,1.208973117172718e-06,,0,0,24576,0.2382259959283587,0.0,0.8333333333333334
6,16,6,1.65,0.65,inferred,6,annealing,11846,8.85725484335566,0.05193909061975579,89,7.800001185387373e-05,,0,0,34176,0.2382259959283587,0.0,0.8333333333333334
6,16,6,1.65,0.65,inferred,6,QAOA,11846,8.85725484335566,0.05193909061975579,89,0.0021155410213395953,0.17607161508552752,1,256,34176,0.2382259959283587,0.0,0.8333333333333334
6,16,6,1.65,0.65,wrong,6,exact LNS,11846,8.85725484335566,0.05193909061975579,64,9.579816833138466e-07,,0,0,24576,0.2382259959283587,0.0,0.5
6,16,6,1.65,0.65,wrong,6,annealing,11846,8.85725484335566,0.05193909061975579,89,7.308297790586948e-05,,0,0,34176,0.2382259959283587,0.0,0.5
6,16,6,1.65,0.65,wrong,6,QAOA,11846,8.85725484335566,0.05193909061975579,89,0.002100833924487233,0.26122982323890587,1,256,34176,0.2382259959283587,0.0,0.5
6,16,6,1.65,0.65,inferred-sensitivity,6,QAOA,11846,8.85725484335566,0.05193909061975579,89,0.002124125021509826,0.17607161508552752,1,64,34176,0.2382259959283587,0.0,0.8333333333333334
6,16,6,1.65,0.65,inferred-sensitivity,6,QAOA,11846,8.85725484335566,0.05193909061975579,89,0.003616958041675389,0.16820008151798374,2,64,34176,0.2382259959283587,0.0,0.8333333333333334
6,16,6,1.65,0.65,inferred-sensitivity,6,QAOA,11846,8.85725484335566,0.05193909061975579,89,0.003568290965631604,0.16820008151798374,2,256,34176,0.2382259959283587,0.0,0.8333333333333334
6,16,6,1.65,0.65,inferred-sensitivity,6,QAOA,11846,8.85725484335566,0.05193909061975579,89,0.0036743750097230077,0.16820008151798374,2,1024,34176,0.2382259959283587,0.0,0.8333333333333334
6,16,6,1.65,0.65,inferred-noise,6,QAOA,11846,8.85725484335566,0.05193909061975579,89,0.0021386659936979413,0.16002695357697477,1,256,34176,0.2382259959283587,0.1,0.8333333333333334
6,16,6,1.65,0.65,inferred-noise,6,QAOA,11846,8.85725484335566,0.05193909061975579,89,0.0021207910031080246,0.13595996131414564,1,256,34176,0.2382259959283587,0.25,0.8333333333333334
6,16,6,1.65,0.65,inferred-noise,6,QAOA,11846,8.85725484335566,0.05193909061975579,89,0.002145292004570365,0.09584830754276376,1,256,34176,0.2382259959283587,0.5,0.8333333333333334
7,16,6,1.65,0.65,full,16,deployed,61781,7.345823546443547,0.0,0,0.0,,0,0,0,0.07684755831017072,0.0,1.0
7,16,6,1.65,0.65,full,16,exact enumeration,61781,7.345823546443547,0.0,65536,0.0,,0,0,68719476736,0.07684755831017072,0.0,1.0
7,16,6,1.65,0.65,full,16,MILP,61781,7.345823546443547,0.0,0,0.017302374937571585,,0,0,0,0.07684755831017072,0.0,1.0
7,16,6,1.65,0.65,full,16,annealing,61781,7.345823546443547,0.0,89,0.00013033300638198853,,0,0,93323264,0.07684755831017072,0.0,1.0
7,16,6,1.65,0.65,full,16,QAOA,61761,8.933534067694586,0.19024012578454516,89,0.2405415839748457,0.0015972863792652566,1,256,93323264,0.07684755831017072,0.0,1.0
7,16,6,1.65,0.65,true,6,exact LNS,61781,7.345823546443547,0.0,64,1.5419209375977516e-06,,0,0,24576,0.07684755831017072,0.0,1.0
7,16,6,1.65,0.65,true,6,annealing,61781,7.345823546443547,0.0,89,8.708296809345484e-05,,0,0,34176,0.07684755831017072,0.0,1.0
7,16,6,1.65,0.65,true,6,QAOA,61781,7.345823546443547,0.0,89,0.002236959058791399,0.20404991482915405,1,256,34176,0.07684755831017072,0.0,1.0
7,16,6,1.65,0.65,inferred,6,exact LNS,61781,7.345823546443547,0.0,64,1.125037670135498e-06,,0,0,24576,0.07684755831017072,0.0,0.8333333333333334
7,16,6,1.65,0.65,inferred,6,annealing,61781,7.345823546443547,0.0,89,7.570802699774504e-05,,0,0,34176,0.07684755831017072,0.0,0.8333333333333334
7,16,6,1.65,0.65,inferred,6,QAOA,61781,7.345823546443547,0.0,89,0.002113959053531289,0.21150973885605642,1,256,34176,0.07684755831017072,0.0,0.8333333333333334
7,16,6,1.65,0.65,wrong,6,exact LNS,61781,7.345823546443547,0.0,64,9.159557521343231e-07,,0,0,24576,0.07684755831017072,0.0,0.5
7,16,6,1.65,0.65,wrong,6,annealing,61781,7.345823546443547,0.0,89,7.170799653977156e-05,,0,0,34176,0.07684755831017072,0.0,0.5
7,16,6,1.65,0.65,wrong,6,QAOA,61781,7.345823546443547,0.0,89,0.002176000038161874,0.22026695955933784,1,256,34176,0.07684755831017072,0.0,0.5
7,16,6,1.65,0.65,inferred-sensitivity,6,QAOA,61781,7.345823546443547,0.0,89,0.0021721250377595425,0.21150973885605642,1,64,34176,0.07684755831017072,0.0,0.8333333333333334
7,16,6,1.65,0.65,inferred-sensitivity,6,QAOA,61781,7.345823546443547,0.0,89,0.0036197920562699437,0.2054155545462915,2,64,34176,0.07684755831017072,0.0,0.8333333333333334
7,16,6,1.65,0.65,inferred-sensitivity,6,QAOA,61781,7.345823546443547,0.0,89,0.003690292011015117,0.2054155545462915,2,256,34176,0.07684755831017072,0.0,0.8333333333333334
7,16,6,1.65,0.65,inferred-sensitivity,6,QAOA,61781,7.345823546443547,0.0,89,0.0037631670711562037,0.2054155545462915,2,1024,34176,0.07684755831017072,0.0,0.8333333333333334
7,16,6,1.65,0.65,inferred-noise,6,QAOA,61781,7.345823546443547,0.0,89,0.002175500034354627,0.19192126497045078,1,256,34176,0.07684755831017072,0.1,0.8333333333333334
7,16,6,1.65,0.65,inferred-noise,6,QAOA,61781,7.345823546443547,0.0,89,0.0021779160015285015,0.16253855414204232,1,256,34176,0.07684755831017072,0.25,0.8333333333333334
7,16,6,1.65,0.65,inferred-noise,6,QAOA,61781,7.345823546443547,0.0,89,0.0022089170524850488,0.11356736942802821,1,256,34176,0.07684755831017072,0.5,0.8333333333333334
8,16,6,1.65,0.65,full,16,deployed,6872,5.117746092257802,0.0,0,0.0,,0,0,0,0.20467227928842618,0.0,1.0
8,16,6,1.65,0.65,full,16,exact enumeration,6872,5.117746092257802,0.0,65536,0.0,,0,0,68719476736,0.20467227928842618,0.0,1.0
8,16,6,1.65,0.65,full,16,MILP,6872,5.117746092257802,0.0,0,0.013920624973252416,,0,0,0,0.20467227928842618,0.0,1.0
8,16,6,1.65,0.65,full,16,annealing,6872,5.117746092257802,0.0,89,9.029090870171785e-05,,0,0,93323264,0.20467227928842618,0.0,1.0
8,16,6,1.65,0.65,full,16,QAOA,6873,5.297612691351807,0.029400795061049024,89,0.2268663749564439,0.0005614923291980702,1,256,93323264,0.20467227928842618,0.0,1.0
8,16,6,1.65,0.65,true,6,exact LNS,6872,5.117746092257802,0.0,64,1.5830155462026596e-06,,0,0,24576,0.20467227928842618,0.0,1.0
8,16,6,1.65,0.65,true,6,annealing,6872,5.117746092257802,0.0,89,7.89170153439045e-05,,0,0,34176,0.20467227928842618,0.0,1.0
8,16,6,1.65,0.65,true,6,QAOA,6872,5.117746092257802,0.0,89,0.002202250063419342,0.16594064579516968,1,256,34176,0.20467227928842618,0.0,1.0
8,16,6,1.65,0.65,inferred,6,exact LNS,6872,5.117746092257802,0.0,64,1.00000761449337e-06,,0,0,24576,0.20467227928842618,0.0,0.8333333333333334
8,16,6,1.65,0.65,inferred,6,annealing,6872,5.117746092257802,0.0,89,7.483398076146841e-05,,0,0,34176,0.20467227928842618,0.0,0.8333333333333334
8,16,6,1.65,0.65,inferred,6,QAOA,6872,5.117746092257802,0.0,89,0.0022227499866858125,0.1391062342015447,1,256,34176,0.20467227928842618,0.0,0.8333333333333334
8,16,6,1.65,0.65,wrong,6,exact LNS,6872,5.117746092257802,0.0,64,9.59029421210289e-07,,0,0,24576,0.20467227928842618,0.0,0.5
8,16,6,1.65,0.65,wrong,6,annealing,6872,5.117746092257802,0.0,89,7.575005292892456e-05,,0,0,34176,0.20467227928842618,0.0,0.5
8,16,6,1.65,0.65,wrong,6,QAOA,6872,5.117746092257802,0.0,89,0.0022624999983236194,0.37157627022295286,1,256,34176,0.20467227928842618,0.0,0.5
8,16,6,1.65,0.65,inferred-sensitivity,6,QAOA,6872,5.117746092257802,0.0,89,0.0021144580096006393,0.1391062342015447,1,64,34176,0.20467227928842618,0.0,0.8333333333333334
8,16,6,1.65,0.65,inferred-sensitivity,6,QAOA,6872,5.117746092257802,0.0,89,0.00359608291182667,0.13583118097843339,2,64,34176,0.20467227928842618,0.0,0.8333333333333334
8,16,6,1.65,0.65,inferred-sensitivity,6,QAOA,6872,5.117746092257802,0.0,89,0.0037114579463377595,0.13583118097843339,2,256,34176,0.20467227928842618,0.0,0.8333333333333334
8,16,6,1.65,0.65,inferred-sensitivity,6,QAOA,6872,5.117746092257802,0.0,89,0.003732042037881911,0.13583118097843339,2,1024,34176,0.20467227928842618,0.0,0.8333333333333334
8,16,6,1.65,0.65,inferred-noise,6,QAOA,6872,5.117746092257802,0.0,89,0.0021252089645713568,0.1267581107813902,1,256,34176,0.20467227928842618,0.1,0.8333333333333334
8,16,6,1.65,0.65,inferred-noise,6,QAOA,6872,5.117746092257802,0.0,89,0.002192207961343229,0.10823592565115853,1,256,34176,0.20467227928842618,0.25,0.8333333333333334
8,16,6,1.65,0.65,inferred-noise,6,QAOA,6872,5.117746092257802,0.0,89,0.002140291966497898,0.07736561710077235,1,256,34176,0.20467227928842618,0.5,0.8333333333333334
9,16,6,1.65,0.65,full,16,deployed,16288,5.3954629453819205,0.3273623610084701,0,0.0,,0,0,0,0.4189051616878077,0.0,1.0
9,16,6,1.65,0.65,full,16,exact enumeration,51295,3.818174097179414,0.0,65536,0.0,,0,0,68719476736,0.4189051616878077,0.0,1.0
9,16,6,1.65,0.65,full,16,MILP,51295,3.818174097179414,0.0,0,0.012368792085908353,,0,0,0,0.4189051616878077,0.0,1.0
9,16,6,1.65,0.65,full,16,annealing,16288,5.3954629453819205,0.3273623610084701,89,8.791603613644838e-05,,0,0,93323264,0.4189051616878077,0.0,1.0
9,16,6,1.65,0.65,full,16,QAOA,51295,3.818174097179414,0.0,89,0.23265791696030647,0.0009255016006256377,1,256,93323264,0.4189051616878077,0.0,1.0
9,16,6,1.65,0.65,true,6,exact LNS,16258,5.375792315921809,0.32327977099337984,64,1.4579854905605316e-06,,0,0,24576,0.4189051616878077,0.0,1.0
9,16,6,1.65,0.65,true,6,annealing,16258,5.375792315921809,0.32327977099337984,89,8.237501606345177e-05,,0,0,34176,0.4189051616878077,0.0,1.0
9,16,6,1.65,0.65,true,6,QAOA,16258,5.375792315921809,0.32327977099337984,89,0.002183542004786432,0.11280612618024395,1,256,34176,0.4189051616878077,0.0,1.0
9,16,6,1.65,0.65,inferred,6,exact LNS,16258,5.375792315921809,0.32327977099337984,64,9.170034900307655e-07,,0,0,24576,0.4189051616878077,0.0,1.0
9,16,6,1.65,0.65,inferred,6,annealing,16258,5.375792315921809,0.32327977099337984,89,7.358402945101261e-05,,0,0,34176,0.4189051616878077,0.0,1.0
9,16,6,1.65,0.65,inferred,6,QAOA,16258,5.375792315921809,0.32327977099337984,89,0.0021799589740112424,0.11280612618024395,1,256,34176,0.4189051616878077,0.0,1.0
9,16,6,1.65,0.65,wrong,6,exact LNS,16288,5.3954629453819205,0.3273623610084701,64,8.749775588512421e-07,,0,0,24576,0.4189051616878077,0.0,0.5
9,16,6,1.65,0.65,wrong,6,annealing,16288,5.3954629453819205,0.3273623610084701,89,7.491698488593102e-05,,0,0,34176,0.4189051616878077,0.0,0.5
9,16,6,1.65,0.65,wrong,6,QAOA,16288,5.3954629453819205,0.3273623610084701,89,0.002248374978080392,0.3369971941578246,1,256,34176,0.4189051616878077,0.0,0.5
9,16,6,1.65,0.65,inferred-sensitivity,6,QAOA,16258,5.375792315921809,0.32327977099337984,89,0.002058834070339799,0.11280612618024395,1,64,34176,0.4189051616878077,0.0,1.0
9,16,6,1.65,0.65,inferred-sensitivity,6,QAOA,16258,5.375792315921809,0.32327977099337984,89,0.003625708050094545,0.11785821205629832,2,64,34176,0.4189051616878077,0.0,1.0
9,16,6,1.65,0.65,inferred-sensitivity,6,QAOA,16258,5.375792315921809,0.32327977099337984,89,0.0036382919643074274,0.11785821205629832,2,256,34176,0.4189051616878077,0.0,1.0
9,16,6,1.65,0.65,inferred-sensitivity,6,QAOA,16258,5.375792315921809,0.32327977099337984,89,0.003746374975889921,0.11785821205629832,2,1024,34176,0.4189051616878077,0.0,1.0
9,16,6,1.65,0.65,inferred-noise,6,QAOA,16258,5.375792315921809,0.32327977099337984,89,0.0021565420320257545,0.10308801356221955,1,256,34176,0.4189051616878077,0.1,1.0
9,16,6,1.65,0.65,inferred-noise,6,QAOA,16258,5.375792315921809,0.32327977099337984,89,0.002139125019311905,0.08851084463518297,1,256,34176,0.4189051616878077,0.25,1.0
9,16,6,1.65,0.65,inferred-noise,6,QAOA,16258,5.375792315921809,0.32327977099337984,89,0.0021027500042691827,0.06421556309012197,1,256,34176,0.4189051616878077,0.5,1.0
10,16,6,1.65,0.65,full,16,deployed,9434,8.386980423622024,0.0,0,0.0,,0,0,0,0.27386396145941055,0.0,1.0
10,16,6,1.65,0.65,full,16,exact enumeration,9434,8.386980423622024,0.0,65536,0.0,,0,0,68719476736,0.27386396145941055,0.0,1.0
10,16,6,1.65,0.65,full,16,MILP,9434,8.386980423622024,0.0,0,0.014507791958749294,,0,0,0,0.27386396145941055,0.0,1.0
10,16,6,1.65,0.65,full,16,annealing,9434,8.386980423622024,0.0,89,9.079196024686098e-05,,0,0,93323264,0.27386396145941055,0.0,1.0
10,16,6,1.65,0.65,full,16,QAOA,24030,10.07608545582934,0.17994125437363637,89,0.23530158400535583,0.00041146916331946047,1,256,93323264,0.27386396145941055,0.0,1.0
10,16,6,1.65,0.65,true,6,exact LNS,9434,8.386980423622024,0.0,64,1.915963366627693e-06,,0,0,24576,0.27386396145941055,0.0,1.0
10,16,6,1.65,0.65,true,6,annealing,9434,8.386980423622024,0.0,89,8.050003089010715e-05,,0,0,34176,0.27386396145941055,0.0,1.0
10,16,6,1.65,0.65,true,6,QAOA,9434,8.386980423622024,0.0,89,0.002231458085589111,0.2297212510922472,1,256,34176,0.27386396145941055,0.0,1.0
10,16,6,1.65,0.65,inferred,6,exact LNS,9434,8.386980423622024,0.0,64,1.2079253792762756e-06,,0,0,24576,0.27386396145941055,0.0,0.6666666666666666
10,16,6,1.65,0.65,inferred,6,annealing,9434,8.386980423622024,0.0,89,7.499998901039362e-05,,0,0,34176,0.27386396145941055,0.0,0.6666666666666666
10,16,6,1.65,0.65,inferred,6,QAOA,9434,8.386980423622024,0.0,89,0.002112083020620048,0.16998187291150874,1,256,34176,0.27386396145941055,0.0,0.6666666666666666
10,16,6,1.65,0.65,wrong,6,exact LNS,9434,8.386980423622024,0.0,64,1.3330718502402306e-06,,0,0,24576,0.27386396145941055,0.0,0.5
10,16,6,1.65,0.65,wrong,6,annealing,9434,8.386980423622024,0.0,89,7.566600106656551e-05,,0,0,34176,0.27386396145941055,0.0,0.5
10,16,6,1.65,0.65,wrong,6,QAOA,9434,8.386980423622024,0.0,89,0.002159917028620839,0.0551744169945409,1,256,34176,0.27386396145941055,0.0,0.5
10,16,6,1.65,0.65,inferred-sensitivity,6,QAOA,9434,8.386980423622024,0.0,89,0.002122957957908511,0.16998187291150874,1,64,34176,0.27386396145941055,0.0,0.6666666666666666
10,16,6,1.65,0.65,inferred-sensitivity,6,QAOA,9434,8.386980423622024,0.0,89,0.0037712090415880084,0.1723057143650924,2,64,34176,0.27386396145941055,0.0,0.6666666666666666
10,16,6,1.65,0.65,inferred-sensitivity,6,QAOA,9434,8.386980423622024,0.0,89,0.0037439579609781504,0.1723057143650924,2,256,34176,0.27386396145941055,0.0,0.6666666666666666
10,16,6,1.65,0.65,inferred-sensitivity,6,QAOA,9434,8.386980423622024,0.0,89,0.0037226660642772913,0.1723057143650924,2,1024,34176,0.27386396145941055,0.0,0.6666666666666666
10,16,6,1.65,0.65,inferred-noise,6,QAOA,9434,8.386980423622024,0.0,89,0.0022059999173507094,0.15454618562035785,1,256,34176,0.27386396145941055,0.1,0.6666666666666666
10,16,6,1.65,0.65,inferred-noise,6,QAOA,9434,8.386980423622024,0.0,89,0.002162415999919176,0.13139265468363154,1,256,34176,0.27386396145941055,0.25,0.6666666666666666
10,16,6,1.65,0.65,inferred-noise,6,QAOA,9434,8.386980423622024,0.0,89,0.002222166978754103,0.09280343645575437,1,256,34176,0.27386396145941055,0.5,0.6666666666666666
11,16,6,1.65,0.65,full,16,deployed,62296,5.090899426207299,0.576632578575298,0,0.0,,0,0,0,0.1811683792008138,0.0,1.0
11,16,6,1.65,0.65,full,16,exact enumeration,7325,2.8632332662510724,0.0,65536,0.0,,0,0,68719476736,0.1811683792008138,0.0,1.0
11,16,6,1.65,0.65,full,16,MILP,7325,2.8632332662510724,0.0,0,0.011556708021089435,,0,0,0,0.1811683792008138,0.0,1.0
11,16,6,1.65,0.65,full,16,annealing,62296,5.090899426207299,0.576632578575298,89,8.691707625985146e-05,,0,0,93323264,0.1811683792008138,0.0,1.0
11,16,6,1.65,0.65,full,16,QAOA,7317,2.9272912069259025,0.01658143225117562,89,0.2355671669356525,0.002050264292198342,1,256,93323264,0.1811683792008138,0.0,1.0
11,16,6,1.65,0.65,true,6,exact LNS,62296,5.090899426207299,0.576632578575298,64,1.459033228456974e-06,,0,0,24576,0.1811683792008138,0.0,1.0
11,16,6,1.65,0.65,true,6,annealing,62296,5.090899426207299,0.576632578575298,89,7.858301978558302e-05,,0,0,34176,0.1811683792008138,0.0,1.0
11,16,6,1.65,0.65,true,6,QAOA,62296,5.090899426207299,0.576632578575298,89,0.0021403339924290776,0.1428623895356604,1,256,34176,0.1811683792008138,0.0,1.0
11,16,6,1.65,0.65,inferred,6,exact LNS,62296,5.090899426207299,0.576632578575298,64,1.2080417945981026e-06,,0,0,24576,0.1811683792008138,0.0,0.6666666666666666
11,16,6,1.65,0.65,inferred,6,annealing,62296,5.090899426207299,0.576632578575298,89,7.404200732707977e-05,,0,0,34176,0.1811683792008138,0.0,0.6666666666666666
11,16,6,1.65,0.65,inferred,6,QAOA,62296,5.090899426207299,0.576632578575298,89,0.0022059580078348517,0.16569900501793022,1,256,34176,0.1811683792008138,0.0,0.6666666666666666
11,16,6,1.65,0.65,wrong,6,exact LNS,62296,5.090899426207299,0.576632578575298,64,1.291045919060707e-06,,0,0,24576,0.1811683792008138,0.0,0.5
11,16,6,1.65,0.65,wrong,6,annealing,62296,5.090899426207299,0.576632578575298,89,7.558404467999935e-05,,0,0,34176,0.1811683792008138,0.0,0.5
11,16,6,1.65,0.65,wrong,6,QAOA,62296,5.090899426207299,0.576632578575298,89,0.002237832988612354,0.11870337958756469,1,256,34176,0.1811683792008138,0.0,0.5
11,16,6,1.65,0.65,inferred-sensitivity,6,QAOA,62296,5.090899426207299,0.576632578575298,89,0.0020319579634815454,0.16569900501793022,1,64,34176,0.1811683792008138,0.0,0.6666666666666666
11,16,6,1.65,0.65,inferred-sensitivity,6,QAOA,62296,5.090899426207299,0.576632578575298,89,0.0036592079559341073,0.16495775961454862,2,64,34176,0.1811683792008138,0.0,0.6666666666666666
11,16,6,1.65,0.65,inferred-sensitivity,6,QAOA,62296,5.090899426207299,0.576632578575298,89,0.0036860411055386066,0.16495775961454862,2,256,34176,0.1811683792008138,0.0,0.6666666666666666
11,16,6,1.65,0.65,inferred-sensitivity,6,QAOA,62296,5.090899426207299,0.576632578575298,89,0.003646958968602121,0.16495775961454862,2,1024,34176,0.1811683792008138,0.0,0.6666666666666666
11,16,6,1.65,0.65,inferred-noise,6,QAOA,62296,5.090899426207299,0.576632578575298,89,0.0021565830102190375,0.1506916045161372,1,256,34176,0.1811683792008138,0.1,0.6666666666666666
11,16,6,1.65,0.65,inferred-noise,6,QAOA,62296,5.090899426207299,0.576632578575298,89,0.0022697909735143185,0.12818050376344767,1,256,34176,0.1811683792008138,0.25,0.6666666666666666
11,16,6,1.65,0.65,inferred-noise,6,QAOA,62296,5.090899426207299,0.576632578575298,89,0.002161624957807362,0.09066200250896511,1,256,34176,0.1811683792008138,0.5,0.6666666666666666
0,16,6,1.65,1.35,full,16,deployed,36584,13.038285357226268,0.1299766969989282,0,0.0,,0,0,0,0.017090264661035245,0.0,1.0
0,16,6,1.65,1.35,full,16,exact enumeration,28951,11.423517577406805,0.0,65536,0.0,,0,0,68719476736,0.017090264661035245,0.0,1.0
0,16,6,1.65,1.35,full,16,MILP,28951,11.423517577406805,0.0,0,0.015064999926835299,,0,0,0,0.017090264661035245,0.0,1.0
0,16,6,1.65,1.35,full,16,annealing,36584,13.038285357226268,0.1299766969989282,89,9.124993812292814e-05,,0,0,93323264,0.017090264661035245,0.0,1.0
0,16,6,1.65,1.35,full,16,QAOA,28951,11.423517577406805,0.0,89,0.23188858304638416,0.0009218171115931079,1,256,93323264,0.017090264661035245,0.0,1.0
0,16,6,1.65,1.35,true,6,exact LNS,36584,13.038285357226268,0.1299766969989282,64,1.7919810488820076e-06,,0,0,24576,0.017090264661035245,0.0,1.0
0,16,6,1.65,1.35,true,6,annealing,36584,13.038285357226268,0.1299766969989282,89,8.26249597594142e-05,,0,0,34176,0.017090264661035245,0.0,1.0
0,16,6,1.65,1.35,true,6,QAOA,36584,13.038285357226268,0.1299766969989282,89,0.0021800840040668845,0.21046952276617764,1,256,34176,0.017090264661035245,0.0,1.0
0,16,6,1.65,1.35,inferred,6,exact LNS,36584,13.038285357226268,0.1299766969989282,64,1.0409858077764511e-06,,0,0,24576,0.017090264661035245,0.0,0.8333333333333334
0,16,6,1.65,1.35,inferred,6,annealing,36584,13.038285357226268,0.1299766969989282,89,7.354200351983309e-05,,0,0,34176,0.017090264661035245,0.0,0.8333333333333334
0,16,6,1.65,1.35,inferred,6,QAOA,36584,13.038285357226268,0.1299766969989282,89,0.002082000020891428,0.18483955683011172,1,256,34176,0.017090264661035245,0.0,0.8333333333333334
0,16,6,1.65,1.35,wrong,6,exact LNS,36584,13.038285357226268,0.1299766969989282,64,9.170034900307655e-07,,0,0,24576,0.017090264661035245,0.0,0.5
0,16,6,1.65,1.35,wrong,6,annealing,36584,13.038285357226268,0.1299766969989282,89,6.995897274464369e-05,,0,0,34176,0.017090264661035245,0.0,0.5
0,16,6,1.65,1.35,wrong,6,QAOA,36584,13.038285357226268,0.1299766969989282,89,0.0020767500391229987,0.14835519500568833,1,256,34176,0.017090264661035245,0.0,0.5
0,16,6,1.65,1.35,inferred-sensitivity,6,QAOA,36584,13.038285357226268,0.1299766969989282,89,0.0021505419863387942,0.18483955683011172,1,64,34176,0.017090264661035245,0.0,0.8333333333333334
0,16,6,1.65,1.35,inferred-sensitivity,6,QAOA,36584,13.038285357226268,0.1299766969989282,89,0.0037078330060467124,0.189440913588255,2,64,34176,0.017090264661035245,0.0,0.8333333333333334
0,16,6,1.65,1.35,inferred-sensitivity,6,QAOA,36584,13.038285357226268,0.1299766969989282,89,0.0036887499736621976,0.189440913588255,2,256,34176,0.017090264661035245,0.0,0.8333333333333334
0,16,6,1.65,1.35,inferred-sensitivity,6,QAOA,36584,13.038285357226268,0.1299766969989282,89,0.0036292499862611294,0.189440913588255,2,1024,34176,0.017090264661035245,0.0,0.8333333333333334
0,16,6,1.65,1.35,inferred-noise,6,QAOA,36584,13.038285357226268,0.1299766969989282,89,0.002090458059683442,0.16791810114710054,1,256,34176,0.017090264661035245,0.1,0.8333333333333334
0,16,6,1.65,1.35,inferred-noise,6,QAOA,36584,13.038285357226268,0.1299766969989282,89,0.0020818329649046063,0.14253591762258377,1,256,34176,0.017090264661035245,0.25,0.8333333333333334
0,16,6,1.65,1.35,inferred-noise,6,QAOA,36584,13.038285357226268,0.1299766969989282,89,0.0021210419945418835,0.10023227841505586,1,256,34176,0.017090264661035245,0.5,0.8333333333333334
1,16,6,1.65,1.35,full,16,deployed,40144,2.7397418947486063,0.23651410389536948,0,0.0,,0,0,0,0.13347999717714654,0.0,1.0
1,16,6,1.65,1.35,full,16,exact enumeration,29487,2.0244231610196444,0.0,65536,0.0,,0,0,68719476736,0.13347999717714654,0.0,1.0
1,16,6,1.65,1.35,full,16,MILP,29487,2.0244231610196444,0.0,0,0.012443667044863105,,0,0,0,0.13347999717714654,0.0,1.0
1,16,6,1.65,1.35,full,16,annealing,40144,2.7397418947486063,0.23651410389536948,89,8.216698188334703e-05,,0,0,93323264,0.13347999717714654,0.0,1.0
1,16,6,1.65,1.35,full,16,QAOA,25391,2.413459649451149,0.12863163245329268,89,0.2276182499481365,0.00211175394647832,1,256,93323264,0.13347999717714654,0.0,1.0
1,16,6,1.65,1.35,true,6,exact LNS,40144,2.7397418947486063,0.23651410389536948,64,1.500011421740055e-06,,0,0,24576,0.13347999717714654,0.0,1.0
1,16,6,1.65,1.35,true,6,annealing,40144,2.7397418947486063,0.23651410389536948,89,7.904204539954662e-05,,0,0,34176,0.13347999717714654,0.0,1.0
1,16,6,1.65,1.35,true,6,QAOA,40144,2.7397418947486063,0.23651410389536948,89,0.002162415999919176,0.1454954614472437,1,256,34176,0.13347999717714654,0.0,1.0
1,16,6,1.65,1.35,inferred,6,exact LNS,40144,2.7397418947486063,0.23651410389536948,64,1.00000761449337e-06,,0,0,24576,0.13347999717714654,0.0,0.8333333333333334
1,16,6,1.65,1.35,inferred,6,annealing,40144,2.7397418947486063,0.23651410389536948,89,7.216702215373516e-05,,0,0,34176,0.13347999717714654,0.0,0.8333333333333334
1,16,6,1.65,1.35,inferred,6,QAOA,40144,2.7397418947486063,0.23651410389536948,89,0.0021139170276001096,0.11304753497022438,1,256,34176,0.13347999717714654,0.0,0.8333333333333334
1,16,6,1.65,1.35,wrong,6,exact LNS,40144,2.7397418947486063,0.23651410389536948,64,9.170034900307655e-07,,0,0,24576,0.13347999717714654,0.0,0.5
1,16,6,1.65,1.35,wrong,6,annealing,40144,2.7397418947486063,0.23651410389536948,89,7.25829740986228e-05,,0,0,34176,0.13347999717714654,0.0,0.5
1,16,6,1.65,1.35,wrong,6,QAOA,40144,2.7397418947486063,0.23651410389536948,89,0.002166916965506971,0.48199705103872836,1,256,34176,0.13347999717714654,0.0,0.5
1,16,6,1.65,1.35,inferred-sensitivity,6,QAOA,40144,2.7397418947486063,0.23651410389536948,89,0.0021452909568324685,0.11304753497022438,1,64,34176,0.13347999717714654,0.0,0.8333333333333334
1,16,6,1.65,1.35,inferred-sensitivity,6,QAOA,40144,2.7397418947486063,0.23651410389536948,89,0.0035881249932572246,0.11410441304352674,2,64,34176,0.13347999717714654,0.0,0.8333333333333334
1,16,6,1.65,1.35,inferred-sensitivity,6,QAOA,40144,2.7397418947486063,0.23651410389536948,89,0.003625083016231656,0.11410441304352674,2,256,34176,0.13347999717714654,0.0,0.8333333333333334
1,16,6,1.65,1.35,inferred-sensitivity,6,QAOA,40144,2.7397418947486063,0.23651410389536948,89,0.00361483299639076,0.11410441304352674,2,1024,34176,0.13347999717714654,0.0,0.8333333333333334
1,16,6,1.65,1.35,inferred-noise,6,QAOA,40144,2.7397418947486063,0.23651410389536948,89,0.002125042024999857,0.10330528147320193,1,256,34176,0.13347999717714654,0.1,0.8333333333333334
1,16,6,1.65,1.35,inferred-noise,6,QAOA,40144,2.7397418947486063,0.23651410389536948,89,0.0021413329523056746,0.08869190122766829,1,256,34176,0.13347999717714654,0.25,0.8333333333333334
1,16,6,1.65,1.35,inferred-noise,6,QAOA,40144,2.7397418947486063,0.23651410389536948,89,0.002154959016479552,0.06433626748511219,1,256,34176,0.13347999717714654,0.5,0.8333333333333334
2,16,6,1.65,1.35,full,16,deployed,29237,7.452259185021476,0.3182853073652587,0,0.0,,0,0,0,0.4758716258251197,0.0,1.0
2,16,6,1.65,1.35,full,16,exact enumeration,36314,5.411555327059107,0.0,65536,0.0,,0,0,68719476736,0.4758716258251197,0.0,1.0
2,16,6,1.65,1.35,full,16,MILP,36314,5.411555327059107,0.0,0,0.01487937499769032,,0,0,0,0.4758716258251197,0.0,1.0
2,16,6,1.65,1.35,full,16,annealing,29237,7.452259185021476,0.3182853073652587,89,8.737493772059679e-05,,0,0,93323264,0.4758716258251197,0.0,1.0
2,16,6,1.65,1.35,full,16,QAOA,36186,6.146115457391546,0.11456816526753297,89,0.22915195801761,0.0013385612131650046,1,256,93323264,0.4758716258251197,0.0,1.0
2,16,6,1.65,1.35,true,6,exact LNS,29237,7.452259185021476,0.3182853073652587,64,1.625041477382183e-06,,0,0,24576,0.4758716258251197,0.0,1.0
2,16,6,1.65,1.35,true,6,annealing,29237,7.452259185021476,0.3182853073652587,89,7.683306466788054e-05,,0,0,34176,0.4758716258251197,0.0,1.0
2,16,6,1.65,1.35,true,6,QAOA,29237,7.452259185021476,0.3182853073652587,89,0.0021780829411000013,0.22824487012350503,1,256,34176,0.4758716258251197,0.0,1.0
2,16,6,1.65,1.35,inferred,6,exact LNS,29237,7.452259185021476,0.3182853073652587,64,9.579816833138466e-07,,0,0,24576,0.4758716258251197,0.0,1.0
2,16,6,1.65,1.35,inferred,6,annealing,29237,7.452259185021476,0.3182853073652587,89,7.195898797363043e-05,,0,0,34176,0.4758716258251197,0.0,1.0
2,16,6,1.65,1.35,inferred,6,QAOA,29237,7.452259185021476,0.3182853073652587,89,0.002129458007402718,0.22824487012350503,1,256,34176,0.4758716258251197,0.0,1.0
2,16,6,1.65,1.35,wrong,6,exact LNS,29237,7.452259185021476,0.3182853073652587,64,1.2079253792762756e-06,,0,0,24576,0.4758716258251197,0.0,0.5
2,16,6,1.65,1.35,wrong,6,annealing,29237,7.452259185021476,0.3182853073652587,89,7.375003769993782e-05,,0,0,34176,0.4758716258251197,0.0,0.5
2,16,6,1.65,1.35,wrong,6,QAOA,29237,7.452259185021476,0.3182853073652587,89,0.0021089999936521053,0.21440284250344785,1,256,34176,0.4758716258251197,0.0,0.5
2,16,6,1.65,1.35,inferred-sensitivity,6,QAOA,29237,7.452259185021476,0.3182853073652587,89,0.0021129579981788993,0.22824487012350503,1,64,34176,0.4758716258251197,0.0,1.0
2,16,6,1.65,1.35,inferred-sensitivity,6,QAOA,29237,7.452259185021476,0.3182853073652587,89,0.0035914580803364515,0.23013640344489344,2,64,34176,0.4758716258251197,0.0,1.0
2,16,6,1.65,1.35,inferred-sensitivity,6,QAOA,29237,7.452259185021476,0.3182853073652587,89,0.003520541940815747,0.23013640344489344,2,256,34176,0.4758716258251197,0.0,1.0
2,16,6,1.65,1.35,inferred-sensitivity,6,QAOA,29237,7.452259185021476,0.3182853073652587,89,0.003571665962226689,0.23013640344489344,2,1024,34176,0.4758716258251197,0.0,1.0
2,16,6,1.65,1.35,inferred-noise,6,QAOA,29237,7.452259185021476,0.3182853073652587,89,0.0020849580178037286,0.20698288311115454,1,256,34176,0.4758716258251197,0.1,1.0
2,16,6,1.65,1.35,inferred-noise,6,QAOA,29237,7.452259185021476,0.3182853073652587,89,0.002197416964918375,0.17508990259262877,1,256,34176,0.4758716258251197,0.25,1.0
2,16,6,1.65,1.35,inferred-noise,6,QAOA,29237,7.452259185021476,0.3182853073652587,89,0.002046333043836057,0.12193493506175251,1,256,34176,0.4758716258251197,0.5,1.0
3,16,6,1.65,1.35,full,16,deployed,11028,7.368294128572521,0.37380160522710504,0,0.0,,0,0,0,0.350963457270624,0.0,1.0
3,16,6,1.65,1.35,full,16,exact enumeration,8914,5.091341061716948,0.0,65536,0.0,,0,0,68719476736,0.350963457270624,0.0,1.0
3,16,6,1.65,1.35,full,16,MILP,8914,5.091341061716948,0.0,0,0.013569167000241578,,0,0,0,0.350963457270624,0.0,1.0
3,16,6,1.65,1.35,full,16,annealing,9044,7.129447697445763,0.3345907929106075,89,8.754199370741844e-05,,0,0,93323264,0.350963457270624,0.0,1.0
3,16,6,1.65,1.35,full,16,QAOA,13010,6.004197952743149,0.14986139862752929,89,0.23279445804655552,0.0011207850776924488,1,256,93323264,0.350963457270624,0.0,1.0
3,16,6,1.65,1.35,true,6,exact LNS,11028,7.368294128572521,0.37380160522710504,64,1.374981366097927e-06,,0,0,24576,0.350963457270624,0.0,1.0
3,16,6,1.65,1.35,true,6,annealing,11028,7.368294128572521,0.37380160522710504,89,7.624994032084942e-05,,0,0,34176,0.350963457270624,0.0,1.0
3,16,6,1.65,1.35,true,6,QAOA,11028,7.368294128572521,0.37380160522710504,89,0.0021457920083776116,0.15666152158742216,1,256,34176,0.350963457270624,0.0,1.0
3,16,6,1.65,1.35,inferred,6,exact LNS,2876,6.988054674563195,0.31137865925235614,64,9.579816833138466e-07,,0,0,24576,0.350963457270624,0.0,0.6666666666666666
3,16,6,1.65,1.35,inferred,6,annealing,2876,6.988054674563195,0.31137865925235614,89,7.145805284380913e-05,,0,0,34176,0.350963457270624,0.0,0.6666666666666666
3,16,6,1.65,1.35,inferred,6,QAOA,2876,6.988054674563195,0.31137865925235614,89,0.0020686660427600145,0.13335362907921167,1,256,34176,0.350963457270624,0.0,0.6666666666666666
3,16,6,1.65,1.35,wrong,6,exact LNS,11028,7.368294128572521,0.37380160522710504,64,8.329516276717186e-07,,0,0,24576,0.350963457270624,0.0,0.5
3,16,6,1.65,1.35,wrong,6,annealing,11028,7.368294128572521,0.37380160522710504,89,7.104093674570322e-05,,0,0,34176,0.350963457270624,0.0,0.5
3,16,6,1.65,1.35,wrong,6,QAOA,11028,7.368294128572521,0.37380160522710504,89,0.002193500055000186,0.12435053683464485,1,256,34176,0.350963457270624,0.0,0.5
3,16,6,1.65,1.35,inferred-sensitivity,6,QAOA,2876,6.988054674563195,0.31137865925235614,89,0.0020470829913392663,0.13335362907921167,1,64,34176,0.350963457270624,0.0,0.6666666666666666
3,16,6,1.65,1.35,inferred-sensitivity,6,QAOA,2876,6.988054674563195,0.31137865925235614,89,0.003444333910010755,0.1312846130083426,2,64,34176,0.350963457270624,0.0,0.6666666666666666
3,16,6,1.65,1.35,inferred-sensitivity,6,QAOA,2876,6.988054674563195,0.31137865925235614,89,0.0034970000851899385,0.1312846130083426,2,256,34176,0.350963457270624,0.0,0.6666666666666666
3,16,6,1.65,1.35,inferred-sensitivity,6,QAOA,2876,6.988054674563195,0.31137865925235614,89,0.003496500081382692,0.1312846130083426,2,1024,34176,0.350963457270624,0.0,0.6666666666666666
3,16,6,1.65,1.35,inferred-noise,6,QAOA,2876,6.988054674563195,0.31137865925235614,89,0.00206845800857991,0.1215807661712905,1,256,34176,0.350963457270624,0.1,0.6666666666666666
3,16,6,1.65,1.35,inferred-noise,6,QAOA,2876,6.988054674563195,0.31137865925235614,89,0.0020572920329868793,0.10392147180940875,1,256,34176,0.350963457270624,0.25,0.6666666666666666
3,16,6,1.65,1.35,inferred-noise,6,QAOA,2876,6.988054674563195,0.31137865925235614,89,0.0020890829619020224,0.07448931453960583,1,256,34176,0.350963457270624,0.5,0.6666666666666666
4,16,6,1.65,1.35,full,16,deployed,16340,7.301127510888493,0.18295952820238517,0,0.0,,0,0,0,0.1484226853319906,0.0,1.0
4,16,6,1.65,1.35,full,16,exact enumeration,15828,6.01725402516755,0.0,65536,0.0,,0,0,68719476736,0.1484226853319906,0.0,1.0
4,16,6,1.65,1.35,full,16,MILP,15828,6.01725402516755,0.0,0,0.013640583027154207,,0,0,0,0.1484226853319906,0.0,1.0
4,16,6,1.65,1.35,full,16,annealing,15828,6.01725402516755,0.0,89,8.179200813174248e-05,,0,0,93323264,0.1484226853319906,0.0,1.0
4,16,6,1.65,1.35,full,16,QAOA,15588,6.9640989077817625,0.13493096861227064,89,0.22638058301527053,0.0016480223786679818,1,256,93323264,0.1484226853319906,0.0,1.0
4,16,6,1.65,1.35,true,6,exact LNS,15828,6.01725402516755,0.0,64,1.249951310455799e-06,,0,0,24576,0.1484226853319906,0.0,1.0
4,16,6,1.65,1.35,true,6,annealing,15828,6.01725402516755,0.0,89,7.283303420990705e-05,,0,0,34176,0.1484226853319906,0.0,1.0
4,16,6,1.65,1.35,true,6,QAOA,15828,6.01725402516755,0.0,89,0.002105250023305416,0.18463180945369848,1,256,34176,0.1484226853319906,0.0,1.0
4,16,6,1.65,1.35,inferred,6,exact LNS,15828,6.01725402516755,0.0,64,9.579816833138466e-07,,0,0,24576,0.1484226853319906,0.0,0.6666666666666666
4,16,6,1.65,1.35,inferred,6,annealing,15828,6.01725402516755,0.0,89,7.120799273252487e-05,,0,0,34176,0.1484226853319906,0.0,0.6666666666666666
4,16,6,1.65,1.35,inferred,6,QAOA,15828,6.01725402516755,0.0,89,0.0020833329763263464,0.16187054182353822,1,256,34176,0.1484226853319906,0.0,0.6666666666666666
4,16,6,1.65,1.35,wrong,6,exact LNS,15828,6.01725402516755,0.0,64,8.329516276717186e-07,,0,0,24576,0.1484226853319906,0.0,0.5
4,16,6,1.65,1.35,wrong,6,annealing,15828,6.01725402516755,0.0,89,7.058295886963606e-05,,0,0,34176,0.1484226853319906,0.0,0.5
4,16,6,1.65,1.35,wrong,6,QAOA,15828,6.01725402516755,0.0,89,0.002055124961771071,0.2733131955417262,1,256,34176,0.1484226853319906,0.0,0.5
4,16,6,1.65,1.35,inferred-sensitivity,6,QAOA,15828,6.01725402516755,0.0,89,0.0020487919682636857,0.16187054182353822,1,64,34176,0.1484226853319906,0.0,0.6666666666666666
4,16,6,1.65,1.35,inferred-sensitivity,6,QAOA,15828,6.01725402516755,0.0,89,0.0034811249934136868,0.1700373592554733,2,64,34176,0.1484226853319906,0.0,0.6666666666666666
4,16,6,1.65,1.35,inferred-sensitivity,6,QAOA,15828,6.01725402516755,0.0,89,0.003524124971590936,0.1700373592554733,2,256,34176,0.1484226853319906,0.0,0.6666666666666666
4,16,6,1.65,1.35,inferred-sensitivity,6,QAOA,15828,6.01725402516755,0.0,89,0.0034687089500948787,0.1700373592554733,2,1024,34176,0.1484226853319906,0.0,0.6666666666666666
4,16,6,1.65,1.35,inferred-noise,6,QAOA,15828,6.01725402516755,0.0,89,0.0020840830402448773,0.1472459876411844,1,256,34176,0.1484226853319906,0.1,0.6666666666666666
4,16,6,1.65,1.35,inferred-noise,6,QAOA,15828,6.01725402516755,0.0,89,0.0020717079751193523,0.12530915636765366,1,256,34176,0.1484226853319906,0.25,0.6666666666666666
4,16,6,1.65,1.35,inferred-noise,6,QAOA,15828,6.01725402516755,0.0,89,0.0021239169873297215,0.08874777091176911,1,256,34176,0.1484226853319906,0.5,0.6666666666666666
5,16,6,1.65,1.35,full,16,deployed,50637,11.057702708639129,0.22923267876683576,0,0.0,,0,0,0,0.16248364961870318,0.0,1.0
5,16,6,1.65,1.35,full,16,exact enumeration,58805,8.80912964397871,0.0,65536,0.0,,0,0,68719476736,0.16248364961870318,0.0,1.0
5,16,6,1.65,1.35,full,16,MILP,58805,8.80912964397871,0.0,0,0.01607850007712841,,0,0,0,0.16248364961870318,0.0,1.0
5,16,6,1.65,1.35,full,16,annealing,58805,8.80912964397871,0.0,89,7.779104635119438e-05,,0,0,93323264,0.16248364961870318,0.0,1.0
5,16,6,1.65,1.35,full,16,QAOA,50613,9.015660153105568,0.021054927054984414,89,0.2238492500036955,0.0010460738703135287,1,256,93323264,0.16248364961870318,0.0,1.0
5,16,6,1.65,1.35,true,6,exact LNS,50573,10.198436890268075,0.141634099733016,64,1.250067725777626e-06,,0,0,24576,0.16248364961870318,0.0,1.0
5,16,6,1.65,1.35,true,6,annealing,50573,10.198436890268075,0.141634099733016,89,7.66250304877758e-05,,0,0,34176,0.16248364961870318,0.0,1.0
5,16,6,1.65,1.35,true,6,QAOA,50573,10.198436890268075,0.141634099733016,89,0.00204287504311651,0.1291893518589735,1,256,34176,0.16248364961870318,0.0,1.0
5,16,6,1.65,1.35,inferred,6,exact LNS,50573,10.198436890268075,0.141634099733016,64,9.579816833138466e-07,,0,0,24576,0.16248364961870318,0.0,1.0
5,16,6,1.65,1.35,inferred,6,annealing,50573,10.198436890268075,0.141634099733016,89,7.1333022788167e-05,,0,0,34176,0.16248364961870318,0.0,1.0
5,16,6,1.65,1.35,inferred,6,QAOA,50573,10.198436890268075,0.141634099733016,89,0.002060708007775247,0.1291893518589735,1,256,34176,0.16248364961870318,0.0,1.0
5,16,6,1.65,1.35,wrong,6,exact LNS,50637,11.057702708639129,0.22923267876683576,64,1.166015863418579e-06,,0,0,24576,0.16248364961870318,0.0,0.5
5,16,6,1.65,1.35,wrong,6,annealing,50637,11.057702708639129,0.22923267876683576,89,7.708300836384296e-05,,0,0,34176,0.16248364961870318,0.0,0.5
5,16,6,1.65,1.35,wrong,6,QAOA,50637,11.057702708639129,0.22923267876683576,89,0.0020264580380171537,0.14572582678177992,1,256,34176,0.16248364961870318,0.0,0.5
5,16,6,1.65,1.35,inferred-sensitivity,6,QAOA,50573,10.198436890268075,0.141634099733016,89,0.0020234999246895313,0.1291893518589735,1,64,34176,0.16248364961870318,0.0,1.0
5,16,6,1.65,1.35,inferred-sensitivity,6,QAOA,50573,10.198436890268075,0.141634099733016,89,0.0034550409764051437,0.1496976156820432,2,64,34176,0.16248364961870318,0.0,1.0
5,16,6,1.65,1.35,inferred-sensitivity,6,QAOA,50573,10.198436890268075,0.141634099733016,89,0.003517167060635984,0.1496976156820432,2,256,34176,0.16248364961870318,0.0,1.0
5,16,6,1.65,1.35,inferred-sensitivity,6,QAOA,50573,10.198436890268075,0.141634099733016,89,0.003525207983329892,0.1496976156820432,2,1024,34176,0.16248364961870318,0.0,1.0
5,16,6,1.65,1.35,inferred-noise,6,QAOA,50573,10.198436890268075,0.141634099733016,89,0.002087750006467104,0.11783291667307616,1,256,34176,0.16248364961870318,0.1,1.0
5,16,6,1.65,1.35,inferred-noise,6,QAOA,50573,10.198436890268075,0.141634099733016,89,0.002083707950077951,0.10079826389423013,1,256,34176,0.16248364961870318,0.25,1.0
5,16,6,1.65,1.35,inferred-noise,6,QAOA,50573,10.198436890268075,0.141634099733016,89,0.00208583299536258,0.07240717592948676,1,256,34176,0.16248364961870318,0.5,1.0
6,16,6,1.65,1.35,full,16,deployed,53689,10.513504284454173,0.076544055311949,0,0.0,,0,0,0,0.0,0.0,1.0
6,16,6,1.65,1.35,full,16,exact enumeration,33366,9.69487516803752,0.0,65536,0.0,,0,0,68719476736,0.0,0.0,1.0
6,16,6,1.65,1.35,full,16,MILP,33366,9.69487516803752,0.0,0,0.019000208005309105,,0,0,0,0.0,0.0,1.0
6,16,6,1.65,1.35,full,16,annealing,49593,10.03161205843014,0.03148581774932587,89,7.808301597833633e-05,,0,0,93323264,0.0,0.0,1.0
6,16,6,1.65,1.35,full,16,QAOA,33366,9.69487516803752,0.0,89,0.22400687506888062,0.001695227825945935,1,256,93323264,0.0,0.0,1.0
6,16,6,1.65,1.35,true,6,exact LNS,49593,10.03161205843014,0.03148581774932587,64,1.2080417945981026e-06,,0,0,24576,0.0,0.0,1.0
6,16,6,1.65,1.35,true,6,annealing,49593,10.03161205843014,0.03148581774932587,89,7.745798211544752e-05,,0,0,34176,0.0,0.0,1.0
6,16,6,1.65,1.35,true,6,QAOA,49593,10.03161205843014,0.03148581774932587,89,0.0021366250002756715,0.21780400402313552,1,256,34176,0.0,0.0,1.0
6,16,6,1.65,1.35,inferred,6,exact LNS,49593,10.03161205843014,0.03148581774932587,64,1.0409858077764511e-06,,0,0,24576,0.0,0.0,1.0
6,16,6,1.65,1.35,inferred,6,annealing,49593,10.03161205843014,0.03148581774932587,89,6.970798131078482e-05,,0,0,34176,0.0,0.0,1.0
6,16,6,1.65,1.35,inferred,6,QAOA,49593,10.03161205843014,0.03148581774932587,89,0.0021041249856352806,0.21780400402313552,1,256,34176,0.0,0.0,1.0
6,16,6,1.65,1.35,wrong,6,exact LNS,53689,10.513504284454173,0.076544055311949,64,9.170034900307655e-07,,0,0,24576,0.0,0.0,0.5
6,16,6,1.65,1.35,wrong,6,annealing,37310,10.753866904972668,0.09901861595355772,89,7.316609844565392e-05,,0,0,34176,0.0,0.0,0.5
6,16,6,1.65,1.35,wrong,6,QAOA,53689,10.513504284454173,0.076544055311949,89,0.0021232080180197954,0.12113363725665138,1,256,34176,0.0,0.0,0.5
6,16,6,1.65,1.35,inferred-sensitivity,6,QAOA,49593,10.03161205843014,0.03148581774932587,89,0.002091291011311114,0.21780400402313552,1,64,34176,0.0,0.0,1.0
6,16,6,1.65,1.35,inferred-sensitivity,6,QAOA,49593,10.03161205843014,0.03148581774932587,89,0.003582207951694727,0.21686612503458816,2,64,34176,0.0,0.0,1.0
6,16,6,1.65,1.35,inferred-sensitivity,6,QAOA,49593,10.03161205843014,0.03148581774932587,89,0.003515999997034669,0.21686612503458816,2,256,34176,0.0,0.0,1.0
6,16,6,1.65,1.35,inferred-sensitivity,6,QAOA,49593,10.03161205843014,0.03148581774932587,89,0.0035453750751912594,0.21686612503458816,2,1024,34176,0.0,0.0,1.0
6,16,6,1.65,1.35,inferred-noise,6,QAOA,49593,10.03161205843014,0.03148581774932587,89,0.0021235829917714,0.19758610362082196,1,256,34176,0.0,0.1,1.0
6,16,6,1.65,1.35,inferred-noise,6,QAOA,49593,10.03161205843014,0.03148581774932587,89,0.002005166024900973,0.16725925301735164,1,256,34176,0.0,0.25,1.0
6,16,6,1.65,1.35,inferred-noise,6,QAOA,49593,10.03161205843014,0.03148581774932587,89,0.0020760420011356473,0.11671450201156776,1,256,34176,0.0,0.5,1.0
7,16,6,1.65,1.35,full,16,deployed,61781,7.803409081168367,0.07163872683436666,0,0.0,,0,0,0,0.27299348659218875,0.0,1.0
7,16,6,1.65,1.35,full,16,exact enumeration,61765,7.214903829739096,0.0,65536,0.0,,0,0,68719476736,0.27299348659218875,0.0,1.0
7,16,6,1.65,1.35,full,16,MILP,61765,7.214903829739096,0.0,0,0.013812499935738742,,0,0,0,0.27299348659218875,0.0,1.0
7,16,6,1.65,1.35,full,16,annealing,61765,7.214903829739096,0.0,89,8.112494833767414e-05,,0,0,93323264,0.27299348659218875,0.0,1.0
7,16,6,1.65,1.35,full,16,QAOA,19817,7.86528477742675,0.07917085350813045,89,0.22562037501484156,0.0012918789731894665,1,256,93323264,0.27299348659218875,0.0,1.0
7,16,6,1.65,1.35,true,6,exact LNS,61765,7.214903829739096,0.0,64,1.249951310455799e-06,,0,0,24576,0.27299348659218875,0.0,1.0
7,16,6,1.65,1.35,true,6,annealing,61765,7.214903829739096,0.0,89,7.691595237702131e-05,,0,0,34176,0.27299348659218875,0.0,1.0
7,16,6,1.65,1.35,true,6,QAOA,61765,7.214903829739096,0.0,89,0.002062374958768487,0.1491217576343633,1,256,34176,0.27299348659218875,0.0,1.0
7,16,6,1.65,1.35,inferred,6,exact LNS,61765,7.214903829739096,0.0,64,1.00000761449337e-06,,0,0,24576,0.27299348659218875,0.0,0.6666666666666666
7,16,6,1.65,1.35,inferred,6,annealing,61765,7.214903829739096,0.0,89,7.083301898092031e-05,,0,0,34176,0.27299348659218875,0.0,0.6666666666666666
7,16,6,1.65,1.35,inferred,6,QAOA,61765,7.214903829739096,0.0,89,0.0020508329616859555,0.09187742872843395,1,256,34176,0.27299348659218875,0.0,0.6666666666666666
7,16,6,1.65,1.35,wrong,6,exact LNS,61781,7.803409081168367,0.07163872683436666,64,9.170034900307655e-07,,0,0,24576,0.27299348659218875,0.0,0.5
7,16,6,1.65,1.35,wrong,6,annealing,61781,7.803409081168367,0.07163872683436666,89,7.083301898092031e-05,,0,0,34176,0.27299348659218875,0.0,0.5
7,16,6,1.65,1.35,wrong,6,QAOA,61781,7.803409081168367,0.07163872683436666,89,0.00211537501309067,0.2192244941713772,1,256,34176,0.27299348659218875,0.0,0.5
7,16,6,1.65,1.35,inferred-sensitivity,6,QAOA,61765,7.214903829739096,0.0,89,0.002096958924084902,0.09187742872843395,1,64,34176,0.27299348659218875,0.0,0.6666666666666666
7,16,6,1.65,1.35,inferred-sensitivity,6,QAOA,61765,7.214903829739096,0.0,89,0.003567707957699895,0.09848979501240093,2,64,34176,0.27299348659218875,0.0,0.6666666666666666
7,16,6,1.65,1.35,inferred-sensitivity,6,QAOA,61765,7.214903829739096,0.0,89,0.003591874963603914,0.09848979501240093,2,256,34176,0.27299348659218875,0.0,0.6666666666666666
7,16,6,1.65,1.35,inferred-sensitivity,6,QAOA,61765,7.214903829739096,0.0,89,0.0035271249944344163,0.09848979501240093,2,1024,34176,0.27299348659218875,0.0,0.6666666666666666
7,16,6,1.65,1.35,inferred-noise,6,QAOA,61765,7.214903829739096,0.0,89,0.0020941250259056687,0.08425218585559055,1,256,34176,0.27299348659218875,0.1,0.6666666666666666
7,16,6,1.65,1.35,inferred-noise,6,QAOA,61765,7.214903829739096,0.0,89,0.0020983750000596046,0.07281432154632546,1,256,34176,0.27299348659218875,0.25,0.6666666666666666
7,16,6,1.65,1.35,inferred-noise,6,QAOA,61765,7.214903829739096,0.0,89,0.0021464999299496412,0.053751214364216975,1,256,34176,0.27299348659218875,0.5,0.6666666666666666
8,16,6,1.65,1.35,full,16,deployed,6872,6.9233614010862805,0.0,0,0.0,,0,0,0,0.27967704963032963,0.0,1.0
8,16,6,1.65,1.35,full,16,exact enumeration,6872,6.9233614010862805,0.0,65536,0.0,,0,0,68719476736,0.27967704963032963,0.0,1.0
8,16,6,1.65,1.35,full,16,MILP,6872,6.9233614010862805,0.0,0,0.01562650001142174,,0,0,0,0.27967704963032963,0.0,1.0
8,16,6,1.65,1.35,full,16,annealing,6872,6.9233614010862805,0.0,89,8.07089963927865e-05,,0,0,93323264,0.27967704963032963,0.0,1.0
8,16,6,1.65,1.35,full,16,QAOA,13653,7.92446644161025,0.12634852682432482,89,0.2211674170102924,0.000594926422551551,1,256,93323264,0.27967704963032963,0.0,1.0
8,16,6,1.65,1.35,true,6,exact LNS,6872,6.9233614010862805,0.0,64,1.5420373529195786e-06,,0,0,24576,0.27967704963032963,0.0,1.0
8,16,6,1.65,1.35,true,6,annealing,6992,9.031363667720337,0.2660489860206367,89,8.624990005046129e-05,,0,0,34176,0.27967704963032963,0.0,1.0
8,16,6,1.65,1.35,true,6,QAOA,6872,6.9233614010862805,0.0,89,0.0020427090348675847,0.10941584423882102,1,256,34176,0.27967704963032963,0.0,1.0
8,16,6,1.65,1.35,inferred,6,exact LNS,6872,6.9233614010862805,0.0,64,7.919734343886375e-07,,0,0,24576,0.27967704963032963,0.0,0.6666666666666666
8,16,6,1.65,1.35,inferred,6,annealing,6872,6.9233614010862805,0.0,89,7.64590222388506e-05,,0,0,34176,0.27967704963032963,0.0,0.6666666666666666
8,16,6,1.65,1.35,inferred,6,QAOA,6872,6.9233614010862805,0.0,89,0.0020687079522758722,0.1438147757180968,1,256,34176,0.27967704963032963,0.0,0.6666666666666666
8,16,6,1.65,1.35,wrong,6,exact LNS,6872,6.9233614010862805,0.0,64,8.329516276717186e-07,,0,0,24576,0.27967704963032963,0.0,0.5
8,16,6,1.65,1.35,wrong,6,annealing,6872,6.9233614010862805,0.0,89,7.175002247095108e-05,,0,0,34176,0.27967704963032963,0.0,0.5
8,16,6,1.65,1.35,wrong,6,QAOA,6872,6.9233614010862805,0.0,89,0.002085332991555333,0.1299750508195513,1,256,34176,0.27967704963032963,0.0,0.5
8,16,6,1.65,1.35,inferred-sensitivity,6,QAOA,6872,6.9233614010862805,0.0,89,0.002067832974717021,0.1438147757180968,1,64,34176,0.27967704963032963,0.0,0.6666666666666666
8,16,6,1.65,1.35,inferred-sensitivity,6,QAOA,6872,6.9233614010862805,0.0,89,0.0034980830969288945,0.14954626450429004,2,64,34176,0.27967704963032963,0.0,0.6666666666666666
8,16,6,1.65,1.35,inferred-sensitivity,6,QAOA,6872,6.9233614010862805,0.0,89,0.003614500048570335,0.14954626450429004,2,256,34176,0.27967704963032963,0.0,0.6666666666666666
8,16,6,1.65,1.35,inferred-sensitivity,6,QAOA,6872,6.9233614010862805,0.0,89,0.0037826249608770013,0.14954626450429004,2,1024,34176,0.27967704963032963,0.0,0.6666666666666666
8,16,6,1.65,1.35,inferred-noise,6,QAOA,6872,6.9233614010862805,0.0,89,0.0020881249802187085,0.13099579814628712,1,256,34176,0.27967704963032963,0.1,0.6666666666666666
8,16,6,1.65,1.35,inferred-noise,6,QAOA,6872,6.9233614010862805,0.0,89,0.0020808340050280094,0.11176733178857261,1,256,34176,0.27967704963032963,0.25,0.6666666666666666
8,16,6,1.65,1.35,inferred-noise,6,QAOA,6872,6.9233614010862805,0.0,89,0.0021109170047566295,0.0797198878590484,1,256,34176,0.27967704963032963,0.5,0.6666666666666666
9,16,6,1.65,1.35,full,16,deployed,24364,3.161514204988075,0.0,0,0.0,,0,0,0,0.43097642005868286,0.0,1.0
9,16,6,1.65,1.35,full,16,exact enumeration,24364,3.161514204988075,0.0,65536,0.0,,0,0,68719476736,0.43097642005868286,0.0,1.0
9,16,6,1.65,1.35,full,16,MILP,24364,3.161514204988075,0.0,0,0.01083791593555361,,0,0,0,0.43097642005868286,0.0,1.0
9,16,6,1.65,1.35,full,16,annealing,24364,3.161514204988075,0.0,89,7.924996316432953e-05,,0,0,93323264,0.43097642005868286,0.0,1.0
9,16,6,1.65,1.35,full,16,QAOA,24366,4.84965268440531,0.4056548641342611,89,0.2293218340491876,0.00073503787695187,1,256,93323264,0.43097642005868286,0.0,1.0
9,16,6,1.65,1.35,true,6,exact LNS,24364,3.161514204988075,0.0,64,1.250067725777626e-06,,0,0,24576,0.43097642005868286,0.0,1.0
9,16,6,1.65,1.35,true,6,annealing,24364,3.161514204988075,0.0,89,7.808301597833633e-05,,0,0,34176,0.43097642005868286,0.0,1.0
9,16,6,1.65,1.35,true,6,QAOA,24364,3.161514204988075,0.0,89,0.002118833945132792,0.3816387902205954,1,256,34176,0.43097642005868286,0.0,1.0
9,16,6,1.65,1.35,inferred,6,exact LNS,24364,3.161514204988075,0.0,64,8.33999365568161e-07,,0,0,24576,0.43097642005868286,0.0,0.6666666666666666
9,16,6,1.65,1.35,inferred,6,annealing,24364,3.161514204988075,0.0,89,7.587508298456669e-05,,0,0,34176,0.43097642005868286,0.0,0.6666666666666666
9,16,6,1.65,1.35,inferred,6,QAOA,24364,3.161514204988075,0.0,89,0.002082834020256996,0.213121442422911,1,256,34176,0.43097642005868286,0.0,0.6666666666666666
9,16,6,1.65,1.35,wrong,6,exact LNS,24364,3.161514204988075,0.0,64,9.159557521343231e-07,,0,0,24576,0.43097642005868286,0.0,0.5
9,16,6,1.65,1.35,wrong,6,annealing,24364,3.161514204988075,0.0,89,7.133407052606344e-05,,0,0,34176,0.43097642005868286,0.0,0.5
9,16,6,1.65,1.35,wrong,6,QAOA,24364,3.161514204988075,0.0,89,0.002078082994557917,0.21679065187396324,1,256,34176,0.43097642005868286,0.0,0.5
9,16,6,1.65,1.35,inferred-sensitivity,6,QAOA,24364,3.161514204988075,0.0,89,0.0021201670169830322,0.213121442422911,1,64,34176,0.43097642005868286,0.0,0.6666666666666666
9,16,6,1.65,1.35,inferred-sensitivity,6,QAOA,24364,3.161514204988075,0.0,89,0.0034984999801963568,0.202541532676629,2,64,34176,0.43097642005868286,0.0,0.6666666666666666
9,16,6,1.65,1.35,inferred-sensitivity,6,QAOA,24364,3.161514204988075,0.0,89,0.0035027499543502927,0.202541532676629,2,256,34176,0.43097642005868286,0.0,0.6666666666666666
9,16,6,1.65,1.35,inferred-sensitivity,6,QAOA,24364,3.161514204988075,0.0,89,0.003634416963905096,0.202541532676629,2,1024,34176,0.43097642005868286,0.0,0.6666666666666666
9,16,6,1.65,1.35,inferred-noise,6,QAOA,24364,3.161514204988075,0.0,89,0.0021103749750182033,0.1933717981806199,1,256,34176,0.43097642005868286,0.1,0.6666666666666666
9,16,6,1.65,1.35,inferred-noise,6,QAOA,24364,3.161514204988075,0.0,89,0.002110291039571166,0.16374733181718326,1,256,34176,0.43097642005868286,0.25,0.6666666666666666
9,16,6,1.65,1.35,inferred-noise,6,QAOA,24364,3.161514204988075,0.0,89,0.0021379999816417694,0.1143732212114555,1,256,34176,0.43097642005868286,0.5,0.6666666666666666
10,16,6,1.65,1.35,full,16,deployed,42121,11.537713183475024,0.5202357504167544,0,0.0,,0,0,0,0.0,0.0,1.0
10,16,6,1.65,1.35,full,16,exact enumeration,55845,7.247216380773811,0.0,65536,0.0,,0,0,68719476736,0.0,0.0,1.0
10,16,6,1.65,1.35,full,16,MILP,55845,7.247216380773811,0.0,0,0.01753374992404133,,0,0,0,0.0,0.0,1.0
10,16,6,1.65,1.35,full,16,annealing,48265,9.855374636635888,0.3162470990748229,89,8.208397775888443e-05,,0,0,93323264,0.0,0.0,1.0
10,16,6,1.65,1.35,full,16,QAOA,56101,7.322427518342826,0.009119578545841231,89,0.22601166693493724,0.0006959585043229243,1,256,93323264,0.0,0.0,1.0
10,16,6,1.65,1.35,true,6,exact LNS,48265,9.855374636635888,0.3162470990748229,64,1.291045919060707e-06,,0,0,24576,0.0,0.0,1.0
10,16,6,1.65,1.35,true,6,annealing,48265,9.855374636635888,0.3162470990748229,89,7.720896974205971e-05,,0,0,34176,0.0,0.0,1.0
10,16,6,1.65,1.35,true,6,QAOA,48265,9.855374636635888,0.3162470990748229,89,0.002137665986083448,0.19243189523188237,1,256,34176,0.0,0.0,1.0
10,16,6,1.65,1.35,inferred,6,exact LNS,48265,9.855374636635888,0.3162470990748229,64,9.170034900307655e-07,,0,0,24576,0.0,0.0,1.0
10,16,6,1.65,1.35,inferred,6,annealing,48265,9.855374636635888,0.3162470990748229,89,7.1333022788167e-05,,0,0,34176,0.0,0.0,1.0
10,16,6,1.65,1.35,inferred,6,QAOA,48265,9.855374636635888,0.3162470990748229,89,0.0021121660247445107,0.19243189523188237,1,256,34176,0.0,0.0,1.0
10,16,6,1.65,1.35,wrong,6,exact LNS,42121,11.537713183475024,0.5202357504167544,64,8.330680429935455e-07,,0,0,24576,0.0,0.0,0.5
10,16,6,1.65,1.35,wrong,6,annealing,42121,11.537713183475024,0.5202357504167544,89,6.712507456541061e-05,,0,0,34176,0.0,0.0,0.5
10,16,6,1.65,1.35,wrong,6,QAOA,42121,11.537713183475024,0.5202357504167544,89,0.0020149999763816595,0.08336323027948116,1,256,34176,0.0,0.0,0.5
10,16,6,1.65,1.35,inferred-sensitivity,6,QAOA,48265,9.855374636635888,0.3162470990748229,89,0.002059333026409149,0.19243189523188237,1,64,34176,0.0,0.0,1.0
10,16,6,1.65,1.35,inferred-sensitivity,6,QAOA,48265,9.855374636635888,0.3162470990748229,89,0.0035332089755684137,0.19185294690666002,2,64,34176,0.0,0.0,1.0
10,16,6,1.65,1.35,inferred-sensitivity,6,QAOA,48265,9.855374636635888,0.3162470990748229,89,0.003556750016286969,0.19185294690666002,2,256,34176,0.0,0.0,1.0
10,16,6,1.65,1.35,inferred-sensitivity,6,QAOA,48265,9.855374636635888,0.3162470990748229,89,0.0036239580949768424,0.19185294690666002,2,1024,34176,0.0,0.0,1.0
10,16,6,1.65,1.35,inferred-noise,6,QAOA,48265,9.855374636635888,0.3162470990748229,89,0.0021075840340927243,0.17475120570869412,1,256,34176,0.0,0.1,1.0
10,16,6,1.65,1.35,inferred-noise,6,QAOA,48265,9.855374636635888,0.3162470990748229,89,0.002118958975188434,0.14823017142391176,1,256,34176,0.0,0.25,1.0
10,16,6,1.65,1.35,inferred-noise,6,QAOA,48265,9.855374636635888,0.3162470990748229,89,0.002061624894849956,0.10402844761594118,1,256,34176,0.0,0.5,1.0
11,16,6,1.65,1.35,full,16,deployed,62296,5.2809332269505065,0.43317049819100617,0,0.0,,0,0,0,0.3016958823801788,0.0,1.0
11,16,6,1.65,1.35,full,16,exact enumeration,7317,3.3825443203572094,0.0,65536,0.0,,0,0,68719476736,0.3016958823801788,0.0,1.0
11,16,6,1.65,1.35,full,16,MILP,7317,3.3825443203572094,0.0,0,0.013238708022981882,,0,0,0,0.3016958823801788,0.0,1.0
11,16,6,1.65,1.35,full,16,annealing,62288,5.2399155930162875,0.4238111783676585,89,8.120900020003319e-05,,0,0,93323264,0.3016958823801788,0.0,1.0
11,16,6,1.65,1.35,full,16,QAOA,5524,4.526486940051796,0.2610224874123684,89,0.22954608302097768,0.0020189605442579085,1,256,93323264,0.3016958823801788,0.0,1.0
11,16,6,1.65,1.35,true,6,exact LNS,62288,5.2399155930162875,0.4238111783676585,64,1.5420373529195786e-06,,0,0,24576,0.3016958823801788,0.0,1.0
11,16,6,1.65,1.35,true,6,annealing,62288,5.2399155930162875,0.4238111783676585,89,7.862504571676254e-05,,0,0,34176,0.3016958823801788,0.0,1.0
11,16,6,1.65,1.35,true,6,QAOA,62288,5.2399155930162875,0.4238111783676585,89,0.0020353749860078096,0.09687581695924527,1,256,34176,0.3016958823801788,0.0,1.0
11,16,6,1.65,1.35,inferred,6,exact LNS,62288,5.2399155930162875,0.4238111783676585,64,8.749775588512421e-07,,0,0,24576,0.3016958823801788,0.0,0.8333333333333334
11,16,6,1.65,1.35,inferred,6,annealing,62288,5.2399155930162875,0.4238111783676585,89,6.983405910432339e-05,,0,0,34176,0.3016958823801788,0.0,0.8333333333333334
11,16,6,1.65,1.35,inferred,6,QAOA,62288,5.2399155930162875,0.4238111783676585,89,0.002058665966615081,0.1243506989768523,1,256,34176,0.3016958823801788,0.0,0.8333333333333334
11,16,6,1.65,1.35,wrong,6,exact LNS,62296,5.2809332269505065,0.43317049819100617,64,9.170034900307655e-07,,0,0,24576,0.3016958823801788,0.0,0.5
11,16,6,1.65,1.35,wrong,6,annealing,62296,5.2809332269505065,0.43317049819100617,89,7.137504871934652e-05,,0,0,34176,0.3016958823801788,0.0,0.5
11,16,6,1.65,1.35,wrong,6,QAOA,62296,5.2809332269505065,0.43317049819100617,89,0.0020763749489560723,0.19748064295840384,1,256,34176,0.3016958823801788,0.0,0.5
11,16,6,1.65,1.35,inferred-sensitivity,6,QAOA,62288,5.2399155930162875,0.4238111783676585,89,0.0020710420794785023,0.1243506989768523,1,64,34176,0.3016958823801788,0.0,0.8333333333333334
11,16,6,1.65,1.35,inferred-sensitivity,6,QAOA,62288,5.2399155930162875,0.4238111783676585,89,0.0036779999500140548,0.17141576902474345,2,64,34176,0.3016958823801788,0.0,0.8333333333333334
11,16,6,1.65,1.35,inferred-sensitivity,6,QAOA,62288,5.2399155930162875,0.4238111783676585,89,0.003558124997653067,0.17141576902474345,2,256,34176,0.3016958823801788,0.0,0.8333333333333334
11,16,6,1.65,1.35,inferred-sensitivity,6,QAOA,62288,5.2399155930162875,0.4238111783676585,89,0.003511084010824561,0.17141576902474345,2,1024,34176,0.3016958823801788,0.0,0.8333333333333334
11,16,6,1.65,1.35,inferred-noise,6,QAOA,62288,5.2399155930162875,0.4238111783676585,89,0.0020487080328166485,0.11347812907916707,1,256,34176,0.3016958823801788,0.1,0.8333333333333334
11,16,6,1.65,1.35,inferred-noise,6,QAOA,62288,5.2399155930162875,0.4238111783676585,89,0.002038000035099685,0.09716927423263923,1,256,34176,0.3016958823801788,0.25,0.8333333333333334
11,16,6,1.65,1.35,inferred-noise,6,QAOA,62288,5.2399155930162875,0.4238111783676585,89,0.0020476249046623707,0.06998784948842615,1,256,34176,0.3016958823801788,0.5,0.8333333333333334
0,16,8,1.65,0.65,full,16,deployed,36584,9.582728943705733,0.05407976747345886,0,0.0,,0,0,0,0.18346783242125525,0.0,1.0
0,16,8,1.65,0.65,full,16,exact enumeration,36576,9.039779977061556,0.0,65536,0.0,,0,0,68719476736,0.18346783242125525,0.0,1.0
0,16,8,1.65,0.65,full,16,MILP,36576,9.039779977061556,0.0,0,0.013668667059391737,,0,0,0,0.18346783242125525,0.0,1.0
0,16,8,1.65,0.65,full,16,annealing,36576,9.039779977061556,0.0,89,8.008303120732307e-05,,0,0,93323264,0.18346783242125525,0.0,1.0
0,16,8,1.65,0.65,full,16,QAOA,36576,9.039779977061556,0.0,89,0.22697691607754678,0.00106051721101809,1,256,93323264,0.18346783242125525,0.0,1.0
0,16,8,1.65,0.65,true,8,exact LNS,36576,9.039779977061556,0.0,256,1.4579854905605316e-06,,0,0,524288,0.18346783242125525,0.0,1.0
0,16,8,1.65,0.65,true,8,annealing,36576,9.039779977061556,0.0,89,7.624994032084942e-05,,0,0,182272,0.18346783242125525,0.0,1.0
0,16,8,1.65,0.65,true,8,QAOA,36576,9.039779977061556,0.0,89,0.0030367079889401793,0.10944357834190951,1,256,182272,0.18346783242125525,0.0,1.0
0,16,8,1.65,0.65,inferred,8,exact LNS,36576,9.039779977061556,0.0,256,1.0409858077764511e-06,,0,0,524288,0.18346783242125525,0.0,0.75
0,16,8,1.65,0.65,inferred,8,annealing,36576,9.039779977061556,0.0,89,7.112498860806227e-05,,0,0,182272,0.18346783242125525,0.0,0.75
0,16,8,1.65,0.65,inferred,8,QAOA,36576,9.039779977061556,0.0,89,0.0030325420666486025,0.2595247480648149,1,256,182272,0.18346783242125525,0.0,0.75
0,16,8,1.65,0.65,wrong,8,exact LNS,36584,9.582728943705733,0.05407976747345886,256,1.00000761449337e-06,,0,0,524288,0.18346783242125525,0.0,0.5
0,16,8,1.65,0.65,wrong,8,annealing,36584,9.582728943705733,0.05407976747345886,89,6.945803761482239e-05,,0,0,182272,0.18346783242125525,0.0,0.5
0,16,8,1.65,0.65,wrong,8,QAOA,36584,9.582728943705733,0.05407976747345886,89,0.0030785000417381525,0.2393953751364483,1,256,182272,0.18346783242125525,0.0,0.5
0,16,8,1.65,0.65,inferred-sensitivity,8,QAOA,36576,9.039779977061556,0.0,89,0.003045791992917657,0.2595247480648149,1,64,182272,0.18346783242125525,0.0,0.75
0,16,8,1.65,0.65,inferred-sensitivity,8,QAOA,36576,9.039779977061556,0.0,89,0.005462124943733215,0.36170228535736715,2,64,182272,0.18346783242125525,0.0,0.75
0,16,8,1.65,0.65,inferred-sensitivity,8,QAOA,36576,9.039779977061556,0.0,89,0.005273291026242077,0.36170228535736715,2,256,182272,0.18346783242125525,0.0,0.75
0,16,8,1.65,0.65,inferred-sensitivity,8,QAOA,36576,9.039779977061556,0.0,89,0.005425999988801777,0.36170228535736715,2,1024,182272,0.18346783242125525,0.0,0.75
0,16,8,1.65,0.65,inferred-noise,8,QAOA,36576,9.039779977061556,0.0,89,0.003127041971310973,0.2339628982583334,1,256,182272,0.18346783242125525,0.1,0.75
0,16,8,1.65,0.65,inferred-noise,8,QAOA,36576,9.039779977061556,0.0,89,0.003137042047455907,0.1956201235486112,1,256,182272,0.18346783242125525,0.25,0.75
0,16,8,1.65,0.65,inferred-noise,8,QAOA,36576,9.039779977061556,0.0,89,0.0030837920494377613,0.13171549903240745,1,256,182272,0.18346783242125525,0.5,0.75
1,16,8,1.65,0.65,full,16,deployed,25391,6.513219805810998,0.08109104102708338,0,0.0,,0,0,0,0.0,0.0,1.0
1,16,8,1.65,0.65,full,16,exact enumeration,40144,5.949664293465158,0.0,65536,0.0,,0,0,68719476736,0.0,0.0,1.0
1,16,8,1.65,0.65,full,16,MILP,40144,5.949664293465158,0.0,0,0.01164187490940094,,0,0,0,0.0,0.0,1.0
1,16,8,1.65,0.65,full,16,annealing,25391,6.513219805810998,0.08109104102708338,89,7.804203778505325e-05,,0,0,93323264,0.0,0.0,1.0
1,16,8,1.65,0.65,full,16,QAOA,25391,6.513219805810998,0.08109104102708338,89,0.2269910000031814,0.0032166585441238582,1,256,93323264,0.0,0.0,1.0
1,16,8,1.65,0.65,true,8,exact LNS,25391,6.513219805810998,0.08109104102708338,256,1.500011421740055e-06,,0,0,524288,0.0,0.0,1.0
1,16,8,1.65,0.65,true,8,annealing,25391,6.513219805810998,0.08109104102708338,89,7.67499441280961e-05,,0,0,182272,0.0,0.0,1.0
1,16,8,1.65,0.65,true,8,QAOA,25391,6.513219805810998,0.08109104102708338,89,0.003422665991820395,0.09396864078540289,1,256,182272,0.0,0.0,1.0
1,16,8,1.65,0.65,inferred,8,exact LNS,25391,6.513219805810998,0.08109104102708338,256,1.0830117389559746e-06,,0,0,524288,0.0,0.0,0.75
1,16,8,1.65,0.65,inferred,8,annealing,21055,9.799836751849817,0.5540084090112117,89,7.104198448359966e-05,,0,0,182272,0.0,0.0,0.75
1,16,8,1.65,0.65,inferred,8,QAOA,25391,6.513219805810998,0.08109104102708338,89,0.0030746670672670007,0.08635531531974999,1,256,182272,0.0,0.0,0.75
1,16,8,1.65,0.65,wrong,8,exact LNS,25391,6.513219805810998,0.08109104102708338,256,1.1249212548136711e-06,,0,0,524288,0.0,0.0,0.5
1,16,8,1.65,0.65,wrong,8,annealing,25391,6.513219805810998,0.08109104102708338,89,7.49160535633564e-05,,0,0,182272,0.0,0.0,0.5
1,16,8,1.65,0.65,wrong,8,QAOA,25391,6.513219805810998,0.08109104102708338,89,0.003058374975807965,0.2594919059592316,1,256,182272,0.0,0.0,0.5
1,16,8,1.65,0.65,inferred-sensitivity,8,QAOA,25391,6.513219805810998,0.08109104102708338,89,0.0034266660222783685,0.08635531531974999,1,64,182272,0.0,0.0,0.75
1,16,8,1.65,0.65,inferred-sensitivity,8,QAOA,25391,6.513219805810998,0.08109104102708338,89,0.00531979207880795,0.08723692346226462,2,64,182272,0.0,0.0,0.75
1,16,8,1.65,0.65,inferred-sensitivity,8,QAOA,25391,6.513219805810998,0.08109104102708338,89,0.005394749925471842,0.08723692346226462,2,256,182272,0.0,0.0,0.75
1,16,8,1.65,0.65,inferred-sensitivity,8,QAOA,25391,6.513219805810998,0.08109104102708338,89,0.0054278329480439425,0.08723692346226462,2,1024,182272,0.0,0.0,0.75
1,16,8,1.65,0.65,inferred-noise,8,QAOA,25391,6.513219805810998,0.08109104102708338,89,0.0031452500261366367,0.078110408787775,1,256,182272,0.0,0.1,0.75
1,16,8,1.65,0.65,inferred-noise,8,QAOA,25391,6.513219805810998,0.08109104102708338,89,0.003134791972115636,0.0657430489898125,1,256,182272,0.0,0.25,0.75
1,16,8,1.65,0.65,inferred-noise,8,QAOA,25391,6.513219805810998,0.08109104102708338,89,0.003109582932665944,0.045130782659874996,1,256,182272,0.0,0.5,0.75
2,16,8,1.65,0.65,full,16,deployed,36298,9.2682580982739,0.0,0,0.0,,0,0,0,0.03488056613373136,0.0,1.0
2,16,8,1.65,0.65,full,16,exact enumeration,36298,9.2682580982739,0.0,65536,0.0,,0,0,68719476736,0.03488056613373136,0.0,1.0
2,16,8,1.65,0.65,full,16,MILP,36298,9.2682580982739,0.0,0,0.019438749994151294,,0,0,0,0.03488056613373136,0.0,1.0
2,16,8,1.65,0.65,full,16,annealing,36298,9.2682580982739,0.0,89,8.612498641014099e-05,,0,0,93323264,0.03488056613373136,0.0,1.0
2,16,8,1.65,0.65,full,16,QAOA,5989,11.759823235364719,0.24264730329574125,89,0.22555133292917162,0.0005756778171206946,1,256,93323264,0.03488056613373136,0.0,1.0
2,16,8,1.65,0.65,true,8,exact LNS,36298,9.2682580982739,0.0,256,1.4159595593810081e-06,,0,0,524288,0.03488056613373136,0.0,1.0
2,16,8,1.65,0.65,true,8,annealing,36298,9.2682580982739,0.0,89,7.862504571676254e-05,,0,0,182272,0.03488056613373136,0.0,1.0
2,16,8,1.65,0.65,true,8,QAOA,36298,9.2682580982739,0.0,89,0.003123749978840351,0.07585456707441239,1,256,182272,0.03488056613373136,0.0,1.0
2,16,8,1.65,0.65,inferred,8,exact LNS,36298,9.2682580982739,0.0,256,1.00000761449337e-06,,0,0,524288,0.03488056613373136,0.0,0.875
2,16,8,1.65,0.65,inferred,8,annealing,36298,9.2682580982739,0.0,89,7.25410645827651e-05,,0,0,182272,0.03488056613373136,0.0,0.875
2,16,8,1.65,0.65,inferred,8,QAOA,36298,9.2682580982739,0.0,89,0.003147459006868303,0.04682653838968093,1,256,182272,0.03488056613373136,0.0,0.875
2,16,8,1.65,0.65,wrong,8,exact LNS,36298,9.2682580982739,0.0,256,1.00000761449337e-06,,0,0,524288,0.03488056613373136,0.0,0.5
2,16,8,1.65,0.65,wrong,8,annealing,36298,9.2682580982739,0.0,89,7.179193198680878e-05,,0,0,182272,0.03488056613373136,0.0,0.5
2,16,8,1.65,0.65,wrong,8,QAOA,36298,9.2682580982739,0.0,89,0.0031248750165104866,0.054022533734357364,1,256,182272,0.03488056613373136,0.0,0.5
2,16,8,1.65,0.65,inferred-sensitivity,8,QAOA,36298,9.2682580982739,0.0,89,0.0031122498912736773,0.04682653838968093,1,64,182272,0.03488056613373136,0.0,0.875
2,16,8,1.65,0.65,inferred-sensitivity,8,QAOA,36298,9.2682580982739,0.0,89,0.005494249984622002,0.040750503445890485,2,64,182272,0.03488056613373136,0.0,0.875
2,16,8,1.65,0.65,inferred-sensitivity,8,QAOA,36298,9.2682580982739,0.0,89,0.00531525001861155,0.040750503445890485,2,256,182272,0.03488056613373136,0.0,0.875
2,16,8,1.65,0.65,inferred-sensitivity,8,QAOA,36298,9.2682580982739,0.0,89,0.005389375030063093,0.040750503445890485,2,1024,182272,0.03488056613373136,0.0,0.875
2,16,8,1.65,0.65,inferred-noise,8,QAOA,36298,9.2682580982739,0.0,89,0.00299070798791945,0.042534509550712835,1,256,182272,0.03488056613373136,0.1,0.875
2,16,8,1.65,0.65,inferred-noise,8,QAOA,36298,9.2682580982739,0.0,89,0.003043374978005886,0.036096466292260695,1,256,182272,0.03488056613373136,0.25,0.875
2,16,8,1.65,0.65,inferred-noise,8,QAOA,36298,9.2682580982739,0.0,89,0.003102166927419603,0.025366394194840464,1,256,182272,0.03488056613373136,0.5,0.875
3,16,8,1.65,0.65,full,16,deployed,2876,7.9515378862976,0.14945182059259074,0,0.0,,0,0,0,0.6424565977349056,0.0,1.0
3,16,8,1.65,0.65,full,16,exact enumeration,48645,6.787658191434858,0.0,65536,0.0,,0,0,68719476736,0.6424565977349056,0.0,1.0
3,16,8,1.65,0.65,full,16,MILP,48645,6.787658191434858,0.0,0,0.013422208023257554,,0,0,0,0.6424565977349056,0.0,1.0
3,16,8,1.65,0.65,full,16,annealing,2876,7.9515378862976,0.14945182059259074,89,8.029199671000242e-05,,0,0,93323264,0.6424565977349056,0.0,1.0
3,16,8,1.65,0.65,full,16,QAOA,39213,8.00209645949214,0.15594396135579816,89,0.2388217500410974,0.0010978075608412384,1,256,93323264,0.6424565977349056,0.0,1.0
3,16,8,1.65,0.65,true,8,exact LNS,2876,7.9515378862976,0.14945182059259074,256,2.0829029381275177e-06,,0,0,524288,0.6424565977349056,0.0,1.0
3,16,8,1.65,0.65,true,8,annealing,2876,7.9515378862976,0.14945182059259074,89,7.84160802140832e-05,,0,0,182272,0.6424565977349056,0.0,1.0
3,16,8,1.65,0.65,true,8,QAOA,2876,7.9515378862976,0.14945182059259074,89,0.003102416987530887,0.08776653368192593,1,256,182272,0.6424565977349056,0.0,1.0
3,16,8,1.65,0.65,inferred,8,exact LNS,2876,7.9515378862976,0.14945182059259074,256,1.125037670135498e-06,,0,0,524288,0.6424565977349056,0.0,0.875
3,16,8,1.65,0.65,inferred,8,annealing,2876,7.9515378862976,0.14945182059259074,89,7.14160269126296e-05,,0,0,182272,0.6424565977349056,0.0,0.875
3,16,8,1.65,0.65,inferred,8,QAOA,2876,7.9515378862976,0.14945182059259074,89,0.003131958073936403,0.05452127152014139,1,256,182272,0.6424565977349056,0.0,0.875
3,16,8,1.65,0.65,wrong,8,exact LNS,2876,7.9515378862976,0.14945182059259074,256,1.00000761449337e-06,,0,0,524288,0.6424565977349056,0.0,0.5
3,16,8,1.65,0.65,wrong,8,annealing,2876,7.9515378862976,0.14945182059259074,89,7.112498860806227e-05,,0,0,182272,0.6424565977349056,0.0,0.5
3,16,8,1.65,0.65,wrong,8,QAOA,2876,7.9515378862976,0.14945182059259074,89,0.0031490830006077886,0.23154250505850632,1,256,182272,0.6424565977349056,0.0,0.5
3,16,8,1.65,0.65,inferred-sensitivity,8,QAOA,2876,7.9515378862976,0.14945182059259074,89,0.003137666964903474,0.05452127152014139,1,64,182272,0.6424565977349056,0.0,0.875
3,16,8,1.65,0.65,inferred-sensitivity,8,QAOA,2876,7.9515378862976,0.14945182059259074,89,0.005506208981387317,0.05919233937221349,2,64,182272,0.6424565977349056,0.0,0.875
3,16,8,1.65,0.65,inferred-sensitivity,8,QAOA,2876,7.9515378862976,0.14945182059259074,89,0.0055169579572975636,0.05919233937221349,2,256,182272,0.6424565977349056,0.0,0.875
3,16,8,1.65,0.65,inferred-sensitivity,8,QAOA,2876,7.9515378862976,0.14945182059259074,89,0.00556275004055351,0.05919233937221349,2,1024,182272,0.6424565977349056,0.0,0.875
3,16,8,1.65,0.65,inferred-noise,8,QAOA,2876,7.9515378862976,0.14945182059259074,89,0.0030584170017391443,0.04945976936812725,1,256,182272,0.6424565977349056,0.1,0.875
3,16,8,1.65,0.65,inferred-noise,8,QAOA,2876,7.9515378862976,0.14945182059259074,89,0.0030719590140506625,0.041867516140106045,1,256,182272,0.6424565977349056,0.25,0.875
3,16,8,1.65,0.65,inferred-noise,8,QAOA,2876,7.9515378862976,0.14945182059259074,89,0.003063583979383111,0.029213760760070696,1,256,182272,0.6424565977349056,0.5,0.875
4,16,8,1.65,0.65,full,16,deployed,49963,9.447356188278789,0.02147220826449929,0,0.0,,0,0,0,0.20764598657623995,0.0,1.0
4,16,8,1.65,0.65,full,16,exact enumeration,54043,9.227743940316346,0.0,65536,0.0,,0,0,68719476736,0.20764598657623995,0.0,1.0
4,16,8,1.65,0.65,full,16,MILP,54043,9.227743940316346,0.0,0,0.02261795790400356,,0,0,0,0.20764598657623995,0.0,1.0
4,16,8,1.65,0.65,full,16,annealing,54043,9.227743940316346,0.0,89,9.020802099257708e-05,,0,0,93323264,0.20764598657623995,0.0,1.0
4,16,8,1.65,0.65,full,16,QAOA,49947,9.261422502242104,0.0032928632279305863,89,0.22600341704674065,0.0007416340770472329,1,256,93323264,0.20764598657623995,0.0,1.0
4,16,8,1.65,0.65,true,8,exact LNS,49707,9.342304675181714,0.011200978000024538,256,1.500011421740055e-06,,0,0,524288,0.20764598657623995,0.0,1.0
4,16,8,1.65,0.65,true,8,annealing,49707,9.342304675181714,0.011200978000024538,89,7.783400360494852e-05,,0,0,182272,0.20764598657623995,0.0,1.0
4,16,8,1.65,0.65,true,8,QAOA,49707,9.342304675181714,0.011200978000024538,89,0.003201874904334545,0.0873544266066222,1,256,182272,0.20764598657623995,0.0,1.0
4,16,8,1.65,0.65,inferred,8,exact LNS,49707,9.342304675181714,0.011200978000024538,256,1.08394306153059e-06,,0,0,524288,0.20764598657623995,0.0,0.75
4,16,8,1.65,0.65,inferred,8,annealing,49707,9.342304675181714,0.011200978000024538,89,7.25829740986228e-05,,0,0,182272,0.20764598657623995,0.0,0.75
4,16,8,1.65,0.65,inferred,8,QAOA,49707,9.342304675181714,0.011200978000024538,89,0.0031948749674484134,0.08173439491428282,1,256,182272,0.20764598657623995,0.0,0.75
4,16,8,1.65,0.65,wrong,8,exact LNS,49963,9.447356188278789,0.02147220826449929,256,9.579816833138466e-07,,0,0,524288,0.20764598657623995,0.0,0.5
4,16,8,1.65,0.65,wrong,8,annealing,49963,9.447356188278789,0.02147220826449929,89,7.245794404298067e-05,,0,0,182272,0.20764598657623995,0.0,0.5
4,16,8,1.65,0.65,wrong,8,QAOA,49963,9.447356188278789,0.02147220826449929,89,0.003156707971356809,0.12182423844654731,1,256,182272,0.20764598657623995,0.0,0.5
4,16,8,1.65,0.65,inferred-sensitivity,8,QAOA,49707,9.342304675181714,0.011200978000024538,89,0.0031552918953821063,0.08173439491428282,1,64,182272,0.20764598657623995,0.0,0.75
4,16,8,1.65,0.65,inferred-sensitivity,8,QAOA,49707,9.342304675181714,0.011200978000024538,89,0.005569041008129716,0.08044727285245104,2,64,182272,0.20764598657623995,0.0,0.75
4,16,8,1.65,0.65,inferred-sensitivity,8,QAOA,49707,9.342304675181714,0.011200978000024538,89,0.005369874997995794,0.08044727285245104,2,256,182272,0.20764598657623995,0.0,0.75
4,16,8,1.65,0.65,inferred-sensitivity,8,QAOA,49707,9.342304675181714,0.011200978000024538,89,0.0054666249779984355,0.08044727285245104,2,1024,182272,0.20764598657623995,0.0,0.75
4,16,8,1.65,0.65,inferred-noise,8,QAOA,49707,9.342304675181714,0.011200978000024538,89,0.0031288749305531383,0.07395158042285455,1,256,182272,0.20764598657623995,0.1,0.75
4,16,8,1.65,0.65,inferred-noise,8,QAOA,49707,9.342304675181714,0.011200978000024538,89,0.0031126249814406037,0.06227735868571212,1,256,182272,0.20764598657623995,0.25,0.75
4,16,8,1.65,0.65,inferred-noise,8,QAOA,49707,9.342304675181714,0.011200978000024538,89,0.0030979999573901296,0.04282032245714141,1,256,182272,0.20764598657623995,0.5,0.75
5,16,8,1.65,0.65,full,16,deployed,58853,8.504976055708225,0.1336337666796249,0,0.0,,0,0,0,0.4810920868807694,0.0,1.0
5,16,8,1.65,0.65,full,16,exact enumeration,46487,7.384520940610281,0.0,65536,0.0,,0,0,68719476736,0.4810920868807694,0.0,1.0
5,16,8,1.65,0.65,full,16,MILP,46487,7.384520940610281,0.0,0,0.01754862500820309,,0,0,0,0.4810920868807694,0.0,1.0
5,16,8,1.65,0.65,full,16,annealing,58853,8.504976055708225,0.1336337666796249,89,8.229108061641455e-05,,0,0,93323264,0.4810920868807694,0.0,1.0
5,16,8,1.65,0.65,full,16,QAOA,38279,8.294461075253711,0.10852619262194818,89,0.22727379098068923,0.0006380601431422157,1,256,93323264,0.4810920868807694,0.0,1.0
5,16,8,1.65,0.65,true,8,exact LNS,58805,7.982285298586705,0.07129379987366506,256,1.5419209375977516e-06,,0,0,524288,0.4810920868807694,0.0,1.0
5,16,8,1.65,0.65,true,8,annealing,58805,7.982285298586705,0.07129379987366506,89,7.48330494388938e-05,,0,0,182272,0.4810920868807694,0.0,1.0
5,16,8,1.65,0.65,true,8,QAOA,58805,7.982285298586705,0.07129379987366506,89,0.0029962920816615224,0.06951886173830032,1,256,182272,0.4810920868807694,0.0,1.0
5,16,8,1.65,0.65,inferred,8,exact LNS,58853,8.504976055708225,0.1336337666796249,256,1.00000761449337e-06,,0,0,524288,0.4810920868807694,0.0,0.625
5,16,8,1.65,0.65,inferred,8,annealing,42471,9.708987282034943,0.27723305337173765,89,6.82090176269412e-05,,0,0,182272,0.4810920868807694,0.0,0.625
5,16,8,1.65,0.65,inferred,8,QAOA,58853,8.504976055708225,0.1336337666796249,89,0.0030515830731019378,0.027332907297377265,1,256,182272,0.4810920868807694,0.0,0.625
5,16,8,1.65,0.65,wrong,8,exact LNS,58853,8.504976055708225,0.1336337666796249,256,9.579816833138466e-07,,0,0,524288,0.4810920868807694,0.0,0.5
5,16,8,1.65,0.65,wrong,8,annealing,58853,8.504976055708225,0.1336337666796249,89,7.004197686910629e-05,,0,0,182272,0.4810920868807694,0.0,0.5
5,16,8,1.65,0.65,wrong,8,QAOA,58853,8.504976055708225,0.1336337666796249,89,0.0030755000188946724,0.0513515449952893,1,256,182272,0.4810920868807694,0.0,0.5
5,16,8,1.65,0.65,inferred-sensitivity,8,QAOA,58853,8.504976055708225,0.1336337666796249,89,0.003052458050660789,0.027332907297377265,1,64,182272,0.4810920868807694,0.0,0.625
5,16,8,1.65,0.65,inferred-sensitivity,8,QAOA,58853,8.504976055708225,0.1336337666796249,89,0.005511750001460314,0.027410313358460815,2,64,182272,0.4810920868807694,0.0,0.625
5,16,8,1.65,0.65,inferred-sensitivity,8,QAOA,58853,8.504976055708225,0.1336337666796249,89,0.005413666949607432,0.027410313358460815,2,256,182272,0.4810920868807694,0.0,0.625
5,16,8,1.65,0.65,inferred-sensitivity,8,QAOA,58853,8.504976055708225,0.1336337666796249,89,0.00546833302360028,0.027410313358460815,2,1024,182272,0.4810920868807694,0.0,0.625
5,16,8,1.65,0.65,inferred-noise,8,QAOA,58853,8.504976055708225,0.1336337666796249,89,0.003080875030718744,0.02499024156763954,1,256,182272,0.4810920868807694,0.1,0.625
5,16,8,1.65,0.65,inferred-noise,8,QAOA,58853,8.504976055708225,0.1336337666796249,89,0.0031285410514101386,0.02147624297303295,1,256,182272,0.4810920868807694,0.25,0.625
5,16,8,1.65,0.65,inferred-noise,8,QAOA,58853,8.504976055708225,0.1336337666796249,89,0.0031256249640136957,0.015619578648688633,1,256,182272,0.4810920868807694,0.5,0.625
6,16,8,1.65,0.65,full,16,deployed,53689,8.587958852565393,0.0,0,0.0,,0,0,0,0.1595679685557897,0.0,1.0
6,16,8,1.65,0.65,full,16,exact enumeration,53689,8.587958852565393,0.0,65536,0.0,,0,0,68719476736,0.1595679685557897,0.0,1.0
6,16,8,1.65,0.65,full,16,MILP,53689,8.587958852565393,0.0,0,0.01621245895512402,,0,0,0,0.1595679685557897,0.0,1.0
6,16,8,1.65,0.65,full,16,annealing,53689,8.587958852565393,0.0,89,8.204102050513029e-05,,0,0,93323264,0.1595679685557897,0.0,1.0
6,16,8,1.65,0.65,full,16,QAOA,53689,8.587958852565393,0.0,89,0.22434645891189575,0.0018258185062829183,1,256,93323264,0.1595679685557897,0.0,1.0
6,16,8,1.65,0.65,true,8,exact LNS,53689,8.587958852565393,0.0,256,1.1669471859931946e-06,,0,0,524288,0.1595679685557897,0.0,1.0
6,16,8,1.65,0.65,true,8,annealing,53689,8.587958852565393,0.0,89,7.474992889910936e-05,,0,0,182272,0.1595679685557897,0.0,1.0
6,16,8,1.65,0.65,true,8,QAOA,53689,8.587958852565393,0.0,89,0.003077375004068017,0.11508020763084922,1,256,182272,0.1595679685557897,0.0,1.0
6,16,8,1.65,0.65,inferred,8,exact LNS,53689,8.587958852565393,0.0,256,9.579816833138466e-07,,0,0,524288,0.1595679685557897,0.0,0.75
6,16,8,1.65,0.65,inferred,8,annealing,53689,8.587958852565393,0.0,89,6.983301136642694e-05,,0,0,182272,0.1595679685557897,0.0,0.75
6,16,8,1.65,0.65,inferred,8,QAOA,53689,8.587958852565393,0.0,89,0.003074707929044962,0.0907955520704405,1,256,182272,0.1595679685557897,0.0,0.75
6,16,8,1.65,0.65,wrong,8,exact LNS,53689,8.587958852565393,0.0,256,1.2920936569571495e-06,,0,0,524288,0.1595679685557897,0.0,0.5
6,16,8,1.65,0.65,wrong,8,annealing,53689,8.587958852565393,0.0,89,6.904196925461292e-05,,0,0,182272,0.1595679685557897,0.0,0.5
6,16,8,1.65,0.65,wrong,8,QAOA,53689,8.587958852565393,0.0,89,0.003046666970476508,0.09352878631504555,1,256,182272,0.1595679685557897,0.0,0.5
6,16,8,1.65,0.65,inferred-sensitivity,8,QAOA,53689,8.587958852565393,0.0,89,0.003051792038604617,0.0907955520704405,1,64,182272,0.1595679685557897,0.0,0.75
6,16,8,1.65,0.65,inferred-sensitivity,8,QAOA,53689,8.587958852565393,0.0,89,0.0053392499685287476,0.09096899054393329,2,64,182272,0.1595679685557897,0.0,0.75
6,16,8,1.65,0.65,inferred-sensitivity,8,QAOA,53689,8.587958852565393,0.0,89,0.005306500010192394,0.09096899054393329,2,256,182272,0.1595679685557897,0.0,0.75
6,16,8,1.65,0.65,inferred-sensitivity,8,QAOA,53689,8.587958852565393,0.0,89,0.0053957500495016575,0.09096899054393329,2,1024,182272,0.1595679685557897,0.0,0.75
6,16,8,1.65,0.65,inferred-noise,8,QAOA,53689,8.587958852565393,0.0,89,0.0030686670215800405,0.08210662186339646,1,256,182272,0.1595679685557897,0.1,0.75
6,16,8,1.65,0.65,inferred-noise,8,QAOA,53689,8.587958852565393,0.0,89,0.0030822500120848417,0.06907322655283038,1,256,182272,0.1595679685557897,0.25,0.75
6,16,8,1.65,0.65,inferred-noise,8,QAOA,53689,8.587958852565393,0.0,89,0.0030790409073233604,0.04735090103522025,1,256,182272,0.1595679685557897,0.5,0.75
7,16,8,1.65,0.65,full,16,deployed,3754,4.6933902578511155,0.0,0,0.0,,0,0,0,0.23433918561540734,0.0,1.0
7,16,8,1.65,0.65,full,16,exact enumeration,3754,4.6933902578511155,0.0,65536,0.0,,0,0,68719476736,0.23433918561540734,0.0,1.0
7,16,8,1.65,0.65,full,16,MILP,3754,4.6933902578511155,0.0,0,0.013494707993231714,,0,0,0,0.23433918561540734,0.0,1.0
7,16,8,1.65,0.65,full,16,annealing,3754,4.6933902578511155,0.0,89,7.841701153665781e-05,,0,0,93323264,0.23433918561540734,0.0,1.0
7,16,8,1.65,0.65,full,16,QAOA,3754,4.6933902578511155,0.0,89,0.22569083306007087,0.0015828666270737033,1,256,93323264,0.23433918561540734,0.0,1.0
7,16,8,1.65,0.65,true,8,exact LNS,3754,4.6933902578511155,0.0,256,1.334003172814846e-06,,0,0,524288,0.23433918561540734,0.0,1.0
7,16,8,1.65,0.65,true,8,annealing,3754,4.6933902578511155,0.0,89,7.645797450095415e-05,,0,0,182272,0.23433918561540734,0.0,1.0
7,16,8,1.65,0.65,true,8,QAOA,3754,4.6933902578511155,0.0,89,0.003144292044453323,0.08140906395009757,1,256,182272,0.23433918561540734,0.0,1.0
7,16,8,1.65,0.65,inferred,8,exact LNS,3754,4.6933902578511155,0.0,256,1.1669471859931946e-06,,0,0,524288,0.23433918561540734,0.0,0.625
7,16,8,1.65,0.65,inferred,8,annealing,3754,4.6933902578511155,0.0,89,7.312500383704901e-05,,0,0,182272,0.23433918561540734,0.0,0.625
7,16,8,1.65,0.65,inferred,8,QAOA,3754,4.6933902578511155,0.0,89,0.0030729579739272594,0.07673009456942444,1,256,182272,0.23433918561540734,0.0,0.625
7,16,8,1.65,0.65,wrong,8,exact LNS,3754,4.6933902578511155,0.0,256,1.249951310455799e-06,,0,0,524288,0.23433918561540734,0.0,0.5
7,16,8,1.65,0.65,wrong,8,annealing,3754,4.6933902578511155,0.0,89,7.258402183651924e-05,,0,0,182272,0.23433918561540734,0.0,0.5
7,16,8,1.65,0.65,wrong,8,QAOA,3754,4.6933902578511155,0.0,89,0.0031670420430600643,0.11606419094668938,1,256,182272,0.23433918561540734,0.0,0.5
7,16,8,1.65,0.65,inferred-sensitivity,8,QAOA,3754,4.6933902578511155,0.0,89,0.0031453330302610993,0.07673009456942444,1,64,182272,0.23433918561540734,0.0,0.625
7,16,8,1.65,0.65,inferred-sensitivity,8,QAOA,3754,4.6933902578511155,0.0,89,0.005360624985769391,0.07481535941720611,2,64,182272,0.23433918561540734,0.0,0.625
7,16,8,1.65,0.65,inferred-sensitivity,8,QAOA,3754,4.6933902578511155,0.0,89,0.005441542016342282,0.07481535941720611,2,256,182272,0.23433918561540734,0.0,0.625
7,16,8,1.65,0.65,inferred-sensitivity,8,QAOA,3754,4.6933902578511155,0.0,89,0.005436041974462569,0.07481535941720611,2,1024,182272,0.23433918561540734,0.0,0.625
7,16,8,1.65,0.65,inferred-noise,8,QAOA,3754,4.6933902578511155,0.0,89,0.003070457954891026,0.069447710112482,1,256,182272,0.23433918561540734,0.1,0.625
7,16,8,1.65,0.65,inferred-noise,8,QAOA,3754,4.6933902578511155,0.0,89,0.00311216595582664,0.05852413342706833,1,256,182272,0.23433918561540734,0.25,0.625
7,16,8,1.65,0.65,inferred-noise,8,QAOA,3754,4.6933902578511155,0.0,89,0.003127041971310973,0.04031817228471222,1,256,182272,0.23433918561540734,0.5,0.625
8,16,8,1.65,0.65,full,16,deployed,13652,8.663628594335286,0.31601863988040585,0,0.0,,0,0,0,0.4705459963833735,0.0,1.0
8,16,8,1.65,0.65,full,16,exact enumeration,58662,6.343078814760158,0.0,65536,0.0,,0,0,68719476736,0.4705459963833735,0.0,1.0
8,16,8,1.65,0.65,full,16,MILP,58662,6.343078814760158,0.0,0,0.01420929201412946,,0,0,0,0.4705459963833735,0.0,1.0
8,16,8,1.65,0.65,full,16,annealing,13654,8.269966542674256,0.26240869484349044,89,7.808301597833633e-05,,0,0,93323264,0.4705459963833735,0.0,1.0
8,16,8,1.65,0.65,full,16,QAOA,6874,8.325091131757077,0.2699157079742791,89,0.22128420800436288,0.0007074455044399189,1,256,93323264,0.4705459963833735,0.0,1.0
8,16,8,1.65,0.65,true,8,exact LNS,13654,8.269966542674256,0.26240869484349044,256,1.375097781419754e-06,,0,0,524288,0.4705459963833735,0.0,1.0
8,16,8,1.65,0.65,true,8,annealing,13654,8.269966542674256,0.26240869484349044,89,7.516692858189344e-05,,0,0,182272,0.4705459963833735,0.0,1.0
8,16,8,1.65,0.65,true,8,QAOA,13654,8.269966542674256,0.26240869484349044,89,0.0031028330558910966,0.0408422731504228,1,256,182272,0.4705459963833735,0.0,1.0
8,16,8,1.65,0.65,inferred,8,exact LNS,13654,8.269966542674256,0.26240869484349044,256,1.0419171303510666e-06,,0,0,524288,0.4705459963833735,0.0,0.875
8,16,8,1.65,0.65,inferred,8,annealing,13654,8.269966542674256,0.26240869484349044,89,6.995804142206907e-05,,0,0,182272,0.4705459963833735,0.0,0.875
8,16,8,1.65,0.65,inferred,8,QAOA,13654,8.269966542674256,0.26240869484349044,89,0.0030721250222995877,0.1042352263246375,1,256,182272,0.4705459963833735,0.0,0.875
8,16,8,1.65,0.65,wrong,8,exact LNS,13652,8.663628594335286,0.31601863988040585,256,1.1669471859931946e-06,,0,0,524288,0.4705459963833735,0.0,0.5
8,16,8,1.65,0.65,wrong,8,annealing,13652,8.663628594335286,0.31601863988040585,89,8.279201574623585e-05,,0,0,182272,0.4705459963833735,0.0,0.5
8,16,8,1.65,0.65,wrong,8,QAOA,13652,8.663628594335286,0.31601863988040585,89,0.0030687079997733235,0.0428042054118462,1,256,182272,0.4705459963833735,0.0,0.5
8,16,8,1.65,0.65,inferred-sensitivity,8,QAOA,13654,8.269966542674256,0.26240869484349044,89,0.0030605000210925937,0.1042352263246375,1,64,182272,0.4705459963833735,0.0,0.875
8,16,8,1.65,0.65,inferred-sensitivity,8,QAOA,13654,8.269966542674256,0.26240869484349044,89,0.005410208948887885,0.19251023106154028,2,64,182272,0.4705459963833735,0.0,0.875
8,16,8,1.65,0.65,inferred-sensitivity,8,QAOA,13654,8.269966542674256,0.26240869484349044,89,0.005480334046296775,0.19251023106154028,2,256,182272,0.4705459963833735,0.0,0.875
8,16,8,1.65,0.65,inferred-sensitivity,8,QAOA,13654,8.269966542674256,0.26240869484349044,89,0.005440040957182646,0.19251023106154028,2,1024,182272,0.4705459963833735,0.0,0.875
8,16,8,1.65,0.65,inferred-noise,8,QAOA,13654,8.269966542674256,0.26240869484349044,89,0.0030654589645564556,0.09420232869217375,1,256,182272,0.4705459963833735,0.1,0.875
8,16,8,1.65,0.65,inferred-noise,8,QAOA,13654,8.269966542674256,0.26240869484349044,89,0.0030470419442281127,0.07915298224347812,1,256,182272,0.4705459963833735,0.25,0.875
8,16,8,1.65,0.65,inferred-noise,8,QAOA,13654,8.269966542674256,0.26240869484349044,89,0.00299633399117738,0.05407073816231875,1,256,182272,0.4705459963833735,0.5,0.875
9,16,8,1.65,0.65,full,16,deployed,16288,3.744892083542582,0.09756646508978331,0,0.0,,0,0,0,0.0,0.0,1.0
9,16,8,1.65,0.65,full,16,exact enumeration,24364,3.3231022762292937,0.0,65536,0.0,,0,0,68719476736,0.0,0.0,1.0
9,16,8,1.65,0.65,full,16,MILP,24364,3.3231022762292937,0.0,0,0.011589333065785468,,0,0,0,0.0,0.0,1.0
9,16,8,1.65,0.65,full,16,annealing,16288,3.744892083542582,0.09756646508978331,89,7.72910425439477e-05,,0,0,93323264,0.0,0.0,1.0
9,16,8,1.65,0.65,full,16,QAOA,32548,3.7677292952679613,0.10284906315621133,89,0.22599191695917398,0.0005162365602257546,1,256,93323264,0.0,0.0,1.0
9,16,8,1.65,0.65,true,8,exact LNS,16288,3.744892083542582,0.09756646508978331,256,1.125037670135498e-06,,0,0,524288,0.0,0.0,1.0
9,16,8,1.65,0.65,true,8,annealing,16288,3.744892083542582,0.09756646508978331,89,7.358391303569078e-05,,0,0,182272,0.0,0.0,1.0
9,16,8,1.65,0.65,true,8,QAOA,16288,3.744892083542582,0.09756646508978331,89,0.0031324580777436495,0.031143306063892214,1,256,182272,0.0,0.0,1.0
9,16,8,1.65,0.65,inferred,8,exact LNS,16288,3.744892083542582,0.09756646508978331,256,1.249951310455799e-06,,0,0,524288,0.0,0.0,0.5
9,16,8,1.65,0.65,inferred,8,annealing,32544,4.851537237101284,0.3535504975850641,89,7.13749323040247e-05,,0,0,182272,0.0,0.0,0.5
9,16,8,1.65,0.65,inferred,8,QAOA,16288,3.744892083542582,0.09756646508978331,89,0.003057125024497509,0.10940547113407227,1,256,182272,0.0,0.0,0.5
9,16,8,1.65,0.65,wrong,8,exact LNS,16288,3.744892083542582,0.09756646508978331,256,1.125037670135498e-06,,0,0,524288,0.0,0.0,0.5
9,16,8,1.65,0.65,wrong,8,annealing,16288,3.744892083542582,0.09756646508978331,89,7.166597060859203e-05,,0,0,182272,0.0,0.0,0.5
9,16,8,1.65,0.65,wrong,8,QAOA,16288,3.744892083542582,0.09756646508978331,89,0.0030793750192970037,0.06045393219108038,1,256,182272,0.0,0.0,0.5
9,16,8,1.65,0.65,inferred-sensitivity,8,QAOA,16288,3.744892083542582,0.09756646508978331,89,0.003076541004702449,0.10940547113407227,1,64,182272,0.0,0.0,0.5
9,16,8,1.65,0.65,inferred-sensitivity,8,QAOA,16288,3.744892083542582,0.09756646508978331,89,0.005258666933514178,0.12503311178863888,2,64,182272,0.0,0.0,0.5
9,16,8,1.65,0.65,inferred-sensitivity,8,QAOA,16288,3.744892083542582,0.09756646508978331,89,0.005386500037275255,0.12503311178863888,2,256,182272,0.0,0.0,0.5
9,16,8,1.65,0.65,inferred-sensitivity,8,QAOA,16288,3.744892083542582,0.09756646508978331,89,0.0054681249894201756,0.12503311178863888,2,1024,182272,0.0,0.0,0.5
9,16,8,1.65,0.65,inferred-noise,8,QAOA,16288,3.744892083542582,0.09756646508978331,89,0.003047624952159822,0.09885554902066505,1,256,182272,0.0,0.1,0.5
9,16,8,1.65,0.65,inferred-noise,8,QAOA,16288,3.744892083542582,0.09756646508978331,89,0.0030657079769298434,0.0830306658505542,1,256,182272,0.0,0.25,0.5
9,16,8,1.65,0.65,inferred-noise,8,QAOA,16288,3.744892083542582,0.09756646508978331,89,0.0030681659700348973,0.056655860567036136,1,256,182272,0.0,0.5,0.5
10,16,8,1.65,0.65,full,16,deployed,9434,9.939920906147082,0.029980234990524456,0,0.0,,0,0,0,0.21082056018135018,0.0,1.0
10,16,8,1.65,0.65,full,16,exact enumeration,42121,9.621486252352916,0.0,65536,0.0,,0,0,68719476736,0.21082056018135018,0.0,1.0
10,16,8,1.65,0.65,full,16,MILP,42121,9.621486252352916,0.0,0,0.029720667051151395,,0,0,0,0.21082056018135018,0.0,1.0
10,16,8,1.65,0.65,full,16,annealing,46217,9.646457376568748,0.0023510009449289214,89,8.050003089010715e-05,,0,0,93323264,0.21082056018135018,0.0,1.0
10,16,8,1.65,0.65,full,16,QAOA,42377,9.726640643163249,0.009900157879226934,89,0.227325625019148,0.0005110704199472535,1,256,93323264,0.21082056018135018,0.0,1.0
10,16,8,1.65,0.65,true,8,exact LNS,9434,9.939920906147082,0.029980234990524456,256,1.500011421740055e-06,,0,0,524288,0.21082056018135018,0.0,1.0
10,16,8,1.65,0.65,true,8,annealing,9434,9.939920906147082,0.029980234990524456,89,7.545796688646078e-05,,0,0,182272,0.21082056018135018,0.0,1.0
10,16,8,1.65,0.65,true,8,QAOA,9434,9.939920906147082,0.029980234990524456,89,0.0030670829582959414,0.044803895538224926,1,256,182272,0.21082056018135018,0.0,1.0
10,16,8,1.65,0.65,inferred,8,exact LNS,9434,9.939920906147082,0.029980234990524456,256,9.170034900307655e-07,,0,0,524288,0.21082056018135018,0.0,0.75
10,16,8,1.65,0.65,inferred,8,annealing,9434,9.939920906147082,0.029980234990524456,89,7.037504110485315e-05,,0,0,182272,0.21082056018135018,0.0,0.75
10,16,8,1.65,0.65,inferred,8,QAOA,9434,9.939920906147082,0.029980234990524456,89,0.003067582962103188,0.03078100216115969,1,256,182272,0.21082056018135018,0.0,0.75
10,16,8,1.65,0.65,wrong,8,exact LNS,9434,9.939920906147082,0.029980234990524456,256,1.166015863418579e-06,,0,0,524288,0.21082056018135018,0.0,0.5
10,16,8,1.65,0.65,wrong,8,annealing,9434,9.939920906147082,0.029980234990524456,89,7.183302659541368e-05,,0,0,182272,0.21082056018135018,0.0,0.5
10,16,8,1.65,0.65,wrong,8,QAOA,9434,9.939920906147082,0.029980234990524456,89,0.002966624917462468,0.033304926230475804,1,256,182272,0.21082056018135018,0.0,0.5
10,16,8,1.65,0.65,inferred-sensitivity,8,QAOA,9434,9.939920906147082,0.029980234990524456,89,0.003024791949428618,0.03078100216115969,1,64,182272,0.21082056018135018,0.0,0.75
10,16,8,1.65,0.65,inferred-sensitivity,8,QAOA,9434,9.939920906147082,0.029980234990524456,89,0.005405041039921343,0.032920283036608176,2,64,182272,0.21082056018135018,0.0,0.75
10,16,8,1.65,0.65,inferred-sensitivity,8,QAOA,9434,9.939920906147082,0.029980234990524456,89,0.005437374929897487,0.032920283036608176,2,256,182272,0.21082056018135018,0.0,0.75
10,16,8,1.65,0.65,inferred-sensitivity,8,QAOA,9434,9.939920906147082,0.029980234990524456,89,0.005416041007265449,0.032920283036608176,2,1024,182272,0.21082056018135018,0.0,0.75
10,16,8,1.65,0.65,inferred-noise,8,QAOA,9434,9.939920906147082,0.029980234990524456,89,0.003051250008866191,0.02809352694504372,1,256,182272,0.21082056018135018,0.1,0.75
10,16,8,1.65,0.65,inferred-noise,8,QAOA,9434,9.939920906147082,0.029980234990524456,89,0.0030572079122066498,0.024062314120869767,1,256,182272,0.21082056018135018,0.25,0.75
10,16,8,1.65,0.65,inferred-noise,8,QAOA,9434,9.939920906147082,0.029980234990524456,89,0.0030065829632803798,0.017343626080579846,1,256,182272,0.21082056018135018,0.5,0.75
11,16,8,1.65,0.65,full,16,deployed,7325,5.307015128775749,0.30938722922782264,0,0.0,,0,0,0,0.1469418005173634,0.0,1.0
11,16,8,1.65,0.65,full,16,exact enumeration,58218,3.816768476117755,0.0,65536,0.0,,0,0,68719476736,0.1469418005173634,0.0,1.0
11,16,8,1.65,0.65,full,16,MILP,58218,3.816768476117755,0.0,0,0.011784167028963566,,0,0,0,0.1469418005173634,0.0,1.0
11,16,8,1.65,0.65,full,16,annealing,7325,5.307015128775749,0.30938722922782264,89,7.962505333125591e-05,,0,0,93323264,0.1469418005173634,0.0,1.0
11,16,8,1.65,0.65,full,16,QAOA,58218,3.816768476117755,0.0,89,0.23138745909091085,0.002090163431149202,1,256,93323264,0.1469418005173634,0.0,1.0
11,16,8,1.65,0.65,true,8,exact LNS,7325,5.307015128775749,0.30938722922782264,256,1.4170072972774506e-06,,0,0,524288,0.1469418005173634,0.0,1.0
11,16,8,1.65,0.65,true,8,annealing,7325,5.307015128775749,0.30938722922782264,89,7.749989163130522e-05,,0,0,182272,0.1469418005173634,0.0,1.0
11,16,8,1.65,0.65,true,8,QAOA,7325,5.307015128775749,0.30938722922782264,89,0.003137917025014758,0.09710275980041089,1,256,182272,0.1469418005173634,0.0,1.0
11,16,8,1.65,0.65,inferred,8,exact LNS,7325,5.307015128775749,0.30938722922782264,256,1.1249212548136711e-06,,0,0,524288,0.1469418005173634,0.0,0.625
11,16,8,1.65,0.65,inferred,8,annealing,5532,5.991825488402468,0.4515593853158949,89,7.18339579179883e-05,,0,0,182272,0.1469418005173634,0.0,0.625
11,16,8,1.65,0.65,inferred,8,QAOA,7325,5.307015128775749,0.30938722922782264,89,0.0030301250517368317,0.0449039952650841,1,256,182272,0.1469418005173634,0.0,0.625
11,16,8,1.65,0.65,wrong,8,exact LNS,7325,5.307015128775749,0.30938722922782264,256,1.0409858077764511e-06,,0,0,524288,0.1469418005173634,0.0,0.5
11,16,8,1.65,0.65,wrong,8,annealing,7325,5.307015128775749,0.30938722922782264,89,7.045792881399393e-05,,0,0,182272,0.1469418005173634,0.0,0.5
11,16,8,1.65,0.65,wrong,8,QAOA,7325,5.307015128775749,0.30938722922782264,89,0.0030449579935520887,0.0900874589353628,1,256,182272,0.1469418005173634,0.0,0.5
11,16,8,1.65,0.65,inferred-sensitivity,8,QAOA,7325,5.307015128775749,0.30938722922782264,89,0.003055875073187053,0.0449039952650841,1,64,182272,0.1469418005173634,0.0,0.625
11,16,8,1.65,0.65,inferred-sensitivity,8,QAOA,7325,5.307015128775749,0.30938722922782264,89,0.005331709049642086,0.04580047294132135,2,64,182272,0.1469418005173634,0.0,0.625
11,16,8,1.65,0.65,inferred-sensitivity,8,QAOA,7325,5.307015128775749,0.30938722922782264,89,0.00544275005813688,0.04580047294132135,2,256,182272,0.1469418005173634,0.0,0.625
11,16,8,1.65,0.65,inferred-sensitivity,8,QAOA,7325,5.307015128775749,0.30938722922782264,89,0.005499959108419716,0.04580047294132135,2,1024,182272,0.1469418005173634,0.0,0.625
11,16,8,1.65,0.65,inferred-noise,8,QAOA,7325,5.307015128775749,0.30938722922782264,89,0.0031412499956786633,0.04080422073857569,1,256,182272,0.1469418005173634,0.1,0.625
11,16,8,1.65,0.65,inferred-noise,8,QAOA,7325,5.307015128775749,0.30938722922782264,89,0.003064500051550567,0.03465455894881308,1,256,182272,0.1469418005173634,0.25,0.625
11,16,8,1.65,0.65,inferred-noise,8,QAOA,7325,5.307015128775749,0.30938722922782264,89,0.0030727910343557596,0.02440512263254205,1,256,182272,0.1469418005173634,0.5,0.625
0,16,8,1.65,1.35,full,16,deployed,36584,5.181469333790129,0.0,0,0.0,,0,0,0,0.11045158278920553,0.0,1.0
0,16,8,1.65,1.35,full,16,exact enumeration,36584,5.181469333790129,0.0,65536,0.0,,0,0,68719476736,0.11045158278920553,0.0,1.0
0,16,8,1.65,1.35,full,16,MILP,36584,5.181469333790129,0.0,0,0.011511874967254698,,0,0,0,0.11045158278920553,0.0,1.0
0,16,8,1.65,1.35,full,16,annealing,36584,5.181469333790129,0.0,89,7.937499321997166e-05,,0,0,93323264,0.11045158278920553,0.0,1.0
0,16,8,1.65,1.35,full,16,QAOA,52960,7.008201204832804,0.29551742027694017,89,0.22714733297470957,0.0012134383330196779,1,256,93323264,0.11045158278920553,0.0,1.0
0,16,8,1.65,1.35,true,8,exact LNS,36584,5.181469333790129,0.0,256,1.2919772416353226e-06,,0,0,524288,0.11045158278920553,0.0,1.0
0,16,8,1.65,1.35,true,8,annealing,36584,5.181469333790129,0.0,89,7.558299694210291e-05,,0,0,182272,0.11045158278920553,0.0,1.0
0,16,8,1.65,1.35,true,8,QAOA,36584,5.181469333790129,0.0,89,0.003381334012374282,0.23241335859452117,1,256,182272,0.11045158278920553,0.0,1.0
0,16,8,1.65,1.35,inferred,8,exact LNS,36584,5.181469333790129,0.0,256,1.249951310455799e-06,,0,0,524288,0.11045158278920553,0.0,0.625
0,16,8,1.65,1.35,inferred,8,annealing,36584,5.181469333790129,0.0,89,7.354095578193665e-05,,0,0,182272,0.11045158278920553,0.0,0.625
0,16,8,1.65,1.35,inferred,8,QAOA,36584,5.181469333790129,0.0,89,0.0031559589551761746,0.07676846765243377,1,256,182272,0.11045158278920553,0.0,0.625
0,16,8,1.65,1.35,wrong,8,exact LNS,36584,5.181469333790129,0.0,256,1.00000761449337e-06,,0,0,524288,0.11045158278920553,0.0,0.5
0,16,8,1.65,1.35,wrong,8,annealing,36584,5.181469333790129,0.0,89,7.170799653977156e-05,,0,0,182272,0.11045158278920553,0.0,0.5
0,16,8,1.65,1.35,wrong,8,QAOA,36584,5.181469333790129,0.0,89,0.003136791056022048,0.08281888152587855,1,256,182272,0.11045158278920553,0.0,0.5
0,16,8,1.65,1.35,inferred-sensitivity,8,QAOA,36584,5.181469333790129,0.0,89,0.0030302919913083315,0.07676846765243377,1,64,182272,0.11045158278920553,0.0,0.625
0,16,8,1.65,1.35,inferred-sensitivity,8,QAOA,36584,5.181469333790129,0.0,89,0.005404541967436671,0.07785216170450938,2,64,182272,0.11045158278920553,0.0,0.625
0,16,8,1.65,1.35,inferred-sensitivity,8,QAOA,36584,5.181469333790129,0.0,89,0.005374458036385477,0.07785216170450938,2,256,182272,0.11045158278920553,0.0,0.625
0,16,8,1.65,1.35,inferred-sensitivity,8,QAOA,36584,5.181469333790129,0.0,89,0.00546837504953146,0.07785216170450938,2,1024,182272,0.11045158278920553,0.0,0.625
0,16,8,1.65,1.35,inferred-noise,8,QAOA,36584,5.181469333790129,0.0,89,0.003040208015590906,0.0694822458871904,1,256,182272,0.11045158278920553,0.1,0.625
0,16,8,1.65,1.35,inferred-noise,8,QAOA,36584,5.181469333790129,0.0,89,0.0030678329057991505,0.05855291323932532,1,256,182272,0.11045158278920553,0.25,0.625
0,16,8,1.65,1.35,inferred-noise,8,QAOA,36584,5.181469333790129,0.0,89,0.003087791963480413,0.04033735882621688,1,256,182272,0.11045158278920553,0.5,0.625
1,16,8,1.65,1.35,full,16,deployed,40144,9.697181611176411,6.61709089286096,0,0.0,,0,0,0,0.48955935384580035,0.0,1.0
1,16,8,1.65,1.35,full,16,exact enumeration,29230,-0.5483426878902904,0.0,65536,0.0,,0,0,68719476736,0.48955935384580035,0.0,1.0
1,16,8,1.65,1.35,full,16,MILP,29230,-0.5483426878902904,0.0,0,0.005165416980162263,,0,0,0,0.48955935384580035,0.0,1.0
1,16,8,1.65,1.35,full,16,annealing,40144,9.697181611176411,6.61709089286096,89,8.129095658659935e-05,,0,0,93323264,0.48955935384580035,0.0,1.0
1,16,8,1.65,1.35,full,16,QAOA,29230,-0.5483426878902904,0.0,89,0.22533279098570347,0.0028486150827681704,1,256,93323264,0.48955935384580035,0.0,1.0
1,16,8,1.65,1.35,true,8,exact LNS,40144,9.697181611176411,6.61709089286096,256,1.2079253792762756e-06,,0,0,524288,0.48955935384580035,0.0,1.0
1,16,8,1.65,1.35,true,8,annealing,40084,10.249669828322165,6.973916433787274,89,7.199996616691351e-05,,0,0,182272,0.48955935384580035,0.0,1.0
1,16,8,1.65,1.35,true,8,QAOA,40144,9.697181611176411,6.61709089286096,89,0.0031005830969661474,0.08871385864422557,1,256,182272,0.48955935384580035,0.0,1.0
1,16,8,1.65,1.35,inferred,8,exact LNS,40144,9.697181611176411,6.61709089286096,256,9.579816833138466e-07,,0,0,524288,0.48955935384580035,0.0,0.875
1,16,8,1.65,1.35,inferred,8,annealing,39060,9.7740100177855,6.66671066192757,89,7.108296267688274e-05,,0,0,182272,0.48955935384580035,0.0,0.875
1,16,8,1.65,1.35,inferred,8,QAOA,40144,9.697181611176411,6.61709089286096,89,0.003098833025433123,0.06114640822951643,1,256,182272,0.48955935384580035,0.0,0.875
1,16,8,1.65,1.35,wrong,8,exact LNS,40144,9.697181611176411,6.61709089286096,256,9.170034900307655e-07,,0,0,524288,0.48955935384580035,0.0,0.5
1,16,8,1.65,1.35,wrong,8,annealing,40144,9.697181611176411,6.61709089286096,89,9.854196105152369e-05,,0,0,182272,0.48955935384580035,0.0,0.5
1,16,8,1.65,1.35,wrong,8,QAOA,40144,9.697181611176411,6.61709089286096,89,0.0030227499082684517,0.17428831375950493,1,256,182272,0.48955935384580035,0.0,0.5
1,16,8,1.65,1.35,inferred-sensitivity,8,QAOA,40144,9.697181611176411,6.61709089286096,89,0.003069499973207712,0.06114640822951643,1,64,182272,0.48955935384580035,0.0,0.875
1,16,8,1.65,1.35,inferred-sensitivity,8,QAOA,40144,9.697181611176411,6.61709089286096,89,0.005442666937597096,0.06273099908346637,2,64,182272,0.48955935384580035,0.0,0.875
1,16,8,1.65,1.35,inferred-sensitivity,8,QAOA,40144,9.697181611176411,6.61709089286096,89,0.005525375017896295,0.06273099908346637,2,256,182272,0.48955935384580035,0.0,0.875
1,16,8,1.65,1.35,inferred-sensitivity,8,QAOA,40144,9.697181611176411,6.61709089286096,89,0.005716542014852166,0.06273099908346637,2,1024,182272,0.48955935384580035,0.0,0.875
1,16,8,1.65,1.35,inferred-noise,8,QAOA,40144,9.697181611176411,6.61709089286096,89,0.0030574589036405087,0.05542239240656479,1,256,182272,0.48955935384580035,0.1,0.875
1,16,8,1.65,1.35,inferred-noise,8,QAOA,40144,9.697181611176411,6.61709089286096,89,0.003032375010661781,0.04683636867213732,1,256,182272,0.48955935384580035,0.25,0.875
1,16,8,1.65,1.35,inferred-noise,8,QAOA,40144,9.697181611176411,6.61709089286096,89,0.0030252920696511865,0.032526329114758216,1,256,182272,0.48955935384580035,0.5,0.875
2,16,8,1.65,1.35,full,16,deployed,29237,4.671349759652505,0.0,0,0.0,,0,0,0,0.0,0.0,1.0
2,16,8,1.65,1.35,full,16,exact enumeration,29237,4.671349759652505,0.0,65536,0.0,,0,0,68719476736,0.0,0.0,1.0
2,16,8,1.65,1.35,full,16,MILP,29237,4.671349759652505,0.0,0,0.01621004205662757,,0,0,0,0.0,0.0,1.0
2,16,8,1.65,1.35,full,16,annealing,29237,4.671349759652505,0.0,89,7.587508298456669e-05,,0,0,93323264,0.0,0.0,1.0
2,16,8,1.65,1.35,full,16,QAOA,29237,4.671349759652505,0.0,89,0.22539162496104836,0.0012811036999671314,1,256,93323264,0.0,0.0,1.0
2,16,8,1.65,1.35,true,8,exact LNS,29237,4.671349759652505,0.0,256,1.3330718502402306e-06,,0,0,524288,0.0,0.0,1.0
2,16,8,1.65,1.35,true,8,annealing,29237,4.671349759652505,0.0,89,7.54169886931777e-05,,0,0,182272,0.0,0.0,1.0
2,16,8,1.65,1.35,true,8,QAOA,29237,4.671349759652505,0.0,89,0.003140832995995879,0.1396831756381416,1,256,182272,0.0,0.0,1.0
2,16,8,1.65,1.35,inferred,8,exact LNS,29237,4.671349759652505,0.0,256,1.1249212548136711e-06,,0,0,524288,0.0,0.0,0.5
2,16,8,1.65,1.35,inferred,8,annealing,29237,4.671349759652505,0.0,89,7.016700692474842e-05,,0,0,182272,0.0,0.0,0.5
2,16,8,1.65,1.35,inferred,8,QAOA,29237,4.671349759652505,0.0,89,0.0031065839575603604,0.09459903133968439,1,256,182272,0.0,0.0,0.5
2,16,8,1.65,1.35,wrong,8,exact LNS,29237,4.671349759652505,0.0,256,9.59029421210289e-07,,0,0,524288,0.0,0.0,0.5
2,16,8,1.65,1.35,wrong,8,annealing,29237,4.671349759652505,0.0,89,7.312500383704901e-05,,0,0,182272,0.0,0.0,0.5
2,16,8,1.65,1.35,wrong,8,QAOA,29237,4.671349759652505,0.0,89,0.00312754197511822,0.10671867028880958,1,256,182272,0.0,0.0,0.5
2,16,8,1.65,1.35,inferred-sensitivity,8,QAOA,29237,4.671349759652505,0.0,89,0.003057166002690792,0.09459903133968439,1,64,182272,0.0,0.0,0.5
2,16,8,1.65,1.35,inferred-sensitivity,8,QAOA,29237,4.671349759652505,0.0,89,0.005286708008497953,0.10149982652835876,2,64,182272,0.0,0.0,0.5
2,16,8,1.65,1.35,inferred-sensitivity,8,QAOA,29237,4.671349759652505,0.0,89,0.005319582996889949,0.10149982652835876,2,256,182272,0.0,0.0,0.5
2,16,8,1.65,1.35,inferred-sensitivity,8,QAOA,29237,4.671349759652505,0.0,89,0.005472832941450179,0.10149982652835876,2,1024,182272,0.0,0.0,0.5
2,16,8,1.65,1.35,inferred-noise,8,QAOA,29237,4.671349759652505,0.0,89,0.0031239170348271728,0.08552975320571596,1,256,182272,0.0,0.1,0.5
2,16,8,1.65,1.35,inferred-noise,8,QAOA,29237,4.671349759652505,0.0,89,0.003017124952748418,0.0719258360047633,1,256,182272,0.0,0.25,0.5
2,16,8,1.65,1.35,inferred-noise,8,QAOA,29237,4.671349759652505,0.0,89,0.003083999967202544,0.049252640669842196,1,256,182272,0.0,0.5,0.5
3,16,8,1.65,1.35,full,16,deployed,62659,7.12410502301945,0.0,0,0.0,,0,0,0,0.23248920265980702,0.0,1.0
3,16,8,1.65,1.35,full,16,exact enumeration,62659,7.12410502301945,0.0,65536,0.0,,0,0,68719476736,0.23248920265980702,0.0,1.0
3,16,8,1.65,1.35,full,16,MILP,62659,7.12410502301945,0.0,0,0.012480792007409036,,0,0,0,0.23248920265980702,0.0,1.0
3,16,8,1.65,1.35,full,16,annealing,62659,7.12410502301945,0.0,89,7.66669400036335e-05,,0,0,93323264,0.23248920265980702,0.0,1.0
3,16,8,1.65,1.35,full,16,QAOA,46275,7.631320798057013,0.062433434033703425,89,0.2324482089607045,0.0008145450977739837,1,256,93323264,0.23248920265980702,0.0,1.0
3,16,8,1.65,1.35,true,8,exact LNS,62659,7.12410502301945,0.0,256,1.4170072972774506e-06,,0,0,524288,0.23248920265980702,0.0,1.0
3,16,8,1.65,1.35,true,8,annealing,62659,7.12410502301945,0.0,89,7.916695903986692e-05,,0,0,182272,0.23248920265980702,0.0,1.0
3,16,8,1.65,1.35,true,8,QAOA,62659,7.12410502301945,0.0,89,0.003233417053706944,0.1353096581702287,1,256,182272,0.23248920265980702,0.0,1.0
3,16,8,1.65,1.35,inferred,8,exact LNS,62659,7.12410502301945,0.0,256,1.084059476852417e-06,,0,0,524288,0.23248920265980702,0.0,0.75
3,16,8,1.65,1.35,inferred,8,annealing,62659,7.12410502301945,0.0,89,7.120799273252487e-05,,0,0,182272,0.23248920265980702,0.0,0.75
3,16,8,1.65,1.35,inferred,8,QAOA,62659,7.12410502301945,0.0,89,0.0031392499804496765,0.044197194733414984,1,256,182272,0.23248920265980702,0.0,0.75
3,16,8,1.65,1.35,wrong,8,exact LNS,62659,7.12410502301945,0.0,256,1.00000761449337e-06,,0,0,524288,0.23248920265980702,0.0,0.5
3,16,8,1.65,1.35,wrong,8,annealing,62659,7.12410502301945,0.0,89,7.162499241530895e-05,,0,0,182272,0.23248920265980702,0.0,0.5
3,16,8,1.65,1.35,wrong,8,QAOA,62659,7.12410502301945,0.0,89,0.0032082920661196113,0.08531934610010825,1,256,182272,0.23248920265980702,0.0,0.5
3,16,8,1.65,1.35,inferred-sensitivity,8,QAOA,62659,7.12410502301945,0.0,89,0.0032495000632479787,0.044197194733414984,1,64,182272,0.23248920265980702,0.0,0.75
3,16,8,1.65,1.35,inferred-sensitivity,8,QAOA,62659,7.12410502301945,0.0,89,0.005772541975602508,0.02238021265044974,2,64,182272,0.23248920265980702,0.0,0.75
3,16,8,1.65,1.35,inferred-sensitivity,8,QAOA,62659,7.12410502301945,0.0,89,0.00575691694393754,0.02238021265044974,2,256,182272,0.23248920265980702,0.0,0.75
3,16,8,1.65,1.35,inferred-sensitivity,8,QAOA,62659,7.12410502301945,0.0,89,0.005596083938144147,0.02238021265044974,2,1024,182272,0.23248920265980702,0.0,0.75
3,16,8,1.65,1.35,inferred-noise,8,QAOA,62659,7.12410502301945,0.0,89,0.003159582964144647,0.04016810026007348,1,256,182272,0.23248920265980702,0.1,0.75
3,16,8,1.65,1.35,inferred-noise,8,QAOA,62659,7.12410502301945,0.0,89,0.003191957948729396,0.034124458550061236,1,256,182272,0.23248920265980702,0.25,0.75
3,16,8,1.65,1.35,inferred-noise,8,QAOA,62659,7.12410502301945,0.0,89,0.00314158305991441,0.024051722366707492,1,256,182272,0.23248920265980702,0.5,0.75
4,16,8,1.65,1.35,full,16,deployed,16340,11.529518754746668,0.30459067576747456,0,0.0,,0,0,0,0.21320381785731318,0.0,1.0
4,16,8,1.65,1.35,full,16,exact enumeration,50731,8.604176227440616,0.0,65536,0.0,,0,0,68719476736,0.21320381785731318,0.0,1.0
4,16,8,1.65,1.35,full,16,MILP,50731,8.604176227440616,0.0,0,0.014832458924502134,,0,0,0,0.21320381785731318,0.0,1.0
4,16,8,1.65,1.35,full,16,annealing,16084,10.714109809582231,0.21968917814244268,89,8.216605056077242e-05,,0,0,93323264,0.21320381785731318,0.0,1.0
4,16,8,1.65,1.35,full,16,QAOA,9836,9.578620794808089,0.10146050471078752,89,0.2312225840287283,0.001440317335824172,1,256,93323264,0.21320381785731318,0.0,1.0
4,16,8,1.65,1.35,true,8,exact LNS,16084,10.714109809582231,0.21968917814244268,256,1.2919772416353226e-06,,0,0,524288,0.21320381785731318,0.0,1.0
4,16,8,1.65,1.35,true,8,annealing,16084,10.714109809582231,0.21968917814244268,89,7.66250304877758e-05,,0,0,182272,0.21320381785731318,0.0,1.0
4,16,8,1.65,1.35,true,8,QAOA,16084,10.714109809582231,0.21968917814244268,89,0.0031919589964672923,0.08588063645578771,1,256,182272,0.21320381785731318,0.0,1.0
4,16,8,1.65,1.35,inferred,8,exact LNS,16084,10.714109809582231,0.21968917814244268,256,1.1249212548136711e-06,,0,0,524288,0.21320381785731318,0.0,0.625
4,16,8,1.65,1.35,inferred,8,annealing,16084,10.714109809582231,0.21968917814244268,89,6.979098543524742e-05,,0,0,182272,0.21320381785731318,0.0,0.625
4,16,8,1.65,1.35,inferred,8,QAOA,16084,10.714109809582231,0.21968917814244268,89,0.0032060829689726233,0.04480403352932928,1,256,182272,0.21320381785731318,0.0,0.625
4,16,8,1.65,1.35,wrong,8,exact LNS,16340,11.529518754746668,0.30459067576747456,256,1.0420335456728935e-06,,0,0,524288,0.21320381785731318,0.0,0.5
4,16,8,1.65,1.35,wrong,8,annealing,16340,11.529518754746668,0.30459067576747456,89,7.17920484021306e-05,,0,0,182272,0.21320381785731318,0.0,0.5
4,16,8,1.65,1.35,wrong,8,QAOA,16340,11.529518754746668,0.30459067576747456,89,0.0031904589850455523,0.07578518310980861,1,256,182272,0.21320381785731318,0.0,0.5
4,16,8,1.65,1.35,inferred-sensitivity,8,QAOA,15956,11.045070953084688,0.2541493062851198,89,0.003140208078548312,0.04480403352932928,1,64,182272,0.21320381785731318,0.0,0.625
4,16,8,1.65,1.35,inferred-sensitivity,8,QAOA,16084,10.714109809582231,0.21968917814244268,89,0.005508542060852051,0.04446356561669193,2,64,182272,0.21320381785731318,0.0,0.625
4,16,8,1.65,1.35,inferred-sensitivity,8,QAOA,16084,10.714109809582231,0.21968917814244268,89,0.005454374942928553,0.04446356561669193,2,256,182272,0.21320381785731318,0.0,0.625
4,16,8,1.65,1.35,inferred-sensitivity,8,QAOA,16084,10.714109809582231,0.21968917814244268,89,0.005570666980929673,0.04446356561669193,2,1024,182272,0.21320381785731318,0.0,0.625
4,16,8,1.65,1.35,inferred-noise,8,QAOA,16084,10.714109809582231,0.21968917814244268,89,0.003165624919347465,0.040714255176396354,1,256,182272,0.21320381785731318,0.1,0.625
4,16,8,1.65,1.35,inferred-noise,8,QAOA,16084,10.714109809582231,0.21968917814244268,89,0.0030245831003412604,0.034579587646996965,1,256,182272,0.21320381785731318,0.25,0.625
4,16,8,1.65,1.35,inferred-noise,8,QAOA,16084,10.714109809582231,0.21968917814244268,89,0.003119583008810878,0.02435514176466464,1,256,182272,0.21320381785731318,0.5,0.625
5,16,8,1.65,1.35,full,16,deployed,58805,17.018264237324647,0.5822973301641516,0,0.0,,0,0,0,0.47585766171594884,0.0,1.0
5,16,8,1.65,1.35,full,16,exact enumeration,6730,10.387407343634578,0.0,65536,0.0,,0,0,68719476736,0.47585766171594884,0.0,1.0
5,16,8,1.65,1.35,full,16,MILP,6730,10.387407343634578,0.0,0,0.021120166988112032,,0,0,0,0.47585766171594884,0.0,1.0
5,16,8,1.65,1.35,full,16,annealing,46534,10.447651871161577,0.005290451611066227,89,8.337502367794514e-05,,0,0,93323264,0.47585766171594884,0.0,1.0
5,16,8,1.65,1.35,full,16,QAOA,46534,10.447651871161577,0.005290451611066227,89,0.22929279203526676,0.0017875852870132547,1,256,93323264,0.47585766171594884,0.0,1.0
5,16,8,1.65,1.35,true,8,exact LNS,58820,12.22004223251547,0.16093521848986211,256,1.4170072972774506e-06,,0,0,524288,0.47585766171594884,0.0,1.0
5,16,8,1.65,1.35,true,8,annealing,58820,12.22004223251547,0.16093521848986211,89,8.174998220056295e-05,,0,0,182272,0.47585766171594884,0.0,1.0
5,16,8,1.65,1.35,true,8,QAOA,58820,12.22004223251547,0.16093521848986211,89,0.003246665932238102,0.13611030008584468,1,256,182272,0.47585766171594884,0.0,1.0
5,16,8,1.65,1.35,inferred,8,exact LNS,50632,10.987987750907012,0.05274075029977307,256,1.250067725777626e-06,,0,0,524288,0.47585766171594884,0.0,0.75
5,16,8,1.65,1.35,inferred,8,annealing,50632,10.987987750907012,0.05274075029977307,89,8.475000504404306e-05,,0,0,182272,0.47585766171594884,0.0,0.75
5,16,8,1.65,1.35,inferred,8,QAOA,50632,10.987987750907012,0.05274075029977307,89,0.0031892498955130577,0.07856065634609428,1,256,182272,0.47585766171594884,0.0,0.75
5,16,8,1.65,1.35,wrong,8,exact LNS,58821,15.286216170739785,0.43019527441806854,256,1.1669471859931946e-06,,0,0,524288,0.47585766171594884,0.0,0.5
5,16,8,1.65,1.35,wrong,8,annealing,58821,15.286216170739785,0.43019527441806854,89,7.595797069370747e-05,,0,0,182272,0.47585766171594884,0.0,0.5
5,16,8,1.65,1.35,wrong,8,QAOA,58821,15.286216170739785,0.43019527441806854,89,0.003121791989542544,0.030746036200435867,1,256,182272,0.47585766171594884,0.0,0.5
5,16,8,1.65,1.35,inferred-sensitivity,8,QAOA,50632,10.987987750907012,0.05274075029977307,89,0.003161833039484918,0.07856065634609428,1,64,182272,0.47585766171594884,0.0,0.75
5,16,8,1.65,1.35,inferred-sensitivity,8,QAOA,50632,10.987987750907012,0.05274075029977307,89,0.005573292030021548,0.07318032082856848,2,64,182272,0.47585766171594884,0.0,0.75
5,16,8,1.65,1.35,inferred-sensitivity,8,QAOA,50632,10.987987750907012,0.05274075029977307,89,0.00565433397423476,0.07318032082856848,2,256,182272,0.47585766171594884,0.0,0.75
5,16,8,1.65,1.35,inferred-sensitivity,8,QAOA,50632,10.987987750907012,0.05274075029977307,89,0.005684249917976558,0.07318032082856848,2,1024,182272,0.47585766171594884,0.0,0.75
5,16,8,1.65,1.35,inferred-noise,8,QAOA,50632,10.987987750907012,0.05274075029977307,89,0.0031315420055761933,0.07109521571148486,1,256,182272,0.47585766171594884,0.1,0.75
5,16,8,1.65,1.35,inferred-noise,8,QAOA,50632,10.987987750907012,0.05274075029977307,89,0.0030820840038359165,0.05989705475957072,1,256,182272,0.47585766171594884,0.25,0.75
5,16,8,1.65,1.35,inferred-noise,8,QAOA,50632,10.987987750907012,0.05274075029977307,89,0.0031336250249296427,0.04123345317304714,1,256,182272,0.47585766171594884,0.5,0.75
6,16,8,1.65,1.35,full,16,deployed,39358,11.142198136183973,0.4714639409980048,0,0.0,,0,0,0,0.4770408555506837,0.0,1.0
6,16,8,1.65,1.35,full,16,exact enumeration,11846,7.251780963078617,0.0,65536,0.0,,0,0,68719476736,0.4770408555506837,0.0,1.0
6,16,8,1.65,1.35,full,16,MILP,11846,7.251780963078617,0.0,0,0.012593250023201108,,0,0,0,0.4770408555506837,0.0,1.0
6,16,8,1.65,1.35,full,16,annealing,39358,11.142198136183973,0.4714639409980048,89,8.366699330508709e-05,,0,0,93323264,0.4770408555506837,0.0,1.0
6,16,8,1.65,1.35,full,16,QAOA,11846,7.251780963078617,0.0,89,0.22474091697949916,0.0020873999140393175,1,256,93323264,0.4770408555506837,0.0,1.0
6,16,8,1.65,1.35,true,8,exact LNS,39358,11.142198136183973,0.4714639409980048,256,1.249951310455799e-06,,0,0,524288,0.4770408555506837,0.0,1.0
6,16,8,1.65,1.35,true,8,annealing,39294,12.524872908591078,0.6390247110419118,89,7.262500002980232e-05,,0,0,182272,0.4770408555506837,0.0,1.0
6,16,8,1.65,1.35,true,8,QAOA,39358,11.142198136183973,0.4714639409980048,89,0.0031625409610569477,0.10233255189602262,1,256,182272,0.4770408555506837,0.0,1.0
6,16,8,1.65,1.35,inferred,8,exact LNS,39358,11.142198136183973,0.4714639409980048,256,1.00000761449337e-06,,0,0,524288,0.4770408555506837,0.0,0.625
6,16,8,1.65,1.35,inferred,8,annealing,39358,11.142198136183973,0.4714639409980048,89,7.341697346419096e-05,,0,0,182272,0.4770408555506837,0.0,0.625
6,16,8,1.65,1.35,inferred,8,QAOA,39358,11.142198136183973,0.4714639409980048,89,0.0031675829086452723,0.11066515506408774,1,256,182272,0.4770408555506837,0.0,0.625
6,16,8,1.65,1.35,wrong,8,exact LNS,39518,9.728147502317452,0.30010085705364375,256,9.59029421210289e-07,,0,0,524288,0.4770408555506837,0.0,0.5
6,16,8,1.65,1.35,wrong,8,annealing,39518,9.728147502317452,0.30010085705364375,89,7.30419997125864e-05,,0,0,182272,0.4770408555506837,0.0,0.5
6,16,8,1.65,1.35,wrong,8,QAOA,39518,9.728147502317452,0.30010085705364375,89,0.0031554580200463533,0.053960970305612456,1,256,182272,0.4770408555506837,0.0,0.5
6,16,8,1.65,1.35,inferred-sensitivity,8,QAOA,39358,11.142198136183973,0.4714639409980048,89,0.0030665830709040165,0.11066515506408774,1,64,182272,0.4770408555506837,0.0,0.625
6,16,8,1.65,1.35,inferred-sensitivity,8,QAOA,39358,11.142198136183973,0.4714639409980048,89,0.005457625025883317,0.1203511352823452,2,64,182272,0.4770408555506837,0.0,0.625
6,16,8,1.65,1.35,inferred-sensitivity,8,QAOA,39358,11.142198136183973,0.4714639409980048,89,0.005641874973662198,0.1203511352823452,2,256,182272,0.4770408555506837,0.0,0.625
6,16,8,1.65,1.35,inferred-sensitivity,8,QAOA,39358,11.142198136183973,0.4714639409980048,89,0.005649499944411218,0.1203511352823452,2,1024,182272,0.4770408555506837,0.0,0.625
6,16,8,1.65,1.35,inferred-noise,8,QAOA,39358,11.142198136183973,0.4714639409980048,89,0.0030934999231249094,0.09998926455767897,1,256,182272,0.4770408555506837,0.1,0.625
6,16,8,1.65,1.35,inferred-noise,8,QAOA,39358,11.142198136183973,0.4714639409980048,89,0.003113917075097561,0.0839754287980658,1,256,182272,0.4770408555506837,0.25,0.625
6,16,8,1.65,1.35,inferred-noise,8,QAOA,39358,11.142198136183973,0.4714639409980048,89,0.003175124991685152,0.05728570253204387,1,256,182272,0.4770408555506837,0.5,0.625
7,16,8,1.65,1.35,full,16,deployed,3754,8.623957145771177,1.2223683406629837,0,0.0,,0,0,0,0.07684755831017072,0.0,1.0
7,16,8,1.65,1.35,full,16,exact enumeration,61781,3.3304959712034634,0.0,65536,0.0,,0,0,68719476736,0.07684755831017072,0.0,1.0
7,16,8,1.65,1.35,full,16,MILP,61781,3.3304959712034634,0.0,0,0.011708374950103462,,0,0,0,0.07684755831017072,0.0,1.0
7,16,8,1.65,1.35,full,16,annealing,7850,8.382594851937833,1.166632855527255,89,7.879093755036592e-05,,0,0,93323264,0.07684755831017072,0.0,1.0
7,16,8,1.65,1.35,full,16,QAOA,22905,3.692829280572055,0.08367016429018814,89,0.22533579193986952,0.001989091002233324,1,256,93323264,0.07684755831017072,0.0,1.0
7,16,8,1.65,1.35,true,8,exact LNS,7850,8.382594851937833,1.166632855527255,256,1.1669471859931946e-06,,0,0,524288,0.07684755831017072,0.0,1.0
7,16,8,1.65,1.35,true,8,annealing,7850,8.382594851937833,1.166632855527255,89,7.070810534060001e-05,,0,0,182272,0.07684755831017072,0.0,1.0
7,16,8,1.65,1.35,true,8,QAOA,7850,8.382594851937833,1.166632855527255,89,0.003121083020232618,0.08491172942618706,1,256,182272,0.07684755831017072,0.0,1.0
7,16,8,1.65,1.35,inferred,8,exact LNS,7850,8.382594851937833,1.166632855527255,256,9.170034900307655e-07,,0,0,524288,0.07684755831017072,0.0,0.875
7,16,8,1.65,1.35,inferred,8,annealing,7850,8.382594851937833,1.166632855527255,89,7.112498860806227e-05,,0,0,182272,0.07684755831017072,0.0,0.875
7,16,8,1.65,1.35,inferred,8,QAOA,7850,8.382594851937833,1.166632855527255,89,0.0031984579982236028,0.06741255741266036,1,256,182272,0.07684755831017072,0.0,0.875
7,16,8,1.65,1.35,wrong,8,exact LNS,7850,8.382594851937833,1.166632855527255,256,1.00000761449337e-06,,0,0,524288,0.07684755831017072,0.0,0.5
7,16,8,1.65,1.35,wrong,8,annealing,7850,8.382594851937833,1.166632855527255,89,7.54169886931777e-05,,0,0,182272,0.07684755831017072,0.0,0.5
7,16,8,1.65,1.35,wrong,8,QAOA,7850,8.382594851937833,1.166632855527255,89,0.003108208067715168,0.04953425808039479,1,256,182272,0.07684755831017072,0.0,0.5
7,16,8,1.65,1.35,inferred-sensitivity,8,QAOA,7850,8.382594851937833,1.166632855527255,89,0.0031332499347627163,0.06741255741266036,1,64,182272,0.07684755831017072,0.0,0.875
7,16,8,1.65,1.35,inferred-sensitivity,8,QAOA,7850,8.382594851937833,1.166632855527255,89,0.005480624968186021,0.0685248590615557,2,64,182272,0.07684755831017072,0.0,0.875
7,16,8,1.65,1.35,inferred-sensitivity,8,QAOA,7850,8.382594851937833,1.166632855527255,89,0.005429791985079646,0.0685248590615557,2,256,182272,0.07684755831017072,0.0,0.875
7,16,8,1.65,1.35,inferred-sensitivity,8,QAOA,7850,8.382594851937833,1.166632855527255,89,0.00563895795494318,0.0685248590615557,2,1024,182272,0.07684755831017072,0.0,0.875
7,16,8,1.65,1.35,inferred-noise,8,QAOA,7850,8.382594851937833,1.166632855527255,89,0.0031889169476926327,0.061061926671394325,1,256,182272,0.07684755831017072,0.1,0.875
7,16,8,1.65,1.35,inferred-noise,8,QAOA,7850,8.382594851937833,1.166632855527255,89,0.003117708023637533,0.05153598055949527,1,256,182272,0.07684755831017072,0.25,0.875
7,16,8,1.65,1.35,inferred-noise,8,QAOA,7850,8.382594851937833,1.166632855527255,89,0.0030640829354524612,0.03565940370633018,1,256,182272,0.07684755831017072,0.5,0.875
8,16,8,1.65,1.35,full,16,deployed,6872,9.805858494110783,0.20097708155830707,0,0.0,,0,0,0,0.3064630081168551,0.0,1.0
8,16,8,1.65,1.35,full,16,exact enumeration,13652,7.997555956762995,0.0,65536,0.0,,0,0,68719476736,0.3064630081168551,0.0,1.0
8,16,8,1.65,1.35,full,16,MILP,13652,7.997555956762995,0.0,0,0.013864625012502074,,0,0,0,0.3064630081168551,0.0,1.0
8,16,8,1.65,1.35,full,16,annealing,6872,9.805858494110783,0.20097708155830707,89,8.124997839331627e-05,,0,0,93323264,0.3064630081168551,0.0,1.0
8,16,8,1.65,1.35,full,16,QAOA,13654,8.293192267450324,0.03285740173309117,89,0.2209245840786025,0.0008719305063145155,1,256,93323264,0.3064630081168551,0.0,1.0
8,16,8,1.65,1.35,true,8,exact LNS,6872,9.805858494110783,0.20097708155830707,256,1.374981366097927e-06,,0,0,524288,0.3064630081168551,0.0,1.0
8,16,8,1.65,1.35,true,8,annealing,6872,9.805858494110783,0.20097708155830707,89,7.64171127229929e-05,,0,0,182272,0.3064630081168551,0.0,1.0
8,16,8,1.65,1.35,true,8,QAOA,6872,9.805858494110783,0.20097708155830707,89,0.003113458980806172,0.03372379601431219,1,256,182272,0.3064630081168551,0.0,1.0
8,16,8,1.65,1.35,inferred,8,exact LNS,6872,9.805858494110783,0.20097708155830707,256,1.00000761449337e-06,,0,0,524288,0.3064630081168551,0.0,0.875
8,16,8,1.65,1.35,inferred,8,annealing,13656,12.550634459800404,0.5060350305034889,89,7.208308670669794e-05,,0,0,182272,0.3064630081168551,0.0,0.875
8,16,8,1.65,1.35,inferred,8,QAOA,6872,9.805858494110783,0.20097708155830707,89,0.0031140410574153066,0.03001159354164036,1,256,182272,0.3064630081168551,0.0,0.875
8,16,8,1.65,1.35,wrong,8,exact LNS,6872,9.805858494110783,0.20097708155830707,256,1.0419171303510666e-06,,0,0,524288,0.3064630081168551,0.0,0.5
8,16,8,1.65,1.35,wrong,8,annealing,6872,9.805858494110783,0.20097708155830707,89,7.075001485645771e-05,,0,0,182272,0.3064630081168551,0.0,0.5
8,16,8,1.65,1.35,wrong,8,QAOA,6872,9.805858494110783,0.20097708155830707,89,0.003257583943195641,0.043320095619426624,1,256,182272,0.3064630081168551,0.0,0.5
8,16,8,1.65,1.35,inferred-sensitivity,8,QAOA,6872,9.805858494110783,0.20097708155830707,89,0.0030662500066682696,0.03001159354164036,1,64,182272,0.3064630081168551,0.0,0.875
8,16,8,1.65,1.35,inferred-sensitivity,8,QAOA,6872,9.805858494110783,0.20097708155830707,89,0.0054901669500395656,0.03945889724440852,2,64,182272,0.3064630081168551,0.0,0.875
8,16,8,1.65,1.35,inferred-sensitivity,8,QAOA,6872,9.805858494110783,0.20097708155830707,89,0.005498209036886692,0.03945889724440852,2,256,182272,0.3064630081168551,0.0,0.875
8,16,8,1.65,1.35,inferred-sensitivity,8,QAOA,6872,9.805858494110783,0.20097708155830707,89,0.0056357079884037375,0.03945889724440852,2,1024,182272,0.3064630081168551,0.0,0.875
8,16,8,1.65,1.35,inferred-noise,8,QAOA,6872,9.805858494110783,0.20097708155830707,89,0.0029894999461248517,0.027401059187476325,1,256,182272,0.3064630081168551,0.1,0.875
8,16,8,1.65,1.35,inferred-noise,8,QAOA,6872,9.805858494110783,0.20097708155830707,89,0.003056374960578978,0.02348525765623027,1,256,182272,0.3064630081168551,0.25,0.875
8,16,8,1.65,1.35,inferred-noise,8,QAOA,6872,9.805858494110783,0.20097708155830707,89,0.0030780419474467635,0.01695892177082018,1,256,182272,0.3064630081168551,0.5,0.875
9,16,8,1.65,1.35,full,16,deployed,16288,8.287526391751575,0.11163281637202305,0,0.0,,0,0,0,0.4946693892996807,0.0,1.0
9,16,8,1.65,1.35,full,16,exact enumeration,16266,7.3548508598934506,0.0,65536,0.0,,0,0,68719476736,0.4946693892996807,0.0,1.0
9,16,8,1.65,1.35,full,16,MILP,16266,7.3548508598934506,0.0,0,0.013718292000703514,,0,0,0,0.4946693892996807,0.0,1.0
9,16,8,1.65,1.35,full,16,annealing,16266,7.3548508598934506,0.0,89,8.000002708286047e-05,,0,0,93323264,0.4946693892996807,0.0,1.0
9,16,8,1.65,1.35,full,16,QAOA,24364,8.08675845790251,0.08760271251788614,89,0.23343633394688368,0.0006715615751579551,1,256,93323264,0.4946693892996807,0.0,1.0
9,16,8,1.65,1.35,true,8,exact LNS,16296,8.284058426584618,0.11121773234178568,256,1.5830155462026596e-06,,0,0,524288,0.4946693892996807,0.0,1.0
9,16,8,1.65,1.35,true,8,annealing,16296,8.284058426584618,0.11121773234178568,89,7.887498941272497e-05,,0,0,182272,0.4946693892996807,0.0,1.0
9,16,8,1.65,1.35,true,8,QAOA,16296,8.284058426584618,0.11121773234178568,89,0.0033485000021755695,0.047658741785900134,1,256,182272,0.4946693892996807,0.0,1.0
9,16,8,1.65,1.35,inferred,8,exact LNS,16266,7.3548508598934506,0.0,256,1.5419209375977516e-06,,0,0,524288,0.4946693892996807,0.0,0.75
9,16,8,1.65,1.35,inferred,8,annealing,16266,7.3548508598934506,0.0,89,8.012494072318077e-05,,0,0,182272,0.4946693892996807,0.0,0.75
9,16,8,1.65,1.35,inferred,8,QAOA,16266,7.3548508598934506,0.0,89,0.003224874963052571,0.03913313689614981,1,256,182272,0.4946693892996807,0.0,0.75
9,16,8,1.65,1.35,wrong,8,exact LNS,16288,8.287526391751575,0.11163281637202305,256,1.125037670135498e-06,,0,0,524288,0.4946693892996807,0.0,0.5
9,16,8,1.65,1.35,wrong,8,annealing,16288,8.287526391751575,0.11163281637202305,89,7.404200732707977e-05,,0,0,182272,0.4946693892996807,0.0,0.5
9,16,8,1.65,1.35,wrong,8,QAOA,16288,8.287526391751575,0.11163281637202305,89,0.00317949999589473,0.05391485548743495,1,256,182272,0.4946693892996807,0.0,0.5
9,16,8,1.65,1.35,inferred-sensitivity,8,QAOA,16266,7.3548508598934506,0.0,89,0.0032180420821532607,0.03913313689614981,1,64,182272,0.4946693892996807,0.0,0.75
9,16,8,1.65,1.35,inferred-sensitivity,8,QAOA,16266,7.3548508598934506,0.0,89,0.005577375064603984,0.035364527086197736,2,64,182272,0.4946693892996807,0.0,0.75
9,16,8,1.65,1.35,inferred-sensitivity,8,QAOA,16266,7.3548508598934506,0.0,89,0.005629791994579136,0.035364527086197736,2,256,182272,0.4946693892996807,0.0,0.75
9,16,8,1.65,1.35,inferred-sensitivity,8,QAOA,16266,7.3548508598934506,0.0,89,0.005563625018112361,0.035364527086197736,2,1024,182272,0.4946693892996807,0.0,0.75
9,16,8,1.65,1.35,inferred-noise,8,QAOA,16266,7.3548508598934506,0.0,89,0.003181207925081253,0.035610448206534834,1,256,182272,0.4946693892996807,0.1,0.75
9,16,8,1.65,1.35,inferred-noise,8,QAOA,16266,7.3548508598934506,0.0,89,0.003120874986052513,0.03032641517211236,1,256,182272,0.4946693892996807,0.25,0.75
9,16,8,1.65,1.35,inferred-noise,8,QAOA,16266,7.3548508598934506,0.0,89,0.003146125003695488,0.021519693448074906,1,256,182272,0.4946693892996807,0.5,0.75
10,16,8,1.65,1.35,full,16,deployed,9434,11.438769420545187,0.40758554010939496,0,0.0,,0,0,0,0.21082056018135018,0.0,1.0
10,16,8,1.65,1.35,full,16,exact enumeration,9626,7.836954533916616,0.0,65536,0.0,,0,0,68719476736,0.21082056018135018,0.0,1.0
10,16,8,1.65,1.35,full,16,MILP,9626,7.836954533916616,0.0,0,0.01639795897062868,,0,0,0,0.21082056018135018,0.0,1.0
10,16,8,1.65,1.35,full,16,annealing,19870,9.395852433096424,0.17640669001936016,89,8.408294524997473e-05,,0,0,93323264,0.21082056018135018,0.0,1.0
10,16,8,1.65,1.35,full,16,QAOA,42377,8.137241758749191,0.033980849814272476,89,0.22837066592182964,0.0007153586261349853,1,256,93323264,0.21082056018135018,0.0,1.0
10,16,8,1.65,1.35,true,8,exact LNS,9626,7.836954533916616,0.0,256,1.500011421740055e-06,,0,0,524288,0.21082056018135018,0.0,1.0
10,16,8,1.65,1.35,true,8,annealing,11674,8.534382145713055,0.0789217155208484,89,7.804203778505325e-05,,0,0,182272,0.21082056018135018,0.0,1.0
10,16,8,1.65,1.35,true,8,QAOA,9626,7.836954533916616,0.0,89,0.0031674590427428484,0.0817728947345177,1,256,182272,0.21082056018135018,0.0,1.0
10,16,8,1.65,1.35,inferred,8,exact LNS,9626,7.836954533916616,0.0,256,1.125037670135498e-06,,0,0,524288,0.21082056018135018,0.0,0.875
10,16,8,1.65,1.35,inferred,8,annealing,9626,7.836954533916616,0.0,89,6.9458968937397e-05,,0,0,182272,0.21082056018135018,0.0,0.875
10,16,8,1.65,1.35,inferred,8,QAOA,9626,7.836954533916616,0.0,89,0.003190833958797157,0.13306354743143953,1,256,182272,0.21082056018135018,0.0,0.875
10,16,8,1.65,1.35,wrong,8,exact LNS,9690,9.395023218011671,0.1763128550809127,256,1.00000761449337e-06,,0,0,524288,0.21082056018135018,0.0,0.5
10,16,8,1.65,1.35,wrong,8,annealing,9690,9.395023218011671,0.1763128550809127,89,7.208297029137611e-05,,0,0,182272,0.21082056018135018,0.0,0.5
10,16,8,1.65,1.35,wrong,8,QAOA,9690,9.395023218011671,0.1763128550809127,89,0.0031883330084383488,0.042071342035534885,1,256,182272,0.21082056018135018,0.0,0.5
10,16,8,1.65,1.35,inferred-sensitivity,8,QAOA,9626,7.836954533916616,0.0,89,0.0033634579740464687,0.13306354743143953,1,64,182272,0.21082056018135018,0.0,0.875
10,16,8,1.65,1.35,inferred-sensitivity,8,QAOA,9626,7.836954533916616,0.0,89,0.0061414580559358,0.16185038533615792,2,64,182272,0.21082056018135018,0.0,0.875
10,16,8,1.65,1.35,inferred-sensitivity,8,QAOA,9626,7.836954533916616,0.0,89,0.005632417043671012,0.16185038533615792,2,256,182272,0.21082056018135018,0.0,0.875
10,16,8,1.65,1.35,inferred-sensitivity,8,QAOA,9626,7.836954533916616,0.0,89,0.005584500031545758,0.16185038533615792,2,1024,182272,0.21082056018135018,0.0,0.875
10,16,8,1.65,1.35,inferred-noise,8,QAOA,9626,7.836954533916616,0.0,89,0.0030865001026540995,0.12014781768829558,1,256,182272,0.21082056018135018,0.1,0.875
10,16,8,1.65,1.35,inferred-noise,8,QAOA,9626,7.836954533916616,0.0,89,0.00309933302924037,0.10077422307357964,1,256,182272,0.21082056018135018,0.25,0.875
10,16,8,1.65,1.35,inferred-noise,8,QAOA,9626,7.836954533916616,0.0,89,0.0030554579570889473,0.06848489871571976,1,256,182272,0.21082056018135018,0.5,0.875
11,16,8,1.65,1.35,full,16,deployed,58218,6.96978453069547,1.5130860123531695,0,0.0,,0,0,0,0.37854805864463165,0.0,1.0
11,16,8,1.65,1.35,full,16,exact enumeration,7317,2.1713138712800486,0.0,65536,0.0,,0,0,68719476736,0.37854805864463165,0.0,1.0
11,16,8,1.65,1.35,full,16,MILP,7317,2.1713138712800486,0.0,0,0.011945583042688668,,0,0,0,0.37854805864463165,0.0,1.0
11,16,8,1.65,1.35,full,16,annealing,58210,5.811804262556249,1.1479438929855204,89,8.67500202730298e-05,,0,0,93323264,0.37854805864463165,0.0,1.0
11,16,8,1.65,1.35,full,16,QAOA,7317,2.1713138712800486,0.0,89,0.2272577079711482,0.0025905922419509537,1,256,93323264,0.37854805864463165,0.0,1.0
11,16,8,1.65,1.35,true,8,exact LNS,58210,5.811804262556249,1.1479438929855204,256,1.4579854905605316e-06,,0,0,524288,0.37854805864463165,0.0,1.0
11,16,8,1.65,1.35,true,8,annealing,58210,5.811804262556249,1.1479438929855204,89,8.237501606345177e-05,,0,0,182272,0.37854805864463165,0.0,1.0
11,16,8,1.65,1.35,true,8,QAOA,58210,5.811804262556249,1.1479438929855204,89,0.0031791660003364086,0.12345995905672959,1,256,182272,0.37854805864463165,0.0,1.0
11,16,8,1.65,1.35,inferred,8,exact LNS,58210,5.811804262556249,1.1479438929855204,256,1.125037670135498e-06,,0,0,524288,0.37854805864463165,0.0,0.875
11,16,8,1.65,1.35,inferred,8,annealing,58210,5.811804262556249,1.1479438929855204,89,7.458298932760954e-05,,0,0,182272,0.37854805864463165,0.0,0.875
11,16,8,1.65,1.35,inferred,8,QAOA,58210,5.811804262556249,1.1479438929855204,89,0.0031567499972879887,0.06456285033933176,1,256,182272,0.37854805864463165,0.0,0.875
11,16,8,1.65,1.35,wrong,8,exact LNS,58218,6.96978453069547,1.5130860123531695,256,9.580980986356735e-07,,0,0,524288,0.37854805864463165,0.0,0.5
11,16,8,1.65,1.35,wrong,8,annealing,58218,6.96978453069547,1.5130860123531695,89,7.254094816744328e-05,,0,0,182272,0.37854805864463165,0.0,0.5
11,16,8,1.65,1.35,wrong,8,QAOA,58218,6.96978453069547,1.5130860123531695,89,0.003123625065200031,0.13079500418291837,1,256,182272,0.37854805864463165,0.0,0.5
11,16,8,1.65,1.35,inferred-sensitivity,8,QAOA,58210,5.811804262556249,1.1479438929855204,89,0.0030688330298289657,0.06456285033933176,1,64,182272,0.37854805864463165,0.0,0.875
11,16,8,1.65,1.35,inferred-sensitivity,8,QAOA,58210,5.811804262556249,1.1479438929855204,89,0.0054773748852312565,0.06665019616784852,2,64,182272,0.37854805864463165,0.0,0.875
11,16,8,1.65,1.35,inferred-sensitivity,8,QAOA,58210,5.811804262556249,1.1479438929855204,89,0.005513707990758121,0.06665019616784852,2,256,182272,0.37854805864463165,0.0,0.875
11,16,8,1.65,1.35,inferred-sensitivity,8,QAOA,58210,5.811804262556249,1.1479438929855204,89,0.005515792057849467,0.06665019616784852,2,1024,182272,0.37854805864463165,0.0,0.875
11,16,8,1.65,1.35,inferred-noise,8,QAOA,58210,5.811804262556249,1.1479438929855204,89,0.0030605409992858768,0.058497190305398586,1,256,182272,0.37854805864463165,0.1,0.875
11,16,8,1.65,1.35,inferred-noise,8,QAOA,58210,5.811804262556249,1.1479438929855204,89,0.0030818330124020576,0.04939870025449882,1,256,182272,0.37854805864463165,0.25,0.875
11,16,8,1.65,1.35,inferred-noise,8,QAOA,58210,5.811804262556249,1.1479438929855204,89,0.003089208039455116,0.03423455016966588,1,256,182272,0.37854805864463165,0.5,0.875
