n,seed,context,policy,action,utility,deadline_miss,infeasible
12,8,0,P1,local-sim,-0.10849195115906829,0,0
12,8,0,utility-only,local-sim,-0.10849195115906829,0,0
12,8,0,logged-IPW,local-sim,-0.10849195115906829,0,0
12,8,0,LinUCB,local-sim,-0.10849195115906829,0,0
12,8,0,Pareto,local-sim,-0.10849195115906829,0,0
12,8,0,oracle,local-sim,-0.10849195115906829,0,0
12,8,0,train-selected fixed,local-sim,-0.10849195115906829,0,0
12,8,0,always invoke-QPU,invoke-QPU,-0.13703176131694395,0,0
12,8,0,always remote-sim,remote-sim,-0.19210348925713155,0,0
12,8,0,always local-sim,local-sim,-0.10849195115906829,0,0
12,8,0,always fallback,fallback,-0.20786360483224073,0,0
12,8,1,P1,local-sim,-0.1124112003086821,0,0
12,8,1,utility-only,local-sim,-0.1124112003086821,0,0
12,8,1,logged-IPW,local-sim,-0.1124112003086821,0,0
12,8,1,LinUCB,local-sim,-0.1124112003086821,0,0
12,8,1,Pareto,local-sim,-0.1124112003086821,0,0
12,8,1,oracle,local-sim,-0.1124112003086821,0,0
12,8,1,train-selected fixed,local-sim,-0.1124112003086821,0,0
12,8,1,always invoke-QPU,invoke-QPU,-0.17711273378486841,0,0
12,8,1,always remote-sim,remote-sim,-0.20275843369554097,0,0
12,8,1,always local-sim,local-sim,-0.1124112003086821,0,0
12,8,1,always fallback,fallback,-0.21319010788226306,0,0
12,8,2,P1,local-sim,-0.09868506062595127,0,0
12,8,2,utility-only,local-sim,-0.09868506062595127,0,0
12,8,2,logged-IPW,local-sim,-0.09868506062595127,0,0
12,8,2,LinUCB,local-sim,-0.09868506062595127,0,0
12,8,2,Pareto,local-sim,-0.09868506062595127,0,0
12,8,2,oracle,local-sim,-0.09868506062595127,0,0
12,8,2,train-selected fixed,local-sim,-0.09868506062595127,0,0
12,8,2,always invoke-QPU,invoke-QPU,-2.501189408009075,1,0
12,8,2,always remote-sim,remote-sim,-11.627455832352464,1,0
12,8,2,always local-sim,local-sim,-0.09868506062595127,0,0
12,8,2,always fallback,fallback,-0.19160933536710104,0,0
12,8,3,P1,local-sim,-0.09433632718768609,0,0
12,8,3,utility-only,local-sim,-0.09433632718768609,0,0
12,8,3,logged-IPW,local-sim,-0.09433632718768609,0,0
12,8,3,LinUCB,local-sim,-0.09433632718768609,0,0
12,8,3,Pareto,local-sim,-0.09433632718768609,0,0
12,8,3,oracle,local-sim,-0.09433632718768609,0,0
12,8,3,train-selected fixed,local-sim,-0.09433632718768609,0,0
12,8,3,always invoke-QPU,invoke-QPU,-0.22533822972821754,0,0
12,8,3,always remote-sim,remote-sim,-0.2558046468372949,0,0
12,8,3,always local-sim,local-sim,-0.09433632718768609,0,0
12,8,3,always fallback,fallback,-0.21217099070528975,0,0
12,8,4,P1,local-sim,-0.09545577512668207,0,0
12,8,4,utility-only,local-sim,-0.09545577512668207,0,0
12,8,4,logged-IPW,local-sim,-0.09545577512668207,0,0
12,8,4,LinUCB,remote-sim,-0.1917104251083414,0,0
12,8,4,Pareto,local-sim,-0.09545577512668207,0,0
12,8,4,oracle,local-sim,-0.09545577512668207,0,0
12,8,4,train-selected fixed,local-sim,-0.09545577512668207,0,0
12,8,4,always invoke-QPU,invoke-QPU,-0.1338579091652824,0,0
12,8,4,always remote-sim,remote-sim,-0.1917104251083414,0,0
12,8,4,always local-sim,local-sim,-0.09545577512668207,0,0
12,8,4,always fallback,fallback,-0.1924985971853875,0,0
12,8,5,P1,local-sim,-0.11384809944089483,0,0
12,8,5,utility-only,local-sim,-0.11384809944089483,0,0
12,8,5,logged-IPW,local-sim,-0.11384809944089483,0,0
12,8,5,LinUCB,local-sim,-0.11384809944089483,0,0
12,8,5,Pareto,local-sim,-0.11384809944089483,0,0
12,8,5,oracle,local-sim,-0.11384809944089483,0,0
12,8,5,train-selected fixed,local-sim,-0.11384809944089483,0,0
12,8,5,always invoke-QPU,invoke-QPU,-7.630022228050894,1,1
12,8,5,always remote-sim,remote-sim,-11.55325242042633,1,1
12,8,5,always local-sim,local-sim,-0.11384809944089483,0,0
12,8,5,always fallback,fallback,-0.20350194595496401,0,0
12,8,6,P1,local-sim,-0.10773536939761537,0,0
12,8,6,utility-only,local-sim,-0.10773536939761537,0,0
12,8,6,logged-IPW,local-sim,-0.10773536939761537,0,0
12,8,6,LinUCB,local-sim,-0.10773536939761537,0,0
12,8,6,Pareto,local-sim,-0.10773536939761537,0,0
12,8,6,oracle,local-sim,-0.10773536939761537,0,0
12,8,6,train-selected fixed,local-sim,-0.10773536939761537,0,0
12,8,6,always invoke-QPU,invoke-QPU,-0.12369124399310172,0,0
12,8,6,always remote-sim,remote-sim,-0.14778835966991372,0,0
12,8,6,always local-sim,local-sim,-0.10773536939761537,0,0
12,8,6,always fallback,fallback,-0.22116208284591027,0,0
12,8,7,P1,local-sim,-0.10812119681874578,0,0
12,8,7,utility-only,local-sim,-0.10812119681874578,0,0
12,8,7,logged-IPW,local-sim,-0.10812119681874578,0,0
12,8,7,LinUCB,local-sim,-0.10812119681874578,0,0
12,8,7,Pareto,local-sim,-0.10812119681874578,0,0
12,8,7,oracle,local-sim,-0.10812119681874578,0,0
12,8,7,train-selected fixed,local-sim,-0.10812119681874578,0,0
12,8,7,always invoke-QPU,invoke-QPU,-2.1796564273706287,1,0
12,8,7,always remote-sim,remote-sim,-0.11700713202699511,0,0
12,8,7,always local-sim,local-sim,-0.10812119681874578,0,0
12,8,7,always fallback,fallback,-0.20154686792765736,0,0
12,8,8,P1,local-sim,-0.1131386508879134,0,0
12,8,8,utility-only,local-sim,-0.1131386508879134,0,0
12,8,8,logged-IPW,local-sim,-0.1131386508879134,0,0
12,8,8,LinUCB,local-sim,-0.1131386508879134,0,0
12,8,8,Pareto,local-sim,-0.1131386508879134,0,0
12,8,8,oracle,local-sim,-0.1131386508879134,0,0
12,8,8,train-selected fixed,local-sim,-0.1131386508879134,0,0
12,8,8,always invoke-QPU,invoke-QPU,-0.1525073126867159,0,0
12,8,8,always remote-sim,remote-sim,-0.2236245040906971,0,0
12,8,8,always local-sim,local-sim,-0.1131386508879134,0,0
12,8,8,always fallback,fallback,-0.21554506860802222,0,0
12,8,9,P1,local-sim,-0.10119797811118098,0,0
12,8,9,utility-only,local-sim,-0.10119797811118098,0,0
12,8,9,logged-IPW,local-sim,-0.10119797811118098,0,0
12,8,9,LinUCB,local-sim,-0.10119797811118098,0,0
12,8,9,Pareto,local-sim,-0.10119797811118098,0,0
12,8,9,oracle,local-sim,-0.10119797811118098,0,0
12,8,9,train-selected fixed,local-sim,-0.10119797811118098,0,0
12,8,9,always invoke-QPU,invoke-QPU,-0.1405569992130646,0,0
12,8,9,always remote-sim,remote-sim,-0.23270461123598518,0,0
12,8,9,always local-sim,local-sim,-0.10119797811118098,0,0
12,8,9,always fallback,fallback,-0.2027273717218229,0,0
12,8,10,P1,local-sim,-0.11351264557616816,0,0
12,8,10,utility-only,local-sim,-0.11351264557616816,0,0
12,8,10,logged-IPW,local-sim,-0.11351264557616816,0,0
12,8,10,LinUCB,local-sim,-0.11351264557616816,0,0
12,8,10,Pareto,local-sim,-0.11351264557616816,0,0
12,8,10,oracle,local-sim,-0.11351264557616816,0,0
12,8,10,train-selected fixed,local-sim,-0.11351264557616816,0,0
12,8,10,always invoke-QPU,invoke-QPU,-0.24974062948532622,0,0
12,8,10,always remote-sim,remote-sim,-0.270411827539611,0,0
12,8,10,always local-sim,local-sim,-0.11351264557616816,0,0
12,8,10,always fallback,fallback,-0.19659564724389555,0,0
12,8,11,P1,local-sim,-0.11141899250709951,0,0
12,8,11,utility-only,local-sim,-0.11141899250709951,0,0
12,8,11,logged-IPW,local-sim,-0.11141899250709951,0,0
12,8,11,LinUCB,remote-sim,-0.13857736961992562,0,0
12,8,11,Pareto,local-sim,-0.11141899250709951,0,0
12,8,11,oracle,local-sim,-0.11141899250709951,0,0
12,8,11,train-selected fixed,local-sim,-0.11141899250709951,0,0
12,8,11,always invoke-QPU,invoke-QPU,-0.16894452492641,0,0
12,8,11,always remote-sim,remote-sim,-0.13857736961992562,0,0
12,8,11,always local-sim,local-sim,-0.11141899250709951,0,0
12,8,11,always fallback,fallback,-0.20313688298972177,0,0
12,8,12,P1,local-sim,-0.11917399665654191,0,0
12,8,12,utility-only,local-sim,-0.11917399665654191,0,0
12,8,12,logged-IPW,local-sim,-0.11917399665654191,0,0
12,8,12,LinUCB,local-sim,-0.11917399665654191,0,0
12,8,12,Pareto,local-sim,-0.11917399665654191,0,0
12,8,12,oracle,local-sim,-0.11917399665654191,0,0
12,8,12,train-selected fixed,local-sim,-0.11917399665654191,0,0
12,8,12,always invoke-QPU,invoke-QPU,-2.2009215250620375,1,0
12,8,12,always remote-sim,remote-sim,-0.4017478760918627,0,0
12,8,12,always local-sim,local-sim,-0.11917399665654191,0,0
12,8,12,always fallback,fallback,-0.20970110430032904,0,0
12,8,13,P1,local-sim,-0.10419041010142908,0,0
12,8,13,utility-only,local-sim,-0.10419041010142908,0,0
12,8,13,logged-IPW,local-sim,-0.10419041010142908,0,0
12,8,13,LinUCB,remote-sim,-0.15112635850459807,0,0
12,8,13,Pareto,local-sim,-0.10419041010142908,0,0
12,8,13,oracle,local-sim,-0.10419041010142908,0,0
12,8,13,train-selected fixed,local-sim,-0.10419041010142908,0,0
12,8,13,always invoke-QPU,invoke-QPU,-0.16425492728434032,0,0
12,8,13,always remote-sim,remote-sim,-0.15112635850459807,0,0
12,8,13,always local-sim,local-sim,-0.10419041010142908,0,0
12,8,13,always fallback,fallback,-0.1794466660942706,0,0
12,8,14,P1,local-sim,-0.10849532654145133,0,0
12,8,14,utility-only,local-sim,-0.10849532654145133,0,0
12,8,14,logged-IPW,local-sim,-0.10849532654145133,0,0
12,8,14,LinUCB,local-sim,-0.10849532654145133,0,0
12,8,14,Pareto,local-sim,-0.10849532654145133,0,0
12,8,14,oracle,local-sim,-0.10849532654145133,0,0
12,8,14,train-selected fixed,local-sim,-0.10849532654145133,0,0
12,8,14,always invoke-QPU,invoke-QPU,-2.204820874351042,1,0
12,8,14,always remote-sim,remote-sim,-0.2178413007789936,0,0
12,8,14,always local-sim,local-sim,-0.10849532654145133,0,0
12,8,14,always fallback,fallback,-0.19665477443856633,0,0
12,8,15,P1,local-sim,-0.10442932391706522,0,0
12,8,15,utility-only,local-sim,-0.10442932391706522,0,0
12,8,15,logged-IPW,local-sim,-0.10442932391706522,0,0
12,8,15,LinUCB,local-sim,-0.10442932391706522,0,0
12,8,15,Pareto,local-sim,-0.10442932391706522,0,0
12,8,15,oracle,local-sim,-0.10442932391706522,0,0
12,8,15,train-selected fixed,local-sim,-0.10442932391706522,0,0
12,8,15,always invoke-QPU,invoke-QPU,-0.20910641960921872,0,0
12,8,15,always remote-sim,remote-sim,-0.19679809204809187,0,0
12,8,15,always local-sim,local-sim,-0.10442932391706522,0,0
12,8,15,always fallback,fallback,-0.18885174637123475,0,0
12,8,16,P1,local-sim,-0.12005817447932877,0,0
12,8,16,utility-only,local-sim,-0.12005817447932877,0,0
12,8,16,logged-IPW,local-sim,-0.12005817447932877,0,0
12,8,16,LinUCB,invoke-QPU,-0.20570769238868614,0,0
12,8,16,Pareto,local-sim,-0.12005817447932877,0,0
12,8,16,oracle,local-sim,-0.12005817447932877,0,0
12,8,16,train-selected fixed,local-sim,-0.12005817447932877,0,0
12,8,16,always invoke-QPU,invoke-QPU,-0.20570769238868614,0,0
12,8,16,always remote-sim,remote-sim,-0.31679592112135035,0,0
12,8,16,always local-sim,local-sim,-0.12005817447932877,0,0
12,8,16,always fallback,fallback,-0.2168108281491394,0,0
12,8,17,P1,local-sim,-0.1060398074944484,0,0
12,8,17,utility-only,local-sim,-0.1060398074944484,0,0
12,8,17,logged-IPW,local-sim,-0.1060398074944484,0,0
12,8,17,LinUCB,invoke-QPU,-0.12222413058133022,0,0
12,8,17,Pareto,local-sim,-0.1060398074944484,0,0
12,8,17,oracle,local-sim,-0.1060398074944484,0,0
12,8,17,train-selected fixed,local-sim,-0.1060398074944484,0,0
12,8,17,always invoke-QPU,invoke-QPU,-0.12222413058133022,0,0
12,8,17,always remote-sim,remote-sim,-0.18159453387079227,0,0
12,8,17,always local-sim,local-sim,-0.1060398074944484,0,0
12,8,17,always fallback,fallback,-0.19656446453815105,0,0
12,8,18,P1,local-sim,-0.11717033638749205,0,0
12,8,18,utility-only,local-sim,-0.11717033638749205,0,0
12,8,18,logged-IPW,local-sim,-0.11717033638749205,0,0
12,8,18,LinUCB,local-sim,-0.11717033638749205,0,0
12,8,18,Pareto,local-sim,-0.11717033638749205,0,0
12,8,18,oracle,local-sim,-0.11717033638749205,0,0
12,8,18,train-selected fixed,local-sim,-0.11717033638749205,0,0
12,8,18,always invoke-QPU,invoke-QPU,-2.2465791896529046,1,0
12,8,18,always remote-sim,remote-sim,-0.27256871901566926,0,0
12,8,18,always local-sim,local-sim,-0.11717033638749205,0,0
12,8,18,always fallback,fallback,-0.20506019366177058,0,0
12,8,19,P1,local-sim,-0.1299231547893234,0,0
12,8,19,utility-only,local-sim,-0.1299231547893234,0,0
12,8,19,logged-IPW,local-sim,-0.1299231547893234,0,0
12,8,19,LinUCB,local-sim,-0.1299231547893234,0,0
12,8,19,Pareto,local-sim,-0.1299231547893234,0,0
12,8,19,oracle,local-sim,-0.1299231547893234,0,0
12,8,19,train-selected fixed,local-sim,-0.1299231547893234,0,0
12,8,19,always invoke-QPU,invoke-QPU,-0.17809889634417447,0,0
12,8,19,always remote-sim,remote-sim,-0.24083095337932622,0,0
12,8,19,always local-sim,local-sim,-0.1299231547893234,0,0
12,8,19,always fallback,fallback,-0.19261978527317805,0,0
12,8,20,P1,local-sim,-0.10797613994748942,0,0
12,8,20,utility-only,local-sim,-0.10797613994748942,0,0
12,8,20,logged-IPW,local-sim,-0.10797613994748942,0,0
12,8,20,LinUCB,local-sim,-0.10797613994748942,0,0
12,8,20,Pareto,local-sim,-0.10797613994748942,0,0
12,8,20,oracle,local-sim,-0.10797613994748942,0,0
12,8,20,train-selected fixed,local-sim,-0.10797613994748942,0,0
12,8,20,always invoke-QPU,invoke-QPU,-0.22067051590573578,0,0
12,8,20,always remote-sim,remote-sim,-0.1896862697650181,0,0
12,8,20,always local-sim,local-sim,-0.10797613994748942,0,0
12,8,20,always fallback,fallback,-0.22769381341166306,0,0
12,8,21,P1,local-sim,-0.10029734186755163,0,0
12,8,21,utility-only,local-sim,-0.10029734186755163,0,0
12,8,21,logged-IPW,local-sim,-0.10029734186755163,0,0
12,8,21,LinUCB,local-sim,-0.10029734186755163,0,0
12,8,21,Pareto,local-sim,-0.10029734186755163,0,0
12,8,21,oracle,local-sim,-0.10029734186755163,0,0
12,8,21,train-selected fixed,local-sim,-0.10029734186755163,0,0
12,8,21,always invoke-QPU,invoke-QPU,-0.12977314468019518,0,0
12,8,21,always remote-sim,remote-sim,-0.17671533060442846,0,0
12,8,21,always local-sim,local-sim,-0.10029734186755163,0,0
12,8,21,always fallback,fallback,-0.21532288293618437,0,0
12,8,22,P1,local-sim,-0.10814862968390324,0,0
12,8,22,utility-only,local-sim,-0.10814862968390324,0,0
12,8,22,logged-IPW,local-sim,-0.10814862968390324,0,0
12,8,22,LinUCB,local-sim,-0.10814862968390324,0,0
12,8,22,Pareto,local-sim,-0.10814862968390324,0,0
12,8,22,oracle,local-sim,-0.10814862968390324,0,0
12,8,22,train-selected fixed,local-sim,-0.10814862968390324,0,0
12,8,22,always invoke-QPU,invoke-QPU,-0.14735952903295896,0,0
12,8,22,always remote-sim,remote-sim,-0.18206716608025725,0,0
12,8,22,always local-sim,local-sim,-0.10814862968390324,0,0
12,8,22,always fallback,fallback,-0.20341114247434477,0,0
12,8,23,P1,local-sim,-0.10856437765313413,0,0
12,8,23,utility-only,local-sim,-0.10856437765313413,0,0
12,8,23,logged-IPW,local-sim,-0.10856437765313413,0,0
12,8,23,LinUCB,invoke-QPU,-0.26617123379164115,0,0
12,8,23,Pareto,local-sim,-0.10856437765313413,0,0
12,8,23,oracle,local-sim,-0.10856437765313413,0,0
12,8,23,train-selected fixed,local-sim,-0.10856437765313413,0,0
12,8,23,always invoke-QPU,invoke-QPU,-0.26617123379164115,0,0
12,8,23,always remote-sim,remote-sim,-0.12785527885808123,0,0
12,8,23,always local-sim,local-sim,-0.10856437765313413,0,0
12,8,23,always fallback,fallback,-0.19646503132024082,0,0
12,8,24,P1,local-sim,-0.1132226085066253,0,0
12,8,24,utility-only,local-sim,-0.1132226085066253,0,0
12,8,24,logged-IPW,local-sim,-0.1132226085066253,0,0
12,8,24,LinUCB,local-sim,-0.1132226085066253,0,0
12,8,24,Pareto,local-sim,-0.1132226085066253,0,0
12,8,24,oracle,local-sim,-0.1132226085066253,0,0
12,8,24,train-selected fixed,local-sim,-0.1132226085066253,0,0
12,8,24,always invoke-QPU,invoke-QPU,-7.529609206142217,1,1
12,8,24,always remote-sim,remote-sim,-10.631818877773933,1,1
12,8,24,always local-sim,local-sim,-0.1132226085066253,0,0
12,8,24,always fallback,fallback,-0.21557776070809553,0,0
12,8,25,P1,local-sim,-0.10932720815617329,0,0
12,8,25,utility-only,local-sim,-0.10932720815617329,0,0
12,8,25,logged-IPW,local-sim,-0.10932720815617329,0,0
12,8,25,LinUCB,local-sim,-0.10932720815617329,0,0
12,8,25,Pareto,local-sim,-0.10932720815617329,0,0
12,8,25,oracle,local-sim,-0.10932720815617329,0,0
12,8,25,train-selected fixed,local-sim,-0.10932720815617329,0,0
12,8,25,always invoke-QPU,invoke-QPU,-7.457801517650817,1,1
12,8,25,always remote-sim,remote-sim,-6.1095478993597165,1,0
12,8,25,always local-sim,local-sim,-0.10932720815617329,0,0
12,8,25,always fallback,fallback,-0.2042379782917164,0,0
12,8,26,P1,local-sim,-0.10379863592718286,0,0
12,8,26,utility-only,local-sim,-0.10379863592718286,0,0
12,8,26,logged-IPW,local-sim,-0.10379863592718286,0,0
12,8,26,LinUCB,local-sim,-0.10379863592718286,0,0
12,8,26,Pareto,local-sim,-0.10379863592718286,0,0
12,8,26,oracle,local-sim,-0.10379863592718286,0,0
12,8,26,train-selected fixed,local-sim,-0.10379863592718286,0,0
12,8,26,always invoke-QPU,invoke-QPU,-0.12777751602913268,0,0
12,8,26,always remote-sim,remote-sim,-0.2644696100749233,0,0
12,8,26,always local-sim,local-sim,-0.10379863592718286,0,0
12,8,26,always fallback,fallback,-0.19392519692745042,0,0
12,8,27,P1,local-sim,-0.10528000649781262,0,0
12,8,27,utility-only,local-sim,-0.10528000649781262,0,0
12,8,27,logged-IPW,local-sim,-0.10528000649781262,0,0
12,8,27,LinUCB,local-sim,-0.10528000649781262,0,0
12,8,27,Pareto,local-sim,-0.10528000649781262,0,0
12,8,27,oracle,local-sim,-0.10528000649781262,0,0
12,8,27,train-selected fixed,local-sim,-0.10528000649781262,0,0
12,8,27,always invoke-QPU,invoke-QPU,-2.3316764901585136,1,0
12,8,27,always remote-sim,remote-sim,-13.052318349330946,1,1
12,8,27,always local-sim,local-sim,-0.10528000649781262,0,0
12,8,27,always fallback,fallback,-0.18918346410531817,0,0
12,8,28,P1,local-sim,-0.10768407438376715,0,0
12,8,28,utility-only,local-sim,-0.10768407438376715,0,0
12,8,28,logged-IPW,local-sim,-0.10768407438376715,0,0
12,8,28,LinUCB,local-sim,-0.10768407438376715,0,0
12,8,28,Pareto,local-sim,-0.10768407438376715,0,0
12,8,28,oracle,local-sim,-0.10768407438376715,0,0
12,8,28,train-selected fixed,local-sim,-0.10768407438376715,0,0
12,8,28,always invoke-QPU,invoke-QPU,-2.136895247725825,1,0
12,8,28,always remote-sim,remote-sim,-0.25282019532517563,0,0
12,8,28,always local-sim,local-sim,-0.10768407438376715,0,0
12,8,28,always fallback,fallback,-0.21543745827517227,0,0
12,8,29,P1,local-sim,-0.11169516924953142,0,0
12,8,29,utility-only,local-sim,-0.11169516924953142,0,0
12,8,29,logged-IPW,local-sim,-0.11169516924953142,0,0
12,8,29,LinUCB,invoke-QPU,-0.19279338578435495,0,0
12,8,29,Pareto,local-sim,-0.11169516924953142,0,0
12,8,29,oracle,local-sim,-0.11169516924953142,0,0
12,8,29,train-selected fixed,local-sim,-0.11169516924953142,0,0
12,8,29,always invoke-QPU,invoke-QPU,-0.19279338578435495,0,0
12,8,29,always remote-sim,remote-sim,-0.32219794294445503,0,0
12,8,29,always local-sim,local-sim,-0.11169516924953142,0,0
12,8,29,always fallback,fallback,-0.198823059660088,0,0
12,9,0,P1,local-sim,-0.1162674036093708,0,0
12,9,0,utility-only,local-sim,-0.1162674036093708,0,0
12,9,0,logged-IPW,local-sim,-0.1162674036093708,0,0
12,9,0,LinUCB,local-sim,-0.1162674036093708,0,0
12,9,0,Pareto,local-sim,-0.1162674036093708,0,0
12,9,0,oracle,local-sim,-0.1162674036093708,0,0
12,9,0,train-selected fixed,local-sim,-0.1162674036093708,0,0
12,9,0,always invoke-QPU,invoke-QPU,-0.14391285107381563,0,0
12,9,0,always remote-sim,remote-sim,-0.25267703060523605,0,0
12,9,0,always local-sim,local-sim,-0.1162674036093708,0,0
12,9,0,always fallback,fallback,-0.22032011017280284,0,0
12,9,1,P1,local-sim,-0.10759350397399592,0,0
12,9,1,utility-only,local-sim,-0.10759350397399592,0,0
12,9,1,logged-IPW,local-sim,-0.10759350397399592,0,0
12,9,1,LinUCB,local-sim,-0.10759350397399592,0,0
12,9,1,Pareto,local-sim,-0.10759350397399592,0,0
12,9,1,oracle,local-sim,-0.10759350397399592,0,0
12,9,1,train-selected fixed,local-sim,-0.10759350397399592,0,0
12,9,1,always invoke-QPU,invoke-QPU,-2.22800740003444,1,0
12,9,1,always remote-sim,remote-sim,-0.20499079137289478,0,0
12,9,1,always local-sim,local-sim,-0.10759350397399592,0,0
12,9,1,always fallback,fallback,-0.20609928996381402,0,0
12,9,2,P1,local-sim,-0.10279833479976475,0,0
12,9,2,utility-only,local-sim,-0.10279833479976475,0,0
12,9,2,logged-IPW,local-sim,-0.10279833479976475,0,0
12,9,2,LinUCB,remote-sim,-0.13997269558810294,0,0
12,9,2,Pareto,local-sim,-0.10279833479976475,0,0
12,9,2,oracle,local-sim,-0.10279833479976475,0,0
12,9,2,train-selected fixed,local-sim,-0.10279833479976475,0,0
12,9,2,always invoke-QPU,invoke-QPU,-0.10843795688466612,0,0
12,9,2,always remote-sim,remote-sim,-0.13997269558810294,0,0
12,9,2,always local-sim,local-sim,-0.10279833479976475,0,0
12,9,2,always fallback,fallback,-0.18691414827033284,0,0
12,9,3,P1,local-sim,-0.12772901550093815,0,0
12,9,3,utility-only,local-sim,-0.12772901550093815,0,0
12,9,3,logged-IPW,local-sim,-0.12772901550093815,0,0
12,9,3,LinUCB,local-sim,-0.12772901550093815,0,0
12,9,3,Pareto,local-sim,-0.12772901550093815,0,0
12,9,3,oracle,local-sim,-0.12772901550093815,0,0
12,9,3,train-selected fixed,local-sim,-0.12772901550093815,0,0
12,9,3,always invoke-QPU,invoke-QPU,-0.13841944087913075,0,0
12,9,3,always remote-sim,remote-sim,-0.19777448748370147,0,0
12,9,3,always local-sim,local-sim,-0.12772901550093815,0,0
12,9,3,always fallback,fallback,-0.21147717061455548,0,0
12,9,4,P1,local-sim,-0.11294519931494428,0,0
12,9,4,utility-only,local-sim,-0.11294519931494428,0,0
12,9,4,logged-IPW,local-sim,-0.11294519931494428,0,0
12,9,4,LinUCB,remote-sim,-0.259499268022408,0,0
12,9,4,Pareto,local-sim,-0.11294519931494428,0,0
12,9,4,oracle,local-sim,-0.11294519931494428,0,0
12,9,4,train-selected fixed,local-sim,-0.11294519931494428,0,0
12,9,4,always invoke-QPU,invoke-QPU,-0.13958201150379254,0,0
12,9,4,always remote-sim,remote-sim,-0.259499268022408,0,0
12,9,4,always local-sim,local-sim,-0.11294519931494428,0,0
12,9,4,always fallback,fallback,-0.19037749949046343,0,0
12,9,5,P1,local-sim,-0.0988162612476553,0,0
12,9,5,utility-only,local-sim,-0.0988162612476553,0,0
12,9,5,logged-IPW,local-sim,-0.0988162612476553,0,0
12,9,5,LinUCB,local-sim,-0.0988162612476553,0,0
12,9,5,Pareto,local-sim,-0.0988162612476553,0,0
12,9,5,oracle,local-sim,-0.0988162612476553,0,0
12,9,5,train-selected fixed,local-sim,-0.0988162612476553,0,0
12,9,5,always invoke-QPU,invoke-QPU,-0.16541068960326327,0,0
12,9,5,always remote-sim,remote-sim,-0.12056921539343018,0,0
12,9,5,always local-sim,local-sim,-0.0988162612476553,0,0
12,9,5,always fallback,fallback,-0.19869136326581704,0,0
12,9,6,P1,local-sim,-0.1003681794701734,0,0
12,9,6,utility-only,local-sim,-0.1003681794701734,0,0
12,9,6,logged-IPW,local-sim,-0.1003681794701734,0,0
12,9,6,LinUCB,local-sim,-0.1003681794701734,0,0
12,9,6,Pareto,local-sim,-0.1003681794701734,0,0
12,9,6,oracle,local-sim,-0.1003681794701734,0,0
12,9,6,train-selected fixed,local-sim,-0.1003681794701734,0,0
12,9,6,always invoke-QPU,invoke-QPU,-0.11252765382692871,0,0
12,9,6,always remote-sim,remote-sim,-0.22747057084227534,0,0
12,9,6,always local-sim,local-sim,-0.1003681794701734,0,0
12,9,6,always fallback,fallback,-0.20093173231777062,0,0
12,9,7,P1,local-sim,-0.10080639150706713,0,0
12,9,7,utility-only,local-sim,-0.10080639150706713,0,0
12,9,7,logged-IPW,local-sim,-0.10080639150706713,0,0
12,9,7,LinUCB,invoke-QPU,-0.11604565356047701,0,0
12,9,7,Pareto,local-sim,-0.10080639150706713,0,0
12,9,7,oracle,local-sim,-0.10080639150706713,0,0
12,9,7,train-selected fixed,local-sim,-0.10080639150706713,0,0
12,9,7,always invoke-QPU,invoke-QPU,-0.11604565356047701,0,0
12,9,7,always remote-sim,remote-sim,-0.28092078730046655,0,0
12,9,7,always local-sim,local-sim,-0.10080639150706713,0,0
12,9,7,always fallback,fallback,-0.20597607313780233,0,0
12,9,8,P1,local-sim,-0.1027434808332269,0,0
12,9,8,utility-only,local-sim,-0.1027434808332269,0,0
12,9,8,logged-IPW,local-sim,-0.1027434808332269,0,0
12,9,8,LinUCB,local-sim,-0.1027434808332269,0,0
12,9,8,Pareto,local-sim,-0.1027434808332269,0,0
12,9,8,oracle,local-sim,-0.1027434808332269,0,0
12,9,8,train-selected fixed,local-sim,-0.1027434808332269,0,0
12,9,8,always invoke-QPU,invoke-QPU,-0.1300388330528936,0,0
12,9,8,always remote-sim,remote-sim,-0.2062950617515354,0,0
12,9,8,always local-sim,local-sim,-0.1027434808332269,0,0
12,9,8,always fallback,fallback,-0.20016594920546518,0,0
12,9,9,P1,local-sim,-0.11130094399397353,0,0
12,9,9,utility-only,local-sim,-0.11130094399397353,0,0
12,9,9,logged-IPW,local-sim,-0.11130094399397353,0,0
12,9,9,LinUCB,local-sim,-0.11130094399397353,0,0
12,9,9,Pareto,local-sim,-0.11130094399397353,0,0
12,9,9,oracle,local-sim,-0.11130094399397353,0,0
12,9,9,train-selected fixed,local-sim,-0.11130094399397353,0,0
12,9,9,always invoke-QPU,invoke-QPU,-0.20243131531138692,0,0
12,9,9,always remote-sim,remote-sim,-0.1788863960343332,0,0
12,9,9,always local-sim,local-sim,-0.11130094399397353,0,0
12,9,9,always fallback,fallback,-0.22012453336706775,0,0
12,9,10,P1,local-sim,-0.10405674927880171,0,0
12,9,10,utility-only,local-sim,-0.10405674927880171,0,0
12,9,10,logged-IPW,local-sim,-0.10405674927880171,0,0
12,9,10,LinUCB,local-sim,-0.10405674927880171,0,0
12,9,10,Pareto,local-sim,-0.10405674927880171,0,0
12,9,10,oracle,local-sim,-0.10405674927880171,0,0
12,9,10,train-selected fixed,local-sim,-0.10405674927880171,0,0
12,9,10,always invoke-QPU,invoke-QPU,-0.12619602445477981,0,0
12,9,10,always remote-sim,remote-sim,-0.15459548835475254,0,0
12,9,10,always local-sim,local-sim,-0.10405674927880171,0,0
12,9,10,always fallback,fallback,-0.20749750843930032,0,0
12,9,11,P1,local-sim,-0.11391988815951389,0,0
12,9,11,utility-only,local-sim,-0.11391988815951389,0,0
12,9,11,logged-IPW,local-sim,-0.11391988815951389,0,0
12,9,11,LinUCB,local-sim,-0.11391988815951389,0,0
12,9,11,Pareto,local-sim,-0.11391988815951389,0,0
12,9,11,oracle,local-sim,-0.11391988815951389,0,0
12,9,11,train-selected fixed,local-sim,-0.11391988815951389,0,0
12,9,11,always invoke-QPU,invoke-QPU,-0.23082310613387075,0,0
12,9,11,always remote-sim,remote-sim,-0.17173887651487185,0,0
12,9,11,always local-sim,local-sim,-0.11391988815951389,0,0
12,9,11,always fallback,fallback,-0.19867510062261687,0,0
12,9,12,P1,local-sim,-0.0909934045800346,0,0
12,9,12,utility-only,local-sim,-0.0909934045800346,0,0
12,9,12,logged-IPW,local-sim,-0.0909934045800346,0,0
12,9,12,LinUCB,local-sim,-0.0909934045800346,0,0
12,9,12,Pareto,local-sim,-0.0909934045800346,0,0
12,9,12,oracle,local-sim,-0.0909934045800346,0,0
12,9,12,train-selected fixed,local-sim,-0.0909934045800346,0,0
12,9,12,always invoke-QPU,invoke-QPU,-2.1329232455124316,1,0
12,9,12,always remote-sim,remote-sim,-0.33014672214945573,0,0
12,9,12,always local-sim,local-sim,-0.0909934045800346,0,0
12,9,12,always fallback,fallback,-0.1913698633831415,0,0
12,9,13,P1,local-sim,-0.10526977923070618,0,0
12,9,13,utility-only,local-sim,-0.10526977923070618,0,0
12,9,13,logged-IPW,local-sim,-0.10526977923070618,0,0
12,9,13,LinUCB,local-sim,-0.10526977923070618,0,0
12,9,13,Pareto,local-sim,-0.10526977923070618,0,0
12,9,13,oracle,local-sim,-0.10526977923070618,0,0
12,9,13,train-selected fixed,local-sim,-0.10526977923070618,0,0
12,9,13,always invoke-QPU,invoke-QPU,-0.135167191011845,0,0
12,9,13,always remote-sim,remote-sim,-0.17196583758555722,0,0
12,9,13,always local-sim,local-sim,-0.10526977923070618,0,0
12,9,13,always fallback,fallback,-0.20003956619473906,0,0
12,9,14,P1,local-sim,-0.10845225520464125,0,0
12,9,14,utility-only,local-sim,-0.10845225520464125,0,0
12,9,14,logged-IPW,local-sim,-0.10845225520464125,0,0
12,9,14,LinUCB,local-sim,-0.10845225520464125,0,0
12,9,14,Pareto,local-sim,-0.10845225520464125,0,0
12,9,14,oracle,local-sim,-0.10845225520464125,0,0
12,9,14,train-selected fixed,local-sim,-0.10845225520464125,0,0
12,9,14,always invoke-QPU,invoke-QPU,-2.380839172845339,1,0
12,9,14,always remote-sim,remote-sim,-4.460726903757342,1,0
12,9,14,always local-sim,local-sim,-0.10845225520464125,0,0
12,9,14,always fallback,fallback,-0.21497643557727064,0,0
12,9,15,P1,local-sim,-0.10773014833221174,0,0
12,9,15,utility-only,local-sim,-0.10773014833221174,0,0
12,9,15,logged-IPW,local-sim,-0.10773014833221174,0,0
12,9,15,LinUCB,remote-sim,-0.2398021672473317,0,0
12,9,15,Pareto,local-sim,-0.10773014833221174,0,0
12,9,15,oracle,local-sim,-0.10773014833221174,0,0
12,9,15,train-selected fixed,local-sim,-0.10773014833221174,0,0
12,9,15,always invoke-QPU,invoke-QPU,-0.1549050437449535,0,0
12,9,15,always remote-sim,remote-sim,-0.2398021672473317,0,0
12,9,15,always local-sim,local-sim,-0.10773014833221174,0,0
12,9,15,always fallback,fallback,-0.19374603445989405,0,0
12,9,16,P1,local-sim,-0.10820586810895749,0,0
12,9,16,utility-only,local-sim,-0.10820586810895749,0,0
12,9,16,logged-IPW,local-sim,-0.10820586810895749,0,0
12,9,16,LinUCB,local-sim,-0.10820586810895749,0,0
12,9,16,Pareto,local-sim,-0.10820586810895749,0,0
12,9,16,oracle,local-sim,-0.10820586810895749,0,0
12,9,16,train-selected fixed,local-sim,-0.10820586810895749,0,0
12,9,16,always invoke-QPU,invoke-QPU,-0.13150823703730452,0,0
12,9,16,always remote-sim,remote-sim,-0.22842572549853452,0,0
12,9,16,always local-sim,local-sim,-0.10820586810895749,0,0
12,9,16,always fallback,fallback,-0.21881012043364548,0,0
12,9,17,P1,local-sim,-0.10290429185256605,0,0
12,9,17,utility-only,local-sim,-0.10290429185256605,0,0
12,9,17,logged-IPW,local-sim,-0.10290429185256605,0,0
12,9,17,LinUCB,local-sim,-0.10290429185256605,0,0
12,9,17,Pareto,local-sim,-0.10290429185256605,0,0
12,9,17,oracle,local-sim,-0.10290429185256605,0,0
12,9,17,train-selected fixed,local-sim,-0.10290429185256605,0,0
12,9,17,always invoke-QPU,invoke-QPU,-0.12062554619358269,0,0
12,9,17,always remote-sim,remote-sim,-0.16451192785384516,0,0
12,9,17,always local-sim,local-sim,-0.10290429185256605,0,0
12,9,17,always fallback,fallback,-0.20046363426401148,0,0
12,9,18,P1,local-sim,-0.11033208922971006,0,0
12,9,18,utility-only,local-sim,-0.11033208922971006,0,0
12,9,18,logged-IPW,local-sim,-0.11033208922971006,0,0
12,9,18,LinUCB,local-sim,-0.11033208922971006,0,0
12,9,18,Pareto,local-sim,-0.11033208922971006,0,0
12,9,18,oracle,local-sim,-0.11033208922971006,0,0
12,9,18,train-selected fixed,local-sim,-0.11033208922971006,0,0
12,9,18,always invoke-QPU,invoke-QPU,-8.193980442247916,1,1
12,9,18,always remote-sim,remote-sim,-17.148283491828145,1,1
12,9,18,always local-sim,local-sim,-0.11033208922971006,0,0
12,9,18,always fallback,fallback,-0.18799465095112283,0,0
12,9,19,P1,local-sim,-0.10203815871370102,0,0
12,9,19,utility-only,local-sim,-0.10203815871370102,0,0
12,9,19,logged-IPW,local-sim,-0.10203815871370102,0,0
12,9,19,LinUCB,local-sim,-0.10203815871370102,0,0
12,9,19,Pareto,local-sim,-0.10203815871370102,0,0
12,9,19,oracle,local-sim,-0.10203815871370102,0,0
12,9,19,train-selected fixed,local-sim,-0.10203815871370102,0,0
12,9,19,always invoke-QPU,invoke-QPU,-2.2230901334318607,1,0
12,9,19,always remote-sim,remote-sim,-0.17748399780737156,0,0
12,9,19,always local-sim,local-sim,-0.10203815871370102,0,0
12,9,19,always fallback,fallback,-0.20800231101634162,0,0
12,9,20,P1,local-sim,-0.1011793952173535,0,0
12,9,20,utility-only,local-sim,-0.1011793952173535,0,0
12,9,20,logged-IPW,local-sim,-0.1011793952173535,0,0
12,9,20,LinUCB,remote-sim,-0.24792618893210444,0,0
12,9,20,Pareto,local-sim,-0.1011793952173535,0,0
12,9,20,oracle,local-sim,-0.1011793952173535,0,0
12,9,20,train-selected fixed,local-sim,-0.1011793952173535,0,0
12,9,20,always invoke-QPU,invoke-QPU,-0.12002563786947272,0,0
12,9,20,always remote-sim,remote-sim,-0.24792618893210444,0,0
12,9,20,always local-sim,local-sim,-0.1011793952173535,0,0
12,9,20,always fallback,fallback,-0.1974343201437792,0,0
12,9,21,P1,local-sim,-0.1058717887513605,0,0
12,9,21,utility-only,local-sim,-0.1058717887513605,0,0
12,9,21,logged-IPW,local-sim,-0.1058717887513605,0,0
12,9,21,LinUCB,invoke-QPU,-0.1263299825854554,0,0
12,9,21,Pareto,local-sim,-0.1058717887513605,0,0
12,9,21,oracle,local-sim,-0.1058717887513605,0,0
12,9,21,train-selected fixed,local-sim,-0.1058717887513605,0,0
12,9,21,always invoke-QPU,invoke-QPU,-0.1263299825854554,0,0
12,9,21,always remote-sim,remote-sim,-0.19502850305224298,0,0
12,9,21,always local-sim,local-sim,-0.1058717887513605,0,0
12,9,21,always fallback,fallback,-0.1988563334116447,0,0
12,9,22,P1,local-sim,-0.10321490945290626,0,0
12,9,22,utility-only,local-sim,-0.10321490945290626,0,0
12,9,22,logged-IPW,local-sim,-0.10321490945290626,0,0
12,9,22,LinUCB,local-sim,-0.10321490945290626,0,0
12,9,22,Pareto,local-sim,-0.10321490945290626,0,0
12,9,22,oracle,local-sim,-0.10321490945290626,0,0
12,9,22,train-selected fixed,local-sim,-0.10321490945290626,0,0
12,9,22,always invoke-QPU,invoke-QPU,-7.216820862914305,1,1
12,9,22,always remote-sim,remote-sim,-4.89190247422602,1,0
12,9,22,always local-sim,local-sim,-0.10321490945290626,0,0
12,9,22,always fallback,fallback,-0.19254819058460235,0,0
12,9,23,P1,local-sim,-0.10929002201383535,0,0
12,9,23,utility-only,local-sim,-0.10929002201383535,0,0
12,9,23,logged-IPW,local-sim,-0.10929002201383535,0,0
12,9,23,LinUCB,local-sim,-0.10929002201383535,0,0
12,9,23,Pareto,local-sim,-0.10929002201383535,0,0
12,9,23,oracle,local-sim,-0.10929002201383535,0,0
12,9,23,train-selected fixed,local-sim,-0.10929002201383535,0,0
12,9,23,always invoke-QPU,invoke-QPU,-7.666550904467024,1,1
12,9,23,always remote-sim,remote-sim,-9.550941808733196,1,0
12,9,23,always local-sim,local-sim,-0.10929002201383535,0,0
12,9,23,always fallback,fallback,-0.18848117168245665,0,0
12,9,24,P1,local-sim,-0.11385845041258644,0,0
12,9,24,utility-only,local-sim,-0.11385845041258644,0,0
12,9,24,logged-IPW,local-sim,-0.11385845041258644,0,0
12,9,24,LinUCB,local-sim,-0.11385845041258644,0,0
12,9,24,Pareto,local-sim,-0.11385845041258644,0,0
12,9,24,oracle,local-sim,-0.11385845041258644,0,0
12,9,24,train-selected fixed,local-sim,-0.11385845041258644,0,0
12,9,24,always invoke-QPU,invoke-QPU,-3.1083902877401304,1,0
12,9,24,always remote-sim,remote-sim,-10.94954421934511,1,0
12,9,24,always local-sim,local-sim,-0.11385845041258644,0,0
12,9,24,always fallback,fallback,-0.20223635965315803,0,0
12,9,25,P1,local-sim,-0.09666552327403147,0,0
12,9,25,utility-only,local-sim,-0.09666552327403147,0,0
12,9,25,logged-IPW,local-sim,-0.09666552327403147,0,0
12,9,25,LinUCB,local-sim,-0.09666552327403147,0,0
12,9,25,Pareto,local-sim,-0.09666552327403147,0,0
12,9,25,oracle,local-sim,-0.09666552327403147,0,0
12,9,25,train-selected fixed,local-sim,-0.09666552327403147,0,0
12,9,25,always invoke-QPU,invoke-QPU,-7.16573811601685,1,1
12,9,25,always remote-sim,remote-sim,-10.591913386777104,1,1
12,9,25,always local-sim,local-sim,-0.09666552327403147,0,0
12,9,25,always fallback,fallback,-0.18125591349616735,0,0
12,9,26,P1,local-sim,-0.11355442388949621,0,0
12,9,26,utility-only,local-sim,-0.11355442388949621,0,0
12,9,26,logged-IPW,local-sim,-0.11355442388949621,0,0
12,9,26,LinUCB,local-sim,-0.11355442388949621,0,0
12,9,26,Pareto,local-sim,-0.11355442388949621,0,0
12,9,26,oracle,local-sim,-0.11355442388949621,0,0
12,9,26,train-selected fixed,local-sim,-0.11355442388949621,0,0
12,9,26,always invoke-QPU,invoke-QPU,-0.1606481504284369,0,0
12,9,26,always remote-sim,remote-sim,-0.2550170036419324,0,0
12,9,26,always local-sim,local-sim,-0.11355442388949621,0,0
12,9,26,always fallback,fallback,-0.20997151578044526,0,0
12,9,27,P1,local-sim,-0.11956885359028145,0,0
12,9,27,utility-only,local-sim,-0.11956885359028145,0,0
12,9,27,logged-IPW,local-sim,-0.11956885359028145,0,0
12,9,27,LinUCB,local-sim,-0.11956885359028145,0,0
12,9,27,Pareto,local-sim,-0.11956885359028145,0,0
12,9,27,oracle,local-sim,-0.11956885359028145,0,0
12,9,27,train-selected fixed,local-sim,-0.11956885359028145,0,0
12,9,27,always invoke-QPU,invoke-QPU,-0.18327011286445916,0,0
12,9,27,always remote-sim,remote-sim,-0.24732080855577274,0,0
12,9,27,always local-sim,local-sim,-0.11956885359028145,0,0
12,9,27,always fallback,fallback,-0.19905011590190205,0,0
12,9,28,P1,local-sim,-0.10093283116659893,0,0
12,9,28,utility-only,local-sim,-0.10093283116659893,0,0
12,9,28,logged-IPW,local-sim,-0.10093283116659893,0,0
12,9,28,LinUCB,remote-sim,-0.2026260473644227,0,0
12,9,28,Pareto,local-sim,-0.10093283116659893,0,0
12,9,28,oracle,local-sim,-0.10093283116659893,0,0
12,9,28,train-selected fixed,local-sim,-0.10093283116659893,0,0
12,9,28,always invoke-QPU,invoke-QPU,-0.1142321218871243,0,0
12,9,28,always remote-sim,remote-sim,-0.2026260473644227,0,0
12,9,28,always local-sim,local-sim,-0.10093283116659893,0,0
12,9,28,always fallback,fallback,-0.18607554481429936,0,0
12,9,29,P1,local-sim,-0.1039659488777907,0,0
12,9,29,utility-only,local-sim,-0.1039659488777907,0,0
12,9,29,logged-IPW,local-sim,-0.1039659488777907,0,0
12,9,29,LinUCB,remote-sim,-0.20713115238326452,0,0
12,9,29,Pareto,local-sim,-0.1039659488777907,0,0
12,9,29,oracle,local-sim,-0.1039659488777907,0,0
12,9,29,train-selected fixed,local-sim,-0.1039659488777907,0,0
12,9,29,always invoke-QPU,invoke-QPU,-0.16067484311859254,0,0
12,9,29,always remote-sim,remote-sim,-0.20713115238326452,0,0
12,9,29,always local-sim,local-sim,-0.1039659488777907,0,0
12,9,29,always fallback,fallback,-0.19049674843694495,0,0
12,10,0,P1,local-sim,-0.10046095164542664,0,0
12,10,0,utility-only,local-sim,-0.10046095164542664,0,0
12,10,0,logged-IPW,local-sim,-0.10046095164542664,0,0
12,10,0,LinUCB,local-sim,-0.10046095164542664,0,0
12,10,0,Pareto,local-sim,-0.10046095164542664,0,0
12,10,0,oracle,local-sim,-0.10046095164542664,0,0
12,10,0,train-selected fixed,local-sim,-0.10046095164542664,0,0
12,10,0,always invoke-QPU,invoke-QPU,-7.496683149240327,1,1
12,10,0,always remote-sim,remote-sim,-11.466933019414839,1,1
12,10,0,always local-sim,local-sim,-0.10046095164542664,0,0
12,10,0,always fallback,fallback,-0.20961868600241942,0,0
12,10,1,P1,local-sim,-0.10232655764938829,0,0
12,10,1,utility-only,local-sim,-0.10232655764938829,0,0
12,10,1,logged-IPW,local-sim,-0.10232655764938829,0,0
12,10,1,LinUCB,local-sim,-0.10232655764938829,0,0
12,10,1,Pareto,local-sim,-0.10232655764938829,0,0
12,10,1,oracle,local-sim,-0.10232655764938829,0,0
12,10,1,train-selected fixed,local-sim,-0.10232655764938829,0,0
12,10,1,always invoke-QPU,invoke-QPU,-2.2389979054874596,1,0
12,10,1,always remote-sim,remote-sim,-0.17232377134251747,0,0
12,10,1,always local-sim,local-sim,-0.10232655764938829,0,0
12,10,1,always fallback,fallback,-0.19367344018858879,0,0
12,10,2,P1,local-sim,-0.09830977860136147,0,0
12,10,2,utility-only,local-sim,-0.09830977860136147,0,0
12,10,2,logged-IPW,local-sim,-0.09830977860136147,0,0
12,10,2,LinUCB,local-sim,-0.09830977860136147,0,0
12,10,2,Pareto,local-sim,-0.09830977860136147,0,0
12,10,2,oracle,local-sim,-0.09830977860136147,0,0
12,10,2,train-selected fixed,local-sim,-0.09830977860136147,0,0
12,10,2,always invoke-QPU,invoke-QPU,-0.15753775156954353,0,0
12,10,2,always remote-sim,remote-sim,-0.1959902094774508,0,0
12,10,2,always local-sim,local-sim,-0.09830977860136147,0,0
12,10,2,always fallback,fallback,-0.188865719181547,0,0
12,10,3,P1,local-sim,-0.10528921158153025,0,0
12,10,3,utility-only,local-sim,-0.10528921158153025,0,0
12,10,3,logged-IPW,local-sim,-0.10528921158153025,0,0
12,10,3,LinUCB,local-sim,-0.10528921158153025,0,0
12,10,3,Pareto,local-sim,-0.10528921158153025,0,0
12,10,3,oracle,local-sim,-0.10528921158153025,0,0
12,10,3,train-selected fixed,local-sim,-0.10528921158153025,0,0
12,10,3,always invoke-QPU,invoke-QPU,-2.461015285500623,1,0
12,10,3,always remote-sim,remote-sim,-10.362986856745996,1,1
12,10,3,always local-sim,local-sim,-0.10528921158153025,0,0
12,10,3,always fallback,fallback,-0.20943615651674227,0,0
12,10,4,P1,local-sim,-0.09990054434786118,0,0
12,10,4,utility-only,local-sim,-0.09990054434786118,0,0
12,10,4,logged-IPW,local-sim,-0.09990054434786118,0,0
12,10,4,LinUCB,local-sim,-0.09990054434786118,0,0
12,10,4,Pareto,local-sim,-0.09990054434786118,0,0
12,10,4,oracle,local-sim,-0.09990054434786118,0,0
12,10,4,train-selected fixed,local-sim,-0.09990054434786118,0,0
12,10,4,always invoke-QPU,invoke-QPU,-7.2174867705178585,1,1
12,10,4,always remote-sim,remote-sim,-8.751796199128282,1,0
12,10,4,always local-sim,local-sim,-0.09990054434786118,0,0
12,10,4,always fallback,fallback,-0.21110752469137517,0,0
12,10,5,P1,local-sim,-0.11169586227708861,0,0
12,10,5,utility-only,local-sim,-0.11169586227708861,0,0
12,10,5,logged-IPW,local-sim,-0.11169586227708861,0,0
12,10,5,LinUCB,local-sim,-0.11169586227708861,0,0
12,10,5,Pareto,local-sim,-0.11169586227708861,0,0
12,10,5,oracle,local-sim,-0.11169586227708861,0,0
12,10,5,train-selected fixed,local-sim,-0.11169586227708861,0,0
12,10,5,always invoke-QPU,invoke-QPU,-0.19202444557637038,0,0
12,10,5,always remote-sim,remote-sim,-0.17286141228590648,0,0
12,10,5,always local-sim,local-sim,-0.11169586227708861,0,0
12,10,5,always fallback,fallback,-0.19811249770212472,0,0
12,10,6,P1,local-sim,-0.10918681122581024,0,0
12,10,6,utility-only,local-sim,-0.10918681122581024,0,0
12,10,6,logged-IPW,local-sim,-0.10918681122581024,0,0
12,10,6,LinUCB,local-sim,-0.10918681122581024,0,0
12,10,6,Pareto,local-sim,-0.10918681122581024,0,0
12,10,6,oracle,local-sim,-0.10918681122581024,0,0
12,10,6,train-selected fixed,local-sim,-0.10918681122581024,0,0
12,10,6,always invoke-QPU,invoke-QPU,-2.1629172772448513,1,0
12,10,6,always remote-sim,remote-sim,-0.3183741229025004,0,0
12,10,6,always local-sim,local-sim,-0.10918681122581024,0,0
12,10,6,always fallback,fallback,-0.2092854269637494,0,0
12,10,7,P1,local-sim,-0.10200588710709517,0,0
12,10,7,utility-only,local-sim,-0.10200588710709517,0,0
12,10,7,logged-IPW,local-sim,-0.10200588710709517,0,0
12,10,7,LinUCB,local-sim,-0.10200588710709517,0,0
12,10,7,Pareto,local-sim,-0.10200588710709517,0,0
12,10,7,oracle,local-sim,-0.10200588710709517,0,0
12,10,7,train-selected fixed,local-sim,-0.10200588710709517,0,0
12,10,7,always invoke-QPU,invoke-QPU,-2.343286089516021,1,0
12,10,7,always remote-sim,remote-sim,-6.663010348102027,1,0
12,10,7,always local-sim,local-sim,-0.10200588710709517,0,0
12,10,7,always fallback,fallback,-0.19805558395707637,0,0
12,10,8,P1,local-sim,-0.11828259759686269,0,0
12,10,8,utility-only,local-sim,-0.11828259759686269,0,0
12,10,8,logged-IPW,local-sim,-0.11828259759686269,0,0
12,10,8,LinUCB,local-sim,-0.11828259759686269,0,0
12,10,8,Pareto,local-sim,-0.11828259759686269,0,0
12,10,8,oracle,local-sim,-0.11828259759686269,0,0
12,10,8,train-selected fixed,local-sim,-0.11828259759686269,0,0
12,10,8,always invoke-QPU,invoke-QPU,-0.1762307412292355,0,0
12,10,8,always remote-sim,remote-sim,-0.259461673325311,0,0
12,10,8,always local-sim,local-sim,-0.11828259759686269,0,0
12,10,8,always fallback,fallback,-0.2027017717242892,0,0
12,10,9,P1,local-sim,-0.0941057762316286,0,0
12,10,9,utility-only,local-sim,-0.0941057762316286,0,0
12,10,9,logged-IPW,local-sim,-0.0941057762316286,0,0
12,10,9,LinUCB,remote-sim,-0.14647700627276217,0,0
12,10,9,Pareto,local-sim,-0.0941057762316286,0,0
12,10,9,oracle,local-sim,-0.0941057762316286,0,0
12,10,9,train-selected fixed,local-sim,-0.0941057762316286,0,0
12,10,9,always invoke-QPU,invoke-QPU,-0.12493124636807756,0,0
12,10,9,always remote-sim,remote-sim,-0.14647700627276217,0,0
12,10,9,always local-sim,local-sim,-0.0941057762316286,0,0
12,10,9,always fallback,fallback,-0.18893843769656787,0,0
12,10,10,P1,local-sim,-0.09386199819719367,0,0
12,10,10,utility-only,local-sim,-0.09386199819719367,0,0
12,10,10,logged-IPW,local-sim,-0.09386199819719367,0,0
12,10,10,LinUCB,local-sim,-0.09386199819719367,0,0
12,10,10,Pareto,local-sim,-0.09386199819719367,0,0
12,10,10,oracle,local-sim,-0.09386199819719367,0,0
12,10,10,train-selected fixed,local-sim,-0.09386199819719367,0,0
12,10,10,always invoke-QPU,invoke-QPU,-0.14713578603017327,0,0
12,10,10,always remote-sim,remote-sim,-0.27082690403826115,0,0
12,10,10,always local-sim,local-sim,-0.09386199819719367,0,0
12,10,10,always fallback,fallback,-0.19825100587616587,0,0
12,10,11,P1,local-sim,-0.10993893617953594,0,0
12,10,11,utility-only,local-sim,-0.10993893617953594,0,0
12,10,11,logged-IPW,local-sim,-0.10993893617953594,0,0
12,10,11,LinUCB,local-sim,-0.10993893617953594,0,0
12,10,11,Pareto,local-sim,-0.10993893617953594,0,0
12,10,11,oracle,local-sim,-0.10993893617953594,0,0
12,10,11,train-selected fixed,local-sim,-0.10993893617953594,0,0
12,10,11,always invoke-QPU,invoke-QPU,-0.5796492135189207,0,0
12,10,11,always remote-sim,remote-sim,-3.3935336881799096,0,0
12,10,11,always local-sim,local-sim,-0.10993893617953594,0,0
12,10,11,always fallback,fallback,-0.20340258751498067,0,0
12,10,12,P1,local-sim,-0.11529240277381687,0,0
12,10,12,utility-only,local-sim,-0.11529240277381687,0,0
12,10,12,logged-IPW,local-sim,-0.11529240277381687,0,0
12,10,12,LinUCB,local-sim,-0.11529240277381687,0,0
12,10,12,Pareto,local-sim,-0.11529240277381687,0,0
12,10,12,oracle,local-sim,-0.11529240277381687,0,0
12,10,12,train-selected fixed,local-sim,-0.11529240277381687,0,0
12,10,12,always invoke-QPU,invoke-QPU,-7.436168439112324,1,1
12,10,12,always remote-sim,remote-sim,-6.0625149030189736,1,0
12,10,12,always local-sim,local-sim,-0.11529240277381687,0,0
12,10,12,always fallback,fallback,-0.19940957307570015,0,0
12,10,13,P1,local-sim,-0.11458700486289515,0,0
12,10,13,utility-only,local-sim,-0.11458700486289515,0,0
12,10,13,logged-IPW,local-sim,-0.11458700486289515,0,0
12,10,13,LinUCB,local-sim,-0.11458700486289515,0,0
12,10,13,Pareto,local-sim,-0.11458700486289515,0,0
12,10,13,oracle,local-sim,-0.11458700486289515,0,0
12,10,13,train-selected fixed,local-sim,-0.11458700486289515,0,0
12,10,13,always invoke-QPU,invoke-QPU,-2.1680914515448233,1,0
12,10,13,always remote-sim,remote-sim,-0.17345886490727497,0,0
12,10,13,always local-sim,local-sim,-0.11458700486289515,0,0
12,10,13,always fallback,fallback,-0.19066965547673073,0,0
12,10,14,P1,local-sim,-0.10741129245332656,0,0
12,10,14,utility-only,local-sim,-0.10741129245332656,0,0
12,10,14,logged-IPW,local-sim,-0.10741129245332656,0,0
12,10,14,LinUCB,remote-sim,-0.14235430255398343,0,0
12,10,14,Pareto,local-sim,-0.10741129245332656,0,0
12,10,14,oracle,local-sim,-0.10741129245332656,0,0
12,10,14,train-selected fixed,local-sim,-0.10741129245332656,0,0
12,10,14,always invoke-QPU,invoke-QPU,-0.24133284744842226,0,0
12,10,14,always remote-sim,remote-sim,-0.14235430255398343,0,0
12,10,14,always local-sim,local-sim,-0.10741129245332656,0,0
12,10,14,always fallback,fallback,-0.196513272597973,0,0
12,10,15,P1,local-sim,-0.10559432798115186,0,0
12,10,15,utility-only,local-sim,-0.10559432798115186,0,0
12,10,15,logged-IPW,local-sim,-0.10559432798115186,0,0
12,10,15,LinUCB,local-sim,-0.10559432798115186,0,0
12,10,15,Pareto,local-sim,-0.10559432798115186,0,0
12,10,15,oracle,local-sim,-0.10559432798115186,0,0
12,10,15,train-selected fixed,local-sim,-0.10559432798115186,0,0
12,10,15,always invoke-QPU,invoke-QPU,-0.12153561865552495,0,0
12,10,15,always remote-sim,remote-sim,-0.11972545336225898,0,0
12,10,15,always local-sim,local-sim,-0.10559432798115186,0,0
12,10,15,always fallback,fallback,-0.1972323999056593,0,0
12,10,16,P1,local-sim,-0.11842144576505828,0,0
12,10,16,utility-only,local-sim,-0.11842144576505828,0,0
12,10,16,logged-IPW,local-sim,-0.11842144576505828,0,0
12,10,16,LinUCB,local-sim,-0.11842144576505828,0,0
12,10,16,Pareto,local-sim,-0.11842144576505828,0,0
12,10,16,oracle,local-sim,-0.11842144576505828,0,0
12,10,16,train-selected fixed,local-sim,-0.11842144576505828,0,0
12,10,16,always invoke-QPU,invoke-QPU,-0.21018925121640647,0,0
12,10,16,always remote-sim,remote-sim,-0.2686285603137569,0,0
12,10,16,always local-sim,local-sim,-0.11842144576505828,0,0
12,10,16,always fallback,fallback,-0.2189614215354528,0,0
12,10,17,P1,local-sim,-0.10263602105336413,0,0
12,10,17,utility-only,local-sim,-0.10263602105336413,0,0
12,10,17,logged-IPW,local-sim,-0.10263602105336413,0,0
12,10,17,LinUCB,local-sim,-0.10263602105336413,0,0
12,10,17,Pareto,local-sim,-0.10263602105336413,0,0
12,10,17,oracle,local-sim,-0.10263602105336413,0,0
12,10,17,train-selected fixed,local-sim,-0.10263602105336413,0,0
12,10,17,always invoke-QPU,invoke-QPU,-0.11961958843179542,0,0
12,10,17,always remote-sim,remote-sim,-0.11281838189223127,0,0
12,10,17,always local-sim,local-sim,-0.10263602105336413,0,0
12,10,17,always fallback,fallback,-0.20326498508258553,0,0
12,10,18,P1,local-sim,-0.1033425592415113,0,0
12,10,18,utility-only,local-sim,-0.1033425592415113,0,0
12,10,18,logged-IPW,local-sim,-0.1033425592415113,0,0
12,10,18,LinUCB,local-sim,-0.1033425592415113,0,0
12,10,18,Pareto,local-sim,-0.1033425592415113,0,0
12,10,18,oracle,local-sim,-0.1033425592415113,0,0
12,10,18,train-selected fixed,local-sim,-0.1033425592415113,0,0
12,10,18,always invoke-QPU,invoke-QPU,-7.841697430649072,1,1
12,10,18,always remote-sim,remote-sim,-14.081702776059206,1,1
12,10,18,always local-sim,local-sim,-0.1033425592415113,0,0
12,10,18,always fallback,fallback,-0.191785270259488,0,0
12,10,19,P1,local-sim,-0.11429658019473082,0,0
12,10,19,utility-only,local-sim,-0.11429658019473082,0,0
12,10,19,logged-IPW,local-sim,-0.11429658019473082,0,0
12,10,19,LinUCB,invoke-QPU,-0.1247168743846905,0,0
12,10,19,Pareto,local-sim,-0.11429658019473082,0,0
12,10,19,oracle,local-sim,-0.11429658019473082,0,0
12,10,19,train-selected fixed,local-sim,-0.11429658019473082,0,0
12,10,19,always invoke-QPU,invoke-QPU,-0.1247168743846905,0,0
12,10,19,always remote-sim,remote-sim,-0.22033824548046696,0,0
12,10,19,always local-sim,local-sim,-0.11429658019473082,0,0
12,10,19,always fallback,fallback,-0.20726750829470253,0,0
12,10,20,P1,local-sim,-0.11306566364727356,0,0
12,10,20,utility-only,local-sim,-0.11306566364727356,0,0
12,10,20,logged-IPW,local-sim,-0.11306566364727356,0,0
12,10,20,LinUCB,remote-sim,-0.2159359827445858,0,0
12,10,20,Pareto,local-sim,-0.11306566364727356,0,0
12,10,20,oracle,local-sim,-0.11306566364727356,0,0
12,10,20,train-selected fixed,local-sim,-0.11306566364727356,0,0
12,10,20,always invoke-QPU,invoke-QPU,-0.1318600072033493,0,0
12,10,20,always remote-sim,remote-sim,-0.2159359827445858,0,0
12,10,20,always local-sim,local-sim,-0.11306566364727356,0,0
12,10,20,always fallback,fallback,-0.18222852394010436,0,0
12,10,21,P1,local-sim,-0.11262248427123739,0,0
12,10,21,utility-only,local-sim,-0.11262248427123739,0,0
12,10,21,logged-IPW,local-sim,-0.11262248427123739,0,0
12,10,21,LinUCB,local-sim,-0.11262248427123739,0,0
12,10,21,Pareto,local-sim,-0.11262248427123739,0,0
12,10,21,oracle,local-sim,-0.11262248427123739,0,0
12,10,21,train-selected fixed,local-sim,-0.11262248427123739,0,0
12,10,21,always invoke-QPU,invoke-QPU,-0.18818310834327479,0,0
12,10,21,always remote-sim,remote-sim,-0.35324520054852826,0,0
12,10,21,always local-sim,local-sim,-0.11262248427123739,0,0
12,10,21,always fallback,fallback,-0.2124329630408532,0,0
12,10,22,P1,local-sim,-0.10993338249215752,0,0
12,10,22,utility-only,local-sim,-0.10993338249215752,0,0
12,10,22,logged-IPW,local-sim,-0.10993338249215752,0,0
12,10,22,LinUCB,local-sim,-0.10993338249215752,0,0
12,10,22,Pareto,local-sim,-0.10993338249215752,0,0
12,10,22,oracle,local-sim,-0.10993338249215752,0,0
12,10,22,train-selected fixed,local-sim,-0.10993338249215752,0,0
12,10,22,always invoke-QPU,invoke-QPU,-0.13734435510266302,0,0
12,10,22,always remote-sim,remote-sim,-0.1831901947744186,0,0
12,10,22,always local-sim,local-sim,-0.10993338249215752,0,0
12,10,22,always fallback,fallback,-0.21026198221560044,0,0
12,10,23,P1,local-sim,-0.11079931350860002,0,0
12,10,23,utility-only,local-sim,-0.11079931350860002,0,0
12,10,23,logged-IPW,local-sim,-0.11079931350860002,0,0
12,10,23,LinUCB,local-sim,-0.11079931350860002,0,0
12,10,23,Pareto,local-sim,-0.11079931350860002,0,0
12,10,23,oracle,local-sim,-0.11079931350860002,0,0
12,10,23,train-selected fixed,local-sim,-0.11079931350860002,0,0
12,10,23,always invoke-QPU,invoke-QPU,-3.269799451985157,1,0
12,10,23,always remote-sim,remote-sim,-12.208122536748915,1,0
12,10,23,always local-sim,local-sim,-0.11079931350860002,0,0
12,10,23,always fallback,fallback,-0.21370894720360578,0,0
12,10,24,P1,local-sim,-0.11374339894330807,0,0
12,10,24,utility-only,local-sim,-0.11374339894330807,0,0
12,10,24,logged-IPW,local-sim,-0.11374339894330807,0,0
12,10,24,LinUCB,local-sim,-0.11374339894330807,0,0
12,10,24,Pareto,local-sim,-0.11374339894330807,0,0
12,10,24,oracle,local-sim,-0.11374339894330807,0,0
12,10,24,train-selected fixed,local-sim,-0.11374339894330807,0,0
12,10,24,always invoke-QPU,invoke-QPU,-0.15553865973513897,0,0
12,10,24,always remote-sim,remote-sim,-0.2517075068160872,0,0
12,10,24,always local-sim,local-sim,-0.11374339894330807,0,0
12,10,24,always fallback,fallback,-0.22145703331106953,0,0
12,10,25,P1,local-sim,-0.1070598817377429,0,0
12,10,25,utility-only,local-sim,-0.1070598817377429,0,0
12,10,25,logged-IPW,local-sim,-0.1070598817377429,0,0
12,10,25,LinUCB,local-sim,-0.1070598817377429,0,0
12,10,25,Pareto,local-sim,-0.1070598817377429,0,0
12,10,25,oracle,local-sim,-0.1070598817377429,0,0
12,10,25,train-selected fixed,local-sim,-0.1070598817377429,0,0
12,10,25,always invoke-QPU,invoke-QPU,-2.430478292132049,1,0
12,10,25,always remote-sim,remote-sim,-5.3685628957599265,1,0
12,10,25,always local-sim,local-sim,-0.1070598817377429,0,0
12,10,25,always fallback,fallback,-0.2195002499011343,0,0
12,10,26,P1,local-sim,-0.10878775014493226,0,0
12,10,26,utility-only,local-sim,-0.10878775014493226,0,0
12,10,26,logged-IPW,local-sim,-0.10878775014493226,0,0
12,10,26,LinUCB,local-sim,-0.10878775014493226,0,0
12,10,26,Pareto,local-sim,-0.10878775014493226,0,0
12,10,26,oracle,local-sim,-0.10878775014493226,0,0
12,10,26,train-selected fixed,local-sim,-0.10878775014493226,0,0
12,10,26,always invoke-QPU,invoke-QPU,-0.27063476633580036,0,0
12,10,26,always remote-sim,remote-sim,-0.2074036304993559,0,0
12,10,26,always local-sim,local-sim,-0.10878775014493226,0,0
12,10,26,always fallback,fallback,-0.2093431593068193,0,0
12,10,27,P1,local-sim,-0.10855443098011267,0,0
12,10,27,utility-only,local-sim,-0.10855443098011267,0,0
12,10,27,logged-IPW,local-sim,-0.10855443098011267,0,0
12,10,27,LinUCB,local-sim,-0.10855443098011267,0,0
12,10,27,Pareto,local-sim,-0.10855443098011267,0,0
12,10,27,oracle,local-sim,-0.10855443098011267,0,0
12,10,27,train-selected fixed,local-sim,-0.10855443098011267,0,0
12,10,27,always invoke-QPU,invoke-QPU,-0.1520757347260724,0,0
12,10,27,always remote-sim,remote-sim,-0.24156283610829718,0,0
12,10,27,always local-sim,local-sim,-0.10855443098011267,0,0
12,10,27,always fallback,fallback,-0.20295432294008853,0,0
12,10,28,P1,local-sim,-0.10969099070072649,0,0
12,10,28,utility-only,local-sim,-0.10969099070072649,0,0
12,10,28,logged-IPW,local-sim,-0.10969099070072649,0,0
12,10,28,LinUCB,local-sim,-0.10969099070072649,0,0
12,10,28,Pareto,local-sim,-0.10969099070072649,0,0
12,10,28,oracle,local-sim,-0.10969099070072649,0,0
12,10,28,train-selected fixed,local-sim,-0.10969099070072649,0,0
12,10,28,always invoke-QPU,invoke-QPU,-0.2244583252525476,0,0
12,10,28,always remote-sim,remote-sim,-0.23232908961252485,0,0
12,10,28,always local-sim,local-sim,-0.10969099070072649,0,0
12,10,28,always fallback,fallback,-0.1996716337984274,0,0
12,10,29,P1,local-sim,-0.10729691658375848,0,0
12,10,29,utility-only,local-sim,-0.10729691658375848,0,0
12,10,29,logged-IPW,local-sim,-0.10729691658375848,0,0
12,10,29,LinUCB,local-sim,-0.10729691658375848,0,0
12,10,29,Pareto,local-sim,-0.10729691658375848,0,0
12,10,29,oracle,local-sim,-0.10729691658375848,0,0
12,10,29,train-selected fixed,local-sim,-0.10729691658375848,0,0
12,10,29,always invoke-QPU,invoke-QPU,-2.53683159878755,1,0
12,10,29,always remote-sim,remote-sim,-7.889739981951099,1,0
12,10,29,always local-sim,local-sim,-0.10729691658375848,0,0
12,10,29,always fallback,fallback,-0.21511607408818156,0,0
12,11,0,P1,local-sim,-0.1089463639544018,0,0
12,11,0,utility-only,local-sim,-0.1089463639544018,0,0
12,11,0,logged-IPW,local-sim,-0.1089463639544018,0,0
12,11,0,LinUCB,local-sim,-0.1089463639544018,0,0
12,11,0,Pareto,local-sim,-0.1089463639544018,0,0
12,11,0,oracle,local-sim,-0.1089463639544018,0,0
12,11,0,train-selected fixed,local-sim,-0.1089463639544018,0,0
12,11,0,always invoke-QPU,invoke-QPU,-0.2977989061912025,0,0
12,11,0,always remote-sim,remote-sim,-0.18662682981288334,0,0
12,11,0,always local-sim,local-sim,-0.1089463639544018,0,0
12,11,0,always fallback,fallback,-0.19668206551410722,0,0
12,11,1,P1,local-sim,-0.10788224262235133,0,0
12,11,1,utility-only,local-sim,-0.10788224262235133,0,0
12,11,1,logged-IPW,local-sim,-0.10788224262235133,0,0
12,11,1,LinUCB,local-sim,-0.10788224262235133,0,0
12,11,1,Pareto,local-sim,-0.10788224262235133,0,0
12,11,1,oracle,local-sim,-0.10788224262235133,0,0
12,11,1,train-selected fixed,local-sim,-0.10788224262235133,0,0
12,11,1,always invoke-QPU,invoke-QPU,-0.1727648136549641,0,0
12,11,1,always remote-sim,remote-sim,-0.1615447755797789,0,0
12,11,1,always local-sim,local-sim,-0.10788224262235133,0,0
12,11,1,always fallback,fallback,-0.21531027783619067,0,0
12,11,2,P1,local-sim,-0.11025448012353423,0,0
12,11,2,utility-only,local-sim,-0.11025448012353423,0,0
12,11,2,logged-IPW,local-sim,-0.11025448012353423,0,0
12,11,2,LinUCB,local-sim,-0.11025448012353423,0,0
12,11,2,Pareto,local-sim,-0.11025448012353423,0,0
12,11,2,oracle,local-sim,-0.11025448012353423,0,0
12,11,2,train-selected fixed,local-sim,-0.11025448012353423,0,0
12,11,2,always invoke-QPU,invoke-QPU,-0.15755287612434749,0,0
12,11,2,always remote-sim,remote-sim,-0.27887591970887365,0,0
12,11,2,always local-sim,local-sim,-0.11025448012353423,0,0
12,11,2,always fallback,fallback,-0.2069636126779161,0,0
12,11,3,P1,local-sim,-0.10554679560177437,0,0
12,11,3,utility-only,local-sim,-0.10554679560177437,0,0
12,11,3,logged-IPW,local-sim,-0.10554679560177437,0,0
12,11,3,LinUCB,local-sim,-0.10554679560177437,0,0
12,11,3,Pareto,local-sim,-0.10554679560177437,0,0
12,11,3,oracle,local-sim,-0.10554679560177437,0,0
12,11,3,train-selected fixed,local-sim,-0.10554679560177437,0,0
12,11,3,always invoke-QPU,invoke-QPU,-0.12562225402278332,0,0
12,11,3,always remote-sim,remote-sim,-0.17275987340354665,0,0
12,11,3,always local-sim,local-sim,-0.10554679560177437,0,0
12,11,3,always fallback,fallback,-0.20483613721525115,0,0
12,11,4,P1,local-sim,-0.10698029307213358,0,0
12,11,4,utility-only,local-sim,-0.10698029307213358,0,0
12,11,4,logged-IPW,local-sim,-0.10698029307213358,0,0
12,11,4,LinUCB,local-sim,-0.10698029307213358,0,0
12,11,4,Pareto,local-sim,-0.10698029307213358,0,0
12,11,4,oracle,local-sim,-0.10698029307213358,0,0
12,11,4,train-selected fixed,local-sim,-0.10698029307213358,0,0
12,11,4,always invoke-QPU,invoke-QPU,-0.13005226744948356,0,0
12,11,4,always remote-sim,remote-sim,-0.19557847757817715,0,0
12,11,4,always local-sim,local-sim,-0.10698029307213358,0,0
12,11,4,always fallback,fallback,-0.1989303247611713,0,0
12,11,5,P1,local-sim,-0.11207469419399421,0,0
12,11,5,utility-only,local-sim,-0.11207469419399421,0,0
12,11,5,logged-IPW,local-sim,-0.11207469419399421,0,0
12,11,5,LinUCB,local-sim,-0.11207469419399421,0,0
12,11,5,Pareto,local-sim,-0.11207469419399421,0,0
12,11,5,oracle,local-sim,-0.11207469419399421,0,0
12,11,5,train-selected fixed,local-sim,-0.11207469419399421,0,0
12,11,5,always invoke-QPU,invoke-QPU,-7.628692682063353,1,1
12,11,5,always remote-sim,remote-sim,-11.801797621033463,1,1
12,11,5,always local-sim,local-sim,-0.11207469419399421,0,0
12,11,5,always fallback,fallback,-0.21341952911722686,0,0
12,11,6,P1,local-sim,-0.09857706369439079,0,0
12,11,6,utility-only,local-sim,-0.09857706369439079,0,0
12,11,6,logged-IPW,local-sim,-0.09857706369439079,0,0
12,11,6,LinUCB,local-sim,-0.09857706369439079,0,0
12,11,6,Pareto,local-sim,-0.09857706369439079,0,0
12,11,6,oracle,local-sim,-0.09857706369439079,0,0
12,11,6,train-selected fixed,local-sim,-0.09857706369439079,0,0
12,11,6,always invoke-QPU,invoke-QPU,-7.262377139187402,1,1
12,11,6,always remote-sim,remote-sim,-8.740725635906019,1,0
12,11,6,always local-sim,local-sim,-0.09857706369439079,0,0
12,11,6,always fallback,fallback,-0.18358605747759685,0,0
12,11,7,P1,local-sim,-0.10260243992266092,0,0
12,11,7,utility-only,local-sim,-0.10260243992266092,0,0
12,11,7,logged-IPW,local-sim,-0.10260243992266092,0,0
12,11,7,LinUCB,local-sim,-0.10260243992266092,0,0
12,11,7,Pareto,local-sim,-0.10260243992266092,0,0
12,11,7,oracle,local-sim,-0.10260243992266092,0,0
12,11,7,train-selected fixed,local-sim,-0.10260243992266092,0,0
12,11,7,always invoke-QPU,invoke-QPU,-7.314849417329633,1,1
12,11,7,always remote-sim,remote-sim,-16.79615286379425,1,1
12,11,7,always local-sim,local-sim,-0.10260243992266092,0,0
12,11,7,always fallback,fallback,-0.17733165641579787,0,0
12,11,8,P1,local-sim,-0.0932191733220051,0,0
12,11,8,utility-only,local-sim,-0.0932191733220051,0,0
12,11,8,logged-IPW,local-sim,-0.0932191733220051,0,0
12,11,8,LinUCB,remote-sim,-0.26682436442558827,0,0
12,11,8,Pareto,local-sim,-0.0932191733220051,0,0
12,11,8,oracle,local-sim,-0.0932191733220051,0,0
12,11,8,train-selected fixed,local-sim,-0.0932191733220051,0,0
12,11,8,always invoke-QPU,invoke-QPU,-0.11784655578887777,0,0
12,11,8,always remote-sim,remote-sim,-0.26682436442558827,0,0
12,11,8,always local-sim,local-sim,-0.0932191733220051,0,0
12,11,8,always fallback,fallback,-0.1969738125936141,0,0
12,11,9,P1,local-sim,-0.0963158697454245,0,0
12,11,9,utility-only,local-sim,-0.0963158697454245,0,0
12,11,9,logged-IPW,local-sim,-0.0963158697454245,0,0
12,11,9,LinUCB,local-sim,-0.0963158697454245,0,0
12,11,9,Pareto,local-sim,-0.0963158697454245,0,0
12,11,9,oracle,local-sim,-0.0963158697454245,0,0
12,11,9,train-selected fixed,local-sim,-0.0963158697454245,0,0
12,11,9,always invoke-QPU,invoke-QPU,-2.1811838412770403,1,0
12,11,9,always remote-sim,remote-sim,-0.2851291322899223,0,0
12,11,9,always local-sim,local-sim,-0.0963158697454245,0,0
12,11,9,always fallback,fallback,-0.18293164566450823,0,0
12,11,10,P1,local-sim,-0.1032707622488277,0,0
12,11,10,utility-only,local-sim,-0.1032707622488277,0,0
12,11,10,logged-IPW,local-sim,-0.1032707622488277,0,0
12,11,10,LinUCB,local-sim,-0.1032707622488277,0,0
12,11,10,Pareto,local-sim,-0.1032707622488277,0,0
12,11,10,oracle,local-sim,-0.1032707622488277,0,0
12,11,10,train-selected fixed,local-sim,-0.1032707622488277,0,0
12,11,10,always invoke-QPU,invoke-QPU,-2.193344242696614,1,0
12,11,10,always remote-sim,remote-sim,-0.22980076612530492,0,0
12,11,10,always local-sim,local-sim,-0.1032707622488277,0,0
12,11,10,always fallback,fallback,-0.18269171754961086,0,0
12,11,11,P1,local-sim,-0.1100127152375279,0,0
12,11,11,utility-only,local-sim,-0.1100127152375279,0,0
12,11,11,logged-IPW,local-sim,-0.1100127152375279,0,0
12,11,11,LinUCB,local-sim,-0.1100127152375279,0,0
12,11,11,Pareto,local-sim,-0.1100127152375279,0,0
12,11,11,oracle,local-sim,-0.1100127152375279,0,0
12,11,11,train-selected fixed,local-sim,-0.1100127152375279,0,0
12,11,11,always invoke-QPU,invoke-QPU,-2.3791790866200553,1,0
12,11,11,always remote-sim,remote-sim,-4.001234666812442,0,0
12,11,11,always local-sim,local-sim,-0.1100127152375279,0,0
12,11,11,always fallback,fallback,-0.18816806662629942,0,0
12,11,12,P1,local-sim,-0.09173976867198888,0,0
12,11,12,utility-only,local-sim,-0.09173976867198888,0,0
12,11,12,logged-IPW,local-sim,-0.09173976867198888,0,0
12,11,12,LinUCB,local-sim,-0.09173976867198888,0,0
12,11,12,Pareto,local-sim,-0.09173976867198888,0,0
12,11,12,oracle,local-sim,-0.09173976867198888,0,0
12,11,12,train-selected fixed,local-sim,-0.09173976867198888,0,0
12,11,12,always invoke-QPU,invoke-QPU,-2.136333404057238,1,0
12,11,12,always remote-sim,remote-sim,-0.27645613109368494,0,0
12,11,12,always local-sim,local-sim,-0.09173976867198888,0,0
12,11,12,always fallback,fallback,-0.18798185949555318,0,0
12,11,13,P1,local-sim,-0.09635404479194254,0,0
12,11,13,utility-only,local-sim,-0.09635404479194254,0,0
12,11,13,logged-IPW,local-sim,-0.09635404479194254,0,0
12,11,13,LinUCB,remote-sim,-0.1382023915256101,0,0
12,11,13,Pareto,local-sim,-0.09635404479194254,0,0
12,11,13,oracle,local-sim,-0.09635404479194254,0,0
12,11,13,train-selected fixed,local-sim,-0.09635404479194254,0,0
12,11,13,always invoke-QPU,invoke-QPU,-0.1178951818188769,0,0
12,11,13,always remote-sim,remote-sim,-0.1382023915256101,0,0
12,11,13,always local-sim,local-sim,-0.09635404479194254,0,0
12,11,13,always fallback,fallback,-0.1915175603606017,0,0
12,11,14,P1,local-sim,-0.11283850306194072,0,0
12,11,14,utility-only,local-sim,-0.11283850306194072,0,0
12,11,14,logged-IPW,local-sim,-0.11283850306194072,0,0
12,11,14,LinUCB,local-sim,-0.11283850306194072,0,0
12,11,14,Pareto,local-sim,-0.11283850306194072,0,0
12,11,14,oracle,local-sim,-0.11283850306194072,0,0
12,11,14,train-selected fixed,local-sim,-0.11283850306194072,0,0
12,11,14,always invoke-QPU,invoke-QPU,-2.4833075066883468,1,0
12,11,14,always remote-sim,remote-sim,-0.4016856760208988,0,0
12,11,14,always local-sim,local-sim,-0.11283850306194072,0,0
12,11,14,always fallback,fallback,-0.2072954353828125,0,0
12,11,15,P1,local-sim,-0.10226555477790199,0,0
12,11,15,utility-only,local-sim,-0.10226555477790199,0,0
12,11,15,logged-IPW,local-sim,-0.10226555477790199,0,0
12,11,15,LinUCB,local-sim,-0.10226555477790199,0,0
12,11,15,Pareto,local-sim,-0.10226555477790199,0,0
12,11,15,oracle,local-sim,-0.10226555477790199,0,0
12,11,15,train-selected fixed,local-sim,-0.10226555477790199,0,0
12,11,15,always invoke-QPU,invoke-QPU,-2.2398150601118076,1,0
12,11,15,always remote-sim,remote-sim,-8.924958951940559,1,0
12,11,15,always local-sim,local-sim,-0.10226555477790199,0,0
12,11,15,always fallback,fallback,-0.20226047203371914,0,0
12,11,16,P1,local-sim,-0.1053758198202689,0,0
12,11,16,utility-only,local-sim,-0.1053758198202689,0,0
12,11,16,logged-IPW,local-sim,-0.1053758198202689,0,0
12,11,16,LinUCB,local-sim,-0.1053758198202689,0,0
12,11,16,Pareto,local-sim,-0.1053758198202689,0,0
12,11,16,oracle,local-sim,-0.1053758198202689,0,0
12,11,16,train-selected fixed,local-sim,-0.1053758198202689,0,0
12,11,16,always invoke-QPU,invoke-QPU,-2.609837494814946,1,0
12,11,16,always remote-sim,remote-sim,-5.1880782065639055,0,1
12,11,16,always local-sim,local-sim,-0.1053758198202689,0,0
12,11,16,always fallback,fallback,-0.18411058111992562,0,0
12,11,17,P1,local-sim,-0.11453216334968673,0,0
12,11,17,utility-only,local-sim,-0.11453216334968673,0,0
12,11,17,logged-IPW,local-sim,-0.11453216334968673,0,0
12,11,17,LinUCB,local-sim,-0.11453216334968673,0,0
12,11,17,Pareto,local-sim,-0.11453216334968673,0,0
12,11,17,oracle,local-sim,-0.11453216334968673,0,0
12,11,17,train-selected fixed,local-sim,-0.11453216334968673,0,0
12,11,17,always invoke-QPU,invoke-QPU,-3.0773383394398066,1,0
12,11,17,always remote-sim,remote-sim,-10.722599045953565,1,0
12,11,17,always local-sim,local-sim,-0.11453216334968673,0,0
12,11,17,always fallback,fallback,-0.19211919612756959,0,0
12,11,18,P1,local-sim,-0.11299535731646404,0,0
12,11,18,utility-only,local-sim,-0.11299535731646404,0,0
12,11,18,logged-IPW,local-sim,-0.11299535731646404,0,0
12,11,18,LinUCB,local-sim,-0.11299535731646404,0,0
12,11,18,Pareto,local-sim,-0.11299535731646404,0,0
12,11,18,oracle,local-sim,-0.11299535731646404,0,0
12,11,18,train-selected fixed,local-sim,-0.11299535731646404,0,0
12,11,18,always invoke-QPU,invoke-QPU,-2.189814924242714,1,0
12,11,18,always remote-sim,remote-sim,-0.1907128679973181,0,0
12,11,18,always local-sim,local-sim,-0.11299535731646404,0,0
12,11,18,always fallback,fallback,-0.21280952496134575,0,0
12,11,19,P1,local-sim,-0.09442780660556685,0,0
12,11,19,utility-only,local-sim,-0.09442780660556685,0,0
12,11,19,logged-IPW,local-sim,-0.09442780660556685,0,0
12,11,19,LinUCB,local-sim,-0.09442780660556685,0,0
12,11,19,Pareto,local-sim,-0.09442780660556685,0,0
12,11,19,oracle,local-sim,-0.09442780660556685,0,0
12,11,19,train-selected fixed,local-sim,-0.09442780660556685,0,0
12,11,19,always invoke-QPU,invoke-QPU,-0.16005674924028124,0,0
12,11,19,always remote-sim,remote-sim,-0.10710147807618114,0,0
12,11,19,always local-sim,local-sim,-0.09442780660556685,0,0
12,11,19,always fallback,fallback,-0.20922737092021923,0,0
12,11,20,P1,local-sim,-0.11753883430897263,0,0
12,11,20,utility-only,local-sim,-0.11753883430897263,0,0
12,11,20,logged-IPW,local-sim,-0.11753883430897263,0,0
12,11,20,LinUCB,local-sim,-0.11753883430897263,0,0
12,11,20,Pareto,local-sim,-0.11753883430897263,0,0
12,11,20,oracle,local-sim,-0.11753883430897263,0,0
12,11,20,train-selected fixed,local-sim,-0.11753883430897263,0,0
12,11,20,always invoke-QPU,invoke-QPU,-2.1737239878115733,1,0
12,11,20,always remote-sim,remote-sim,-0.2742828586208929,0,0
12,11,20,always local-sim,local-sim,-0.11753883430897263,0,0
12,11,20,always fallback,fallback,-0.19960648925738925,0,0
12,11,21,P1,local-sim,-0.10457045821103371,0,0
12,11,21,utility-only,local-sim,-0.10457045821103371,0,0
12,11,21,logged-IPW,local-sim,-0.10457045821103371,0,0
12,11,21,LinUCB,local-sim,-0.10457045821103371,0,0
12,11,21,Pareto,local-sim,-0.10457045821103371,0,0
12,11,21,oracle,local-sim,-0.10457045821103371,0,0
12,11,21,train-selected fixed,local-sim,-0.10457045821103371,0,0
12,11,21,always invoke-QPU,invoke-QPU,-0.16813060149796016,0,0
12,11,21,always remote-sim,remote-sim,-0.12297763117521833,0,0
12,11,21,always local-sim,local-sim,-0.10457045821103371,0,0
12,11,21,always fallback,fallback,-0.19279759416393985,0,0
12,11,22,P1,local-sim,-0.09771020085616973,0,0
12,11,22,utility-only,local-sim,-0.09771020085616973,0,0
12,11,22,logged-IPW,local-sim,-0.09771020085616973,0,0
12,11,22,LinUCB,local-sim,-0.09771020085616973,0,0
12,11,22,Pareto,local-sim,-0.09771020085616973,0,0
12,11,22,oracle,local-sim,-0.09771020085616973,0,0
12,11,22,train-selected fixed,local-sim,-0.09771020085616973,0,0
12,11,22,always invoke-QPU,invoke-QPU,-7.81436354712756,1,1
12,11,22,always remote-sim,remote-sim,-14.304927596025472,1,1
12,11,22,always local-sim,local-sim,-0.09771020085616973,0,0
12,11,22,always fallback,fallback,-0.19453358124518663,0,0
12,11,23,P1,local-sim,-0.09798142841669459,0,0
12,11,23,utility-only,local-sim,-0.09798142841669459,0,0
12,11,23,logged-IPW,local-sim,-0.09798142841669459,0,0
12,11,23,LinUCB,local-sim,-0.09798142841669459,0,0
12,11,23,Pareto,local-sim,-0.09798142841669459,0,0
12,11,23,oracle,local-sim,-0.09798142841669459,0,0
12,11,23,train-selected fixed,local-sim,-0.09798142841669459,0,0
12,11,23,always invoke-QPU,invoke-QPU,-0.1268928971073436,0,0
12,11,23,always remote-sim,remote-sim,-1.9908502224881957,0,0
12,11,23,always local-sim,local-sim,-0.09798142841669459,0,0
12,11,23,always fallback,fallback,-0.18758205001254824,0,0
12,11,24,P1,local-sim,-0.10819784742927721,0,0
12,11,24,utility-only,local-sim,-0.10819784742927721,0,0
12,11,24,logged-IPW,local-sim,-0.10819784742927721,0,0
12,11,24,LinUCB,local-sim,-0.10819784742927721,0,0
12,11,24,Pareto,local-sim,-0.10819784742927721,0,0
12,11,24,oracle,local-sim,-0.10819784742927721,0,0
12,11,24,train-selected fixed,local-sim,-0.10819784742927721,0,0
12,11,24,always invoke-QPU,invoke-QPU,-7.7888961217673245,1,1
12,11,24,always remote-sim,remote-sim,-12.108731881245859,0,1
12,11,24,always local-sim,local-sim,-0.10819784742927721,0,0
12,11,24,always fallback,fallback,-0.2089609942425159,0,0
12,11,25,P1,local-sim,-0.09861365841080276,0,0
12,11,25,utility-only,local-sim,-0.09861365841080276,0,0
12,11,25,logged-IPW,local-sim,-0.09861365841080276,0,0
12,11,25,LinUCB,local-sim,-0.09861365841080276,0,0
12,11,25,Pareto,local-sim,-0.09861365841080276,0,0
12,11,25,oracle,local-sim,-0.09861365841080276,0,0
12,11,25,train-selected fixed,local-sim,-0.09861365841080276,0,0
12,11,25,always invoke-QPU,invoke-QPU,-7.32711738899185,1,1
12,11,25,always remote-sim,remote-sim,-3.643353403928427,0,0
12,11,25,always local-sim,local-sim,-0.09861365841080276,0,0
12,11,25,always fallback,fallback,-0.20445427999825255,0,0
12,11,26,P1,local-sim,-0.10660944728059274,0,0
12,11,26,utility-only,local-sim,-0.10660944728059274,0,0
12,11,26,logged-IPW,local-sim,-0.10660944728059274,0,0
12,11,26,LinUCB,local-sim,-0.10660944728059274,0,0
12,11,26,Pareto,local-sim,-0.10660944728059274,0,0
12,11,26,oracle,local-sim,-0.10660944728059274,0,0
12,11,26,train-selected fixed,local-sim,-0.10660944728059274,0,0
12,11,26,always invoke-QPU,invoke-QPU,-7.857128349413711,1,1
12,11,26,always remote-sim,remote-sim,-15.579991330411616,1,1
12,11,26,always local-sim,local-sim,-0.10660944728059274,0,0
12,11,26,always fallback,fallback,-0.18527830377325424,0,0
12,11,27,P1,local-sim,-0.09583281217443554,0,0
12,11,27,utility-only,local-sim,-0.09583281217443554,0,0
12,11,27,logged-IPW,local-sim,-0.09583281217443554,0,0
12,11,27,LinUCB,local-sim,-0.09583281217443554,0,0
12,11,27,Pareto,local-sim,-0.09583281217443554,0,0
12,11,27,oracle,local-sim,-0.09583281217443554,0,0
12,11,27,train-selected fixed,local-sim,-0.09583281217443554,0,0
12,11,27,always invoke-QPU,invoke-QPU,-7.419536092120319,1,1
12,11,27,always remote-sim,remote-sim,-16.818253083951145,1,0
12,11,27,always local-sim,local-sim,-0.09583281217443554,0,0
12,11,27,always fallback,fallback,-0.20074805586409394,0,0
12,11,28,P1,local-sim,-0.10739836735611592,0,0
12,11,28,utility-only,local-sim,-0.10739836735611592,0,0
12,11,28,logged-IPW,local-sim,-0.10739836735611592,0,0
12,11,28,LinUCB,remote-sim,-0.13484153892185094,0,0
12,11,28,Pareto,local-sim,-0.10739836735611592,0,0
12,11,28,oracle,local-sim,-0.10739836735611592,0,0
12,11,28,train-selected fixed,local-sim,-0.10739836735611592,0,0
12,11,28,always invoke-QPU,invoke-QPU,-0.150328987851852,0,0
12,11,28,always remote-sim,remote-sim,-0.13484153892185094,0,0
12,11,28,always local-sim,local-sim,-0.10739836735611592,0,0
12,11,28,always fallback,fallback,-0.19539892404429854,0,0
12,11,29,P1,local-sim,-0.09885789959094218,0,0
12,11,29,utility-only,local-sim,-0.09885789959094218,0,0
12,11,29,logged-IPW,local-sim,-0.09885789959094218,0,0
12,11,29,LinUCB,local-sim,-0.09885789959094218,0,0
12,11,29,Pareto,local-sim,-0.09885789959094218,0,0
12,11,29,oracle,local-sim,-0.09885789959094218,0,0
12,11,29,train-selected fixed,local-sim,-0.09885789959094218,0,0
12,11,29,always invoke-QPU,invoke-QPU,-0.12473679020889575,0,0
12,11,29,always remote-sim,remote-sim,-0.1980710969495982,0,0
12,11,29,always local-sim,local-sim,-0.09885789959094218,0,0
12,11,29,always fallback,fallback,-0.21756426163063416,0,0
12,12,0,P1,local-sim,-0.1161650879278242,0,0
12,12,0,utility-only,local-sim,-0.1161650879278242,0,0
12,12,0,logged-IPW,local-sim,-0.1161650879278242,0,0
12,12,0,LinUCB,invoke-QPU,-0.14529034560767187,0,0
12,12,0,Pareto,local-sim,-0.1161650879278242,0,0
12,12,0,oracle,local-sim,-0.1161650879278242,0,0
12,12,0,train-selected fixed,local-sim,-0.1161650879278242,0,0
12,12,0,always invoke-QPU,invoke-QPU,-0.14529034560767187,0,0
12,12,0,always remote-sim,remote-sim,-0.27202053407996285,0,0
12,12,0,always local-sim,local-sim,-0.1161650879278242,0,0
12,12,0,always fallback,fallback,-0.19836493311267633,0,0
12,12,1,P1,local-sim,-0.1039688989858643,0,0
12,12,1,utility-only,local-sim,-0.1039688989858643,0,0
12,12,1,logged-IPW,local-sim,-0.1039688989858643,0,0
12,12,1,LinUCB,local-sim,-0.1039688989858643,0,0
12,12,1,Pareto,local-sim,-0.1039688989858643,0,0
12,12,1,oracle,local-sim,-0.1039688989858643,0,0
12,12,1,train-selected fixed,local-sim,-0.1039688989858643,0,0
12,12,1,always invoke-QPU,invoke-QPU,-0.17169129273060035,0,0
12,12,1,always remote-sim,remote-sim,-0.28504542207621236,0,0
12,12,1,always local-sim,local-sim,-0.1039688989858643,0,0
12,12,1,always fallback,fallback,-0.2016888675452425,0,0
12,12,2,P1,local-sim,-0.10925633231158433,0,0
12,12,2,utility-only,local-sim,-0.10925633231158433,0,0
12,12,2,logged-IPW,local-sim,-0.10925633231158433,0,0
12,12,2,LinUCB,local-sim,-0.10925633231158433,0,0
12,12,2,Pareto,local-sim,-0.10925633231158433,0,0
12,12,2,oracle,local-sim,-0.10925633231158433,0,0
12,12,2,train-selected fixed,local-sim,-0.10925633231158433,0,0
12,12,2,always invoke-QPU,invoke-QPU,-0.1489732448737,0,0
12,12,2,always remote-sim,remote-sim,-0.14353068805066413,0,0
12,12,2,always local-sim,local-sim,-0.10925633231158433,0,0
12,12,2,always fallback,fallback,-0.21206176327767853,0,0
12,12,3,P1,local-sim,-0.10588531569759203,0,0
12,12,3,utility-only,local-sim,-0.10588531569759203,0,0
12,12,3,logged-IPW,local-sim,-0.10588531569759203,0,0
12,12,3,LinUCB,local-sim,-0.10588531569759203,0,0
12,12,3,Pareto,local-sim,-0.10588531569759203,0,0
12,12,3,oracle,local-sim,-0.10588531569759203,0,0
12,12,3,train-selected fixed,local-sim,-0.10588531569759203,0,0
12,12,3,always invoke-QPU,invoke-QPU,-2.743753752679812,1,0
12,12,3,always remote-sim,remote-sim,-5.899221655493275,1,0
12,12,3,always local-sim,local-sim,-0.10588531569759203,0,0
12,12,3,always fallback,fallback,-0.19749504229150008,0,0
12,12,4,P1,local-sim,-0.10535762389645165,0,0
12,12,4,utility-only,local-sim,-0.10535762389645165,0,0
12,12,4,logged-IPW,local-sim,-0.10535762389645165,0,0
12,12,4,LinUCB,local-sim,-0.10535762389645165,0,0
12,12,4,Pareto,local-sim,-0.10535762389645165,0,0
12,12,4,oracle,local-sim,-0.10535762389645165,0,0
12,12,4,train-selected fixed,local-sim,-0.10535762389645165,0,0
12,12,4,always invoke-QPU,invoke-QPU,-0.132495703439435,0,0
12,12,4,always remote-sim,remote-sim,-0.25615181465395853,0,0
12,12,4,always local-sim,local-sim,-0.10535762389645165,0,0
12,12,4,always fallback,fallback,-0.20049435856884024,0,0
12,12,5,P1,local-sim,-0.10489045330522077,0,0
12,12,5,utility-only,local-sim,-0.10489045330522077,0,0
12,12,5,logged-IPW,local-sim,-0.10489045330522077,0,0
12,12,5,LinUCB,remote-sim,-0.1694161674060461,0,0
12,12,5,Pareto,local-sim,-0.10489045330522077,0,0
12,12,5,oracle,local-sim,-0.10489045330522077,0,0
12,12,5,train-selected fixed,local-sim,-0.10489045330522077,0,0
12,12,5,always invoke-QPU,invoke-QPU,-0.1433244101794796,0,0
12,12,5,always remote-sim,remote-sim,-0.1694161674060461,0,0
12,12,5,always local-sim,local-sim,-0.10489045330522077,0,0
12,12,5,always fallback,fallback,-0.18932177429419236,0,0
12,12,6,P1,local-sim,-0.10567015377394669,0,0
12,12,6,utility-only,local-sim,-0.10567015377394669,0,0
12,12,6,logged-IPW,local-sim,-0.10567015377394669,0,0
12,12,6,LinUCB,remote-sim,-0.283721579447385,0,0
12,12,6,Pareto,local-sim,-0.10567015377394669,0,0
12,12,6,oracle,local-sim,-0.10567015377394669,0,0
12,12,6,train-selected fixed,local-sim,-0.10567015377394669,0,0
12,12,6,always invoke-QPU,invoke-QPU,-0.16206070263043815,0,0
12,12,6,always remote-sim,remote-sim,-0.283721579447385,0,0
12,12,6,always local-sim,local-sim,-0.10567015377394669,0,0
12,12,6,always fallback,fallback,-0.2000248386398437,0,0
12,12,7,P1,local-sim,-0.1063743980552264,0,0
12,12,7,utility-only,local-sim,-0.1063743980552264,0,0
12,12,7,logged-IPW,local-sim,-0.1063743980552264,0,0
12,12,7,LinUCB,local-sim,-0.1063743980552264,0,0
12,12,7,Pareto,local-sim,-0.1063743980552264,0,0
12,12,7,oracle,local-sim,-0.1063743980552264,0,0
12,12,7,train-selected fixed,local-sim,-0.1063743980552264,0,0
12,12,7,always invoke-QPU,invoke-QPU,-7.359354792164503,1,1
12,12,7,always remote-sim,remote-sim,-12.266539041333722,1,1
12,12,7,always local-sim,local-sim,-0.1063743980552264,0,0
12,12,7,always fallback,fallback,-0.2019542221949553,0,0
12,12,8,P1,local-sim,-0.1033298422934643,0,0
12,12,8,utility-only,local-sim,-0.1033298422934643,0,0
12,12,8,logged-IPW,local-sim,-0.1033298422934643,0,0
12,12,8,LinUCB,local-sim,-0.1033298422934643,0,0
12,12,8,Pareto,local-sim,-0.1033298422934643,0,0
12,12,8,oracle,local-sim,-0.1033298422934643,0,0
12,12,8,train-selected fixed,local-sim,-0.1033298422934643,0,0
12,12,8,always invoke-QPU,invoke-QPU,-0.11447649212583157,0,0
12,12,8,always remote-sim,remote-sim,-0.12618237869006146,0,0
12,12,8,always local-sim,local-sim,-0.1033298422934643,0,0
12,12,8,always fallback,fallback,-0.19308669152135655,0,0
12,12,9,P1,local-sim,-0.09402559838932704,0,0
12,12,9,utility-only,local-sim,-0.09402559838932704,0,0
12,12,9,logged-IPW,local-sim,-0.09402559838932704,0,0
12,12,9,LinUCB,invoke-QPU,-0.15276587536514863,0,0
12,12,9,Pareto,local-sim,-0.09402559838932704,0,0
12,12,9,oracle,local-sim,-0.09402559838932704,0,0
12,12,9,train-selected fixed,local-sim,-0.09402559838932704,0,0
12,12,9,always invoke-QPU,invoke-QPU,-0.15276587536514863,0,0
12,12,9,always remote-sim,remote-sim,-0.11883139456756074,0,0
12,12,9,always local-sim,local-sim,-0.09402559838932704,0,0
12,12,9,always fallback,fallback,-0.20415667762701367,0,0
12,12,10,P1,local-sim,-0.1092938204640538,0,0
12,12,10,utility-only,local-sim,-0.1092938204640538,0,0
12,12,10,logged-IPW,local-sim,-0.1092938204640538,0,0
12,12,10,LinUCB,remote-sim,-0.19633952292727538,0,0
12,12,10,Pareto,local-sim,-0.1092938204640538,0,0
12,12,10,oracle,local-sim,-0.1092938204640538,0,0
12,12,10,train-selected fixed,local-sim,-0.1092938204640538,0,0
12,12,10,always invoke-QPU,invoke-QPU,-2.1210067112555113,1,0
12,12,10,always remote-sim,remote-sim,-0.19633952292727538,0,0
12,12,10,always local-sim,local-sim,-0.1092938204640538,0,0
12,12,10,always fallback,fallback,-0.1964102496965454,0,0
12,12,11,P1,local-sim,-0.10979934113179778,0,0
12,12,11,utility-only,local-sim,-0.10979934113179778,0,0
12,12,11,logged-IPW,local-sim,-0.10979934113179778,0,0
12,12,11,LinUCB,invoke-QPU,-0.12554179191798762,0,0
12,12,11,Pareto,local-sim,-0.10979934113179778,0,0
12,12,11,oracle,local-sim,-0.10979934113179778,0,0
12,12,11,train-selected fixed,local-sim,-0.10979934113179778,0,0
12,12,11,always invoke-QPU,invoke-QPU,-0.12554179191798762,0,0
12,12,11,always remote-sim,remote-sim,-0.17477110004835178,0,0
12,12,11,always local-sim,local-sim,-0.10979934113179778,0,0
12,12,11,always fallback,fallback,-0.19454159767948712,0,0
12,12,12,P1,local-sim,-0.10671363655106719,0,0
12,12,12,utility-only,local-sim,-0.10671363655106719,0,0
12,12,12,logged-IPW,local-sim,-0.10671363655106719,0,0
12,12,12,LinUCB,local-sim,-0.10671363655106719,0,0
12,12,12,Pareto,local-sim,-0.10671363655106719,0,0
12,12,12,oracle,local-sim,-0.10671363655106719,0,0
12,12,12,train-selected fixed,local-sim,-0.10671363655106719,0,0
12,12,12,always invoke-QPU,invoke-QPU,-0.13807380843520645,0,0
12,12,12,always remote-sim,remote-sim,-0.18437928876264173,0,0
12,12,12,always local-sim,local-sim,-0.10671363655106719,0,0
12,12,12,always fallback,fallback,-0.19101274040646574,0,0
12,12,13,P1,local-sim,-0.10691300651311013,0,0
12,12,13,utility-only,local-sim,-0.10691300651311013,0,0
12,12,13,logged-IPW,local-sim,-0.10691300651311013,0,0
12,12,13,LinUCB,local-sim,-0.10691300651311013,0,0
12,12,13,Pareto,local-sim,-0.10691300651311013,0,0
12,12,13,oracle,local-sim,-0.10691300651311013,0,0
12,12,13,train-selected fixed,local-sim,-0.10691300651311013,0,0
12,12,13,always invoke-QPU,invoke-QPU,-0.13185989001522946,0,0
12,12,13,always remote-sim,remote-sim,-0.343993226171356,0,0
12,12,13,always local-sim,local-sim,-0.10691300651311013,0,0
12,12,13,always fallback,fallback,-0.2094368315097118,0,0
12,12,14,P1,local-sim,-0.11823599696728934,0,0
12,12,14,utility-only,local-sim,-0.11823599696728934,0,0
12,12,14,logged-IPW,local-sim,-0.11823599696728934,0,0
12,12,14,LinUCB,local-sim,-0.11823599696728934,0,0
12,12,14,Pareto,local-sim,-0.11823599696728934,0,0
12,12,14,oracle,local-sim,-0.11823599696728934,0,0
12,12,14,train-selected fixed,local-sim,-0.11823599696728934,0,0
12,12,14,always invoke-QPU,invoke-QPU,-2.575364949908586,1,0
12,12,14,always remote-sim,remote-sim,-7.163830942903989,1,0
12,12,14,always local-sim,local-sim,-0.11823599696728934,0,0
12,12,14,always fallback,fallback,-0.19311553398289344,0,0
12,12,15,P1,local-sim,-0.10047936564983392,0,0
12,12,15,utility-only,local-sim,-0.10047936564983392,0,0
12,12,15,logged-IPW,local-sim,-0.10047936564983392,0,0
12,12,15,LinUCB,local-sim,-0.10047936564983392,0,0
12,12,15,Pareto,local-sim,-0.10047936564983392,0,0
12,12,15,oracle,local-sim,-0.10047936564983392,0,0
12,12,15,train-selected fixed,local-sim,-0.10047936564983392,0,0
12,12,15,always invoke-QPU,invoke-QPU,-0.19872945418486193,0,0
12,12,15,always remote-sim,remote-sim,-0.20571255591733018,0,0
12,12,15,always local-sim,local-sim,-0.10047936564983392,0,0
12,12,15,always fallback,fallback,-0.20029403397209375,0,0
12,12,16,P1,local-sim,-0.12360590387353879,0,0
12,12,16,utility-only,local-sim,-0.12360590387353879,0,0
12,12,16,logged-IPW,local-sim,-0.12360590387353879,0,0
12,12,16,LinUCB,local-sim,-0.12360590387353879,0,0
12,12,16,Pareto,local-sim,-0.12360590387353879,0,0
12,12,16,oracle,local-sim,-0.12360590387353879,0,0
12,12,16,train-selected fixed,local-sim,-0.12360590387353879,0,0
12,12,16,always invoke-QPU,invoke-QPU,-0.17145093800111233,0,0
12,12,16,always remote-sim,remote-sim,-0.2841478988526889,0,0
12,12,16,always local-sim,local-sim,-0.12360590387353879,0,0
12,12,16,always fallback,fallback,-0.21593102703100267,0,0
12,12,17,P1,local-sim,-0.10473195386021375,0,0
12,12,17,utility-only,local-sim,-0.10473195386021375,0,0
12,12,17,logged-IPW,local-sim,-0.10473195386021375,0,0
12,12,17,LinUCB,local-sim,-0.10473195386021375,0,0
12,12,17,Pareto,local-sim,-0.10473195386021375,0,0
12,12,17,oracle,local-sim,-0.10473195386021375,0,0
12,12,17,train-selected fixed,local-sim,-0.10473195386021375,0,0
12,12,17,always invoke-QPU,invoke-QPU,-0.12244533213274186,0,0
12,12,17,always remote-sim,remote-sim,-0.14180434927712898,0,0
12,12,17,always local-sim,local-sim,-0.10473195386021375,0,0
12,12,17,always fallback,fallback,-0.19514134799728644,0,0
12,12,18,P1,local-sim,-0.10989471288560668,0,0
12,12,18,utility-only,local-sim,-0.10989471288560668,0,0
12,12,18,logged-IPW,local-sim,-0.10989471288560668,0,0
12,12,18,LinUCB,local-sim,-0.10989471288560668,0,0
12,12,18,Pareto,local-sim,-0.10989471288560668,0,0
12,12,18,oracle,local-sim,-0.10989471288560668,0,0
12,12,18,train-selected fixed,local-sim,-0.10989471288560668,0,0
12,12,18,always invoke-QPU,invoke-QPU,-0.15802418943666502,0,0
12,12,18,always remote-sim,remote-sim,-0.16550432816160845,0,0
12,12,18,always local-sim,local-sim,-0.10989471288560668,0,0
12,12,18,always fallback,fallback,-0.20026715484958466,0,0
12,12,19,P1,local-sim,-0.10864097682331562,0,0
12,12,19,utility-only,local-sim,-0.10864097682331562,0,0
12,12,19,logged-IPW,local-sim,-0.10864097682331562,0,0
12,12,19,LinUCB,local-sim,-0.10864097682331562,0,0
12,12,19,Pareto,local-sim,-0.10864097682331562,0,0
12,12,19,oracle,local-sim,-0.10864097682331562,0,0
12,12,19,train-selected fixed,local-sim,-0.10864097682331562,0,0
12,12,19,always invoke-QPU,invoke-QPU,-7.541883781698229,1,1
12,12,19,always remote-sim,remote-sim,-9.91962012707464,1,0
12,12,19,always local-sim,local-sim,-0.10864097682331562,0,0
12,12,19,always fallback,fallback,-0.2168222066998791,0,0
12,12,20,P1,local-sim,-0.10969046544972774,0,0
12,12,20,utility-only,local-sim,-0.10969046544972774,0,0
12,12,20,logged-IPW,local-sim,-0.10969046544972774,0,0
12,12,20,LinUCB,local-sim,-0.10969046544972774,0,0
12,12,20,Pareto,local-sim,-0.10969046544972774,0,0
12,12,20,oracle,local-sim,-0.10969046544972774,0,0
12,12,20,train-selected fixed,local-sim,-0.10969046544972774,0,0
12,12,20,always invoke-QPU,invoke-QPU,-0.16256636045380507,0,0
12,12,20,always remote-sim,remote-sim,-0.15508559134243674,0,0
12,12,20,always local-sim,local-sim,-0.10969046544972774,0,0
12,12,20,always fallback,fallback,-0.2187347608853773,0,0
12,12,21,P1,local-sim,-0.10396889045771585,0,0
12,12,21,utility-only,local-sim,-0.10396889045771585,0,0
12,12,21,logged-IPW,local-sim,-0.10396889045771585,0,0
12,12,21,LinUCB,local-sim,-0.10396889045771585,0,0
12,12,21,Pareto,local-sim,-0.10396889045771585,0,0
12,12,21,oracle,local-sim,-0.10396889045771585,0,0
12,12,21,train-selected fixed,local-sim,-0.10396889045771585,0,0
12,12,21,always invoke-QPU,invoke-QPU,-0.1401800047772984,0,0
12,12,21,always remote-sim,remote-sim,-0.20605902003305845,0,0
12,12,21,always local-sim,local-sim,-0.10396889045771585,0,0
12,12,21,always fallback,fallback,-0.19550406348836094,0,0
12,12,22,P1,local-sim,-0.11346383572142342,0,0
12,12,22,utility-only,local-sim,-0.11346383572142342,0,0
12,12,22,logged-IPW,local-sim,-0.11346383572142342,0,0
12,12,22,LinUCB,local-sim,-0.11346383572142342,0,0
12,12,22,Pareto,local-sim,-0.11346383572142342,0,0
12,12,22,oracle,local-sim,-0.11346383572142342,0,0
12,12,22,train-selected fixed,local-sim,-0.11346383572142342,0,0
12,12,22,always invoke-QPU,invoke-QPU,-7.313318969661324,1,1
12,12,22,always remote-sim,remote-sim,-4.856009481644582,1,0
12,12,22,always local-sim,local-sim,-0.11346383572142342,0,0
12,12,22,always fallback,fallback,-0.20228476965642506,0,0
12,12,23,P1,local-sim,-0.10322576763248086,0,0
12,12,23,utility-only,local-sim,-0.10322576763248086,0,0
12,12,23,logged-IPW,local-sim,-0.10322576763248086,0,0
12,12,23,LinUCB,remote-sim,-0.17715479555016972,0,0
12,12,23,Pareto,local-sim,-0.10322576763248086,0,0
12,12,23,oracle,local-sim,-0.10322576763248086,0,0
12,12,23,train-selected fixed,local-sim,-0.10322576763248086,0,0
12,12,23,always invoke-QPU,invoke-QPU,-0.14730821770309493,0,0
12,12,23,always remote-sim,remote-sim,-0.17715479555016972,0,0
12,12,23,always local-sim,local-sim,-0.10322576763248086,0,0
12,12,23,always fallback,fallback,-0.18589170718968992,0,0
12,12,24,P1,local-sim,-0.10723420465052733,0,0
12,12,24,utility-only,local-sim,-0.10723420465052733,0,0
12,12,24,logged-IPW,local-sim,-0.10723420465052733,0,0
12,12,24,LinUCB,local-sim,-0.10723420465052733,0,0
12,12,24,Pareto,local-sim,-0.10723420465052733,0,0
12,12,24,oracle,local-sim,-0.10723420465052733,0,0
12,12,24,train-selected fixed,local-sim,-0.10723420465052733,0,0
12,12,24,always invoke-QPU,invoke-QPU,-0.16409487738110617,0,0
12,12,24,always remote-sim,remote-sim,-0.2256269712774,0,0
12,12,24,always local-sim,local-sim,-0.10723420465052733,0,0
12,12,24,always fallback,fallback,-0.18555194195983868,0,0
12,12,25,P1,local-sim,-0.10810964010964161,0,0
12,12,25,utility-only,local-sim,-0.10810964010964161,0,0
12,12,25,logged-IPW,local-sim,-0.10810964010964161,0,0
12,12,25,LinUCB,local-sim,-0.10810964010964161,0,0
12,12,25,Pareto,local-sim,-0.10810964010964161,0,0
12,12,25,oracle,local-sim,-0.10810964010964161,0,0
12,12,25,train-selected fixed,local-sim,-0.10810964010964161,0,0
12,12,25,always invoke-QPU,invoke-QPU,-2.251766872849698,1,0
12,12,25,always remote-sim,remote-sim,-0.19744358638558876,0,0
12,12,25,always local-sim,local-sim,-0.10810964010964161,0,0
12,12,25,always fallback,fallback,-0.21972169069073186,0,0
12,12,26,P1,local-sim,-0.1116394330694911,0,0
12,12,26,utility-only,local-sim,-0.1116394330694911,0,0
12,12,26,logged-IPW,local-sim,-0.1116394330694911,0,0
12,12,26,LinUCB,local-sim,-0.1116394330694911,0,0
12,12,26,Pareto,local-sim,-0.1116394330694911,0,0
12,12,26,oracle,local-sim,-0.1116394330694911,0,0
12,12,26,train-selected fixed,local-sim,-0.1116394330694911,0,0
12,12,26,always invoke-QPU,invoke-QPU,-0.1439530962607778,0,0
12,12,26,always remote-sim,remote-sim,-0.16977353318608157,0,0
12,12,26,always local-sim,local-sim,-0.1116394330694911,0,0
12,12,26,always fallback,fallback,-0.20286143145334304,0,0
12,12,27,P1,local-sim,-0.09998172855717755,0,0
12,12,27,utility-only,local-sim,-0.09998172855717755,0,0
12,12,27,logged-IPW,local-sim,-0.09998172855717755,0,0
12,12,27,LinUCB,local-sim,-0.09998172855717755,0,0
12,12,27,Pareto,local-sim,-0.09998172855717755,0,0
12,12,27,oracle,local-sim,-0.09998172855717755,0,0
12,12,27,train-selected fixed,local-sim,-0.09998172855717755,0,0
12,12,27,always invoke-QPU,invoke-QPU,-0.12205340853086839,0,0
12,12,27,always remote-sim,remote-sim,-0.1863362797345299,0,0
12,12,27,always local-sim,local-sim,-0.09998172855717755,0,0
12,12,27,always fallback,fallback,-0.18831292671358985,0,0
12,12,28,P1,local-sim,-0.11691694406238447,0,0
12,12,28,utility-only,local-sim,-0.11691694406238447,0,0
12,12,28,logged-IPW,local-sim,-0.11691694406238447,0,0
12,12,28,LinUCB,local-sim,-0.11691694406238447,0,0
12,12,28,Pareto,local-sim,-0.11691694406238447,0,0
12,12,28,oracle,local-sim,-0.11691694406238447,0,0
12,12,28,train-selected fixed,local-sim,-0.11691694406238447,0,0
12,12,28,always invoke-QPU,invoke-QPU,-2.8912110818798453,1,0
12,12,28,always remote-sim,remote-sim,-10.92575182980336,1,0
12,12,28,always local-sim,local-sim,-0.11691694406238447,0,0
12,12,28,always fallback,fallback,-0.20948998478779612,0,0
12,12,29,P1,local-sim,-0.10286595702469192,0,0
12,12,29,utility-only,local-sim,-0.10286595702469192,0,0
12,12,29,logged-IPW,local-sim,-0.10286595702469192,0,0
12,12,29,LinUCB,local-sim,-0.10286595702469192,0,0
12,12,29,Pareto,local-sim,-0.10286595702469192,0,0
12,12,29,oracle,local-sim,-0.10286595702469192,0,0
12,12,29,train-selected fixed,local-sim,-0.10286595702469192,0,0
12,12,29,always invoke-QPU,invoke-QPU,-7.231477536757085,1,1
12,12,29,always remote-sim,remote-sim,-11.279783756133826,1,1
12,12,29,always local-sim,local-sim,-0.10286595702469192,0,0
12,12,29,always fallback,fallback,-0.19955267929479573,0,0
12,13,0,P1,local-sim,-0.10793591251171103,0,0
12,13,0,utility-only,local-sim,-0.10793591251171103,0,0
12,13,0,logged-IPW,local-sim,-0.10793591251171103,0,0
12,13,0,LinUCB,local-sim,-0.10793591251171103,0,0
12,13,0,Pareto,local-sim,-0.10793591251171103,0,0
12,13,0,oracle,local-sim,-0.10793591251171103,0,0
12,13,0,train-selected fixed,local-sim,-0.10793591251171103,0,0
12,13,0,always invoke-QPU,invoke-QPU,-0.13868958155365302,0,0
12,13,0,always remote-sim,remote-sim,-0.424996512411037,0,0
12,13,0,always local-sim,local-sim,-0.10793591251171103,0,0
12,13,0,always fallback,fallback,-0.2164411892312924,0,0
12,13,1,P1,local-sim,-0.11439686879177162,0,0
12,13,1,utility-only,local-sim,-0.11439686879177162,0,0
12,13,1,logged-IPW,local-sim,-0.11439686879177162,0,0
12,13,1,LinUCB,local-sim,-0.11439686879177162,0,0
12,13,1,Pareto,local-sim,-0.11439686879177162,0,0
12,13,1,oracle,local-sim,-0.11439686879177162,0,0
12,13,1,train-selected fixed,local-sim,-0.11439686879177162,0,0
12,13,1,always invoke-QPU,invoke-QPU,-2.2976799918680335,1,0
12,13,1,always remote-sim,remote-sim,-0.24262308340865824,0,0
12,13,1,always local-sim,local-sim,-0.11439686879177162,0,0
12,13,1,always fallback,fallback,-0.22325412603954492,0,0
12,13,2,P1,local-sim,-0.11499731087228916,0,0
12,13,2,utility-only,local-sim,-0.11499731087228916,0,0
12,13,2,logged-IPW,local-sim,-0.11499731087228916,0,0
12,13,2,LinUCB,invoke-QPU,-0.18848961335731867,0,0
12,13,2,Pareto,local-sim,-0.11499731087228916,0,0
12,13,2,oracle,local-sim,-0.11499731087228916,0,0
12,13,2,train-selected fixed,local-sim,-0.11499731087228916,0,0
12,13,2,always invoke-QPU,invoke-QPU,-0.18848961335731867,0,0
12,13,2,always remote-sim,remote-sim,-0.2844086446438529,0,0
12,13,2,always local-sim,local-sim,-0.11499731087228916,0,0
12,13,2,always fallback,fallback,-0.19222428700492197,0,0
12,13,3,P1,local-sim,-0.1066401193689427,0,0
12,13,3,utility-only,local-sim,-0.1066401193689427,0,0
12,13,3,logged-IPW,local-sim,-0.1066401193689427,0,0
12,13,3,LinUCB,local-sim,-0.1066401193689427,0,0
12,13,3,Pareto,local-sim,-0.1066401193689427,0,0
12,13,3,oracle,local-sim,-0.1066401193689427,0,0
12,13,3,train-selected fixed,local-sim,-0.1066401193689427,0,0
12,13,3,always invoke-QPU,invoke-QPU,-0.132299283005197,0,0
12,13,3,always remote-sim,remote-sim,-0.17501269908322442,0,0
12,13,3,always local-sim,local-sim,-0.1066401193689427,0,0
12,13,3,always fallback,fallback,-0.2063186743384372,0,0
12,13,4,P1,local-sim,-0.11227031887185712,0,0
12,13,4,utility-only,local-sim,-0.11227031887185712,0,0
12,13,4,logged-IPW,local-sim,-0.11227031887185712,0,0
12,13,4,LinUCB,local-sim,-0.11227031887185712,0,0
12,13,4,Pareto,local-sim,-0.11227031887185712,0,0
12,13,4,oracle,local-sim,-0.11227031887185712,0,0
12,13,4,train-selected fixed,local-sim,-0.11227031887185712,0,0
12,13,4,always invoke-QPU,invoke-QPU,-7.668422297977028,1,1
12,13,4,always remote-sim,remote-sim,-21.118930641401697,1,1
12,13,4,always local-sim,local-sim,-0.11227031887185712,0,0
12,13,4,always fallback,fallback,-0.1977313596346159,0,0
12,13,5,P1,local-sim,-0.10468316009449646,0,0
12,13,5,utility-only,local-sim,-0.10468316009449646,0,0
12,13,5,logged-IPW,local-sim,-0.10468316009449646,0,0
12,13,5,LinUCB,local-sim,-0.10468316009449646,0,0
12,13,5,Pareto,local-sim,-0.10468316009449646,0,0
12,13,5,oracle,local-sim,-0.10468316009449646,0,0
12,13,5,train-selected fixed,local-sim,-0.10468316009449646,0,0
12,13,5,always invoke-QPU,invoke-QPU,-2.207585837199727,1,0
12,13,5,always remote-sim,remote-sim,-0.17934501447113513,0,0
12,13,5,always local-sim,local-sim,-0.10468316009449646,0,0
12,13,5,always fallback,fallback,-0.19715746957848285,0,0
12,13,6,P1,local-sim,-0.10342019178447748,0,0
12,13,6,utility-only,local-sim,-0.10342019178447748,0,0
12,13,6,logged-IPW,local-sim,-0.10342019178447748,0,0
12,13,6,LinUCB,remote-sim,-0.1501184296923904,0,0
12,13,6,Pareto,local-sim,-0.10342019178447748,0,0
12,13,6,oracle,local-sim,-0.10342019178447748,0,0
12,13,6,train-selected fixed,local-sim,-0.10342019178447748,0,0
12,13,6,always invoke-QPU,invoke-QPU,-0.11468589970944155,0,0
12,13,6,always remote-sim,remote-sim,-0.1501184296923904,0,0
12,13,6,always local-sim,local-sim,-0.10342019178447748,0,0
12,13,6,always fallback,fallback,-0.20388110362448783,0,0
12,13,7,P1,local-sim,-0.11024745704595115,0,0
12,13,7,utility-only,local-sim,-0.11024745704595115,0,0
12,13,7,logged-IPW,local-sim,-0.11024745704595115,0,0
12,13,7,LinUCB,local-sim,-0.11024745704595115,0,0
12,13,7,Pareto,local-sim,-0.11024745704595115,0,0
12,13,7,oracle,local-sim,-0.11024745704595115,0,0
12,13,7,train-selected fixed,local-sim,-0.11024745704595115,0,0
12,13,7,always invoke-QPU,invoke-QPU,-0.21165090988722884,0,0
12,13,7,always remote-sim,remote-sim,-0.18436923377792624,0,0
12,13,7,always local-sim,local-sim,-0.11024745704595115,0,0
12,13,7,always fallback,fallback,-0.2116999419097479,0,0
12,13,8,P1,local-sim,-0.1095575977224866,0,0
12,13,8,utility-only,local-sim,-0.1095575977224866,0,0
12,13,8,logged-IPW,local-sim,-0.1095575977224866,0,0
12,13,8,LinUCB,local-sim,-0.1095575977224866,0,0
12,13,8,Pareto,local-sim,-0.1095575977224866,0,0
12,13,8,oracle,local-sim,-0.1095575977224866,0,0
12,13,8,train-selected fixed,local-sim,-0.1095575977224866,0,0
12,13,8,always invoke-QPU,invoke-QPU,-0.24457798460120134,0,0
12,13,8,always remote-sim,remote-sim,-0.17787937218117061,0,0
12,13,8,always local-sim,local-sim,-0.1095575977224866,0,0
12,13,8,always fallback,fallback,-0.22161239420127118,0,0
12,13,9,P1,local-sim,-0.10658763963268926,0,0
12,13,9,utility-only,local-sim,-0.10658763963268926,0,0
12,13,9,logged-IPW,local-sim,-0.10658763963268926,0,0
12,13,9,LinUCB,local-sim,-0.10658763963268926,0,0
12,13,9,Pareto,local-sim,-0.10658763963268926,0,0
12,13,9,oracle,local-sim,-0.10658763963268926,0,0
12,13,9,train-selected fixed,local-sim,-0.10658763963268926,0,0
12,13,9,always invoke-QPU,invoke-QPU,-7.452383660492499,1,1
12,13,9,always remote-sim,remote-sim,-11.301238404856266,1,1
12,13,9,always local-sim,local-sim,-0.10658763963268926,0,0
12,13,9,always fallback,fallback,-0.20958593868197342,0,0
12,13,10,P1,local-sim,-0.1003733820601463,0,0
12,13,10,utility-only,local-sim,-0.1003733820601463,0,0
12,13,10,logged-IPW,local-sim,-0.1003733820601463,0,0
12,13,10,LinUCB,local-sim,-0.1003733820601463,0,0
12,13,10,Pareto,local-sim,-0.1003733820601463,0,0
12,13,10,oracle,local-sim,-0.1003733820601463,0,0
12,13,10,train-selected fixed,local-sim,-0.1003733820601463,0,0
12,13,10,always invoke-QPU,invoke-QPU,-0.14792098079347635,0,0
12,13,10,always remote-sim,remote-sim,-0.32060794669567994,0,0
12,13,10,always local-sim,local-sim,-0.1003733820601463,0,0
12,13,10,always fallback,fallback,-0.2071846454073251,0,0
12,13,11,P1,local-sim,-0.10467386962490581,0,0
12,13,11,utility-only,local-sim,-0.10467386962490581,0,0
12,13,11,logged-IPW,local-sim,-0.10467386962490581,0,0
12,13,11,LinUCB,local-sim,-0.10467386962490581,0,0
12,13,11,Pareto,local-sim,-0.10467386962490581,0,0
12,13,11,oracle,local-sim,-0.10467386962490581,0,0
12,13,11,train-selected fixed,local-sim,-0.10467386962490581,0,0
12,13,11,always invoke-QPU,invoke-QPU,-2.54252809503902,1,0
12,13,11,always remote-sim,remote-sim,-7.697991263882676,0,1
12,13,11,always local-sim,local-sim,-0.10467386962490581,0,0
12,13,11,always fallback,fallback,-0.1840002587376758,0,0
12,13,12,P1,local-sim,-0.10473812989568222,0,0
12,13,12,utility-only,local-sim,-0.10473812989568222,0,0
12,13,12,logged-IPW,local-sim,-0.10473812989568222,0,0
12,13,12,LinUCB,local-sim,-0.10473812989568222,0,0
12,13,12,Pareto,local-sim,-0.10473812989568222,0,0
12,13,12,oracle,local-sim,-0.10473812989568222,0,0
12,13,12,train-selected fixed,local-sim,-0.10473812989568222,0,0
12,13,12,always invoke-QPU,invoke-QPU,-2.2143515679187704,1,0
12,13,12,always remote-sim,remote-sim,-5.815545804664547,1,0
12,13,12,always local-sim,local-sim,-0.10473812989568222,0,0
12,13,12,always fallback,fallback,-0.18150277798948325,0,0
12,13,13,P1,local-sim,-0.10781711497370289,0,0
12,13,13,utility-only,local-sim,-0.10781711497370289,0,0
12,13,13,logged-IPW,local-sim,-0.10781711497370289,0,0
12,13,13,LinUCB,invoke-QPU,-0.16341112745628256,0,0
12,13,13,Pareto,local-sim,-0.10781711497370289,0,0
12,13,13,oracle,local-sim,-0.10781711497370289,0,0
12,13,13,train-selected fixed,local-sim,-0.10781711497370289,0,0
12,13,13,always invoke-QPU,invoke-QPU,-0.16341112745628256,0,0
12,13,13,always remote-sim,remote-sim,-0.17884367575817628,0,0
12,13,13,always local-sim,local-sim,-0.10781711497370289,0,0
12,13,13,always fallback,fallback,-0.20231077541100279,0,0
12,13,14,P1,local-sim,-0.09722734170490831,0,0
12,13,14,utility-only,local-sim,-0.09722734170490831,0,0
12,13,14,logged-IPW,local-sim,-0.09722734170490831,0,0
12,13,14,LinUCB,remote-sim,-0.18305040478396542,0,0
12,13,14,Pareto,local-sim,-0.09722734170490831,0,0
12,13,14,oracle,local-sim,-0.09722734170490831,0,0
12,13,14,train-selected fixed,local-sim,-0.09722734170490831,0,0
12,13,14,always invoke-QPU,invoke-QPU,-0.14151566667702634,0,0
12,13,14,always remote-sim,remote-sim,-0.18305040478396542,0,0
12,13,14,always local-sim,local-sim,-0.09722734170490831,0,0
12,13,14,always fallback,fallback,-0.1950264391685985,0,0
12,13,15,P1,local-sim,-0.10737031296801382,0,0
12,13,15,utility-only,local-sim,-0.10737031296801382,0,0
12,13,15,logged-IPW,local-sim,-0.10737031296801382,0,0
12,13,15,LinUCB,local-sim,-0.10737031296801382,0,0
12,13,15,Pareto,local-sim,-0.10737031296801382,0,0
12,13,15,oracle,local-sim,-0.10737031296801382,0,0
12,13,15,train-selected fixed,local-sim,-0.10737031296801382,0,0
12,13,15,always invoke-QPU,invoke-QPU,-0.19531899811226833,0,0
12,13,15,always remote-sim,remote-sim,-0.1868848798030293,0,0
12,13,15,always local-sim,local-sim,-0.10737031296801382,0,0
12,13,15,always fallback,fallback,-0.19183868577487048,0,0
12,13,16,P1,local-sim,-0.10393121129756461,0,0
12,13,16,utility-only,local-sim,-0.10393121129756461,0,0
12,13,16,logged-IPW,local-sim,-0.10393121129756461,0,0
12,13,16,LinUCB,local-sim,-0.10393121129756461,0,0
12,13,16,Pareto,local-sim,-0.10393121129756461,0,0
12,13,16,oracle,local-sim,-0.10393121129756461,0,0
12,13,16,train-selected fixed,local-sim,-0.10393121129756461,0,0
12,13,16,always invoke-QPU,invoke-QPU,-7.914112217602032,1,1
12,13,16,always remote-sim,remote-sim,-23.864148299185956,1,1
12,13,16,always local-sim,local-sim,-0.10393121129756461,0,0
12,13,16,always fallback,fallback,-0.20659883258718284,0,0
12,13,17,P1,local-sim,-0.10072531061831647,0,0
12,13,17,utility-only,local-sim,-0.10072531061831647,0,0
12,13,17,logged-IPW,local-sim,-0.10072531061831647,0,0
12,13,17,LinUCB,local-sim,-0.10072531061831647,0,0
12,13,17,Pareto,local-sim,-0.10072531061831647,0,0
12,13,17,oracle,local-sim,-0.10072531061831647,0,0
12,13,17,train-selected fixed,local-sim,-0.10072531061831647,0,0
12,13,17,always invoke-QPU,invoke-QPU,-0.11669335094743705,0,0
12,13,17,always remote-sim,remote-sim,-0.14655222641604798,0,0
12,13,17,always local-sim,local-sim,-0.10072531061831647,0,0
12,13,17,always fallback,fallback,-0.21079875148452304,0,0
12,13,18,P1,local-sim,-0.11369844541650125,0,0
12,13,18,utility-only,local-sim,-0.11369844541650125,0,0
12,13,18,logged-IPW,local-sim,-0.11369844541650125,0,0
12,13,18,LinUCB,local-sim,-0.11369844541650125,0,0
12,13,18,Pareto,local-sim,-0.11369844541650125,0,0
12,13,18,oracle,local-sim,-0.11369844541650125,0,0
12,13,18,train-selected fixed,local-sim,-0.11369844541650125,0,0
12,13,18,always invoke-QPU,invoke-QPU,-2.551821538540774,1,0
12,13,18,always remote-sim,remote-sim,-11.126015591574586,1,1
12,13,18,always local-sim,local-sim,-0.11369844541650125,0,0
12,13,18,always fallback,fallback,-0.21788588144372067,0,0
12,13,19,P1,local-sim,-0.111815542824706,0,0
12,13,19,utility-only,local-sim,-0.111815542824706,0,0
12,13,19,logged-IPW,local-sim,-0.111815542824706,0,0
12,13,19,LinUCB,local-sim,-0.111815542824706,0,0
12,13,19,Pareto,local-sim,-0.111815542824706,0,0
12,13,19,oracle,local-sim,-0.111815542824706,0,0
12,13,19,train-selected fixed,local-sim,-0.111815542824706,0,0
12,13,19,always invoke-QPU,invoke-QPU,-2.270865524077363,1,0
12,13,19,always remote-sim,remote-sim,-0.24652833713927708,0,0
12,13,19,always local-sim,local-sim,-0.111815542824706,0,0
12,13,19,always fallback,fallback,-0.21382334300699266,0,0
12,13,20,P1,local-sim,-0.10490897158686686,0,0
12,13,20,utility-only,local-sim,-0.10490897158686686,0,0
12,13,20,logged-IPW,local-sim,-0.10490897158686686,0,0
12,13,20,LinUCB,local-sim,-0.10490897158686686,0,0
12,13,20,Pareto,local-sim,-0.10490897158686686,0,0
12,13,20,oracle,local-sim,-0.10490897158686686,0,0
12,13,20,train-selected fixed,local-sim,-0.10490897158686686,0,0
12,13,20,always invoke-QPU,invoke-QPU,-0.14377444535555411,0,0
12,13,20,always remote-sim,remote-sim,-0.33605508816007745,0,0
12,13,20,always local-sim,local-sim,-0.10490897158686686,0,0
12,13,20,always fallback,fallback,-0.2128902851860758,0,0
12,13,21,P1,local-sim,-0.10760996295756589,0,0
12,13,21,utility-only,local-sim,-0.10760996295756589,0,0
12,13,21,logged-IPW,local-sim,-0.10760996295756589,0,0
12,13,21,LinUCB,local-sim,-0.10760996295756589,0,0
12,13,21,Pareto,local-sim,-0.10760996295756589,0,0
12,13,21,oracle,local-sim,-0.10760996295756589,0,0
12,13,21,train-selected fixed,local-sim,-0.10760996295756589,0,0
12,13,21,always invoke-QPU,invoke-QPU,-0.1467568546972248,0,0
12,13,21,always remote-sim,remote-sim,-0.2843198760151978,0,0
12,13,21,always local-sim,local-sim,-0.10760996295756589,0,0
12,13,21,always fallback,fallback,-0.19563498031400062,0,0
12,13,22,P1,local-sim,-0.10467484781059008,0,0
12,13,22,utility-only,local-sim,-0.10467484781059008,0,0
12,13,22,logged-IPW,local-sim,-0.10467484781059008,0,0
12,13,22,LinUCB,local-sim,-0.10467484781059008,0,0
12,13,22,Pareto,local-sim,-0.10467484781059008,0,0
12,13,22,oracle,local-sim,-0.10467484781059008,0,0
12,13,22,train-selected fixed,local-sim,-0.10467484781059008,0,0
12,13,22,always invoke-QPU,invoke-QPU,-7.399854898825113,1,1
12,13,22,always remote-sim,remote-sim,-8.760197720176535,1,0
12,13,22,always local-sim,local-sim,-0.10467484781059008,0,0
12,13,22,always fallback,fallback,-0.21580080692720216,0,0
12,13,23,P1,local-sim,-0.10890187643094412,0,0
12,13,23,utility-only,local-sim,-0.10890187643094412,0,0
12,13,23,logged-IPW,local-sim,-0.10890187643094412,0,0
12,13,23,LinUCB,local-sim,-0.10890187643094412,0,0
12,13,23,Pareto,local-sim,-0.10890187643094412,0,0
12,13,23,oracle,local-sim,-0.10890187643094412,0,0
12,13,23,train-selected fixed,local-sim,-0.10890187643094412,0,0
12,13,23,always invoke-QPU,invoke-QPU,-7.772277588989725,1,1
12,13,23,always remote-sim,remote-sim,-16.493568230054965,1,1
12,13,23,always local-sim,local-sim,-0.10890187643094412,0,0
12,13,23,always fallback,fallback,-0.20716257966719084,0,0
12,13,24,P1,local-sim,-0.10230231081982546,0,0
12,13,24,utility-only,local-sim,-0.10230231081982546,0,0
12,13,24,logged-IPW,local-sim,-0.10230231081982546,0,0
12,13,24,LinUCB,local-sim,-0.10230231081982546,0,0
12,13,24,Pareto,local-sim,-0.10230231081982546,0,0
12,13,24,oracle,local-sim,-0.10230231081982546,0,0
12,13,24,train-selected fixed,local-sim,-0.10230231081982546,0,0
12,13,24,always invoke-QPU,invoke-QPU,-0.1893936926883487,0,0
12,13,24,always remote-sim,remote-sim,-0.16845142224468584,0,0
12,13,24,always local-sim,local-sim,-0.10230231081982546,0,0
12,13,24,always fallback,fallback,-0.20088397345903797,0,0
12,13,25,P1,local-sim,-0.126994290301723,0,0
12,13,25,utility-only,local-sim,-0.126994290301723,0,0
12,13,25,logged-IPW,local-sim,-0.126994290301723,0,0
12,13,25,LinUCB,local-sim,-0.126994290301723,0,0
12,13,25,Pareto,local-sim,-0.126994290301723,0,0
12,13,25,oracle,local-sim,-0.126994290301723,0,0
12,13,25,train-selected fixed,local-sim,-0.126994290301723,0,0
12,13,25,always invoke-QPU,invoke-QPU,-2.286154856152684,1,0
12,13,25,always remote-sim,remote-sim,-0.29475899132904865,0,0
12,13,25,always local-sim,local-sim,-0.126994290301723,0,0
12,13,25,always fallback,fallback,-0.20289334490235977,0,0
12,13,26,P1,local-sim,-0.11437790071674492,0,0
12,13,26,utility-only,local-sim,-0.11437790071674492,0,0
12,13,26,logged-IPW,local-sim,-0.11437790071674492,0,0
12,13,26,LinUCB,local-sim,-0.11437790071674492,0,0
12,13,26,Pareto,local-sim,-0.11437790071674492,0,0
12,13,26,oracle,local-sim,-0.11437790071674492,0,0
12,13,26,train-selected fixed,local-sim,-0.11437790071674492,0,0
12,13,26,always invoke-QPU,invoke-QPU,-2.671612962527301,1,0
12,13,26,always remote-sim,remote-sim,-5.932511125601286,1,0
12,13,26,always local-sim,local-sim,-0.11437790071674492,0,0
12,13,26,always fallback,fallback,-0.21952838997058763,0,0
12,13,27,P1,local-sim,-0.10592370524020177,0,0
12,13,27,utility-only,local-sim,-0.10592370524020177,0,0
12,13,27,logged-IPW,local-sim,-0.10592370524020177,0,0
12,13,27,LinUCB,remote-sim,-0.1612239357578372,0,0
12,13,27,Pareto,local-sim,-0.10592370524020177,0,0
12,13,27,oracle,local-sim,-0.10592370524020177,0,0
12,13,27,train-selected fixed,local-sim,-0.10592370524020177,0,0
12,13,27,always invoke-QPU,invoke-QPU,-0.12062700762935101,0,0
12,13,27,always remote-sim,remote-sim,-0.1612239357578372,0,0
12,13,27,always local-sim,local-sim,-0.10592370524020177,0,0
12,13,27,always fallback,fallback,-0.20427293664505605,0,0
12,13,28,P1,local-sim,-0.10608080233882348,0,0
12,13,28,utility-only,local-sim,-0.10608080233882348,0,0
12,13,28,logged-IPW,local-sim,-0.10608080233882348,0,0
12,13,28,LinUCB,local-sim,-0.10608080233882348,0,0
12,13,28,Pareto,local-sim,-0.10608080233882348,0,0
12,13,28,oracle,local-sim,-0.10608080233882348,0,0
12,13,28,train-selected fixed,local-sim,-0.10608080233882348,0,0
12,13,28,always invoke-QPU,invoke-QPU,-0.15425281503777338,0,0
12,13,28,always remote-sim,remote-sim,-0.14875379932370805,0,0
12,13,28,always local-sim,local-sim,-0.10608080233882348,0,0
12,13,28,always fallback,fallback,-0.20649055890322557,0,0
12,13,29,P1,local-sim,-0.09548062208062387,0,0
12,13,29,utility-only,local-sim,-0.09548062208062387,0,0
12,13,29,logged-IPW,local-sim,-0.09548062208062387,0,0
12,13,29,LinUCB,local-sim,-0.09548062208062387,0,0
12,13,29,Pareto,local-sim,-0.09548062208062387,0,0
12,13,29,oracle,local-sim,-0.09548062208062387,0,0
12,13,29,train-selected fixed,local-sim,-0.09548062208062387,0,0
12,13,29,always invoke-QPU,invoke-QPU,-2.339229034917971,1,0
12,13,29,always remote-sim,remote-sim,-9.582472847883079,1,1
12,13,29,always local-sim,local-sim,-0.09548062208062387,0,0
12,13,29,always fallback,fallback,-0.1878651790985864,0,0
12,14,0,P1,local-sim,-0.11133216771528731,0,0
12,14,0,utility-only,local-sim,-0.11133216771528731,0,0
12,14,0,logged-IPW,local-sim,-0.11133216771528731,0,0
12,14,0,LinUCB,local-sim,-0.11133216771528731,0,0
12,14,0,Pareto,local-sim,-0.11133216771528731,0,0
12,14,0,oracle,local-sim,-0.11133216771528731,0,0
12,14,0,train-selected fixed,local-sim,-0.11133216771528731,0,0
12,14,0,always invoke-QPU,invoke-QPU,-7.328491256267581,1,1
12,14,0,always remote-sim,remote-sim,-10.317313570789098,1,1
12,14,0,always local-sim,local-sim,-0.11133216771528731,0,0
12,14,0,always fallback,fallback,-0.20886593282132648,0,0
12,14,1,P1,local-sim,-0.1092280835766613,0,0
12,14,1,utility-only,local-sim,-0.1092280835766613,0,0
12,14,1,logged-IPW,local-sim,-0.1092280835766613,0,0
12,14,1,LinUCB,local-sim,-0.1092280835766613,0,0
12,14,1,Pareto,local-sim,-0.1092280835766613,0,0
12,14,1,oracle,local-sim,-0.1092280835766613,0,0
12,14,1,train-selected fixed,local-sim,-0.1092280835766613,0,0
12,14,1,always invoke-QPU,invoke-QPU,-0.12852823634347726,0,0
12,14,1,always remote-sim,remote-sim,-0.20789315745952278,0,0
12,14,1,always local-sim,local-sim,-0.1092280835766613,0,0
12,14,1,always fallback,fallback,-0.19241776297307742,0,0
12,14,2,P1,local-sim,-0.1067318238418444,0,0
12,14,2,utility-only,local-sim,-0.1067318238418444,0,0
12,14,2,logged-IPW,local-sim,-0.1067318238418444,0,0
12,14,2,LinUCB,local-sim,-0.1067318238418444,0,0
12,14,2,Pareto,local-sim,-0.1067318238418444,0,0
12,14,2,oracle,local-sim,-0.1067318238418444,0,0
12,14,2,train-selected fixed,local-sim,-0.1067318238418444,0,0
12,14,2,always invoke-QPU,invoke-QPU,-0.1117463867254983,0,0
12,14,2,always remote-sim,remote-sim,-0.19951488528188707,0,0
12,14,2,always local-sim,local-sim,-0.1067318238418444,0,0
12,14,2,always fallback,fallback,-0.2051396880592535,0,0
12,14,3,P1,local-sim,-0.10894723677092306,0,0
12,14,3,utility-only,local-sim,-0.10894723677092306,0,0
12,14,3,logged-IPW,local-sim,-0.10894723677092306,0,0
12,14,3,LinUCB,remote-sim,-0.15705765882199046,0,0
12,14,3,Pareto,local-sim,-0.10894723677092306,0,0
12,14,3,oracle,local-sim,-0.10894723677092306,0,0
12,14,3,train-selected fixed,local-sim,-0.10894723677092306,0,0
12,14,3,always invoke-QPU,invoke-QPU,-0.144629548218348,0,0
12,14,3,always remote-sim,remote-sim,-0.15705765882199046,0,0
12,14,3,always local-sim,local-sim,-0.10894723677092306,0,0
12,14,3,always fallback,fallback,-0.20589346669099745,0,0
12,14,4,P1,local-sim,-0.0952134249783426,0,0
12,14,4,utility-only,local-sim,-0.0952134249783426,0,0
12,14,4,logged-IPW,local-sim,-0.0952134249783426,0,0
12,14,4,LinUCB,remote-sim,-0.18069054589890915,0,0
12,14,4,Pareto,local-sim,-0.0952134249783426,0,0
12,14,4,oracle,local-sim,-0.0952134249783426,0,0
12,14,4,train-selected fixed,local-sim,-0.0952134249783426,0,0
12,14,4,always invoke-QPU,invoke-QPU,-0.1344872491419185,0,0
12,14,4,always remote-sim,remote-sim,-0.18069054589890915,0,0
12,14,4,always local-sim,local-sim,-0.0952134249783426,0,0
12,14,4,always fallback,fallback,-0.183045911611501,0,0
12,14,5,P1,local-sim,-0.10619406988510385,0,0
12,14,5,utility-only,local-sim,-0.10619406988510385,0,0
12,14,5,logged-IPW,local-sim,-0.10619406988510385,0,0
12,14,5,LinUCB,local-sim,-0.10619406988510385,0,0
12,14,5,Pareto,local-sim,-0.10619406988510385,0,0
12,14,5,oracle,local-sim,-0.10619406988510385,0,0
12,14,5,train-selected fixed,local-sim,-0.10619406988510385,0,0
12,14,5,always invoke-QPU,invoke-QPU,-0.18317630894159914,0,0
12,14,5,always remote-sim,remote-sim,-0.19265297846995244,0,0
12,14,5,always local-sim,local-sim,-0.10619406988510385,0,0
12,14,5,always fallback,fallback,-0.19261981207468948,0,0
12,14,6,P1,local-sim,-0.10731018293851845,0,0
12,14,6,utility-only,local-sim,-0.10731018293851845,0,0
12,14,6,logged-IPW,local-sim,-0.10731018293851845,0,0
12,14,6,LinUCB,local-sim,-0.10731018293851845,0,0
12,14,6,Pareto,local-sim,-0.10731018293851845,0,0
12,14,6,oracle,local-sim,-0.10731018293851845,0,0
12,14,6,train-selected fixed,local-sim,-0.10731018293851845,0,0
12,14,6,always invoke-QPU,invoke-QPU,-0.1212016208987436,0,0
12,14,6,always remote-sim,remote-sim,-0.1338362858185153,0,0
12,14,6,always local-sim,local-sim,-0.10731018293851845,0,0
12,14,6,always fallback,fallback,-0.21641659796313653,0,0
12,14,7,P1,local-sim,-0.09874181908416213,0,0
12,14,7,utility-only,local-sim,-0.09874181908416213,0,0
12,14,7,logged-IPW,local-sim,-0.09874181908416213,0,0
12,14,7,LinUCB,local-sim,-0.09874181908416213,0,0
12,14,7,Pareto,local-sim,-0.09874181908416213,0,0
12,14,7,oracle,local-sim,-0.09874181908416213,0,0
12,14,7,train-selected fixed,local-sim,-0.09874181908416213,0,0
12,14,7,always invoke-QPU,invoke-QPU,-0.1137071691827466,0,0
12,14,7,always remote-sim,remote-sim,-0.1728462419878672,0,0
12,14,7,always local-sim,local-sim,-0.09874181908416213,0,0
12,14,7,always fallback,fallback,-0.20030942009673752,0,0
12,14,8,P1,local-sim,-0.1125636064026299,0,0
12,14,8,utility-only,local-sim,-0.1125636064026299,0,0
12,14,8,logged-IPW,local-sim,-0.1125636064026299,0,0
12,14,8,LinUCB,local-sim,-0.1125636064026299,0,0
12,14,8,Pareto,local-sim,-0.1125636064026299,0,0
12,14,8,oracle,local-sim,-0.1125636064026299,0,0
12,14,8,train-selected fixed,local-sim,-0.1125636064026299,0,0
12,14,8,always invoke-QPU,invoke-QPU,-0.16553200994484074,0,0
12,14,8,always remote-sim,remote-sim,-0.15960647852607363,0,0
12,14,8,always local-sim,local-sim,-0.1125636064026299,0,0
12,14,8,always fallback,fallback,-0.2162381694611588,0,0
12,14,9,P1,local-sim,-0.10891257573823393,0,0
12,14,9,utility-only,local-sim,-0.10891257573823393,0,0
12,14,9,logged-IPW,local-sim,-0.10891257573823393,0,0
12,14,9,LinUCB,local-sim,-0.10891257573823393,0,0
12,14,9,Pareto,local-sim,-0.10891257573823393,0,0
12,14,9,oracle,local-sim,-0.10891257573823393,0,0
12,14,9,train-selected fixed,local-sim,-0.10891257573823393,0,0
12,14,9,always invoke-QPU,invoke-QPU,-2.199899761611611,1,0
12,14,9,always remote-sim,remote-sim,-0.24624927744850125,0,0
12,14,9,always local-sim,local-sim,-0.10891257573823393,0,0
12,14,9,always fallback,fallback,-0.21019664886590397,0,0
12,14,10,P1,local-sim,-0.10174365065614101,0,0
12,14,10,utility-only,local-sim,-0.10174365065614101,0,0
12,14,10,logged-IPW,local-sim,-0.10174365065614101,0,0
12,14,10,LinUCB,local-sim,-0.10174365065614101,0,0
12,14,10,Pareto,local-sim,-0.10174365065614101,0,0
12,14,10,oracle,local-sim,-0.10174365065614101,0,0
12,14,10,train-selected fixed,local-sim,-0.10174365065614101,0,0
12,14,10,always invoke-QPU,invoke-QPU,-7.392512855418384,1,1
12,14,10,always remote-sim,remote-sim,-4.193145893466978,0,0
12,14,10,always local-sim,local-sim,-0.10174365065614101,0,0
12,14,10,always fallback,fallback,-0.18417584548965735,0,0
12,14,11,P1,local-sim,-0.10497102767461994,0,0
12,14,11,utility-only,local-sim,-0.10497102767461994,0,0
12,14,11,logged-IPW,local-sim,-0.10497102767461994,0,0
12,14,11,LinUCB,local-sim,-0.10497102767461994,0,0
12,14,11,Pareto,local-sim,-0.10497102767461994,0,0
12,14,11,oracle,local-sim,-0.10497102767461994,0,0
12,14,11,train-selected fixed,local-sim,-0.10497102767461994,0,0
12,14,11,always invoke-QPU,invoke-QPU,-0.16714574438942847,0,0
12,14,11,always remote-sim,remote-sim,-0.17399737044066999,0,0
12,14,11,always local-sim,local-sim,-0.10497102767461994,0,0
12,14,11,always fallback,fallback,-0.1928693786619397,0,0
12,14,12,P1,local-sim,-0.1151089178955266,0,0
12,14,12,utility-only,local-sim,-0.1151089178955266,0,0
12,14,12,logged-IPW,local-sim,-0.1151089178955266,0,0
12,14,12,LinUCB,local-sim,-0.1151089178955266,0,0
12,14,12,Pareto,local-sim,-0.1151089178955266,0,0
12,14,12,oracle,local-sim,-0.1151089178955266,0,0
12,14,12,train-selected fixed,local-sim,-0.1151089178955266,0,0
12,14,12,always invoke-QPU,invoke-QPU,-7.569262974213201,1,1
12,14,12,always remote-sim,remote-sim,-4.413235367500789,1,0
12,14,12,always local-sim,local-sim,-0.1151089178955266,0,0
12,14,12,always fallback,fallback,-0.22406347027394283,0,0
12,14,13,P1,local-sim,-0.0900486310893565,0,0
12,14,13,utility-only,local-sim,-0.0900486310893565,0,0
12,14,13,logged-IPW,local-sim,-0.0900486310893565,0,0
12,14,13,LinUCB,remote-sim,-0.16369039129459168,0,0
12,14,13,Pareto,local-sim,-0.0900486310893565,0,0
12,14,13,oracle,local-sim,-0.0900486310893565,0,0
12,14,13,train-selected fixed,local-sim,-0.0900486310893565,0,0
12,14,13,always invoke-QPU,invoke-QPU,-2.1218361908071808,1,0
12,14,13,always remote-sim,remote-sim,-0.16369039129459168,0,0
12,14,13,always local-sim,local-sim,-0.0900486310893565,0,0
12,14,13,always fallback,fallback,-0.18628884883541505,0,0
12,14,14,P1,local-sim,-0.10013450246274308,0,0
12,14,14,utility-only,local-sim,-0.10013450246274308,0,0
12,14,14,logged-IPW,local-sim,-0.10013450246274308,0,0
12,14,14,LinUCB,local-sim,-0.10013450246274308,0,0
12,14,14,Pareto,local-sim,-0.10013450246274308,0,0
12,14,14,oracle,local-sim,-0.10013450246274308,0,0
12,14,14,train-selected fixed,local-sim,-0.10013450246274308,0,0
12,14,14,always invoke-QPU,invoke-QPU,-0.18640246969298613,0,0
12,14,14,always remote-sim,remote-sim,-0.18099300430856535,0,0
12,14,14,always local-sim,local-sim,-0.10013450246274308,0,0
12,14,14,always fallback,fallback,-0.2126446771366543,0,0
12,14,15,P1,local-sim,-0.11384748473219145,0,0
12,14,15,utility-only,local-sim,-0.11384748473219145,0,0
12,14,15,logged-IPW,local-sim,-0.11384748473219145,0,0
12,14,15,LinUCB,local-sim,-0.11384748473219145,0,0
12,14,15,Pareto,local-sim,-0.11384748473219145,0,0
12,14,15,oracle,local-sim,-0.11384748473219145,0,0
12,14,15,train-selected fixed,local-sim,-0.11384748473219145,0,0
12,14,15,always invoke-QPU,invoke-QPU,-2.2026434544501936,1,0
12,14,15,always remote-sim,remote-sim,-0.1627152189361136,0,0
12,14,15,always local-sim,local-sim,-0.11384748473219145,0,0
12,14,15,always fallback,fallback,-0.22015299453474402,0,0
12,14,16,P1,local-sim,-0.11061841396338433,0,0
12,14,16,utility-only,local-sim,-0.11061841396338433,0,0
12,14,16,logged-IPW,local-sim,-0.11061841396338433,0,0
12,14,16,LinUCB,local-sim,-0.11061841396338433,0,0
12,14,16,Pareto,local-sim,-0.11061841396338433,0,0
12,14,16,oracle,local-sim,-0.11061841396338433,0,0
12,14,16,train-selected fixed,local-sim,-0.11061841396338433,0,0
12,14,16,always invoke-QPU,invoke-QPU,-0.20856932057564026,0,0
12,14,16,always remote-sim,remote-sim,-0.21931008684268644,0,0
12,14,16,always local-sim,local-sim,-0.11061841396338433,0,0
12,14,16,always fallback,fallback,-0.2131159490292507,0,0
12,14,17,P1,local-sim,-0.11759248036624101,0,0
12,14,17,utility-only,local-sim,-0.11759248036624101,0,0
12,14,17,logged-IPW,local-sim,-0.11759248036624101,0,0
12,14,17,LinUCB,local-sim,-0.11759248036624101,0,0
12,14,17,Pareto,local-sim,-0.11759248036624101,0,0
12,14,17,oracle,local-sim,-0.11759248036624101,0,0
12,14,17,train-selected fixed,local-sim,-0.11759248036624101,0,0
12,14,17,always invoke-QPU,invoke-QPU,-2.1643849954150287,1,0
12,14,17,always remote-sim,remote-sim,-0.24234264002987893,0,0
12,14,17,always local-sim,local-sim,-0.11759248036624101,0,0
12,14,17,always fallback,fallback,-0.205498452245476,0,0
12,14,18,P1,local-sim,-0.09572851128800522,0,0
12,14,18,utility-only,local-sim,-0.09572851128800522,0,0
12,14,18,logged-IPW,local-sim,-0.09572851128800522,0,0
12,14,18,LinUCB,local-sim,-0.09572851128800522,0,0
12,14,18,Pareto,local-sim,-0.09572851128800522,0,0
12,14,18,oracle,local-sim,-0.09572851128800522,0,0
12,14,18,train-selected fixed,local-sim,-0.09572851128800522,0,0
12,14,18,always invoke-QPU,invoke-QPU,-7.43899153532743,1,1
12,14,18,always remote-sim,remote-sim,-14.512920380764616,1,1
12,14,18,always local-sim,local-sim,-0.09572851128800522,0,0
12,14,18,always fallback,fallback,-0.20502468381332262,0,0
12,14,19,P1,local-sim,-0.11257310040342614,0,0
12,14,19,utility-only,local-sim,-0.11257310040342614,0,0
12,14,19,logged-IPW,local-sim,-0.11257310040342614,0,0
12,14,19,LinUCB,local-sim,-0.11257310040342614,0,0
12,14,19,Pareto,local-sim,-0.11257310040342614,0,0
12,14,19,oracle,local-sim,-0.11257310040342614,0,0
12,14,19,train-selected fixed,local-sim,-0.11257310040342614,0,0
12,14,19,always invoke-QPU,invoke-QPU,-2.2754688908985155,1,0
12,14,19,always remote-sim,remote-sim,-0.1322077991540212,0,0
12,14,19,always local-sim,local-sim,-0.11257310040342614,0,0
12,14,19,always fallback,fallback,-0.22192243516915544,0,0
12,14,20,P1,local-sim,-0.10711816636794125,0,0
12,14,20,utility-only,local-sim,-0.10711816636794125,0,0
12,14,20,logged-IPW,local-sim,-0.10711816636794125,0,0
12,14,20,LinUCB,remote-sim,-0.1763710463518628,0,0
12,14,20,Pareto,local-sim,-0.10711816636794125,0,0
12,14,20,oracle,local-sim,-0.10711816636794125,0,0
12,14,20,train-selected fixed,local-sim,-0.10711816636794125,0,0
12,14,20,always invoke-QPU,invoke-QPU,-0.18003964374601356,0,0
12,14,20,always remote-sim,remote-sim,-0.1763710463518628,0,0
12,14,20,always local-sim,local-sim,-0.10711816636794125,0,0
12,14,20,always fallback,fallback,-0.20794292743810683,0,0
12,14,21,P1,local-sim,-0.12175514109715858,0,0
12,14,21,utility-only,local-sim,-0.12175514109715858,0,0
12,14,21,logged-IPW,local-sim,-0.12175514109715858,0,0
12,14,21,LinUCB,local-sim,-0.12175514109715858,0,0
12,14,21,Pareto,local-sim,-0.12175514109715858,0,0
12,14,21,oracle,local-sim,-0.12175514109715858,0,0
12,14,21,train-selected fixed,local-sim,-0.12175514109715858,0,0
12,14,21,always invoke-QPU,invoke-QPU,-8.123343064692746,1,1
12,14,21,always remote-sim,remote-sim,-17.121955390495756,1,1
12,14,21,always local-sim,local-sim,-0.12175514109715858,0,0
12,14,21,always fallback,fallback,-0.1892134895326051,0,0
12,14,22,P1,local-sim,-0.10083920545137208,0,0
12,14,22,utility-only,local-sim,-0.10083920545137208,0,0
12,14,22,logged-IPW,local-sim,-0.10083920545137208,0,0
12,14,22,LinUCB,local-sim,-0.10083920545137208,0,0
12,14,22,Pareto,local-sim,-0.10083920545137208,0,0
12,14,22,oracle,local-sim,-0.10083920545137208,0,0
12,14,22,train-selected fixed,local-sim,-0.10083920545137208,0,0
12,14,22,always invoke-QPU,invoke-QPU,-0.15231391746527415,0,0
12,14,22,always remote-sim,remote-sim,-0.1521519699786294,0,0
12,14,22,always local-sim,local-sim,-0.10083920545137208,0,0
12,14,22,always fallback,fallback,-0.1993617674487047,0,0
12,14,23,P1,local-sim,-0.11322409758954341,0,0
12,14,23,utility-only,local-sim,-0.11322409758954341,0,0
12,14,23,logged-IPW,local-sim,-0.11322409758954341,0,0
12,14,23,LinUCB,local-sim,-0.11322409758954341,0,0
12,14,23,Pareto,local-sim,-0.11322409758954341,0,0
12,14,23,oracle,local-sim,-0.11322409758954341,0,0
12,14,23,train-selected fixed,local-sim,-0.11322409758954341,0,0
12,14,23,always invoke-QPU,invoke-QPU,-2.2314945553885996,1,0
12,14,23,always remote-sim,remote-sim,-0.30737684515983354,0,0
12,14,23,always local-sim,local-sim,-0.11322409758954341,0,0
12,14,23,always fallback,fallback,-0.2065301481771413,0,0
12,14,24,P1,local-sim,-0.10262858114485078,0,0
12,14,24,utility-only,local-sim,-0.10262858114485078,0,0
12,14,24,logged-IPW,local-sim,-0.10262858114485078,0,0
12,14,24,LinUCB,local-sim,-0.10262858114485078,0,0
12,14,24,Pareto,local-sim,-0.10262858114485078,0,0
12,14,24,oracle,local-sim,-0.10262858114485078,0,0
12,14,24,train-selected fixed,local-sim,-0.10262858114485078,0,0
12,14,24,always invoke-QPU,invoke-QPU,-0.12430852128086838,0,0
12,14,24,always remote-sim,remote-sim,-0.21068876885229149,0,0
12,14,24,always local-sim,local-sim,-0.10262858114485078,0,0
12,14,24,always fallback,fallback,-0.21941924668167445,0,0
12,14,25,P1,local-sim,-0.10160518768938458,0,0
12,14,25,utility-only,local-sim,-0.10160518768938458,0,0
12,14,25,logged-IPW,local-sim,-0.10160518768938458,0,0
12,14,25,LinUCB,local-sim,-0.10160518768938458,0,0
12,14,25,Pareto,local-sim,-0.10160518768938458,0,0
12,14,25,oracle,local-sim,-0.10160518768938458,0,0
12,14,25,train-selected fixed,local-sim,-0.10160518768938458,0,0
12,14,25,always invoke-QPU,invoke-QPU,-7.728537590517293,1,1
12,14,25,always remote-sim,remote-sim,-12.611476912790696,1,0
12,14,25,always local-sim,local-sim,-0.10160518768938458,0,0
12,14,25,always fallback,fallback,-0.1881892297791199,0,0
12,14,26,P1,local-sim,-0.10922329237516251,0,0
12,14,26,utility-only,local-sim,-0.10922329237516251,0,0
12,14,26,logged-IPW,local-sim,-0.10922329237516251,0,0
12,14,26,LinUCB,local-sim,-0.10922329237516251,0,0
12,14,26,Pareto,local-sim,-0.10922329237516251,0,0
12,14,26,oracle,local-sim,-0.10922329237516251,0,0
12,14,26,train-selected fixed,local-sim,-0.10922329237516251,0,0
12,14,26,always invoke-QPU,invoke-QPU,-7.318385063051768,1,1
12,14,26,always remote-sim,remote-sim,-11.274923989664908,1,1
12,14,26,always local-sim,local-sim,-0.10922329237516251,0,0
12,14,26,always fallback,fallback,-0.20980146877175793,0,0
12,14,27,P1,local-sim,-0.11306226886737221,0,0
12,14,27,utility-only,local-sim,-0.11306226886737221,0,0
12,14,27,logged-IPW,local-sim,-0.11306226886737221,0,0
12,14,27,LinUCB,local-sim,-0.11306226886737221,0,0
12,14,27,Pareto,local-sim,-0.11306226886737221,0,0
12,14,27,oracle,local-sim,-0.11306226886737221,0,0
12,14,27,train-selected fixed,local-sim,-0.11306226886737221,0,0
12,14,27,always invoke-QPU,invoke-QPU,-0.1796531499991581,0,0
12,14,27,always remote-sim,remote-sim,-0.21300064843816566,0,0
12,14,27,always local-sim,local-sim,-0.11306226886737221,0,0
12,14,27,always fallback,fallback,-0.2173285049598116,0,0
12,14,28,P1,local-sim,-0.10899968981476511,0,0
12,14,28,utility-only,local-sim,-0.10899968981476511,0,0
12,14,28,logged-IPW,local-sim,-0.10899968981476511,0,0
12,14,28,LinUCB,remote-sim,-0.21232433455274258,0,0
12,14,28,Pareto,local-sim,-0.10899968981476511,0,0
12,14,28,oracle,local-sim,-0.10899968981476511,0,0
12,14,28,train-selected fixed,local-sim,-0.10899968981476511,0,0
12,14,28,always invoke-QPU,invoke-QPU,-0.14729837619686176,0,0
12,14,28,always remote-sim,remote-sim,-0.21232433455274258,0,0
12,14,28,always local-sim,local-sim,-0.10899968981476511,0,0
12,14,28,always fallback,fallback,-0.1968150021294733,0,0
12,14,29,P1,local-sim,-0.10196830554616353,0,0
12,14,29,utility-only,local-sim,-0.10196830554616353,0,0
12,14,29,logged-IPW,local-sim,-0.10196830554616353,0,0
12,14,29,LinUCB,remote-sim,-0.17711645318187472,0,0
12,14,29,Pareto,local-sim,-0.10196830554616353,0,0
12,14,29,oracle,local-sim,-0.10196830554616353,0,0
12,14,29,train-selected fixed,local-sim,-0.10196830554616353,0,0
12,14,29,always invoke-QPU,invoke-QPU,-0.13061379098134554,0,0
12,14,29,always remote-sim,remote-sim,-0.17711645318187472,0,0
12,14,29,always local-sim,local-sim,-0.10196830554616353,0,0
12,14,29,always fallback,fallback,-0.21922952846192592,0,0
12,15,0,P1,local-sim,-0.1095009382470979,0,0
12,15,0,utility-only,local-sim,-0.1095009382470979,0,0
12,15,0,logged-IPW,local-sim,-0.1095009382470979,0,0
12,15,0,LinUCB,local-sim,-0.1095009382470979,0,0
12,15,0,Pareto,local-sim,-0.1095009382470979,0,0
12,15,0,oracle,local-sim,-0.1095009382470979,0,0
12,15,0,train-selected fixed,local-sim,-0.1095009382470979,0,0
12,15,0,always invoke-QPU,invoke-QPU,-0.22613161773368956,0,0
12,15,0,always remote-sim,remote-sim,-0.12155330913941176,0,0
12,15,0,always local-sim,local-sim,-0.1095009382470979,0,0
12,15,0,always fallback,fallback,-0.18254321867773468,0,0
12,15,1,P1,local-sim,-0.0975258629855223,0,0
12,15,1,utility-only,local-sim,-0.0975258629855223,0,0
12,15,1,logged-IPW,local-sim,-0.0975258629855223,0,0
12,15,1,LinUCB,remote-sim,-0.1525873922608722,0,0
12,15,1,Pareto,local-sim,-0.0975258629855223,0,0
12,15,1,oracle,local-sim,-0.0975258629855223,0,0
12,15,1,train-selected fixed,local-sim,-0.0975258629855223,0,0
12,15,1,always invoke-QPU,invoke-QPU,-0.12258260451931796,0,0
12,15,1,always remote-sim,remote-sim,-0.1525873922608722,0,0
12,15,1,always local-sim,local-sim,-0.0975258629855223,0,0
12,15,1,always fallback,fallback,-0.19908203030712582,0,0
12,15,2,P1,local-sim,-0.11367763803249699,0,0
12,15,2,utility-only,local-sim,-0.11367763803249699,0,0
12,15,2,logged-IPW,local-sim,-0.11367763803249699,0,0
12,15,2,LinUCB,invoke-QPU,-0.13861951167658962,0,0
12,15,2,Pareto,local-sim,-0.11367763803249699,0,0
12,15,2,oracle,local-sim,-0.11367763803249699,0,0
12,15,2,train-selected fixed,local-sim,-0.11367763803249699,0,0
12,15,2,always invoke-QPU,invoke-QPU,-0.13861951167658962,0,0
12,15,2,always remote-sim,remote-sim,-0.277407918861861,0,0
12,15,2,always local-sim,local-sim,-0.11367763803249699,0,0
12,15,2,always fallback,fallback,-0.19677763770343148,0,0
12,15,3,P1,local-sim,-0.09623066446755062,0,0
12,15,3,utility-only,local-sim,-0.09623066446755062,0,0
12,15,3,logged-IPW,local-sim,-0.09623066446755062,0,0
12,15,3,LinUCB,local-sim,-0.09623066446755062,0,0
12,15,3,Pareto,local-sim,-0.09623066446755062,0,0
12,15,3,oracle,local-sim,-0.09623066446755062,0,0
12,15,3,train-selected fixed,local-sim,-0.09623066446755062,0,0
12,15,3,always invoke-QPU,invoke-QPU,-0.15880622324049642,0,0
12,15,3,always remote-sim,remote-sim,-0.12636700000692408,0,0
12,15,3,always local-sim,local-sim,-0.09623066446755062,0,0
12,15,3,always fallback,fallback,-0.1788937890407652,0,0
12,15,4,P1,local-sim,-0.09639700747286294,0,0
12,15,4,utility-only,local-sim,-0.09639700747286294,0,0
12,15,4,logged-IPW,local-sim,-0.09639700747286294,0,0
12,15,4,LinUCB,local-sim,-0.09639700747286294,0,0
12,15,4,Pareto,local-sim,-0.09639700747286294,0,0
12,15,4,oracle,local-sim,-0.09639700747286294,0,0
12,15,4,train-selected fixed,local-sim,-0.09639700747286294,0,0
12,15,4,always invoke-QPU,invoke-QPU,-7.404898873277402,1,1
12,15,4,always remote-sim,remote-sim,-8.952038073021786,1,0
12,15,4,always local-sim,local-sim,-0.09639700747286294,0,0
12,15,4,always fallback,fallback,-0.18854542827046195,0,0
12,15,5,P1,local-sim,-0.09660804246010872,0,0
12,15,5,utility-only,local-sim,-0.09660804246010872,0,0
12,15,5,logged-IPW,local-sim,-0.09660804246010872,0,0
12,15,5,LinUCB,local-sim,-0.09660804246010872,0,0
12,15,5,Pareto,local-sim,-0.09660804246010872,0,0
12,15,5,oracle,local-sim,-0.09660804246010872,0,0
12,15,5,train-selected fixed,local-sim,-0.09660804246010872,0,0
12,15,5,always invoke-QPU,invoke-QPU,-0.13437735140390836,0,0
12,15,5,always remote-sim,remote-sim,-0.1629846938279329,0,0
12,15,5,always local-sim,local-sim,-0.09660804246010872,0,0
12,15,5,always fallback,fallback,-0.20492814867380643,0,0
12,15,6,P1,local-sim,-0.11622446659422164,0,0
12,15,6,utility-only,local-sim,-0.11622446659422164,0,0
12,15,6,logged-IPW,local-sim,-0.11622446659422164,0,0
12,15,6,LinUCB,local-sim,-0.11622446659422164,0,0
12,15,6,Pareto,local-sim,-0.11622446659422164,0,0
12,15,6,oracle,local-sim,-0.11622446659422164,0,0
12,15,6,train-selected fixed,local-sim,-0.11622446659422164,0,0
12,15,6,always invoke-QPU,invoke-QPU,-2.180868923250947,1,0
12,15,6,always remote-sim,remote-sim,-3.462892330739617,0,0
12,15,6,always local-sim,local-sim,-0.11622446659422164,0,0
12,15,6,always fallback,fallback,-0.20367183778957956,0,0
12,15,7,P1,local-sim,-0.1078237972249639,0,0
12,15,7,utility-only,local-sim,-0.1078237972249639,0,0
12,15,7,logged-IPW,local-sim,-0.1078237972249639,0,0
12,15,7,LinUCB,local-sim,-0.1078237972249639,0,0
12,15,7,Pareto,local-sim,-0.1078237972249639,0,0
12,15,7,oracle,local-sim,-0.1078237972249639,0,0
12,15,7,train-selected fixed,local-sim,-0.1078237972249639,0,0
12,15,7,always invoke-QPU,invoke-QPU,-7.149211620006175,1,1
12,15,7,always remote-sim,remote-sim,-4.563834703094656,1,0
12,15,7,always local-sim,local-sim,-0.1078237972249639,0,0
12,15,7,always fallback,fallback,-0.20727059781197393,0,0
12,15,8,P1,local-sim,-0.10418527625665532,0,0
12,15,8,utility-only,local-sim,-0.10418527625665532,0,0
12,15,8,logged-IPW,local-sim,-0.10418527625665532,0,0
12,15,8,LinUCB,local-sim,-0.10418527625665532,0,0
12,15,8,Pareto,local-sim,-0.10418527625665532,0,0
12,15,8,oracle,local-sim,-0.10418527625665532,0,0
12,15,8,train-selected fixed,local-sim,-0.10418527625665532,0,0
12,15,8,always invoke-QPU,invoke-QPU,-0.14389226953526252,0,0
12,15,8,always remote-sim,remote-sim,-0.3361843991123139,0,0
12,15,8,always local-sim,local-sim,-0.10418527625665532,0,0
12,15,8,always fallback,fallback,-0.2048805263192565,0,0
12,15,9,P1,local-sim,-0.11162700233262429,0,0
12,15,9,utility-only,local-sim,-0.11162700233262429,0,0
12,15,9,logged-IPW,local-sim,-0.11162700233262429,0,0
12,15,9,LinUCB,local-sim,-0.11162700233262429,0,0
12,15,9,Pareto,local-sim,-0.11162700233262429,0,0
12,15,9,oracle,local-sim,-0.11162700233262429,0,0
12,15,9,train-selected fixed,local-sim,-0.11162700233262429,0,0
12,15,9,always invoke-QPU,invoke-QPU,-0.15956460732439232,0,0
12,15,9,always remote-sim,remote-sim,-0.12223817019994379,0,0
12,15,9,always local-sim,local-sim,-0.11162700233262429,0,0
12,15,9,always fallback,fallback,-0.20601304682573252,0,0
12,15,10,P1,local-sim,-0.10439782157950482,0,0
12,15,10,utility-only,local-sim,-0.10439782157950482,0,0
12,15,10,logged-IPW,local-sim,-0.10439782157950482,0,0
12,15,10,LinUCB,local-sim,-0.10439782157950482,0,0
12,15,10,Pareto,local-sim,-0.10439782157950482,0,0
12,15,10,oracle,local-sim,-0.10439782157950482,0,0
12,15,10,train-selected fixed,local-sim,-0.10439782157950482,0,0
12,15,10,always invoke-QPU,invoke-QPU,-7.261349083347175,1,1
12,15,10,always remote-sim,remote-sim,-6.861085616704049,1,0
12,15,10,always local-sim,local-sim,-0.10439782157950482,0,0
12,15,10,always fallback,fallback,-0.18619576395162546,0,0
12,15,11,P1,local-sim,-0.10902914001384856,0,0
12,15,11,utility-only,local-sim,-0.10902914001384856,0,0
12,15,11,logged-IPW,local-sim,-0.10902914001384856,0,0
12,15,11,LinUCB,local-sim,-0.10902914001384856,0,0
12,15,11,Pareto,local-sim,-0.10902914001384856,0,0
12,15,11,oracle,local-sim,-0.10902914001384856,0,0
12,15,11,train-selected fixed,local-sim,-0.10902914001384856,0,0
12,15,11,always invoke-QPU,invoke-QPU,-0.17648617087920154,0,0
12,15,11,always remote-sim,remote-sim,-0.16387825137448342,0,0
12,15,11,always local-sim,local-sim,-0.10902914001384856,0,0
12,15,11,always fallback,fallback,-0.21547047926723187,0,0
12,15,12,P1,local-sim,-0.10836593074004952,0,0
12,15,12,utility-only,local-sim,-0.10836593074004952,0,0
12,15,12,logged-IPW,local-sim,-0.10836593074004952,0,0
12,15,12,LinUCB,remote-sim,-0.15693489405325067,0,0
12,15,12,Pareto,local-sim,-0.10836593074004952,0,0
12,15,12,oracle,local-sim,-0.10836593074004952,0,0
12,15,12,train-selected fixed,local-sim,-0.10836593074004952,0,0
12,15,12,always invoke-QPU,invoke-QPU,-0.1506283756355335,0,0
12,15,12,always remote-sim,remote-sim,-0.15693489405325067,0,0
12,15,12,always local-sim,local-sim,-0.10836593074004952,0,0
12,15,12,always fallback,fallback,-0.1824895099573244,0,0
12,15,13,P1,local-sim,-0.10441773428946562,0,0
12,15,13,utility-only,local-sim,-0.10441773428946562,0,0
12,15,13,logged-IPW,local-sim,-0.10441773428946562,0,0
12,15,13,LinUCB,local-sim,-0.10441773428946562,0,0
12,15,13,Pareto,local-sim,-0.10441773428946562,0,0
12,15,13,oracle,local-sim,-0.10441773428946562,0,0
12,15,13,train-selected fixed,local-sim,-0.10441773428946562,0,0
12,15,13,always invoke-QPU,invoke-QPU,-0.19690691586194892,0,0
12,15,13,always remote-sim,remote-sim,-0.2760008953492109,0,0
12,15,13,always local-sim,local-sim,-0.10441773428946562,0,0
12,15,13,always fallback,fallback,-0.20049625766517354,0,0
12,15,14,P1,local-sim,-0.10170395718171031,0,0
12,15,14,utility-only,local-sim,-0.10170395718171031,0,0
12,15,14,logged-IPW,local-sim,-0.10170395718171031,0,0
12,15,14,LinUCB,local-sim,-0.10170395718171031,0,0
12,15,14,Pareto,local-sim,-0.10170395718171031,0,0
12,15,14,oracle,local-sim,-0.10170395718171031,0,0
12,15,14,train-selected fixed,local-sim,-0.10170395718171031,0,0
12,15,14,always invoke-QPU,invoke-QPU,-2.1160272387237606,1,0
12,15,14,always remote-sim,remote-sim,-0.14215036310235984,0,0
12,15,14,always local-sim,local-sim,-0.10170395718171031,0,0
12,15,14,always fallback,fallback,-0.18203819640768476,0,0
12,15,15,P1,local-sim,-0.10645745112413912,0,0
12,15,15,utility-only,local-sim,-0.10645745112413912,0,0
12,15,15,logged-IPW,local-sim,-0.10645745112413912,0,0
12,15,15,LinUCB,local-sim,-0.10645745112413912,0,0
12,15,15,Pareto,local-sim,-0.10645745112413912,0,0
12,15,15,oracle,local-sim,-0.10645745112413912,0,0
12,15,15,train-selected fixed,local-sim,-0.10645745112413912,0,0
12,15,15,always invoke-QPU,invoke-QPU,-0.16500678742307912,0,0
12,15,15,always remote-sim,remote-sim,-0.12464382135482857,0,0
12,15,15,always local-sim,local-sim,-0.10645745112413912,0,0
12,15,15,always fallback,fallback,-0.20137113195860215,0,0
12,15,16,P1,local-sim,-0.11403230242704833,0,0
12,15,16,utility-only,local-sim,-0.11403230242704833,0,0
12,15,16,logged-IPW,local-sim,-0.11403230242704833,0,0
12,15,16,LinUCB,local-sim,-0.11403230242704833,0,0
12,15,16,Pareto,local-sim,-0.11403230242704833,0,0
12,15,16,oracle,local-sim,-0.11403230242704833,0,0
12,15,16,train-selected fixed,local-sim,-0.11403230242704833,0,0
12,15,16,always invoke-QPU,invoke-QPU,-0.12396507254049677,0,0
12,15,16,always remote-sim,remote-sim,-0.1861731324613468,0,0
12,15,16,always local-sim,local-sim,-0.11403230242704833,0,0
12,15,16,always fallback,fallback,-0.2226439136107927,0,0
12,15,17,P1,local-sim,-0.09407608868926598,0,0
12,15,17,utility-only,local-sim,-0.09407608868926598,0,0
12,15,17,logged-IPW,local-sim,-0.09407608868926598,0,0
12,15,17,LinUCB,local-sim,-0.09407608868926598,0,0
12,15,17,Pareto,local-sim,-0.09407608868926598,0,0
12,15,17,oracle,local-sim,-0.09407608868926598,0,0
12,15,17,train-selected fixed,local-sim,-0.09407608868926598,0,0
12,15,17,always invoke-QPU,invoke-QPU,-0.13297204677376254,0,0
12,15,17,always remote-sim,remote-sim,-0.3214295546758474,0,0
12,15,17,always local-sim,local-sim,-0.09407608868926598,0,0
12,15,17,always fallback,fallback,-0.18949175255631537,0,0
12,15,18,P1,local-sim,-0.10712934113983107,0,0
12,15,18,utility-only,local-sim,-0.10712934113983107,0,0
12,15,18,logged-IPW,local-sim,-0.10712934113983107,0,0
12,15,18,LinUCB,local-sim,-0.10712934113983107,0,0
12,15,18,Pareto,local-sim,-0.10712934113983107,0,0
12,15,18,oracle,local-sim,-0.10712934113983107,0,0
12,15,18,train-selected fixed,local-sim,-0.10712934113983107,0,0
12,15,18,always invoke-QPU,invoke-QPU,-2.427231962623844,1,0
12,15,18,always remote-sim,remote-sim,-5.749844278176269,1,0
12,15,18,always local-sim,local-sim,-0.10712934113983107,0,0
12,15,18,always fallback,fallback,-0.21249333334458942,0,0
12,15,19,P1,local-sim,-0.1029676277639062,0,0
12,15,19,utility-only,local-sim,-0.1029676277639062,0,0
12,15,19,logged-IPW,local-sim,-0.1029676277639062,0,0
12,15,19,LinUCB,local-sim,-0.1029676277639062,0,0
12,15,19,Pareto,local-sim,-0.1029676277639062,0,0
12,15,19,oracle,local-sim,-0.1029676277639062,0,0
12,15,19,train-selected fixed,local-sim,-0.1029676277639062,0,0
12,15,19,always invoke-QPU,invoke-QPU,-0.12936456864091198,0,0
12,15,19,always remote-sim,remote-sim,-0.22747444053538685,0,0
12,15,19,always local-sim,local-sim,-0.1029676277639062,0,0
12,15,19,always fallback,fallback,-0.18816312324667456,0,0
12,15,20,P1,local-sim,-0.12075550641816332,0,0
12,15,20,utility-only,local-sim,-0.12075550641816332,0,0
12,15,20,logged-IPW,local-sim,-0.12075550641816332,0,0
12,15,20,LinUCB,local-sim,-0.12075550641816332,0,0
12,15,20,Pareto,local-sim,-0.12075550641816332,0,0
12,15,20,oracle,local-sim,-0.12075550641816332,0,0
12,15,20,train-selected fixed,local-sim,-0.12075550641816332,0,0
12,15,20,always invoke-QPU,invoke-QPU,-0.15253147437713355,0,0
12,15,20,always remote-sim,remote-sim,-0.2965241502293824,0,0
12,15,20,always local-sim,local-sim,-0.12075550641816332,0,0
12,15,20,always fallback,fallback,-0.20944074521012168,0,0
12,15,21,P1,local-sim,-0.11223900444931478,0,0
12,15,21,utility-only,local-sim,-0.11223900444931478,0,0
12,15,21,logged-IPW,local-sim,-0.11223900444931478,0,0
12,15,21,LinUCB,local-sim,-0.11223900444931478,0,0
12,15,21,Pareto,local-sim,-0.11223900444931478,0,0
12,15,21,oracle,local-sim,-0.11223900444931478,0,0
12,15,21,train-selected fixed,local-sim,-0.11223900444931478,0,0
12,15,21,always invoke-QPU,invoke-QPU,-7.4092635596433265,1,1
12,15,21,always remote-sim,remote-sim,-10.60456971861553,1,1
12,15,21,always local-sim,local-sim,-0.11223900444931478,0,0
12,15,21,always fallback,fallback,-0.2150051449779565,0,0
12,15,22,P1,local-sim,-0.10428696228832492,0,0
12,15,22,utility-only,local-sim,-0.10428696228832492,0,0
12,15,22,logged-IPW,local-sim,-0.10428696228832492,0,0
12,15,22,LinUCB,remote-sim,-0.1503338519847103,0,0
12,15,22,Pareto,local-sim,-0.10428696228832492,0,0
12,15,22,oracle,local-sim,-0.10428696228832492,0,0
12,15,22,train-selected fixed,local-sim,-0.10428696228832492,0,0
12,15,22,always invoke-QPU,invoke-QPU,-0.11729696594357422,0,0
12,15,22,always remote-sim,remote-sim,-0.1503338519847103,0,0
12,15,22,always local-sim,local-sim,-0.10428696228832492,0,0
12,15,22,always fallback,fallback,-0.1891762926624865,0,0
12,15,23,P1,local-sim,-0.09743056642851367,0,0
12,15,23,utility-only,local-sim,-0.09743056642851367,0,0
12,15,23,logged-IPW,local-sim,-0.09743056642851367,0,0
12,15,23,LinUCB,local-sim,-0.09743056642851367,0,0
12,15,23,Pareto,local-sim,-0.09743056642851367,0,0
12,15,23,oracle,local-sim,-0.09743056642851367,0,0
12,15,23,train-selected fixed,local-sim,-0.09743056642851367,0,0
12,15,23,always invoke-QPU,invoke-QPU,-2.1467659197312865,1,0
12,15,23,always remote-sim,remote-sim,-5.338536331539776,1,0
12,15,23,always local-sim,local-sim,-0.09743056642851367,0,0
12,15,23,always fallback,fallback,-0.20014213642516826,0,0
12,15,24,P1,local-sim,-0.11104225436946034,0,0
12,15,24,utility-only,local-sim,-0.11104225436946034,0,0
12,15,24,logged-IPW,local-sim,-0.11104225436946034,0,0
12,15,24,LinUCB,local-sim,-0.11104225436946034,0,0
12,15,24,Pareto,local-sim,-0.11104225436946034,0,0
12,15,24,oracle,local-sim,-0.11104225436946034,0,0
12,15,24,train-selected fixed,local-sim,-0.11104225436946034,0,0
12,15,24,always invoke-QPU,invoke-QPU,-0.1557350505327083,0,0
12,15,24,always remote-sim,remote-sim,-0.14454993443851855,0,0
12,15,24,always local-sim,local-sim,-0.11104225436946034,0,0
12,15,24,always fallback,fallback,-0.22529551671607795,0,0
12,15,25,P1,local-sim,-0.11693601827319576,0,0
12,15,25,utility-only,local-sim,-0.11693601827319576,0,0
12,15,25,logged-IPW,local-sim,-0.11693601827319576,0,0
12,15,25,LinUCB,local-sim,-0.11693601827319576,0,0
12,15,25,Pareto,local-sim,-0.11693601827319576,0,0
12,15,25,oracle,local-sim,-0.11693601827319576,0,0
12,15,25,train-selected fixed,local-sim,-0.11693601827319576,0,0
12,15,25,always invoke-QPU,invoke-QPU,-7.903363615384872,1,1
12,15,25,always remote-sim,remote-sim,-15.922085927476235,1,1
12,15,25,always local-sim,local-sim,-0.11693601827319576,0,0
12,15,25,always fallback,fallback,-0.2181492336215614,0,0
12,15,26,P1,local-sim,-0.10787740535304188,0,0
12,15,26,utility-only,local-sim,-0.10787740535304188,0,0
12,15,26,logged-IPW,local-sim,-0.10787740535304188,0,0
12,15,26,LinUCB,remote-sim,-0.1663453324366793,0,0
12,15,26,Pareto,local-sim,-0.10787740535304188,0,0
12,15,26,oracle,local-sim,-0.10787740535304188,0,0
12,15,26,train-selected fixed,local-sim,-0.10787740535304188,0,0
12,15,26,always invoke-QPU,invoke-QPU,-0.15500695437300901,0,0
12,15,26,always remote-sim,remote-sim,-0.1663453324366793,0,0
12,15,26,always local-sim,local-sim,-0.10787740535304188,0,0
12,15,26,always fallback,fallback,-0.20139275035650034,0,0
12,15,27,P1,local-sim,-0.10967820092869462,0,0
12,15,27,utility-only,local-sim,-0.10967820092869462,0,0
12,15,27,logged-IPW,local-sim,-0.10967820092869462,0,0
12,15,27,LinUCB,local-sim,-0.10967820092869462,0,0
12,15,27,Pareto,local-sim,-0.10967820092869462,0,0
12,15,27,oracle,local-sim,-0.10967820092869462,0,0
12,15,27,train-selected fixed,local-sim,-0.10967820092869462,0,0
12,15,27,always invoke-QPU,invoke-QPU,-0.1375851933519422,0,0
12,15,27,always remote-sim,remote-sim,-0.21152537827400292,0,0
12,15,27,always local-sim,local-sim,-0.10967820092869462,0,0
12,15,27,always fallback,fallback,-0.21093673391720902,0,0
12,15,28,P1,local-sim,-0.09539132007853209,0,0
12,15,28,utility-only,local-sim,-0.09539132007853209,0,0
12,15,28,logged-IPW,local-sim,-0.09539132007853209,0,0
12,15,28,LinUCB,local-sim,-0.09539132007853209,0,0
12,15,28,Pareto,local-sim,-0.09539132007853209,0,0
12,15,28,oracle,local-sim,-0.09539132007853209,0,0
12,15,28,train-selected fixed,local-sim,-0.09539132007853209,0,0
12,15,28,always invoke-QPU,invoke-QPU,-0.13387652491471552,0,0
12,15,28,always remote-sim,remote-sim,-0.24286903609765065,0,0
12,15,28,always local-sim,local-sim,-0.09539132007853209,0,0
12,15,28,always fallback,fallback,-0.1829214011130818,0,0
12,15,29,P1,local-sim,-0.11610525090937232,0,0
12,15,29,utility-only,local-sim,-0.11610525090937232,0,0
12,15,29,logged-IPW,local-sim,-0.11610525090937232,0,0
12,15,29,LinUCB,local-sim,-0.11610525090937232,0,0
12,15,29,Pareto,local-sim,-0.11610525090937232,0,0
12,15,29,oracle,local-sim,-0.11610525090937232,0,0
12,15,29,train-selected fixed,local-sim,-0.11610525090937232,0,0
12,15,29,always invoke-QPU,invoke-QPU,-2.18876318647018,1,0
12,15,29,always remote-sim,remote-sim,-0.29294116713745155,0,0
12,15,29,always local-sim,local-sim,-0.11610525090937232,0,0
12,15,29,always fallback,fallback,-0.2133615236424328,0,0
12,16,0,P1,local-sim,-0.11497673810276729,0,0
12,16,0,utility-only,local-sim,-0.11497673810276729,0,0
12,16,0,logged-IPW,local-sim,-0.11497673810276729,0,0
12,16,0,LinUCB,local-sim,-0.11497673810276729,0,0
12,16,0,Pareto,local-sim,-0.11497673810276729,0,0
12,16,0,oracle,local-sim,-0.11497673810276729,0,0
12,16,0,train-selected fixed,local-sim,-0.11497673810276729,0,0
12,16,0,always invoke-QPU,invoke-QPU,-8.178765501304532,1,1
12,16,0,always remote-sim,remote-sim,-18.863617709370807,1,1
12,16,0,always local-sim,local-sim,-0.11497673810276729,0,0
12,16,0,always fallback,fallback,-0.19072361874266264,0,0
12,16,1,P1,local-sim,-0.11758529650546018,0,0
12,16,1,utility-only,local-sim,-0.11758529650546018,0,0
12,16,1,logged-IPW,local-sim,-0.11758529650546018,0,0
12,16,1,LinUCB,local-sim,-0.11758529650546018,0,0
12,16,1,Pareto,local-sim,-0.11758529650546018,0,0
12,16,1,oracle,local-sim,-0.11758529650546018,0,0
12,16,1,train-selected fixed,local-sim,-0.11758529650546018,0,0
12,16,1,always invoke-QPU,invoke-QPU,-2.8835466336476316,1,0
12,16,1,always remote-sim,remote-sim,-8.841562021647997,1,0
12,16,1,always local-sim,local-sim,-0.11758529650546018,0,0
12,16,1,always fallback,fallback,-0.20336153093383155,0,0
12,16,2,P1,local-sim,-0.12178316470058351,0,0
12,16,2,utility-only,local-sim,-0.12178316470058351,0,0
12,16,2,logged-IPW,local-sim,-0.12178316470058351,0,0
12,16,2,LinUCB,local-sim,-0.12178316470058351,0,0
12,16,2,Pareto,local-sim,-0.12178316470058351,0,0
12,16,2,oracle,local-sim,-0.12178316470058351,0,0
12,16,2,train-selected fixed,local-sim,-0.12178316470058351,0,0
12,16,2,always invoke-QPU,invoke-QPU,-7.487144070340088,1,1
12,16,2,always remote-sim,remote-sim,-6.628861200055993,1,0
12,16,2,always local-sim,local-sim,-0.12178316470058351,0,0
12,16,2,always fallback,fallback,-0.2089230321154771,0,0
12,16,3,P1,local-sim,-0.10270965346578662,0,0
12,16,3,utility-only,local-sim,-0.10270965346578662,0,0
12,16,3,logged-IPW,local-sim,-0.10270965346578662,0,0
12,16,3,LinUCB,local-sim,-0.10270965346578662,0,0
12,16,3,Pareto,local-sim,-0.10270965346578662,0,0
12,16,3,oracle,local-sim,-0.10270965346578662,0,0
12,16,3,train-selected fixed,local-sim,-0.10270965346578662,0,0
12,16,3,always invoke-QPU,invoke-QPU,-7.319790959076036,1,1
12,16,3,always remote-sim,remote-sim,-10.994666638713936,1,1
12,16,3,always local-sim,local-sim,-0.10270965346578662,0,0
12,16,3,always fallback,fallback,-0.193356329599569,0,0
12,16,4,P1,local-sim,-0.0944678292179246,0,0
12,16,4,utility-only,local-sim,-0.0944678292179246,0,0
12,16,4,logged-IPW,local-sim,-0.0944678292179246,0,0
12,16,4,LinUCB,local-sim,-0.0944678292179246,0,0
12,16,4,Pareto,local-sim,-0.0944678292179246,0,0
12,16,4,oracle,local-sim,-0.0944678292179246,0,0
12,16,4,train-selected fixed,local-sim,-0.0944678292179246,0,0
12,16,4,always invoke-QPU,invoke-QPU,-7.381096651640062,1,1
12,16,4,always remote-sim,remote-sim,-12.38813119726263,1,1
12,16,4,always local-sim,local-sim,-0.0944678292179246,0,0
12,16,4,always fallback,fallback,-0.1969038724419237,0,0
12,16,5,P1,local-sim,-0.10560452599309564,0,0
12,16,5,utility-only,local-sim,-0.10560452599309564,0,0
12,16,5,logged-IPW,local-sim,-0.10560452599309564,0,0
12,16,5,LinUCB,remote-sim,-0.08963318712194775,0,0
12,16,5,Pareto,local-sim,-0.10560452599309564,0,0
12,16,5,oracle,remote-sim,-0.08963318712194775,0,0
12,16,5,train-selected fixed,local-sim,-0.10560452599309564,0,0
12,16,5,always invoke-QPU,invoke-QPU,-0.15322484623118027,0,0
12,16,5,always remote-sim,remote-sim,-0.08963318712194775,0,0
12,16,5,always local-sim,local-sim,-0.10560452599309564,0,0
12,16,5,always fallback,fallback,-0.19798809454632646,0,0
12,16,6,P1,local-sim,-0.10791495077903848,0,0
12,16,6,utility-only,local-sim,-0.10791495077903848,0,0
12,16,6,logged-IPW,local-sim,-0.10791495077903848,0,0
12,16,6,LinUCB,local-sim,-0.10791495077903848,0,0
12,16,6,Pareto,local-sim,-0.10791495077903848,0,0
12,16,6,oracle,local-sim,-0.10791495077903848,0,0
12,16,6,train-selected fixed,local-sim,-0.10791495077903848,0,0
12,16,6,always invoke-QPU,invoke-QPU,-0.13784378231106897,0,0
12,16,6,always remote-sim,remote-sim,-0.19411462651503142,0,0
12,16,6,always local-sim,local-sim,-0.10791495077903848,0,0
12,16,6,always fallback,fallback,-0.2058347044825596,0,0
12,16,7,P1,local-sim,-0.11189533170940368,0,0
12,16,7,utility-only,local-sim,-0.11189533170940368,0,0
12,16,7,logged-IPW,local-sim,-0.11189533170940368,0,0
12,16,7,LinUCB,local-sim,-0.11189533170940368,0,0
12,16,7,Pareto,local-sim,-0.11189533170940368,0,0
12,16,7,oracle,local-sim,-0.11189533170940368,0,0
12,16,7,train-selected fixed,local-sim,-0.11189533170940368,0,0
12,16,7,always invoke-QPU,invoke-QPU,-0.1570598795189555,0,0
12,16,7,always remote-sim,remote-sim,-0.20738199024874046,0,0
12,16,7,always local-sim,local-sim,-0.11189533170940368,0,0
12,16,7,always fallback,fallback,-0.21448080893027371,0,0
12,16,8,P1,local-sim,-0.11698507166928536,0,0
12,16,8,utility-only,local-sim,-0.11698507166928536,0,0
12,16,8,logged-IPW,local-sim,-0.11698507166928536,0,0
12,16,8,LinUCB,local-sim,-0.11698507166928536,0,0
12,16,8,Pareto,local-sim,-0.11698507166928536,0,0
12,16,8,oracle,local-sim,-0.11698507166928536,0,0
12,16,8,train-selected fixed,local-sim,-0.11698507166928536,0,0
12,16,8,always invoke-QPU,invoke-QPU,-0.21288958455470375,0,0
12,16,8,always remote-sim,remote-sim,-0.25564302593092664,0,0
12,16,8,always local-sim,local-sim,-0.11698507166928536,0,0
12,16,8,always fallback,fallback,-0.1955393578273255,0,0
12,16,9,P1,local-sim,-0.10506331332045485,0,0
12,16,9,utility-only,local-sim,-0.10506331332045485,0,0
12,16,9,logged-IPW,local-sim,-0.10506331332045485,0,0
12,16,9,LinUCB,local-sim,-0.10506331332045485,0,0
12,16,9,Pareto,local-sim,-0.10506331332045485,0,0
12,16,9,oracle,local-sim,-0.10506331332045485,0,0
12,16,9,train-selected fixed,local-sim,-0.10506331332045485,0,0
12,16,9,always invoke-QPU,invoke-QPU,-2.1689069478849197,1,0
12,16,9,always remote-sim,remote-sim,-0.2817807064268133,0,0
12,16,9,always local-sim,local-sim,-0.10506331332045485,0,0
12,16,9,always fallback,fallback,-0.19429337700866017,0,0
12,16,10,P1,local-sim,-0.10815078647640194,0,0
12,16,10,utility-only,local-sim,-0.10815078647640194,0,0
12,16,10,logged-IPW,local-sim,-0.10815078647640194,0,0
12,16,10,LinUCB,local-sim,-0.10815078647640194,0,0
12,16,10,Pareto,local-sim,-0.10815078647640194,0,0
12,16,10,oracle,local-sim,-0.10815078647640194,0,0
12,16,10,train-selected fixed,local-sim,-0.10815078647640194,0,0
12,16,10,always invoke-QPU,invoke-QPU,-5.253738569139548,0,1
12,16,10,always remote-sim,remote-sim,-3.1649260156054977,0,0
12,16,10,always local-sim,local-sim,-0.10815078647640194,0,0
12,16,10,always fallback,fallback,-0.21063674987762843,0,0
12,16,11,P1,local-sim,-0.10764194387442817,0,0
12,16,11,utility-only,local-sim,-0.10764194387442817,0,0
12,16,11,logged-IPW,local-sim,-0.10764194387442817,0,0
12,16,11,LinUCB,local-sim,-0.10764194387442817,0,0
12,16,11,Pareto,local-sim,-0.10764194387442817,0,0
12,16,11,oracle,local-sim,-0.10764194387442817,0,0
12,16,11,train-selected fixed,local-sim,-0.10764194387442817,0,0
12,16,11,always invoke-QPU,invoke-QPU,-0.13856442758569792,0,0
12,16,11,always remote-sim,remote-sim,-0.28211902825807145,0,0
12,16,11,always local-sim,local-sim,-0.10764194387442817,0,0
12,16,11,always fallback,fallback,-0.20618247532921974,0,0
12,16,12,P1,local-sim,-0.10444288639382461,0,0
12,16,12,utility-only,local-sim,-0.10444288639382461,0,0
12,16,12,logged-IPW,local-sim,-0.10444288639382461,0,0
12,16,12,LinUCB,local-sim,-0.10444288639382461,0,0
12,16,12,Pareto,local-sim,-0.10444288639382461,0,0
12,16,12,oracle,local-sim,-0.10444288639382461,0,0
12,16,12,train-selected fixed,local-sim,-0.10444288639382461,0,0
12,16,12,always invoke-QPU,invoke-QPU,-2.3367398499604883,1,0
12,16,12,always remote-sim,remote-sim,-0.13990819185240577,0,0
12,16,12,always local-sim,local-sim,-0.10444288639382461,0,0
12,16,12,always fallback,fallback,-0.20682112968641908,0,0
12,16,13,P1,local-sim,-0.10796425310122414,0,0
12,16,13,utility-only,local-sim,-0.10796425310122414,0,0
12,16,13,logged-IPW,local-sim,-0.10796425310122414,0,0
12,16,13,LinUCB,local-sim,-0.10796425310122414,0,0
12,16,13,Pareto,local-sim,-0.10796425310122414,0,0
12,16,13,oracle,local-sim,-0.10796425310122414,0,0
12,16,13,train-selected fixed,local-sim,-0.10796425310122414,0,0
12,16,13,always invoke-QPU,invoke-QPU,-2.2361321545460506,1,0
12,16,13,always remote-sim,remote-sim,-9.891698365424688,0,1
12,16,13,always local-sim,local-sim,-0.10796425310122414,0,0
12,16,13,always fallback,fallback,-0.21541881775144875,0,0
12,16,14,P1,local-sim,-0.10106886048713437,0,0
12,16,14,utility-only,local-sim,-0.10106886048713437,0,0
12,16,14,logged-IPW,local-sim,-0.10106886048713437,0,0
12,16,14,LinUCB,local-sim,-0.10106886048713437,0,0
12,16,14,Pareto,local-sim,-0.10106886048713437,0,0
12,16,14,oracle,local-sim,-0.10106886048713437,0,0
12,16,14,train-selected fixed,local-sim,-0.10106886048713437,0,0
12,16,14,always invoke-QPU,invoke-QPU,-2.205759448087721,1,0
12,16,14,always remote-sim,remote-sim,-5.905411869822164,1,0
12,16,14,always local-sim,local-sim,-0.10106886048713437,0,0
12,16,14,always fallback,fallback,-0.20185475601425887,0,0
12,16,15,P1,local-sim,-0.10937716595465272,0,0
12,16,15,utility-only,local-sim,-0.10937716595465272,0,0
12,16,15,logged-IPW,local-sim,-0.10937716595465272,0,0
12,16,15,LinUCB,local-sim,-0.10937716595465272,0,0
12,16,15,Pareto,local-sim,-0.10937716595465272,0,0
12,16,15,oracle,local-sim,-0.10937716595465272,0,0
12,16,15,train-selected fixed,local-sim,-0.10937716595465272,0,0
12,16,15,always invoke-QPU,invoke-QPU,-0.2461841411063343,0,0
12,16,15,always remote-sim,remote-sim,-0.2066289580336495,0,0
12,16,15,always local-sim,local-sim,-0.10937716595465272,0,0
12,16,15,always fallback,fallback,-0.19527910236716362,0,0
12,16,16,P1,local-sim,-0.09929674268925522,0,0
12,16,16,utility-only,local-sim,-0.09929674268925522,0,0
12,16,16,logged-IPW,local-sim,-0.09929674268925522,0,0
12,16,16,LinUCB,local-sim,-0.09929674268925522,0,0
12,16,16,Pareto,local-sim,-0.09929674268925522,0,0
12,16,16,oracle,local-sim,-0.09929674268925522,0,0
12,16,16,train-selected fixed,local-sim,-0.09929674268925522,0,0
12,16,16,always invoke-QPU,invoke-QPU,-0.11416993925617945,0,0
12,16,16,always remote-sim,remote-sim,-0.24658719121000786,0,0
12,16,16,always local-sim,local-sim,-0.09929674268925522,0,0
12,16,16,always fallback,fallback,-0.19949300258371602,0,0
12,16,17,P1,local-sim,-0.09776713634779897,0,0
12,16,17,utility-only,local-sim,-0.09776713634779897,0,0
12,16,17,logged-IPW,local-sim,-0.09776713634779897,0,0
12,16,17,LinUCB,local-sim,-0.09776713634779897,0,0
12,16,17,Pareto,local-sim,-0.09776713634779897,0,0
12,16,17,oracle,local-sim,-0.09776713634779897,0,0
12,16,17,train-selected fixed,local-sim,-0.09776713634779897,0,0
12,16,17,always invoke-QPU,invoke-QPU,-0.12659761350532994,0,0
12,16,17,always remote-sim,remote-sim,-0.1168914991693979,0,0
12,16,17,always local-sim,local-sim,-0.09776713634779897,0,0
12,16,17,always fallback,fallback,-0.20079888831221174,0,0
12,16,18,P1,local-sim,-0.10150722021525178,0,0
12,16,18,utility-only,local-sim,-0.10150722021525178,0,0
12,16,18,logged-IPW,local-sim,-0.10150722021525178,0,0
12,16,18,LinUCB,local-sim,-0.10150722021525178,0,0
12,16,18,Pareto,local-sim,-0.10150722021525178,0,0
12,16,18,oracle,local-sim,-0.10150722021525178,0,0
12,16,18,train-selected fixed,local-sim,-0.10150722021525178,0,0
12,16,18,always invoke-QPU,invoke-QPU,-2.117127278917612,1,0
12,16,18,always remote-sim,remote-sim,-0.15491289383637696,0,0
12,16,18,always local-sim,local-sim,-0.10150722021525178,0,0
12,16,18,always fallback,fallback,-0.19908120295183676,0,0
12,16,19,P1,local-sim,-0.10278568148136533,0,0
12,16,19,utility-only,local-sim,-0.10278568148136533,0,0
12,16,19,logged-IPW,local-sim,-0.10278568148136533,0,0
12,16,19,LinUCB,local-sim,-0.10278568148136533,0,0
12,16,19,Pareto,local-sim,-0.10278568148136533,0,0
12,16,19,oracle,local-sim,-0.10278568148136533,0,0
12,16,19,train-selected fixed,local-sim,-0.10278568148136533,0,0
12,16,19,always invoke-QPU,invoke-QPU,-2.130236753536486,1,0
12,16,19,always remote-sim,remote-sim,-0.2581858567566886,0,0
12,16,19,always local-sim,local-sim,-0.10278568148136533,0,0
12,16,19,always fallback,fallback,-0.20559137847117293,0,0
12,16,20,P1,local-sim,-0.10038637802731488,0,0
12,16,20,utility-only,local-sim,-0.10038637802731488,0,0
12,16,20,logged-IPW,local-sim,-0.10038637802731488,0,0
12,16,20,LinUCB,remote-sim,-0.20504053955789237,0,0
12,16,20,Pareto,local-sim,-0.10038637802731488,0,0
12,16,20,oracle,local-sim,-0.10038637802731488,0,0
12,16,20,train-selected fixed,local-sim,-0.10038637802731488,0,0
12,16,20,always invoke-QPU,invoke-QPU,-2.1554270566290006,1,0
12,16,20,always remote-sim,remote-sim,-0.20504053955789237,0,0
12,16,20,always local-sim,local-sim,-0.10038637802731488,0,0
12,16,20,always fallback,fallback,-0.18992193022455015,0,0
12,16,21,P1,local-sim,-0.10613508791924468,0,0
12,16,21,utility-only,local-sim,-0.10613508791924468,0,0
12,16,21,logged-IPW,local-sim,-0.10613508791924468,0,0
12,16,21,LinUCB,local-sim,-0.10613508791924468,0,0
12,16,21,Pareto,local-sim,-0.10613508791924468,0,0
12,16,21,oracle,local-sim,-0.10613508791924468,0,0
12,16,21,train-selected fixed,local-sim,-0.10613508791924468,0,0
12,16,21,always invoke-QPU,invoke-QPU,-0.24611991379272874,0,0
12,16,21,always remote-sim,remote-sim,-0.21435154125797096,0,0
12,16,21,always local-sim,local-sim,-0.10613508791924468,0,0
12,16,21,always fallback,fallback,-0.1887750822023827,0,0
12,16,22,P1,local-sim,-0.10521255149933743,0,0
12,16,22,utility-only,local-sim,-0.10521255149933743,0,0
12,16,22,logged-IPW,local-sim,-0.10521255149933743,0,0
12,16,22,LinUCB,local-sim,-0.10521255149933743,0,0
12,16,22,Pareto,local-sim,-0.10521255149933743,0,0
12,16,22,oracle,local-sim,-0.10521255149933743,0,0
12,16,22,train-selected fixed,local-sim,-0.10521255149933743,0,0
12,16,22,always invoke-QPU,invoke-QPU,-2.1959553055059726,1,0
12,16,22,always remote-sim,remote-sim,-9.636166332646706,1,1
12,16,22,always local-sim,local-sim,-0.10521255149933743,0,0
12,16,22,always fallback,fallback,-0.1916617774382704,0,0
12,16,23,P1,local-sim,-0.10666203406029882,0,0
12,16,23,utility-only,local-sim,-0.10666203406029882,0,0
12,16,23,logged-IPW,local-sim,-0.10666203406029882,0,0
12,16,23,LinUCB,remote-sim,-0.12656027530756603,0,0
12,16,23,Pareto,local-sim,-0.10666203406029882,0,0
12,16,23,oracle,local-sim,-0.10666203406029882,0,0
12,16,23,train-selected fixed,local-sim,-0.10666203406029882,0,0
12,16,23,always invoke-QPU,invoke-QPU,-0.155702409626784,0,0
12,16,23,always remote-sim,remote-sim,-0.12656027530756603,0,0
12,16,23,always local-sim,local-sim,-0.10666203406029882,0,0
12,16,23,always fallback,fallback,-0.18300774608712364,0,0
12,16,24,P1,local-sim,-0.12132107722799067,0,0
12,16,24,utility-only,local-sim,-0.12132107722799067,0,0
12,16,24,logged-IPW,local-sim,-0.12132107722799067,0,0
12,16,24,LinUCB,remote-sim,-0.20467735301931805,0,0
12,16,24,Pareto,local-sim,-0.12132107722799067,0,0
12,16,24,oracle,local-sim,-0.12132107722799067,0,0
12,16,24,train-selected fixed,local-sim,-0.12132107722799067,0,0
12,16,24,always invoke-QPU,invoke-QPU,-2.192411315077167,1,0
12,16,24,always remote-sim,remote-sim,-0.20467735301931805,0,0
12,16,24,always local-sim,local-sim,-0.12132107722799067,0,0
12,16,24,always fallback,fallback,-0.19450724288011723,0,0
12,16,25,P1,local-sim,-0.10807897195558284,0,0
12,16,25,utility-only,local-sim,-0.10807897195558284,0,0
12,16,25,logged-IPW,local-sim,-0.10807897195558284,0,0
12,16,25,LinUCB,local-sim,-0.10807897195558284,0,0
12,16,25,Pareto,local-sim,-0.10807897195558284,0,0
12,16,25,oracle,local-sim,-0.10807897195558284,0,0
12,16,25,train-selected fixed,local-sim,-0.10807897195558284,0,0
12,16,25,always invoke-QPU,invoke-QPU,-0.1649029107748065,0,0
12,16,25,always remote-sim,remote-sim,-0.2294542914443488,0,0
12,16,25,always local-sim,local-sim,-0.10807897195558284,0,0
12,16,25,always fallback,fallback,-0.1998225706810469,0,0
12,16,26,P1,local-sim,-0.10670159925404848,0,0
12,16,26,utility-only,local-sim,-0.10670159925404848,0,0
12,16,26,logged-IPW,local-sim,-0.10670159925404848,0,0
12,16,26,LinUCB,local-sim,-0.10670159925404848,0,0
12,16,26,Pareto,local-sim,-0.10670159925404848,0,0
12,16,26,oracle,local-sim,-0.10670159925404848,0,0
12,16,26,train-selected fixed,local-sim,-0.10670159925404848,0,0
12,16,26,always invoke-QPU,invoke-QPU,-0.3635728446070738,0,0
12,16,26,always remote-sim,remote-sim,-7.111699724535711,0,1
12,16,26,always local-sim,local-sim,-0.10670159925404848,0,0
12,16,26,always fallback,fallback,-0.19424147507859693,0,0
12,16,27,P1,local-sim,-0.10173083984005289,0,0
12,16,27,utility-only,local-sim,-0.10173083984005289,0,0
12,16,27,logged-IPW,local-sim,-0.10173083984005289,0,0
12,16,27,LinUCB,remote-sim,-0.1795012444561761,0,0
12,16,27,Pareto,local-sim,-0.10173083984005289,0,0
12,16,27,oracle,local-sim,-0.10173083984005289,0,0
12,16,27,train-selected fixed,local-sim,-0.10173083984005289,0,0
12,16,27,always invoke-QPU,invoke-QPU,-0.14594510823907875,0,0
12,16,27,always remote-sim,remote-sim,-0.1795012444561761,0,0
12,16,27,always local-sim,local-sim,-0.10173083984005289,0,0
12,16,27,always fallback,fallback,-0.1994254431819022,0,0
12,16,28,P1,local-sim,-0.10784537028142602,0,0
12,16,28,utility-only,local-sim,-0.10784537028142602,0,0
12,16,28,logged-IPW,local-sim,-0.10784537028142602,0,0
12,16,28,LinUCB,local-sim,-0.10784537028142602,0,0
12,16,28,Pareto,local-sim,-0.10784537028142602,0,0
12,16,28,oracle,local-sim,-0.10784537028142602,0,0
12,16,28,train-selected fixed,local-sim,-0.10784537028142602,0,0
12,16,28,always invoke-QPU,invoke-QPU,-0.12265344113241308,0,0
12,16,28,always remote-sim,remote-sim,-0.20566903869918407,0,0
12,16,28,always local-sim,local-sim,-0.10784537028142602,0,0
12,16,28,always fallback,fallback,-0.20331930345310859,0,0
12,16,29,P1,local-sim,-0.1019835861607611,0,0
12,16,29,utility-only,local-sim,-0.1019835861607611,0,0
12,16,29,logged-IPW,local-sim,-0.1019835861607611,0,0
12,16,29,LinUCB,invoke-QPU,-0.15762009576587244,0,0
12,16,29,Pareto,local-sim,-0.1019835861607611,0,0
12,16,29,oracle,local-sim,-0.1019835861607611,0,0
12,16,29,train-selected fixed,local-sim,-0.1019835861607611,0,0
12,16,29,always invoke-QPU,invoke-QPU,-0.15762009576587244,0,0
12,16,29,always remote-sim,remote-sim,-0.18857297997217337,0,0
12,16,29,always local-sim,local-sim,-0.1019835861607611,0,0
12,16,29,always fallback,fallback,-0.2044448213242051,0,0
12,17,0,P1,local-sim,-0.11106147447137606,0,0
12,17,0,utility-only,local-sim,-0.11106147447137606,0,0
12,17,0,logged-IPW,local-sim,-0.11106147447137606,0,0
12,17,0,LinUCB,local-sim,-0.11106147447137606,0,0
12,17,0,Pareto,local-sim,-0.11106147447137606,0,0
12,17,0,oracle,local-sim,-0.11106147447137606,0,0
12,17,0,train-selected fixed,local-sim,-0.11106147447137606,0,0
12,17,0,always invoke-QPU,invoke-QPU,-0.17399372325458712,0,0
12,17,0,always remote-sim,remote-sim,-0.13338357170889936,0,0
12,17,0,always local-sim,local-sim,-0.11106147447137606,0,0
12,17,0,always fallback,fallback,-0.20081710540164496,0,0
12,17,1,P1,local-sim,-0.10158442175346581,0,0
12,17,1,utility-only,local-sim,-0.10158442175346581,0,0
12,17,1,logged-IPW,local-sim,-0.10158442175346581,0,0
12,17,1,LinUCB,remote-sim,-0.12525920968539422,0,0
12,17,1,Pareto,local-sim,-0.10158442175346581,0,0
12,17,1,oracle,local-sim,-0.10158442175346581,0,0
12,17,1,train-selected fixed,local-sim,-0.10158442175346581,0,0
12,17,1,always invoke-QPU,invoke-QPU,-0.1422287874455063,0,0
12,17,1,always remote-sim,remote-sim,-0.12525920968539422,0,0
12,17,1,always local-sim,local-sim,-0.10158442175346581,0,0
12,17,1,always fallback,fallback,-0.19059032004472315,0,0
12,17,2,P1,local-sim,-0.1019484371159077,0,0
12,17,2,utility-only,local-sim,-0.1019484371159077,0,0
12,17,2,logged-IPW,local-sim,-0.1019484371159077,0,0
12,17,2,LinUCB,remote-sim,-0.1169958591247715,0,0
12,17,2,Pareto,local-sim,-0.1019484371159077,0,0
12,17,2,oracle,local-sim,-0.1019484371159077,0,0
12,17,2,train-selected fixed,local-sim,-0.1019484371159077,0,0
12,17,2,always invoke-QPU,invoke-QPU,-0.12046104815445381,0,0
12,17,2,always remote-sim,remote-sim,-0.1169958591247715,0,0
12,17,2,always local-sim,local-sim,-0.1019484371159077,0,0
12,17,2,always fallback,fallback,-0.1897262183202923,0,0
12,17,3,P1,local-sim,-0.1082944173893022,0,0
12,17,3,utility-only,local-sim,-0.1082944173893022,0,0
12,17,3,logged-IPW,local-sim,-0.1082944173893022,0,0
12,17,3,LinUCB,local-sim,-0.1082944173893022,0,0
12,17,3,Pareto,local-sim,-0.1082944173893022,0,0
12,17,3,oracle,local-sim,-0.1082944173893022,0,0
12,17,3,train-selected fixed,local-sim,-0.1082944173893022,0,0
12,17,3,always invoke-QPU,invoke-QPU,-0.19311195400885173,0,0
12,17,3,always remote-sim,remote-sim,-0.26717500875601,0,0
12,17,3,always local-sim,local-sim,-0.1082944173893022,0,0
12,17,3,always fallback,fallback,-0.22486181410099523,0,0
12,17,4,P1,local-sim,-0.11014396054391504,0,0
12,17,4,utility-only,local-sim,-0.11014396054391504,0,0
12,17,4,logged-IPW,local-sim,-0.11014396054391504,0,0
12,17,4,LinUCB,local-sim,-0.11014396054391504,0,0
12,17,4,Pareto,local-sim,-0.11014396054391504,0,0
12,17,4,oracle,local-sim,-0.11014396054391504,0,0
12,17,4,train-selected fixed,local-sim,-0.11014396054391504,0,0
12,17,4,always invoke-QPU,invoke-QPU,-0.13219779344306506,0,0
12,17,4,always remote-sim,remote-sim,-0.2028174980804302,0,0
12,17,4,always local-sim,local-sim,-0.11014396054391504,0,0
12,17,4,always fallback,fallback,-0.22405977362952498,0,0
12,17,5,P1,local-sim,-0.11183126098578196,0,0
12,17,5,utility-only,local-sim,-0.11183126098578196,0,0
12,17,5,logged-IPW,local-sim,-0.11183126098578196,0,0
12,17,5,LinUCB,local-sim,-0.11183126098578196,0,0
12,17,5,Pareto,local-sim,-0.11183126098578196,0,0
12,17,5,oracle,local-sim,-0.11183126098578196,0,0
12,17,5,train-selected fixed,local-sim,-0.11183126098578196,0,0
12,17,5,always invoke-QPU,invoke-QPU,-0.1965657337504349,0,0
12,17,5,always remote-sim,remote-sim,-0.15590562292847426,0,0
12,17,5,always local-sim,local-sim,-0.11183126098578196,0,0
12,17,5,always fallback,fallback,-0.18854653707285243,0,0
12,17,6,P1,local-sim,-0.10262756363617898,0,0
12,17,6,utility-only,local-sim,-0.10262756363617898,0,0
12,17,6,logged-IPW,local-sim,-0.10262756363617898,0,0
12,17,6,LinUCB,local-sim,-0.10262756363617898,0,0
12,17,6,Pareto,local-sim,-0.10262756363617898,0,0
12,17,6,oracle,local-sim,-0.10262756363617898,0,0
12,17,6,train-selected fixed,local-sim,-0.10262756363617898,0,0
12,17,6,always invoke-QPU,invoke-QPU,-2.2999566696970613,1,0
12,17,6,always remote-sim,remote-sim,-0.2990432689397517,0,0
12,17,6,always local-sim,local-sim,-0.10262756363617898,0,0
12,17,6,always fallback,fallback,-0.19055222693364557,0,0
12,17,7,P1,local-sim,-0.10261328748165673,0,0
12,17,7,utility-only,local-sim,-0.10261328748165673,0,0
12,17,7,logged-IPW,local-sim,-0.10261328748165673,0,0
12,17,7,LinUCB,local-sim,-0.10261328748165673,0,0
12,17,7,Pareto,local-sim,-0.10261328748165673,0,0
12,17,7,oracle,local-sim,-0.10261328748165673,0,0
12,17,7,train-selected fixed,local-sim,-0.10261328748165673,0,0
12,17,7,always invoke-QPU,invoke-QPU,-2.149871847277884,1,0
12,17,7,always remote-sim,remote-sim,-0.31519859774873316,0,0
12,17,7,always local-sim,local-sim,-0.10261328748165673,0,0
12,17,7,always fallback,fallback,-0.1974192764212696,0,0
12,17,8,P1,local-sim,-0.11036650904563536,0,0
12,17,8,utility-only,local-sim,-0.11036650904563536,0,0
12,17,8,logged-IPW,local-sim,-0.11036650904563536,0,0
12,17,8,LinUCB,remote-sim,-0.22576222360365253,0,0
12,17,8,Pareto,local-sim,-0.11036650904563536,0,0
12,17,8,oracle,local-sim,-0.11036650904563536,0,0
12,17,8,train-selected fixed,local-sim,-0.11036650904563536,0,0
12,17,8,always invoke-QPU,invoke-QPU,-2.123935095044511,1,0
12,17,8,always remote-sim,remote-sim,-0.22576222360365253,0,0
12,17,8,always local-sim,local-sim,-0.11036650904563536,0,0
12,17,8,always fallback,fallback,-0.1907501412161229,0,0
12,17,9,P1,local-sim,-0.10449057633950322,0,0
12,17,9,utility-only,local-sim,-0.10449057633950322,0,0
12,17,9,logged-IPW,local-sim,-0.10449057633950322,0,0
12,17,9,LinUCB,local-sim,-0.10449057633950322,0,0
12,17,9,Pareto,local-sim,-0.10449057633950322,0,0
12,17,9,oracle,local-sim,-0.10449057633950322,0,0
12,17,9,train-selected fixed,local-sim,-0.10449057633950322,0,0
12,17,9,always invoke-QPU,invoke-QPU,-0.11396629303098385,0,0
12,17,9,always remote-sim,remote-sim,-0.2946167775029769,0,0
12,17,9,always local-sim,local-sim,-0.10449057633950322,0,0
12,17,9,always fallback,fallback,-0.1934103200135991,0,0
12,17,10,P1,local-sim,-0.11285262808987218,0,0
12,17,10,utility-only,local-sim,-0.11285262808987218,0,0
12,17,10,logged-IPW,local-sim,-0.11285262808987218,0,0
12,17,10,LinUCB,local-sim,-0.11285262808987218,0,0
12,17,10,Pareto,local-sim,-0.11285262808987218,0,0
12,17,10,oracle,local-sim,-0.11285262808987218,0,0
12,17,10,train-selected fixed,local-sim,-0.11285262808987218,0,0
12,17,10,always invoke-QPU,invoke-QPU,-7.550520517494048,1,1
12,17,10,always remote-sim,remote-sim,-11.64784358924519,1,1
12,17,10,always local-sim,local-sim,-0.11285262808987218,0,0
12,17,10,always fallback,fallback,-0.22242773758268078,0,0
12,17,11,P1,local-sim,-0.1044085347767755,0,0
12,17,11,utility-only,local-sim,-0.1044085347767755,0,0
12,17,11,logged-IPW,local-sim,-0.1044085347767755,0,0
12,17,11,LinUCB,local-sim,-0.1044085347767755,0,0
12,17,11,Pareto,local-sim,-0.1044085347767755,0,0
12,17,11,oracle,local-sim,-0.1044085347767755,0,0
12,17,11,train-selected fixed,local-sim,-0.1044085347767755,0,0
12,17,11,always invoke-QPU,invoke-QPU,-7.139126386673258,1,1
12,17,11,always remote-sim,remote-sim,-5.225230831849165,1,0
12,17,11,always local-sim,local-sim,-0.1044085347767755,0,0
12,17,11,always fallback,fallback,-0.1884426852432386,0,0
12,17,12,P1,local-sim,-0.10585081871785673,0,0
12,17,12,utility-only,local-sim,-0.10585081871785673,0,0
12,17,12,logged-IPW,local-sim,-0.10585081871785673,0,0
12,17,12,LinUCB,local-sim,-0.10585081871785673,0,0
12,17,12,Pareto,local-sim,-0.10585081871785673,0,0
12,17,12,oracle,local-sim,-0.10585081871785673,0,0
12,17,12,train-selected fixed,local-sim,-0.10585081871785673,0,0
12,17,12,always invoke-QPU,invoke-QPU,-0.13310505050274457,0,0
12,17,12,always remote-sim,remote-sim,-0.1066718445118465,0,0
12,17,12,always local-sim,local-sim,-0.10585081871785673,0,0
12,17,12,always fallback,fallback,-0.21269508327098147,0,0
12,17,13,P1,local-sim,-0.11645056769448148,0,0
12,17,13,utility-only,local-sim,-0.11645056769448148,0,0
12,17,13,logged-IPW,local-sim,-0.11645056769448148,0,0
12,17,13,LinUCB,local-sim,-0.11645056769448148,0,0
12,17,13,Pareto,local-sim,-0.11645056769448148,0,0
12,17,13,oracle,local-sim,-0.11645056769448148,0,0
12,17,13,train-selected fixed,local-sim,-0.11645056769448148,0,0
12,17,13,always invoke-QPU,invoke-QPU,-2.179692465207971,1,0
12,17,13,always remote-sim,remote-sim,-0.21807818511083568,0,0
12,17,13,always local-sim,local-sim,-0.11645056769448148,0,0
12,17,13,always fallback,fallback,-0.20204012962986226,0,0
12,17,14,P1,local-sim,-0.10190409611535706,0,0
12,17,14,utility-only,local-sim,-0.10190409611535706,0,0
12,17,14,logged-IPW,local-sim,-0.10190409611535706,0,0
12,17,14,LinUCB,local-sim,-0.10190409611535706,0,0
12,17,14,Pareto,local-sim,-0.10190409611535706,0,0
12,17,14,oracle,local-sim,-0.10190409611535706,0,0
12,17,14,train-selected fixed,local-sim,-0.10190409611535706,0,0
12,17,14,always invoke-QPU,invoke-QPU,-0.1225270985461676,0,0
12,17,14,always remote-sim,remote-sim,-0.1519809775718798,0,0
12,17,14,always local-sim,local-sim,-0.10190409611535706,0,0
12,17,14,always fallback,fallback,-0.1909436933816564,0,0
12,17,15,P1,local-sim,-0.10675117389986967,0,0
12,17,15,utility-only,local-sim,-0.10675117389986967,0,0
12,17,15,logged-IPW,local-sim,-0.10675117389986967,0,0
12,17,15,LinUCB,local-sim,-0.10675117389986967,0,0
12,17,15,Pareto,local-sim,-0.10675117389986967,0,0
12,17,15,oracle,local-sim,-0.10675117389986967,0,0
12,17,15,train-selected fixed,local-sim,-0.10675117389986967,0,0
12,17,15,always invoke-QPU,invoke-QPU,-0.2069499543251928,0,0
12,17,15,always remote-sim,remote-sim,-0.14607847971787719,0,0
12,17,15,always local-sim,local-sim,-0.10675117389986967,0,0
12,17,15,always fallback,fallback,-0.19870499907121975,0,0
12,17,16,P1,local-sim,-0.10586366706008178,0,0
12,17,16,utility-only,local-sim,-0.10586366706008178,0,0
12,17,16,logged-IPW,local-sim,-0.10586366706008178,0,0
12,17,16,LinUCB,local-sim,-0.10586366706008178,0,0
12,17,16,Pareto,local-sim,-0.10586366706008178,0,0
12,17,16,oracle,local-sim,-0.10586366706008178,0,0
12,17,16,train-selected fixed,local-sim,-0.10586366706008178,0,0
12,17,16,always invoke-QPU,invoke-QPU,-0.13599571385784537,0,0
12,17,16,always remote-sim,remote-sim,-0.17781554727748267,0,0
12,17,16,always local-sim,local-sim,-0.10586366706008178,0,0
12,17,16,always fallback,fallback,-0.22157758139431935,0,0
12,17,17,P1,local-sim,-0.10674027871850247,0,0
12,17,17,utility-only,local-sim,-0.10674027871850247,0,0
12,17,17,logged-IPW,local-sim,-0.10674027871850247,0,0
12,17,17,LinUCB,local-sim,-0.10674027871850247,0,0
12,17,17,Pareto,local-sim,-0.10674027871850247,0,0
12,17,17,oracle,local-sim,-0.10674027871850247,0,0
12,17,17,train-selected fixed,local-sim,-0.10674027871850247,0,0
12,17,17,always invoke-QPU,invoke-QPU,-0.14764750109654143,0,0
12,17,17,always remote-sim,remote-sim,-0.23428883707553427,0,0
12,17,17,always local-sim,local-sim,-0.10674027871850247,0,0
12,17,17,always fallback,fallback,-0.18412574411558827,0,0
12,17,18,P1,local-sim,-0.10716762635316991,0,0
12,17,18,utility-only,local-sim,-0.10716762635316991,0,0
12,17,18,logged-IPW,local-sim,-0.10716762635316991,0,0
12,17,18,LinUCB,local-sim,-0.10716762635316991,0,0
12,17,18,Pareto,local-sim,-0.10716762635316991,0,0
12,17,18,oracle,local-sim,-0.10716762635316991,0,0
12,17,18,train-selected fixed,local-sim,-0.10716762635316991,0,0
12,17,18,always invoke-QPU,invoke-QPU,-0.1449745739755523,0,0
12,17,18,always remote-sim,remote-sim,-0.12761435884085243,0,0
12,17,18,always local-sim,local-sim,-0.10716762635316991,0,0
12,17,18,always fallback,fallback,-0.21263604764988447,0,0
12,17,19,P1,local-sim,-0.09933026671613954,0,0
12,17,19,utility-only,local-sim,-0.09933026671613954,0,0
12,17,19,logged-IPW,local-sim,-0.09933026671613954,0,0
12,17,19,LinUCB,invoke-QPU,-0.11795698695498437,0,0
12,17,19,Pareto,local-sim,-0.09933026671613954,0,0
12,17,19,oracle,local-sim,-0.09933026671613954,0,0
12,17,19,train-selected fixed,local-sim,-0.09933026671613954,0,0
12,17,19,always invoke-QPU,invoke-QPU,-0.11795698695498437,0,0
12,17,19,always remote-sim,remote-sim,-0.37311443277813716,0,0
12,17,19,always local-sim,local-sim,-0.09933026671613954,0,0
12,17,19,always fallback,fallback,-0.19344268392912453,0,0
12,17,20,P1,local-sim,-0.09937484744939176,0,0
12,17,20,utility-only,local-sim,-0.09937484744939176,0,0
12,17,20,logged-IPW,local-sim,-0.09937484744939176,0,0
12,17,20,LinUCB,local-sim,-0.09937484744939176,0,0
12,17,20,Pareto,local-sim,-0.09937484744939176,0,0
12,17,20,oracle,local-sim,-0.09937484744939176,0,0
12,17,20,train-selected fixed,local-sim,-0.09937484744939176,0,0
12,17,20,always invoke-QPU,invoke-QPU,-0.11705609090209053,0,0
12,17,20,always remote-sim,remote-sim,-0.1954241231640635,0,0
12,17,20,always local-sim,local-sim,-0.09937484744939176,0,0
12,17,20,always fallback,fallback,-0.20917853583708274,0,0
12,17,21,P1,local-sim,-0.1135722499288611,0,0
12,17,21,utility-only,local-sim,-0.1135722499288611,0,0
12,17,21,logged-IPW,local-sim,-0.1135722499288611,0,0
12,17,21,LinUCB,local-sim,-0.1135722499288611,0,0
12,17,21,Pareto,local-sim,-0.1135722499288611,0,0
12,17,21,oracle,local-sim,-0.1135722499288611,0,0
12,17,21,train-selected fixed,local-sim,-0.1135722499288611,0,0
12,17,21,always invoke-QPU,invoke-QPU,-2.174129061493529,1,0
12,17,21,always remote-sim,remote-sim,-0.1605389602871835,0,0
12,17,21,always local-sim,local-sim,-0.1135722499288611,0,0
12,17,21,always fallback,fallback,-0.19963001869831062,0,0
12,17,22,P1,local-sim,-0.10537656896128564,0,0
12,17,22,utility-only,local-sim,-0.10537656896128564,0,0
12,17,22,logged-IPW,local-sim,-0.10537656896128564,0,0
12,17,22,LinUCB,local-sim,-0.10537656896128564,0,0
12,17,22,Pareto,local-sim,-0.10537656896128564,0,0
12,17,22,oracle,local-sim,-0.10537656896128564,0,0
12,17,22,train-selected fixed,local-sim,-0.10537656896128564,0,0
12,17,22,always invoke-QPU,invoke-QPU,-2.5535324845119365,1,0
12,17,22,always remote-sim,remote-sim,-6.68747151216742,0,0
12,17,22,always local-sim,local-sim,-0.10537656896128564,0,0
12,17,22,always fallback,fallback,-0.18644845570612,0,0
12,17,23,P1,local-sim,-0.10735818008339147,0,0
12,17,23,utility-only,local-sim,-0.10735818008339147,0,0
12,17,23,logged-IPW,local-sim,-0.10735818008339147,0,0
12,17,23,LinUCB,local-sim,-0.10735818008339147,0,0
12,17,23,Pareto,local-sim,-0.10735818008339147,0,0
12,17,23,oracle,local-sim,-0.10735818008339147,0,0
12,17,23,train-selected fixed,local-sim,-0.10735818008339147,0,0
12,17,23,always invoke-QPU,invoke-QPU,-0.16231156658464035,0,0
12,17,23,always remote-sim,remote-sim,-0.2099182040009431,0,0
12,17,23,always local-sim,local-sim,-0.10735818008339147,0,0
12,17,23,always fallback,fallback,-0.20203175786957187,0,0
12,17,24,P1,local-sim,-0.1019056825168568,0,0
12,17,24,utility-only,local-sim,-0.1019056825168568,0,0
12,17,24,logged-IPW,local-sim,-0.1019056825168568,0,0
12,17,24,LinUCB,local-sim,-0.1019056825168568,0,0
12,17,24,Pareto,local-sim,-0.1019056825168568,0,0
12,17,24,oracle,local-sim,-0.1019056825168568,0,0
12,17,24,train-selected fixed,local-sim,-0.1019056825168568,0,0
12,17,24,always invoke-QPU,invoke-QPU,-7.238193140613285,1,1
12,17,24,always remote-sim,remote-sim,-10.09563134980527,1,1
12,17,24,always local-sim,local-sim,-0.1019056825168568,0,0
12,17,24,always fallback,fallback,-0.21387570444733378,0,0
12,17,25,P1,local-sim,-0.10921086760497074,0,0
12,17,25,utility-only,local-sim,-0.10921086760497074,0,0
12,17,25,logged-IPW,local-sim,-0.10921086760497074,0,0
12,17,25,LinUCB,local-sim,-0.10921086760497074,0,0
12,17,25,Pareto,local-sim,-0.10921086760497074,0,0
12,17,25,oracle,local-sim,-0.10921086760497074,0,0
12,17,25,train-selected fixed,local-sim,-0.10921086760497074,0,0
12,17,25,always invoke-QPU,invoke-QPU,-0.15086997096970942,0,0
12,17,25,always remote-sim,remote-sim,-0.2609919551378175,0,0
12,17,25,always local-sim,local-sim,-0.10921086760497074,0,0
12,17,25,always fallback,fallback,-0.20193720902072912,0,0
12,17,26,P1,local-sim,-0.10371674120510102,0,0
12,17,26,utility-only,local-sim,-0.10371674120510102,0,0
12,17,26,logged-IPW,local-sim,-0.10371674120510102,0,0
12,17,26,LinUCB,local-sim,-0.10371674120510102,0,0
12,17,26,Pareto,local-sim,-0.10371674120510102,0,0
12,17,26,oracle,local-sim,-0.10371674120510102,0,0
12,17,26,train-selected fixed,local-sim,-0.10371674120510102,0,0
12,17,26,always invoke-QPU,invoke-QPU,-0.1243716634107001,0,0
12,17,26,always remote-sim,remote-sim,-0.1632434298751905,0,0
12,17,26,always local-sim,local-sim,-0.10371674120510102,0,0
12,17,26,always fallback,fallback,-0.2052684666641751,0,0
12,17,27,P1,local-sim,-0.1007940273609643,0,0
12,17,27,utility-only,local-sim,-0.1007940273609643,0,0
12,17,27,logged-IPW,local-sim,-0.1007940273609643,0,0
12,17,27,LinUCB,local-sim,-0.1007940273609643,0,0
12,17,27,Pareto,local-sim,-0.1007940273609643,0,0
12,17,27,oracle,local-sim,-0.1007940273609643,0,0
12,17,27,train-selected fixed,local-sim,-0.1007940273609643,0,0
12,17,27,always invoke-QPU,invoke-QPU,-7.320087831987454,1,1
12,17,27,always remote-sim,remote-sim,-18.214034669903526,1,1
12,17,27,always local-sim,local-sim,-0.1007940273609643,0,0
12,17,27,always fallback,fallback,-0.20800457810431772,0,0
12,17,28,P1,local-sim,-0.10811515338973905,0,0
12,17,28,utility-only,local-sim,-0.10811515338973905,0,0
12,17,28,logged-IPW,local-sim,-0.10811515338973905,0,0
12,17,28,LinUCB,local-sim,-0.10811515338973905,0,0
12,17,28,Pareto,local-sim,-0.10811515338973905,0,0
12,17,28,oracle,local-sim,-0.10811515338973905,0,0
12,17,28,train-selected fixed,local-sim,-0.10811515338973905,0,0
12,17,28,always invoke-QPU,invoke-QPU,-0.12132512016191895,0,0
12,17,28,always remote-sim,remote-sim,-0.19465791733791002,0,0
12,17,28,always local-sim,local-sim,-0.10811515338973905,0,0
12,17,28,always fallback,fallback,-0.21223594915805835,0,0
12,17,29,P1,local-sim,-0.11869792558294907,0,0
12,17,29,utility-only,local-sim,-0.11869792558294907,0,0
12,17,29,logged-IPW,local-sim,-0.11869792558294907,0,0
12,17,29,LinUCB,local-sim,-0.11869792558294907,0,0
12,17,29,Pareto,local-sim,-0.11869792558294907,0,0
12,17,29,oracle,local-sim,-0.11869792558294907,0,0
12,17,29,train-selected fixed,local-sim,-0.11869792558294907,0,0
12,17,29,always invoke-QPU,invoke-QPU,-0.18513988205930965,0,0
12,17,29,always remote-sim,remote-sim,-0.18322951522201497,0,0
12,17,29,always local-sim,local-sim,-0.11869792558294907,0,0
12,17,29,always fallback,fallback,-0.2272242656102732,0,0
12,18,0,P1,local-sim,-0.10215650641462697,0,0
12,18,0,utility-only,local-sim,-0.10215650641462697,0,0
12,18,0,logged-IPW,local-sim,-0.10215650641462697,0,0
12,18,0,LinUCB,invoke-QPU,-0.15101782449050233,0,0
12,18,0,Pareto,local-sim,-0.10215650641462697,0,0
12,18,0,oracle,local-sim,-0.10215650641462697,0,0
12,18,0,train-selected fixed,local-sim,-0.10215650641462697,0,0
12,18,0,always invoke-QPU,invoke-QPU,-0.15101782449050233,0,0
12,18,0,always remote-sim,remote-sim,-0.21665172162611973,0,0
12,18,0,always local-sim,local-sim,-0.10215650641462697,0,0
12,18,0,always fallback,fallback,-0.21621984571791275,0,0
12,18,1,P1,local-sim,-0.10028680690457986,0,0
12,18,1,utility-only,local-sim,-0.10028680690457986,0,0
12,18,1,logged-IPW,local-sim,-0.10028680690457986,0,0
12,18,1,LinUCB,local-sim,-0.10028680690457986,0,0
12,18,1,Pareto,local-sim,-0.10028680690457986,0,0
12,18,1,oracle,local-sim,-0.10028680690457986,0,0
12,18,1,train-selected fixed,local-sim,-0.10028680690457986,0,0
12,18,1,always invoke-QPU,invoke-QPU,-0.1926804143222986,0,0
12,18,1,always remote-sim,remote-sim,-0.12821612882689346,0,0
12,18,1,always local-sim,local-sim,-0.10028680690457986,0,0
12,18,1,always fallback,fallback,-0.19268216386831089,0,0
12,18,2,P1,local-sim,-0.10509552159516222,0,0
12,18,2,utility-only,local-sim,-0.10509552159516222,0,0
12,18,2,logged-IPW,local-sim,-0.10509552159516222,0,0
12,18,2,LinUCB,local-sim,-0.10509552159516222,0,0
12,18,2,Pareto,local-sim,-0.10509552159516222,0,0
12,18,2,oracle,local-sim,-0.10509552159516222,0,0
12,18,2,train-selected fixed,local-sim,-0.10509552159516222,0,0
12,18,2,always invoke-QPU,invoke-QPU,-7.491437984274068,1,1
12,18,2,always remote-sim,remote-sim,-10.80597842810095,1,0
12,18,2,always local-sim,local-sim,-0.10509552159516222,0,0
12,18,2,always fallback,fallback,-0.19756976049052605,0,0
12,18,3,P1,local-sim,-0.10555888666581222,0,0
12,18,3,utility-only,local-sim,-0.10555888666581222,0,0
12,18,3,logged-IPW,local-sim,-0.10555888666581222,0,0
12,18,3,LinUCB,local-sim,-0.10555888666581222,0,0
12,18,3,Pareto,local-sim,-0.10555888666581222,0,0
12,18,3,oracle,local-sim,-0.10555888666581222,0,0
12,18,3,train-selected fixed,local-sim,-0.10555888666581222,0,0
12,18,3,always invoke-QPU,invoke-QPU,-0.1402675016352833,0,0
12,18,3,always remote-sim,remote-sim,-0.18270543063065528,0,0
12,18,3,always local-sim,local-sim,-0.10555888666581222,0,0
12,18,3,always fallback,fallback,-0.20327215295133927,0,0
12,18,4,P1,local-sim,-0.10891443001833925,0,0
12,18,4,utility-only,local-sim,-0.10891443001833925,0,0
12,18,4,logged-IPW,local-sim,-0.10891443001833925,0,0
12,18,4,LinUCB,local-sim,-0.10891443001833925,0,0
12,18,4,Pareto,local-sim,-0.10891443001833925,0,0
12,18,4,oracle,local-sim,-0.10891443001833925,0,0
12,18,4,train-selected fixed,local-sim,-0.10891443001833925,0,0
12,18,4,always invoke-QPU,invoke-QPU,-7.696441644502341,1,1
12,18,4,always remote-sim,remote-sim,-10.69687004854735,0,1
12,18,4,always local-sim,local-sim,-0.10891443001833925,0,0
12,18,4,always fallback,fallback,-0.19290031973810387,0,0
12,18,5,P1,local-sim,-0.10885728214806595,0,0
12,18,5,utility-only,local-sim,-0.10885728214806595,0,0
12,18,5,logged-IPW,local-sim,-0.10885728214806595,0,0
12,18,5,LinUCB,local-sim,-0.10885728214806595,0,0
12,18,5,Pareto,local-sim,-0.10885728214806595,0,0
12,18,5,oracle,local-sim,-0.10885728214806595,0,0
12,18,5,train-selected fixed,local-sim,-0.10885728214806595,0,0
12,18,5,always invoke-QPU,invoke-QPU,-2.382597408205704,1,0
12,18,5,always remote-sim,remote-sim,-9.33175689713626,1,0
12,18,5,always local-sim,local-sim,-0.10885728214806595,0,0
12,18,5,always fallback,fallback,-0.19232724134144016,0,0
12,18,6,P1,local-sim,-0.10115860814466868,0,0
12,18,6,utility-only,local-sim,-0.10115860814466868,0,0
12,18,6,logged-IPW,local-sim,-0.10115860814466868,0,0
12,18,6,LinUCB,local-sim,-0.10115860814466868,0,0
12,18,6,Pareto,local-sim,-0.10115860814466868,0,0
12,18,6,oracle,local-sim,-0.10115860814466868,0,0
12,18,6,train-selected fixed,local-sim,-0.10115860814466868,0,0
12,18,6,always invoke-QPU,invoke-QPU,-7.245890582283788,1,1
12,18,6,always remote-sim,remote-sim,-7.45880451986289,0,1
12,18,6,always local-sim,local-sim,-0.10115860814466868,0,0
12,18,6,always fallback,fallback,-0.1999295860173539,0,0
12,18,7,P1,local-sim,-0.10442993913046521,0,0
12,18,7,utility-only,local-sim,-0.10442993913046521,0,0
12,18,7,logged-IPW,local-sim,-0.10442993913046521,0,0
12,18,7,LinUCB,local-sim,-0.10442993913046521,0,0
12,18,7,Pareto,local-sim,-0.10442993913046521,0,0
12,18,7,oracle,local-sim,-0.10442993913046521,0,0
12,18,7,train-selected fixed,local-sim,-0.10442993913046521,0,0
12,18,7,always invoke-QPU,invoke-QPU,-0.17877953235553656,0,0
12,18,7,always remote-sim,remote-sim,-0.1844693380098183,0,0
12,18,7,always local-sim,local-sim,-0.10442993913046521,0,0
12,18,7,always fallback,fallback,-0.21322472789830282,0,0
12,18,8,P1,local-sim,-0.10202583312866771,0,0
12,18,8,utility-only,local-sim,-0.10202583312866771,0,0
12,18,8,logged-IPW,local-sim,-0.10202583312866771,0,0
12,18,8,LinUCB,local-sim,-0.10202583312866771,0,0
12,18,8,Pareto,local-sim,-0.10202583312866771,0,0
12,18,8,oracle,local-sim,-0.10202583312866771,0,0
12,18,8,train-selected fixed,local-sim,-0.10202583312866771,0,0
12,18,8,always invoke-QPU,invoke-QPU,-0.10353712129773536,0,0
12,18,8,always remote-sim,remote-sim,-0.20918664660792285,0,0
12,18,8,always local-sim,local-sim,-0.10202583312866771,0,0
12,18,8,always fallback,fallback,-0.20089121393425416,0,0
12,18,9,P1,local-sim,-0.1068697147987048,0,0
12,18,9,utility-only,local-sim,-0.1068697147987048,0,0
12,18,9,logged-IPW,local-sim,-0.1068697147987048,0,0
12,18,9,LinUCB,local-sim,-0.1068697147987048,0,0
12,18,9,Pareto,local-sim,-0.1068697147987048,0,0
12,18,9,oracle,local-sim,-0.1068697147987048,0,0
12,18,9,train-selected fixed,local-sim,-0.1068697147987048,0,0
12,18,9,always invoke-QPU,invoke-QPU,-0.16718369701538233,0,0
12,18,9,always remote-sim,remote-sim,-0.16553616012465783,0,0
12,18,9,always local-sim,local-sim,-0.1068697147987048,0,0
12,18,9,always fallback,fallback,-0.2098427978187566,0,0
12,18,10,P1,local-sim,-0.1048406835820413,0,0
12,18,10,utility-only,local-sim,-0.1048406835820413,0,0
12,18,10,logged-IPW,local-sim,-0.1048406835820413,0,0
12,18,10,LinUCB,local-sim,-0.1048406835820413,0,0
12,18,10,Pareto,local-sim,-0.1048406835820413,0,0
12,18,10,oracle,local-sim,-0.1048406835820413,0,0
12,18,10,train-selected fixed,local-sim,-0.1048406835820413,0,0
12,18,10,always invoke-QPU,invoke-QPU,-7.4868090330211485,1,1
12,18,10,always remote-sim,remote-sim,-11.807583113240227,1,1
12,18,10,always local-sim,local-sim,-0.1048406835820413,0,0
12,18,10,always fallback,fallback,-0.20840462177072394,0,0
12,18,11,P1,local-sim,-0.11447323347987025,0,0
12,18,11,utility-only,local-sim,-0.11447323347987025,0,0
12,18,11,logged-IPW,local-sim,-0.11447323347987025,0,0
12,18,11,LinUCB,local-sim,-0.11447323347987025,0,0
12,18,11,Pareto,local-sim,-0.11447323347987025,0,0
12,18,11,oracle,local-sim,-0.11447323347987025,0,0
12,18,11,train-selected fixed,local-sim,-0.11447323347987025,0,0
12,18,11,always invoke-QPU,invoke-QPU,-7.663306969473204,1,1
12,18,11,always remote-sim,remote-sim,-6.7593437330229875,1,0
12,18,11,always local-sim,local-sim,-0.11447323347987025,0,0
12,18,11,always fallback,fallback,-0.2248421792027206,0,0
12,18,12,P1,local-sim,-0.11009148856917793,0,0
12,18,12,utility-only,local-sim,-0.11009148856917793,0,0
12,18,12,logged-IPW,local-sim,-0.11009148856917793,0,0
12,18,12,LinUCB,local-sim,-0.11009148856917793,0,0
12,18,12,Pareto,local-sim,-0.11009148856917793,0,0
12,18,12,oracle,local-sim,-0.11009148856917793,0,0
12,18,12,train-selected fixed,local-sim,-0.11009148856917793,0,0
12,18,12,always invoke-QPU,invoke-QPU,-0.15234889088900472,0,0
12,18,12,always remote-sim,remote-sim,-0.24872974714342327,0,0
12,18,12,always local-sim,local-sim,-0.11009148856917793,0,0
12,18,12,always fallback,fallback,-0.18781796274878676,0,0
12,18,13,P1,local-sim,-0.11654071695343128,0,0
12,18,13,utility-only,local-sim,-0.11654071695343128,0,0
12,18,13,logged-IPW,local-sim,-0.11654071695343128,0,0
12,18,13,LinUCB,local-sim,-0.11654071695343128,0,0
12,18,13,Pareto,local-sim,-0.11654071695343128,0,0
12,18,13,oracle,local-sim,-0.11654071695343128,0,0
12,18,13,train-selected fixed,local-sim,-0.11654071695343128,0,0
12,18,13,always invoke-QPU,invoke-QPU,-0.14568545006623868,0,0
12,18,13,always remote-sim,remote-sim,-0.17081930321727418,0,0
12,18,13,always local-sim,local-sim,-0.11654071695343128,0,0
12,18,13,always fallback,fallback,-0.1946257315310039,0,0
12,18,14,P1,local-sim,-0.10602196934783066,0,0
12,18,14,utility-only,local-sim,-0.10602196934783066,0,0
12,18,14,logged-IPW,local-sim,-0.10602196934783066,0,0
12,18,14,LinUCB,local-sim,-0.10602196934783066,0,0
12,18,14,Pareto,local-sim,-0.10602196934783066,0,0
12,18,14,oracle,local-sim,-0.10602196934783066,0,0
12,18,14,train-selected fixed,local-sim,-0.10602196934783066,0,0
12,18,14,always invoke-QPU,invoke-QPU,-7.274097196175186,1,1
12,18,14,always remote-sim,remote-sim,-5.437594871137215,1,0
12,18,14,always local-sim,local-sim,-0.10602196934783066,0,0
12,18,14,always fallback,fallback,-0.18981539114297283,0,0
12,18,15,P1,local-sim,-0.10496622326785987,0,0
12,18,15,utility-only,local-sim,-0.10496622326785987,0,0
12,18,15,logged-IPW,local-sim,-0.10496622326785987,0,0
12,18,15,LinUCB,local-sim,-0.10496622326785987,0,0
12,18,15,Pareto,local-sim,-0.10496622326785987,0,0
12,18,15,oracle,local-sim,-0.10496622326785987,0,0
12,18,15,train-selected fixed,local-sim,-0.10496622326785987,0,0
12,18,15,always invoke-QPU,invoke-QPU,-7.179236637872034,1,1
12,18,15,always remote-sim,remote-sim,-12.644994682224363,1,1
12,18,15,always local-sim,local-sim,-0.10496622326785987,0,0
12,18,15,always fallback,fallback,-0.204354590682388,0,0
12,18,16,P1,local-sim,-0.09751316327766588,0,0
12,18,16,utility-only,local-sim,-0.09751316327766588,0,0
12,18,16,logged-IPW,local-sim,-0.09751316327766588,0,0
12,18,16,LinUCB,local-sim,-0.09751316327766588,0,0
12,18,16,Pareto,local-sim,-0.09751316327766588,0,0
12,18,16,oracle,local-sim,-0.09751316327766588,0,0
12,18,16,train-selected fixed,local-sim,-0.09751316327766588,0,0
12,18,16,always invoke-QPU,invoke-QPU,-0.13379218905150975,0,0
12,18,16,always remote-sim,remote-sim,-0.24784808327441626,0,0
12,18,16,always local-sim,local-sim,-0.09751316327766588,0,0
12,18,16,always fallback,fallback,-0.182579159487846,0,0
12,18,17,P1,local-sim,-0.10232022040745126,0,0
12,18,17,utility-only,local-sim,-0.10232022040745126,0,0
12,18,17,logged-IPW,local-sim,-0.10232022040745126,0,0
12,18,17,LinUCB,local-sim,-0.10232022040745126,0,0
12,18,17,Pareto,local-sim,-0.10232022040745126,0,0
12,18,17,oracle,local-sim,-0.10232022040745126,0,0
12,18,17,train-selected fixed,local-sim,-0.10232022040745126,0,0
12,18,17,always invoke-QPU,invoke-QPU,-7.262128630755571,1,1
12,18,17,always remote-sim,remote-sim,-8.522309209678129,1,0
12,18,17,always local-sim,local-sim,-0.10232022040745126,0,0
12,18,17,always fallback,fallback,-0.2037511244737827,0,0
12,18,18,P1,local-sim,-0.09948288828756538,0,0
12,18,18,utility-only,local-sim,-0.09948288828756538,0,0
12,18,18,logged-IPW,local-sim,-0.09948288828756538,0,0
12,18,18,LinUCB,local-sim,-0.09948288828756538,0,0
12,18,18,Pareto,local-sim,-0.09948288828756538,0,0
12,18,18,oracle,local-sim,-0.09948288828756538,0,0
12,18,18,train-selected fixed,local-sim,-0.09948288828756538,0,0
12,18,18,always invoke-QPU,invoke-QPU,-7.311834534150526,1,1
12,18,18,always remote-sim,remote-sim,-8.336019983482618,1,0
12,18,18,always local-sim,local-sim,-0.09948288828756538,0,0
12,18,18,always fallback,fallback,-0.17917683272231136,0,0
12,18,19,P1,local-sim,-0.10106500269637426,0,0
12,18,19,utility-only,local-sim,-0.10106500269637426,0,0
12,18,19,logged-IPW,local-sim,-0.10106500269637426,0,0
12,18,19,LinUCB,local-sim,-0.10106500269637426,0,0
12,18,19,Pareto,local-sim,-0.10106500269637426,0,0
12,18,19,oracle,local-sim,-0.10106500269637426,0,0
12,18,19,train-selected fixed,local-sim,-0.10106500269637426,0,0
12,18,19,always invoke-QPU,invoke-QPU,-5.36784339921297,0,1
12,18,19,always remote-sim,remote-sim,-4.925993882715691,0,0
12,18,19,always local-sim,local-sim,-0.10106500269637426,0,0
12,18,19,always fallback,fallback,-0.18452341053872343,0,0
12,18,20,P1,local-sim,-0.104657776985183,0,0
12,18,20,utility-only,local-sim,-0.104657776985183,0,0
12,18,20,logged-IPW,local-sim,-0.104657776985183,0,0
12,18,20,LinUCB,remote-sim,-0.11992368302541787,0,0
12,18,20,Pareto,local-sim,-0.104657776985183,0,0
12,18,20,oracle,local-sim,-0.104657776985183,0,0
12,18,20,train-selected fixed,local-sim,-0.104657776985183,0,0
12,18,20,always invoke-QPU,invoke-QPU,-0.1333357759319867,0,0
12,18,20,always remote-sim,remote-sim,-0.11992368302541787,0,0
12,18,20,always local-sim,local-sim,-0.104657776985183,0,0
12,18,20,always fallback,fallback,-0.19236583381925548,0,0
12,18,21,P1,local-sim,-0.09663903776442302,0,0
12,18,21,utility-only,local-sim,-0.09663903776442302,0,0
12,18,21,logged-IPW,local-sim,-0.09663903776442302,0,0
12,18,21,LinUCB,remote-sim,-0.1623021853113573,0,0
12,18,21,Pareto,local-sim,-0.09663903776442302,0,0
12,18,21,oracle,local-sim,-0.09663903776442302,0,0
12,18,21,train-selected fixed,local-sim,-0.09663903776442302,0,0
12,18,21,always invoke-QPU,invoke-QPU,-2.11265524775752,1,0
12,18,21,always remote-sim,remote-sim,-0.1623021853113573,0,0
12,18,21,always local-sim,local-sim,-0.09663903776442302,0,0
12,18,21,always fallback,fallback,-0.20196573677973234,0,0
12,18,22,P1,local-sim,-0.09629166315295279,0,0
12,18,22,utility-only,local-sim,-0.09629166315295279,0,0
12,18,22,logged-IPW,local-sim,-0.09629166315295279,0,0
12,18,22,LinUCB,local-sim,-0.09629166315295279,0,0
12,18,22,Pareto,local-sim,-0.09629166315295279,0,0
12,18,22,oracle,local-sim,-0.09629166315295279,0,0
12,18,22,train-selected fixed,local-sim,-0.09629166315295279,0,0
12,18,22,always invoke-QPU,invoke-QPU,-0.12017532551228767,0,0
12,18,22,always remote-sim,remote-sim,-0.48645794915177115,0,0
12,18,22,always local-sim,local-sim,-0.09629166315295279,0,0
12,18,22,always fallback,fallback,-0.1922454255191256,0,0
12,18,23,P1,local-sim,-0.12311669124854048,0,0
12,18,23,utility-only,local-sim,-0.12311669124854048,0,0
12,18,23,logged-IPW,local-sim,-0.12311669124854048,0,0
12,18,23,LinUCB,local-sim,-0.12311669124854048,0,0
12,18,23,Pareto,local-sim,-0.12311669124854048,0,0
12,18,23,oracle,local-sim,-0.12311669124854048,0,0
12,18,23,train-selected fixed,local-sim,-0.12311669124854048,0,0
12,18,23,always invoke-QPU,invoke-QPU,-8.58125243243068,1,1
12,18,23,always remote-sim,remote-sim,-19.982301243145216,1,1
12,18,23,always local-sim,local-sim,-0.12311669124854048,0,0
12,18,23,always fallback,fallback,-0.20835982360203503,0,0
12,18,24,P1,local-sim,-0.1009807342554211,0,0
12,18,24,utility-only,local-sim,-0.1009807342554211,0,0
12,18,24,logged-IPW,local-sim,-0.1009807342554211,0,0
12,18,24,LinUCB,local-sim,-0.1009807342554211,0,0
12,18,24,Pareto,local-sim,-0.1009807342554211,0,0
12,18,24,oracle,local-sim,-0.1009807342554211,0,0
12,18,24,train-selected fixed,local-sim,-0.1009807342554211,0,0
12,18,24,always invoke-QPU,invoke-QPU,-2.1592125600805487,1,0
12,18,24,always remote-sim,remote-sim,-0.19360493461290595,0,0
12,18,24,always local-sim,local-sim,-0.1009807342554211,0,0
12,18,24,always fallback,fallback,-0.20567666992366027,0,0
12,18,25,P1,local-sim,-0.10243645825574166,0,0
12,18,25,utility-only,local-sim,-0.10243645825574166,0,0
12,18,25,logged-IPW,local-sim,-0.10243645825574166,0,0
12,18,25,LinUCB,remote-sim,-0.13967650289193412,0,0
12,18,25,Pareto,local-sim,-0.10243645825574166,0,0
12,18,25,oracle,local-sim,-0.10243645825574166,0,0
12,18,25,train-selected fixed,local-sim,-0.10243645825574166,0,0
12,18,25,always invoke-QPU,invoke-QPU,-0.129200553712633,0,0
12,18,25,always remote-sim,remote-sim,-0.13967650289193412,0,0
12,18,25,always local-sim,local-sim,-0.10243645825574166,0,0
12,18,25,always fallback,fallback,-0.1937377660263164,0,0
12,18,26,P1,local-sim,-0.09856837726299182,0,0
12,18,26,utility-only,local-sim,-0.09856837726299182,0,0
12,18,26,logged-IPW,local-sim,-0.09856837726299182,0,0
12,18,26,LinUCB,local-sim,-0.09856837726299182,0,0
12,18,26,Pareto,local-sim,-0.09856837726299182,0,0
12,18,26,oracle,local-sim,-0.09856837726299182,0,0
12,18,26,train-selected fixed,local-sim,-0.09856837726299182,0,0
12,18,26,always invoke-QPU,invoke-QPU,-7.215097442044082,1,1
12,18,26,always remote-sim,remote-sim,-12.542278304235111,1,1
12,18,26,always local-sim,local-sim,-0.09856837726299182,0,0
12,18,26,always fallback,fallback,-0.19171945582350794,0,0
12,18,27,P1,local-sim,-0.10699037862251087,0,0
12,18,27,utility-only,local-sim,-0.10699037862251087,0,0
12,18,27,logged-IPW,local-sim,-0.10699037862251087,0,0
12,18,27,LinUCB,local-sim,-0.10699037862251087,0,0
12,18,27,Pareto,local-sim,-0.10699037862251087,0,0
12,18,27,oracle,local-sim,-0.10699037862251087,0,0
12,18,27,train-selected fixed,local-sim,-0.10699037862251087,0,0
12,18,27,always invoke-QPU,invoke-QPU,-2.301481104297854,1,0
12,18,27,always remote-sim,remote-sim,-3.456590288305629,0,0
12,18,27,always local-sim,local-sim,-0.10699037862251087,0,0
12,18,27,always fallback,fallback,-0.21725586673388586,0,0
12,18,28,P1,local-sim,-2.107651784125743,1,0
12,18,28,utility-only,local-sim,-2.107651784125743,1,0
12,18,28,logged-IPW,local-sim,-2.107651784125743,1,0
12,18,28,LinUCB,local-sim,-2.107651784125743,1,0
12,18,28,Pareto,local-sim,-2.107651784125743,1,0
12,18,28,oracle,remote-sim,-0.18347151229032965,0,0
12,18,28,train-selected fixed,local-sim,-2.107651784125743,1,0
12,18,28,always invoke-QPU,invoke-QPU,-2.145931004986908,1,0
12,18,28,always remote-sim,remote-sim,-0.18347151229032965,0,0
12,18,28,always local-sim,local-sim,-2.107651784125743,1,0
12,18,28,always fallback,fallback,-0.20006460013951852,0,0
12,18,29,P1,local-sim,-0.10647550450379781,0,0
12,18,29,utility-only,local-sim,-0.10647550450379781,0,0
12,18,29,logged-IPW,local-sim,-0.10647550450379781,0,0
12,18,29,LinUCB,local-sim,-0.10647550450379781,0,0
12,18,29,Pareto,local-sim,-0.10647550450379781,0,0
12,18,29,oracle,local-sim,-0.10647550450379781,0,0
12,18,29,train-selected fixed,local-sim,-0.10647550450379781,0,0
12,18,29,always invoke-QPU,invoke-QPU,-2.198133233046234,1,0
12,18,29,always remote-sim,remote-sim,-0.1757876217962182,0,0
12,18,29,always local-sim,local-sim,-0.10647550450379781,0,0
12,18,29,always fallback,fallback,-0.1962053476871361,0,0
12,19,0,P1,local-sim,-0.1024650977253598,0,0
12,19,0,utility-only,local-sim,-0.1024650977253598,0,0
12,19,0,logged-IPW,local-sim,-0.1024650977253598,0,0
12,19,0,LinUCB,local-sim,-0.1024650977253598,0,0
12,19,0,Pareto,local-sim,-0.1024650977253598,0,0
12,19,0,oracle,local-sim,-0.1024650977253598,0,0
12,19,0,train-selected fixed,local-sim,-0.1024650977253598,0,0
12,19,0,always invoke-QPU,invoke-QPU,-7.77206424493361,1,1
12,19,0,always remote-sim,remote-sim,-14.049443159302555,1,1
12,19,0,always local-sim,local-sim,-0.1024650977253598,0,0
12,19,0,always fallback,fallback,-0.18598909363482485,0,0
12,19,1,P1,local-sim,-0.10875663187462552,0,0
12,19,1,utility-only,local-sim,-0.10875663187462552,0,0
12,19,1,logged-IPW,local-sim,-0.10875663187462552,0,0
12,19,1,LinUCB,local-sim,-0.10875663187462552,0,0
12,19,1,Pareto,local-sim,-0.10875663187462552,0,0
12,19,1,oracle,local-sim,-0.10875663187462552,0,0
12,19,1,train-selected fixed,local-sim,-0.10875663187462552,0,0
12,19,1,always invoke-QPU,invoke-QPU,-7.3912962986321045,1,1
12,19,1,always remote-sim,remote-sim,-3.9336131570671493,1,0
12,19,1,always local-sim,local-sim,-0.10875663187462552,0,0
12,19,1,always fallback,fallback,-0.20150776516861424,0,0
12,19,2,P1,local-sim,-0.11753890817999557,0,0
12,19,2,utility-only,local-sim,-0.11753890817999557,0,0
12,19,2,logged-IPW,local-sim,-0.11753890817999557,0,0
12,19,2,LinUCB,local-sim,-0.11753890817999557,0,0
12,19,2,Pareto,local-sim,-0.11753890817999557,0,0
12,19,2,oracle,local-sim,-0.11753890817999557,0,0
12,19,2,train-selected fixed,local-sim,-0.11753890817999557,0,0
12,19,2,always invoke-QPU,invoke-QPU,-0.151381577610385,0,0
12,19,2,always remote-sim,remote-sim,-0.337757678619542,0,0
12,19,2,always local-sim,local-sim,-0.11753890817999557,0,0
12,19,2,always fallback,fallback,-0.20934728850286843,0,0
12,19,3,P1,local-sim,-0.10117456117769376,0,0
12,19,3,utility-only,local-sim,-0.10117456117769376,0,0
12,19,3,logged-IPW,local-sim,-0.10117456117769376,0,0
12,19,3,LinUCB,local-sim,-0.10117456117769376,0,0
12,19,3,Pareto,local-sim,-0.10117456117769376,0,0
12,19,3,oracle,local-sim,-0.10117456117769376,0,0
12,19,3,train-selected fixed,local-sim,-0.10117456117769376,0,0
12,19,3,always invoke-QPU,invoke-QPU,-2.148339708480914,1,0
12,19,3,always remote-sim,remote-sim,-0.2301697409875976,0,0
12,19,3,always local-sim,local-sim,-0.10117456117769376,0,0
12,19,3,always fallback,fallback,-0.22167027332405567,0,0
12,19,4,P1,local-sim,-0.11419256810255245,0,0
12,19,4,utility-only,local-sim,-0.11419256810255245,0,0
12,19,4,logged-IPW,local-sim,-0.11419256810255245,0,0
12,19,4,LinUCB,local-sim,-0.11419256810255245,0,0
12,19,4,Pareto,local-sim,-0.11419256810255245,0,0
12,19,4,oracle,local-sim,-0.11419256810255245,0,0
12,19,4,train-selected fixed,local-sim,-0.11419256810255245,0,0
12,19,4,always invoke-QPU,invoke-QPU,-0.15013801692416823,0,0
12,19,4,always remote-sim,remote-sim,-0.1953812786982087,0,0
12,19,4,always local-sim,local-sim,-0.11419256810255245,0,0
12,19,4,always fallback,fallback,-0.21156617000221029,0,0
12,19,5,P1,local-sim,-0.10759720469884868,0,0
12,19,5,utility-only,local-sim,-0.10759720469884868,0,0
12,19,5,logged-IPW,local-sim,-0.10759720469884868,0,0
12,19,5,LinUCB,local-sim,-0.10759720469884868,0,0
12,19,5,Pareto,local-sim,-0.10759720469884868,0,0
12,19,5,oracle,local-sim,-0.10759720469884868,0,0
12,19,5,train-selected fixed,local-sim,-0.10759720469884868,0,0
12,19,5,always invoke-QPU,invoke-QPU,-0.18703993859951312,0,0
12,19,5,always remote-sim,remote-sim,-0.25403201264658926,0,0
12,19,5,always local-sim,local-sim,-0.10759720469884868,0,0
12,19,5,always fallback,fallback,-0.2215186957322722,0,0
12,19,6,P1,local-sim,-0.113480060529544,0,0
12,19,6,utility-only,local-sim,-0.113480060529544,0,0
12,19,6,logged-IPW,local-sim,-0.113480060529544,0,0
12,19,6,LinUCB,local-sim,-0.113480060529544,0,0
12,19,6,Pareto,local-sim,-0.113480060529544,0,0
12,19,6,oracle,local-sim,-0.113480060529544,0,0
12,19,6,train-selected fixed,local-sim,-0.113480060529544,0,0
12,19,6,always invoke-QPU,invoke-QPU,-7.426354246173163,1,1
12,19,6,always remote-sim,remote-sim,-11.4941579969767,1,1
12,19,6,always local-sim,local-sim,-0.113480060529544,0,0
12,19,6,always fallback,fallback,-0.2105732603680638,0,0
12,19,7,P1,local-sim,-0.10692988891088623,0,0
12,19,7,utility-only,local-sim,-0.10692988891088623,0,0
12,19,7,logged-IPW,local-sim,-0.10692988891088623,0,0
12,19,7,LinUCB,local-sim,-0.10692988891088623,0,0
12,19,7,Pareto,local-sim,-0.10692988891088623,0,0
12,19,7,oracle,local-sim,-0.10692988891088623,0,0
12,19,7,train-selected fixed,local-sim,-0.10692988891088623,0,0
12,19,7,always invoke-QPU,invoke-QPU,-0.12388887839152374,0,0
12,19,7,always remote-sim,remote-sim,-0.2597380111291586,0,0
12,19,7,always local-sim,local-sim,-0.10692988891088623,0,0
12,19,7,always fallback,fallback,-0.1865161746935093,0,0
12,19,8,P1,local-sim,-0.10393644279977775,0,0
12,19,8,utility-only,local-sim,-0.10393644279977775,0,0
12,19,8,logged-IPW,local-sim,-0.10393644279977775,0,0
12,19,8,LinUCB,local-sim,-0.10393644279977775,0,0
12,19,8,Pareto,local-sim,-0.10393644279977775,0,0
12,19,8,oracle,local-sim,-0.10393644279977775,0,0
12,19,8,train-selected fixed,local-sim,-0.10393644279977775,0,0
12,19,8,always invoke-QPU,invoke-QPU,-2.1576326903236596,1,0
12,19,8,always remote-sim,remote-sim,-0.2534082253824794,0,0
12,19,8,always local-sim,local-sim,-0.10393644279977775,0,0
12,19,8,always fallback,fallback,-0.21754150328812533,0,0
12,19,9,P1,local-sim,-0.11438256811239034,0,0
12,19,9,utility-only,local-sim,-0.11438256811239034,0,0
12,19,9,logged-IPW,local-sim,-0.11438256811239034,0,0
12,19,9,LinUCB,local-sim,-0.11438256811239034,0,0
12,19,9,Pareto,local-sim,-0.11438256811239034,0,0
12,19,9,oracle,local-sim,-0.11438256811239034,0,0
12,19,9,train-selected fixed,local-sim,-0.11438256811239034,0,0
12,19,9,always invoke-QPU,invoke-QPU,-2.2728988313625416,1,0
12,19,9,always remote-sim,remote-sim,-0.13069808752749879,0,0
12,19,9,always local-sim,local-sim,-0.11438256811239034,0,0
12,19,9,always fallback,fallback,-0.21579705375009936,0,0
12,19,10,P1,local-sim,-0.11013093044550822,0,0
12,19,10,utility-only,local-sim,-0.11013093044550822,0,0
12,19,10,logged-IPW,local-sim,-0.11013093044550822,0,0
12,19,10,LinUCB,local-sim,-0.11013093044550822,0,0
12,19,10,Pareto,local-sim,-0.11013093044550822,0,0
12,19,10,oracle,local-sim,-0.11013093044550822,0,0
12,19,10,train-selected fixed,local-sim,-0.11013093044550822,0,0
12,19,10,always invoke-QPU,invoke-QPU,-8.403075513759184,1,1
12,19,10,always remote-sim,remote-sim,-18.094835273114953,1,0
12,19,10,always local-sim,local-sim,-0.11013093044550822,0,0
12,19,10,always fallback,fallback,-0.2000689819393727,0,0
12,19,11,P1,local-sim,-0.11399208545134595,0,0
12,19,11,utility-only,local-sim,-0.11399208545134595,0,0
12,19,11,logged-IPW,local-sim,-0.11399208545134595,0,0
12,19,11,LinUCB,local-sim,-0.11399208545134595,0,0
12,19,11,Pareto,local-sim,-0.11399208545134595,0,0
12,19,11,oracle,local-sim,-0.11399208545134595,0,0
12,19,11,train-selected fixed,local-sim,-0.11399208545134595,0,0
12,19,11,always invoke-QPU,invoke-QPU,-0.1800654439031587,0,0
12,19,11,always remote-sim,remote-sim,-0.26342262097563923,0,0
12,19,11,always local-sim,local-sim,-0.11399208545134595,0,0
12,19,11,always fallback,fallback,-0.21143118034008654,0,0
12,19,12,P1,local-sim,-0.10621018759603204,0,0
12,19,12,utility-only,local-sim,-0.10621018759603204,0,0
12,19,12,logged-IPW,local-sim,-0.10621018759603204,0,0
12,19,12,LinUCB,local-sim,-0.10621018759603204,0,0
12,19,12,Pareto,local-sim,-0.10621018759603204,0,0
12,19,12,oracle,local-sim,-0.10621018759603204,0,0
12,19,12,train-selected fixed,local-sim,-0.10621018759603204,0,0
12,19,12,always invoke-QPU,invoke-QPU,-0.17693785150138236,0,0
12,19,12,always remote-sim,remote-sim,-0.15611808961919474,0,0
12,19,12,always local-sim,local-sim,-0.10621018759603204,0,0
12,19,12,always fallback,fallback,-0.19579181376011448,0,0
12,19,13,P1,local-sim,-0.1190211843611433,0,0
12,19,13,utility-only,local-sim,-0.1190211843611433,0,0
12,19,13,logged-IPW,local-sim,-0.1190211843611433,0,0
12,19,13,LinUCB,local-sim,-0.1190211843611433,0,0
12,19,13,Pareto,local-sim,-0.1190211843611433,0,0
12,19,13,oracle,local-sim,-0.1190211843611433,0,0
12,19,13,train-selected fixed,local-sim,-0.1190211843611433,0,0
12,19,13,always invoke-QPU,invoke-QPU,-0.18501243414526225,0,0
12,19,13,always remote-sim,remote-sim,-0.2167991435327888,0,0
12,19,13,always local-sim,local-sim,-0.1190211843611433,0,0
12,19,13,always fallback,fallback,-0.19462898501040068,0,0
12,19,14,P1,local-sim,-0.12031919306514989,0,0
12,19,14,utility-only,local-sim,-0.12031919306514989,0,0
12,19,14,logged-IPW,local-sim,-0.12031919306514989,0,0
12,19,14,LinUCB,local-sim,-0.12031919306514989,0,0
12,19,14,Pareto,local-sim,-0.12031919306514989,0,0
12,19,14,oracle,local-sim,-0.12031919306514989,0,0
12,19,14,train-selected fixed,local-sim,-0.12031919306514989,0,0
12,19,14,always invoke-QPU,invoke-QPU,-0.15886789974833665,0,0
12,19,14,always remote-sim,remote-sim,-0.23002282517585582,0,0
12,19,14,always local-sim,local-sim,-0.12031919306514989,0,0
12,19,14,always fallback,fallback,-0.2112677709867165,0,0
12,19,15,P1,local-sim,-0.10390715912281864,0,0
12,19,15,utility-only,local-sim,-0.10390715912281864,0,0
12,19,15,logged-IPW,local-sim,-0.10390715912281864,0,0
12,19,15,LinUCB,remote-sim,-0.11440955673905041,0,0
12,19,15,Pareto,local-sim,-0.10390715912281864,0,0
12,19,15,oracle,local-sim,-0.10390715912281864,0,0
12,19,15,train-selected fixed,local-sim,-0.10390715912281864,0,0
12,19,15,always invoke-QPU,invoke-QPU,-0.12757383121022406,0,0
12,19,15,always remote-sim,remote-sim,-0.11440955673905041,0,0
12,19,15,always local-sim,local-sim,-0.10390715912281864,0,0
12,19,15,always fallback,fallback,-0.2025429353148578,0,0
12,19,16,P1,local-sim,-0.11808689950757223,0,0
12,19,16,utility-only,local-sim,-0.11808689950757223,0,0
12,19,16,logged-IPW,local-sim,-0.11808689950757223,0,0
12,19,16,LinUCB,local-sim,-0.11808689950757223,0,0
12,19,16,Pareto,local-sim,-0.11808689950757223,0,0
12,19,16,oracle,local-sim,-0.11808689950757223,0,0
12,19,16,train-selected fixed,local-sim,-0.11808689950757223,0,0
12,19,16,always invoke-QPU,invoke-QPU,-2.18583952196761,1,0
12,19,16,always remote-sim,remote-sim,-0.36165840470445865,0,0
12,19,16,always local-sim,local-sim,-0.11808689950757223,0,0
12,19,16,always fallback,fallback,-0.2098458290399416,0,0
12,19,17,P1,local-sim,-0.10561740653885378,0,0
12,19,17,utility-only,local-sim,-0.10561740653885378,0,0
12,19,17,logged-IPW,local-sim,-0.10561740653885378,0,0
12,19,17,LinUCB,local-sim,-0.10561740653885378,0,0
12,19,17,Pareto,local-sim,-0.10561740653885378,0,0
12,19,17,oracle,local-sim,-0.10561740653885378,0,0
12,19,17,train-selected fixed,local-sim,-0.10561740653885378,0,0
12,19,17,always invoke-QPU,invoke-QPU,-2.2123866581208373,1,0
12,19,17,always remote-sim,remote-sim,-0.2864556431187829,0,0
12,19,17,always local-sim,local-sim,-0.10561740653885378,0,0
12,19,17,always fallback,fallback,-0.19086398500905943,0,0
12,19,18,P1,local-sim,-0.09665156715963026,0,0
12,19,18,utility-only,local-sim,-0.09665156715963026,0,0
12,19,18,logged-IPW,local-sim,-0.09665156715963026,0,0
12,19,18,LinUCB,local-sim,-0.09665156715963026,0,0
12,19,18,Pareto,local-sim,-0.09665156715963026,0,0
12,19,18,oracle,local-sim,-0.09665156715963026,0,0
12,19,18,train-selected fixed,local-sim,-0.09665156715963026,0,0
12,19,18,always invoke-QPU,invoke-QPU,-2.376175849269217,1,0
12,19,18,always remote-sim,remote-sim,-9.354860999367535,1,0
12,19,18,always local-sim,local-sim,-0.09665156715963026,0,0
12,19,18,always fallback,fallback,-0.2123778705053015,0,0
12,19,19,P1,local-sim,-0.09689292211094622,0,0
12,19,19,utility-only,local-sim,-0.09689292211094622,0,0
12,19,19,logged-IPW,local-sim,-0.09689292211094622,0,0
12,19,19,LinUCB,local-sim,-0.09689292211094622,0,0
12,19,19,Pareto,local-sim,-0.09689292211094622,0,0
12,19,19,oracle,local-sim,-0.09689292211094622,0,0
12,19,19,train-selected fixed,local-sim,-0.09689292211094622,0,0
12,19,19,always invoke-QPU,invoke-QPU,-2.1416344854651856,1,0
12,19,19,always remote-sim,remote-sim,-0.1633434823802275,0,0
12,19,19,always local-sim,local-sim,-0.09689292211094622,0,0
12,19,19,always fallback,fallback,-0.18877390716550804,0,0
12,19,20,P1,local-sim,-0.12435821076933497,0,0
12,19,20,utility-only,local-sim,-0.12435821076933497,0,0
12,19,20,logged-IPW,local-sim,-0.12435821076933497,0,0
12,19,20,LinUCB,local-sim,-0.12435821076933497,0,0
12,19,20,Pareto,local-sim,-0.12435821076933497,0,0
12,19,20,oracle,local-sim,-0.12435821076933497,0,0
12,19,20,train-selected fixed,local-sim,-0.12435821076933497,0,0
12,19,20,always invoke-QPU,invoke-QPU,-0.17923030851850863,0,0
12,19,20,always remote-sim,remote-sim,-0.24028756570643153,0,0
12,19,20,always local-sim,local-sim,-0.12435821076933497,0,0
12,19,20,always fallback,fallback,-0.20132148753312087,0,0
12,19,21,P1,local-sim,-0.104268144092171,0,0
12,19,21,utility-only,local-sim,-0.104268144092171,0,0
12,19,21,logged-IPW,local-sim,-0.104268144092171,0,0
12,19,21,LinUCB,local-sim,-0.104268144092171,0,0
12,19,21,Pareto,local-sim,-0.104268144092171,0,0
12,19,21,oracle,local-sim,-0.104268144092171,0,0
12,19,21,train-selected fixed,local-sim,-0.104268144092171,0,0
12,19,21,always invoke-QPU,invoke-QPU,-0.4422359077926545,0,0
12,19,21,always remote-sim,remote-sim,-4.037973242226195,0,0
12,19,21,always local-sim,local-sim,-0.104268144092171,0,0
12,19,21,always fallback,fallback,-0.18981816643870894,0,0
12,19,22,P1,local-sim,-0.10566419610845307,0,0
12,19,22,utility-only,local-sim,-0.10566419610845307,0,0
12,19,22,logged-IPW,local-sim,-0.10566419610845307,0,0
12,19,22,LinUCB,local-sim,-0.10566419610845307,0,0
12,19,22,Pareto,local-sim,-0.10566419610845307,0,0
12,19,22,oracle,local-sim,-0.10566419610845307,0,0
12,19,22,train-selected fixed,local-sim,-0.10566419610845307,0,0
12,19,22,always invoke-QPU,invoke-QPU,-0.12786957476658473,0,0
12,19,22,always remote-sim,remote-sim,-0.179155464160464,0,0
12,19,22,always local-sim,local-sim,-0.10566419610845307,0,0
12,19,22,always fallback,fallback,-0.20645206053897613,0,0
12,19,23,P1,local-sim,-0.10300543514166782,0,0
12,19,23,utility-only,local-sim,-0.10300543514166782,0,0
12,19,23,logged-IPW,local-sim,-0.10300543514166782,0,0
12,19,23,LinUCB,local-sim,-0.10300543514166782,0,0
12,19,23,Pareto,local-sim,-0.10300543514166782,0,0
12,19,23,oracle,local-sim,-0.10300543514166782,0,0
12,19,23,train-selected fixed,local-sim,-0.10300543514166782,0,0
12,19,23,always invoke-QPU,invoke-QPU,-0.14062911342106402,0,0
12,19,23,always remote-sim,remote-sim,-0.20017918178452168,0,0
12,19,23,always local-sim,local-sim,-0.10300543514166782,0,0
12,19,23,always fallback,fallback,-0.19277017891843762,0,0
12,19,24,P1,local-sim,-0.11367053432582888,0,0
12,19,24,utility-only,local-sim,-0.11367053432582888,0,0
12,19,24,logged-IPW,local-sim,-0.11367053432582888,0,0
12,19,24,LinUCB,local-sim,-0.11367053432582888,0,0
12,19,24,Pareto,local-sim,-0.11367053432582888,0,0
12,19,24,oracle,local-sim,-0.11367053432582888,0,0
12,19,24,train-selected fixed,local-sim,-0.11367053432582888,0,0
12,19,24,always invoke-QPU,invoke-QPU,-0.17599166797029903,0,0
12,19,24,always remote-sim,remote-sim,-0.17709630416319816,0,0
12,19,24,always local-sim,local-sim,-0.11367053432582888,0,0
12,19,24,always fallback,fallback,-0.20522334760209698,0,0
12,19,25,P1,local-sim,-0.10930510958354121,0,0
12,19,25,utility-only,local-sim,-0.10930510958354121,0,0
12,19,25,logged-IPW,local-sim,-0.10930510958354121,0,0
12,19,25,LinUCB,local-sim,-0.10930510958354121,0,0
12,19,25,Pareto,local-sim,-0.10930510958354121,0,0
12,19,25,oracle,local-sim,-0.10930510958354121,0,0
12,19,25,train-selected fixed,local-sim,-0.10930510958354121,0,0
12,19,25,always invoke-QPU,invoke-QPU,-7.449835818225752,1,1
12,19,25,always remote-sim,remote-sim,-3.51953503675256,0,0
12,19,25,always local-sim,local-sim,-0.10930510958354121,0,0
12,19,25,always fallback,fallback,-0.20648447272550144,0,0
12,19,26,P1,local-sim,-0.10699301781804246,0,0
12,19,26,utility-only,local-sim,-0.10699301781804246,0,0
12,19,26,logged-IPW,local-sim,-0.10699301781804246,0,0
12,19,26,LinUCB,local-sim,-0.10699301781804246,0,0
12,19,26,Pareto,local-sim,-0.10699301781804246,0,0
12,19,26,oracle,local-sim,-0.10699301781804246,0,0
12,19,26,train-selected fixed,local-sim,-0.10699301781804246,0,0
12,19,26,always invoke-QPU,invoke-QPU,-7.796168553561639,1,1
12,19,26,always remote-sim,remote-sim,-7.463692444912168,0,0
12,19,26,always local-sim,local-sim,-0.10699301781804246,0,0
12,19,26,always fallback,fallback,-0.20399173183294722,0,0
12,19,27,P1,local-sim,-0.11002607656412841,0,0
12,19,27,utility-only,local-sim,-0.11002607656412841,0,0
12,19,27,logged-IPW,local-sim,-0.11002607656412841,0,0
12,19,27,LinUCB,remote-sim,-0.1972625553368976,0,0
12,19,27,Pareto,local-sim,-0.11002607656412841,0,0
12,19,27,oracle,local-sim,-0.11002607656412841,0,0
12,19,27,train-selected fixed,local-sim,-0.11002607656412841,0,0
12,19,27,always invoke-QPU,invoke-QPU,-0.14173452834338113,0,0
12,19,27,always remote-sim,remote-sim,-0.1972625553368976,0,0
12,19,27,always local-sim,local-sim,-0.11002607656412841,0,0
12,19,27,always fallback,fallback,-0.18496794944123826,0,0
12,19,28,P1,local-sim,-0.10694044929195749,0,0
12,19,28,utility-only,local-sim,-0.10694044929195749,0,0
12,19,28,logged-IPW,local-sim,-0.10694044929195749,0,0
12,19,28,LinUCB,local-sim,-0.10694044929195749,0,0
12,19,28,Pareto,local-sim,-0.10694044929195749,0,0
12,19,28,oracle,local-sim,-0.10694044929195749,0,0
12,19,28,train-selected fixed,local-sim,-0.10694044929195749,0,0
12,19,28,always invoke-QPU,invoke-QPU,-0.12855159909120067,0,0
12,19,28,always remote-sim,remote-sim,-0.1246830533042308,0,0
12,19,28,always local-sim,local-sim,-0.10694044929195749,0,0
12,19,28,always fallback,fallback,-0.19870007508816143,0,0
12,19,29,P1,local-sim,-0.09789944855392269,0,0
12,19,29,utility-only,local-sim,-0.09789944855392269,0,0
12,19,29,logged-IPW,local-sim,-0.09789944855392269,0,0
12,19,29,LinUCB,local-sim,-0.09789944855392269,0,0
12,19,29,Pareto,local-sim,-0.09789944855392269,0,0
12,19,29,oracle,local-sim,-0.09789944855392269,0,0
12,19,29,train-selected fixed,local-sim,-0.09789944855392269,0,0
12,19,29,always invoke-QPU,invoke-QPU,-2.410527105037385,1,0
12,19,29,always remote-sim,remote-sim,-17.87687799159005,1,1
12,19,29,always local-sim,local-sim,-0.09789944855392269,0,0
12,19,29,always fallback,fallback,-0.191225830463673,0,0
12,20,0,P1,local-sim,-0.09558827669703718,0,0
12,20,0,utility-only,local-sim,-0.09558827669703718,0,0
12,20,0,logged-IPW,local-sim,-0.09558827669703718,0,0
12,20,0,LinUCB,remote-sim,-0.1878848920625124,0,0
12,20,0,Pareto,local-sim,-0.09558827669703718,0,0
12,20,0,oracle,local-sim,-0.09558827669703718,0,0
12,20,0,train-selected fixed,local-sim,-0.09558827669703718,0,0
12,20,0,always invoke-QPU,invoke-QPU,-0.11615149784185946,0,0
12,20,0,always remote-sim,remote-sim,-0.1878848920625124,0,0
12,20,0,always local-sim,local-sim,-0.09558827669703718,0,0
12,20,0,always fallback,fallback,-0.1978915616565997,0,0
12,20,1,P1,local-sim,-0.0960940155067385,0,0
12,20,1,utility-only,local-sim,-0.0960940155067385,0,0
12,20,1,logged-IPW,local-sim,-0.0960940155067385,0,0
12,20,1,LinUCB,local-sim,-0.0960940155067385,0,0
12,20,1,Pareto,local-sim,-0.0960940155067385,0,0
12,20,1,oracle,local-sim,-0.0960940155067385,0,0
12,20,1,train-selected fixed,local-sim,-0.0960940155067385,0,0
12,20,1,always invoke-QPU,invoke-QPU,-0.10883587792412615,0,0
12,20,1,always remote-sim,remote-sim,-0.1573308231584148,0,0
12,20,1,always local-sim,local-sim,-0.0960940155067385,0,0
12,20,1,always fallback,fallback,-0.20644405369319832,0,0
12,20,2,P1,local-sim,-0.10107684698177398,0,0
12,20,2,utility-only,local-sim,-0.10107684698177398,0,0
12,20,2,logged-IPW,local-sim,-0.10107684698177398,0,0
12,20,2,LinUCB,local-sim,-0.10107684698177398,0,0
12,20,2,Pareto,local-sim,-0.10107684698177398,0,0
12,20,2,oracle,local-sim,-0.10107684698177398,0,0
12,20,2,train-selected fixed,local-sim,-0.10107684698177398,0,0
12,20,2,always invoke-QPU,invoke-QPU,-0.20011994986968124,0,0
12,20,2,always remote-sim,remote-sim,-0.1855201654164531,0,0
12,20,2,always local-sim,local-sim,-0.10107684698177398,0,0
12,20,2,always fallback,fallback,-0.19243349520133696,0,0
12,20,3,P1,local-sim,-0.10781230993961587,0,0
12,20,3,utility-only,local-sim,-0.10781230993961587,0,0
12,20,3,logged-IPW,local-sim,-0.10781230993961587,0,0
12,20,3,LinUCB,local-sim,-0.10781230993961587,0,0
12,20,3,Pareto,local-sim,-0.10781230993961587,0,0
12,20,3,oracle,local-sim,-0.10781230993961587,0,0
12,20,3,train-selected fixed,local-sim,-0.10781230993961587,0,0
12,20,3,always invoke-QPU,invoke-QPU,-2.1649179419529445,1,0
12,20,3,always remote-sim,remote-sim,-0.16485865039424283,0,0
12,20,3,always local-sim,local-sim,-0.10781230993961587,0,0
12,20,3,always fallback,fallback,-0.2157647599902346,0,0
12,20,4,P1,local-sim,-0.10586089215222594,0,0
12,20,4,utility-only,local-sim,-0.10586089215222594,0,0
12,20,4,logged-IPW,local-sim,-0.10586089215222594,0,0
12,20,4,LinUCB,local-sim,-0.10586089215222594,0,0
12,20,4,Pareto,local-sim,-0.10586089215222594,0,0
12,20,4,oracle,local-sim,-0.10586089215222594,0,0
12,20,4,train-selected fixed,local-sim,-0.10586089215222594,0,0
12,20,4,always invoke-QPU,invoke-QPU,-2.1491974603225845,1,0
12,20,4,always remote-sim,remote-sim,-0.2846768330682531,0,0
12,20,4,always local-sim,local-sim,-0.10586089215222594,0,0
12,20,4,always fallback,fallback,-0.1993067769347894,0,0
12,20,5,P1,local-sim,-0.11017111577639584,0,0
12,20,5,utility-only,local-sim,-0.11017111577639584,0,0
12,20,5,logged-IPW,local-sim,-0.11017111577639584,0,0
12,20,5,LinUCB,local-sim,-0.11017111577639584,0,0
12,20,5,Pareto,local-sim,-0.11017111577639584,0,0
12,20,5,oracle,local-sim,-0.11017111577639584,0,0
12,20,5,train-selected fixed,local-sim,-0.11017111577639584,0,0
12,20,5,always invoke-QPU,invoke-QPU,-0.12758223335577276,0,0
12,20,5,always remote-sim,remote-sim,-0.26910083805145607,0,0
12,20,5,always local-sim,local-sim,-0.11017111577639584,0,0
12,20,5,always fallback,fallback,-0.22035467045430218,0,0
12,20,6,P1,local-sim,-0.11017963636044972,0,0
12,20,6,utility-only,local-sim,-0.11017963636044972,0,0
12,20,6,logged-IPW,local-sim,-0.11017963636044972,0,0
12,20,6,LinUCB,local-sim,-0.11017963636044972,0,0
12,20,6,Pareto,local-sim,-0.11017963636044972,0,0
12,20,6,oracle,local-sim,-0.11017963636044972,0,0
12,20,6,train-selected fixed,local-sim,-0.11017963636044972,0,0
12,20,6,always invoke-QPU,invoke-QPU,-0.1483015986909841,0,0
12,20,6,always remote-sim,remote-sim,-0.2705844173800241,0,0
12,20,6,always local-sim,local-sim,-0.11017963636044972,0,0
12,20,6,always fallback,fallback,-0.21259658326591044,0,0
12,20,7,P1,local-sim,-0.10248436565085434,0,0
12,20,7,utility-only,local-sim,-0.10248436565085434,0,0
12,20,7,logged-IPW,local-sim,-0.10248436565085434,0,0
12,20,7,LinUCB,local-sim,-0.10248436565085434,0,0
12,20,7,Pareto,local-sim,-0.10248436565085434,0,0
12,20,7,oracle,local-sim,-0.10248436565085434,0,0
12,20,7,train-selected fixed,local-sim,-0.10248436565085434,0,0
12,20,7,always invoke-QPU,invoke-QPU,-0.17676308517894884,0,0
12,20,7,always remote-sim,remote-sim,-0.14195298826802025,0,0
12,20,7,always local-sim,local-sim,-0.10248436565085434,0,0
12,20,7,always fallback,fallback,-0.20686880421027706,0,0
12,20,8,P1,local-sim,-0.11681001188004307,0,0
12,20,8,utility-only,local-sim,-0.11681001188004307,0,0
12,20,8,logged-IPW,local-sim,-0.11681001188004307,0,0
12,20,8,LinUCB,local-sim,-0.11681001188004307,0,0
12,20,8,Pareto,local-sim,-0.11681001188004307,0,0
12,20,8,oracle,local-sim,-0.11681001188004307,0,0
12,20,8,train-selected fixed,local-sim,-0.11681001188004307,0,0
12,20,8,always invoke-QPU,invoke-QPU,-0.14958507968753504,0,0
12,20,8,always remote-sim,remote-sim,-0.34550741176532923,0,0
12,20,8,always local-sim,local-sim,-0.11681001188004307,0,0
12,20,8,always fallback,fallback,-0.19183233053614648,0,0
12,20,9,P1,local-sim,-0.10001999762169787,0,0
12,20,9,utility-only,local-sim,-0.10001999762169787,0,0
12,20,9,logged-IPW,local-sim,-0.10001999762169787,0,0
12,20,9,LinUCB,local-sim,-0.10001999762169787,0,0
12,20,9,Pareto,local-sim,-0.10001999762169787,0,0
12,20,9,oracle,local-sim,-0.10001999762169787,0,0
12,20,9,train-selected fixed,local-sim,-0.10001999762169787,0,0
12,20,9,always invoke-QPU,invoke-QPU,-0.1791271404222301,0,0
12,20,9,always remote-sim,remote-sim,-0.1541867614711123,0,0
12,20,9,always local-sim,local-sim,-0.10001999762169787,0,0
12,20,9,always fallback,fallback,-0.18479774988162093,0,0
12,20,10,P1,local-sim,-0.10605790382853596,0,0
12,20,10,utility-only,local-sim,-0.10605790382853596,0,0
12,20,10,logged-IPW,local-sim,-0.10605790382853596,0,0
12,20,10,LinUCB,local-sim,-0.10605790382853596,0,0
12,20,10,Pareto,local-sim,-0.10605790382853596,0,0
12,20,10,oracle,local-sim,-0.10605790382853596,0,0
12,20,10,train-selected fixed,local-sim,-0.10605790382853596,0,0
12,20,10,always invoke-QPU,invoke-QPU,-0.2235135552009519,0,0
12,20,10,always remote-sim,remote-sim,-0.4284124408597168,0,0
12,20,10,always local-sim,local-sim,-0.10605790382853596,0,0
12,20,10,always fallback,fallback,-0.21737884461787557,0,0
12,20,11,P1,local-sim,-0.11024584387653506,0,0
12,20,11,utility-only,local-sim,-0.11024584387653506,0,0
12,20,11,logged-IPW,local-sim,-0.11024584387653506,0,0
12,20,11,LinUCB,local-sim,-0.11024584387653506,0,0
12,20,11,Pareto,local-sim,-0.11024584387653506,0,0
12,20,11,oracle,local-sim,-0.11024584387653506,0,0
12,20,11,train-selected fixed,local-sim,-0.11024584387653506,0,0
12,20,11,always invoke-QPU,invoke-QPU,-2.1293792526066215,1,0
12,20,11,always remote-sim,remote-sim,-0.24399217551559801,0,0
12,20,11,always local-sim,local-sim,-0.11024584387653506,0,0
12,20,11,always fallback,fallback,-0.20670091750338832,0,0
12,20,12,P1,local-sim,-0.10335365572514653,0,0
12,20,12,utility-only,local-sim,-0.10335365572514653,0,0
12,20,12,logged-IPW,local-sim,-0.10335365572514653,0,0
12,20,12,LinUCB,remote-sim,-0.15138548482893782,0,0
12,20,12,Pareto,local-sim,-0.10335365572514653,0,0
12,20,12,oracle,invoke-QPU,-0.10159123677913287,0,0
12,20,12,train-selected fixed,local-sim,-0.10335365572514653,0,0
12,20,12,always invoke-QPU,invoke-QPU,-0.10159123677913287,0,0
12,20,12,always remote-sim,remote-sim,-0.15138548482893782,0,0
12,20,12,always local-sim,local-sim,-0.10335365572514653,0,0
12,20,12,always fallback,fallback,-0.1943926066342683,0,0
12,20,13,P1,local-sim,-0.1067050747392738,0,0
12,20,13,utility-only,local-sim,-0.1067050747392738,0,0
12,20,13,logged-IPW,local-sim,-0.1067050747392738,0,0
12,20,13,LinUCB,local-sim,-0.1067050747392738,0,0
12,20,13,Pareto,local-sim,-0.1067050747392738,0,0
12,20,13,oracle,local-sim,-0.1067050747392738,0,0
12,20,13,train-selected fixed,local-sim,-0.1067050747392738,0,0
12,20,13,always invoke-QPU,invoke-QPU,-0.16657520398686582,0,0
12,20,13,always remote-sim,remote-sim,-0.22335931248295912,0,0
12,20,13,always local-sim,local-sim,-0.1067050747392738,0,0
12,20,13,always fallback,fallback,-0.2132205945817823,0,0
12,20,14,P1,local-sim,-0.09481587011387474,0,0
12,20,14,utility-only,local-sim,-0.09481587011387474,0,0
12,20,14,logged-IPW,local-sim,-0.09481587011387474,0,0
12,20,14,LinUCB,local-sim,-0.09481587011387474,0,0
12,20,14,Pareto,local-sim,-0.09481587011387474,0,0
12,20,14,oracle,local-sim,-0.09481587011387474,0,0
12,20,14,train-selected fixed,local-sim,-0.09481587011387474,0,0
12,20,14,always invoke-QPU,invoke-QPU,-0.22198075143469254,0,0
12,20,14,always remote-sim,remote-sim,-0.14928792602635885,0,0
12,20,14,always local-sim,local-sim,-0.09481587011387474,0,0
12,20,14,always fallback,fallback,-0.20953509155467626,0,0
12,20,15,P1,local-sim,-0.11021316458900488,0,0
12,20,15,utility-only,local-sim,-0.11021316458900488,0,0
12,20,15,logged-IPW,local-sim,-0.11021316458900488,0,0
12,20,15,LinUCB,local-sim,-0.11021316458900488,0,0
12,20,15,Pareto,local-sim,-0.11021316458900488,0,0
12,20,15,oracle,local-sim,-0.11021316458900488,0,0
12,20,15,train-selected fixed,local-sim,-0.11021316458900488,0,0
12,20,15,always invoke-QPU,invoke-QPU,-0.15171080941403936,0,0
12,20,15,always remote-sim,remote-sim,-0.2488368586027227,0,0
12,20,15,always local-sim,local-sim,-0.11021316458900488,0,0
12,20,15,always fallback,fallback,-0.18251593994873455,0,0
12,20,16,P1,local-sim,-0.10580726165343847,0,0
12,20,16,utility-only,local-sim,-0.10580726165343847,0,0
12,20,16,logged-IPW,local-sim,-0.10580726165343847,0,0
12,20,16,LinUCB,local-sim,-0.10580726165343847,0,0
12,20,16,Pareto,local-sim,-0.10580726165343847,0,0
12,20,16,oracle,local-sim,-0.10580726165343847,0,0
12,20,16,train-selected fixed,local-sim,-0.10580726165343847,0,0
12,20,16,always invoke-QPU,invoke-QPU,-0.16876920017414326,0,0
12,20,16,always remote-sim,remote-sim,-0.27207435855255546,0,0
12,20,16,always local-sim,local-sim,-0.10580726165343847,0,0
12,20,16,always fallback,fallback,-0.19983137679946736,0,0
12,20,17,P1,local-sim,-0.10979354177143039,0,0
12,20,17,utility-only,local-sim,-0.10979354177143039,0,0
12,20,17,logged-IPW,local-sim,-0.10979354177143039,0,0
12,20,17,LinUCB,local-sim,-0.10979354177143039,0,0
12,20,17,Pareto,local-sim,-0.10979354177143039,0,0
12,20,17,oracle,local-sim,-0.10979354177143039,0,0
12,20,17,train-selected fixed,local-sim,-0.10979354177143039,0,0
12,20,17,always invoke-QPU,invoke-QPU,-0.6871743953756992,0,0
12,20,17,always remote-sim,remote-sim,-10.882159266297908,0,1
12,20,17,always local-sim,local-sim,-0.10979354177143039,0,0
12,20,17,always fallback,fallback,-0.19689004431418503,0,0
12,20,18,P1,local-sim,-0.10434861044932929,0,0
12,20,18,utility-only,local-sim,-0.10434861044932929,0,0
12,20,18,logged-IPW,local-sim,-0.10434861044932929,0,0
12,20,18,LinUCB,local-sim,-0.10434861044932929,0,0
12,20,18,Pareto,local-sim,-0.10434861044932929,0,0
12,20,18,oracle,local-sim,-0.10434861044932929,0,0
12,20,18,train-selected fixed,local-sim,-0.10434861044932929,0,0
12,20,18,always invoke-QPU,invoke-QPU,-0.33929151514056927,0,0
12,20,18,always remote-sim,remote-sim,-2.5221443143030404,0,0
12,20,18,always local-sim,local-sim,-0.10434861044932929,0,0
12,20,18,always fallback,fallback,-0.20163719100028704,0,0
12,20,19,P1,local-sim,-0.11326708459356367,0,0
12,20,19,utility-only,local-sim,-0.11326708459356367,0,0
12,20,19,logged-IPW,local-sim,-0.11326708459356367,0,0
12,20,19,LinUCB,local-sim,-0.11326708459356367,0,0
12,20,19,Pareto,local-sim,-0.11326708459356367,0,0
12,20,19,oracle,local-sim,-0.11326708459356367,0,0
12,20,19,train-selected fixed,local-sim,-0.11326708459356367,0,0
12,20,19,always invoke-QPU,invoke-QPU,-0.14662664140066994,0,0
12,20,19,always remote-sim,remote-sim,-0.2557490388862905,0,0
12,20,19,always local-sim,local-sim,-0.11326708459356367,0,0
12,20,19,always fallback,fallback,-0.21632494744328665,0,0
12,20,20,P1,local-sim,-0.09778674666342273,0,0
12,20,20,utility-only,local-sim,-0.09778674666342273,0,0
12,20,20,logged-IPW,local-sim,-0.09778674666342273,0,0
12,20,20,LinUCB,local-sim,-0.09778674666342273,0,0
12,20,20,Pareto,local-sim,-0.09778674666342273,0,0
12,20,20,oracle,local-sim,-0.09778674666342273,0,0
12,20,20,train-selected fixed,local-sim,-0.09778674666342273,0,0
12,20,20,always invoke-QPU,invoke-QPU,-0.15218347546721855,0,0
12,20,20,always remote-sim,remote-sim,-0.12862000479394953,0,0
12,20,20,always local-sim,local-sim,-0.09778674666342273,0,0
12,20,20,always fallback,fallback,-0.19094616848398752,0,0
12,20,21,P1,local-sim,-0.10564494088616799,0,0
12,20,21,utility-only,local-sim,-0.10564494088616799,0,0
12,20,21,logged-IPW,local-sim,-0.10564494088616799,0,0
12,20,21,LinUCB,local-sim,-0.10564494088616799,0,0
12,20,21,Pareto,local-sim,-0.10564494088616799,0,0
12,20,21,oracle,local-sim,-0.10564494088616799,0,0
12,20,21,train-selected fixed,local-sim,-0.10564494088616799,0,0
12,20,21,always invoke-QPU,invoke-QPU,-0.127946270245836,0,0
12,20,21,always remote-sim,remote-sim,-0.1481014916807921,0,0
12,20,21,always local-sim,local-sim,-0.10564494088616799,0,0
12,20,21,always fallback,fallback,-0.2137068632405841,0,0
12,20,22,P1,local-sim,-0.10334384416905548,0,0
12,20,22,utility-only,local-sim,-0.10334384416905548,0,0
12,20,22,logged-IPW,local-sim,-0.10334384416905548,0,0
12,20,22,LinUCB,local-sim,-0.10334384416905548,0,0
12,20,22,Pareto,local-sim,-0.10334384416905548,0,0
12,20,22,oracle,local-sim,-0.10334384416905548,0,0
12,20,22,train-selected fixed,local-sim,-0.10334384416905548,0,0
12,20,22,always invoke-QPU,invoke-QPU,-2.2040333252214475,1,0
12,20,22,always remote-sim,remote-sim,-4.326880627593801,1,0
12,20,22,always local-sim,local-sim,-0.10334384416905548,0,0
12,20,22,always fallback,fallback,-0.21528183656539748,0,0
12,20,23,P1,local-sim,-0.10461254112570106,0,0
12,20,23,utility-only,local-sim,-0.10461254112570106,0,0
12,20,23,logged-IPW,local-sim,-0.10461254112570106,0,0
12,20,23,LinUCB,local-sim,-0.10461254112570106,0,0
12,20,23,Pareto,local-sim,-0.10461254112570106,0,0
12,20,23,oracle,local-sim,-0.10461254112570106,0,0
12,20,23,train-selected fixed,local-sim,-0.10461254112570106,0,0
12,20,23,always invoke-QPU,invoke-QPU,-0.13556864597137186,0,0
12,20,23,always remote-sim,remote-sim,-0.12436529864701865,0,0
12,20,23,always local-sim,local-sim,-0.10461254112570106,0,0
12,20,23,always fallback,fallback,-0.20584111798635082,0,0
12,20,24,P1,local-sim,-0.11058268018321335,0,0
12,20,24,utility-only,local-sim,-0.11058268018321335,0,0
12,20,24,logged-IPW,local-sim,-0.11058268018321335,0,0
12,20,24,LinUCB,local-sim,-0.11058268018321335,0,0
12,20,24,Pareto,local-sim,-0.11058268018321335,0,0
12,20,24,oracle,local-sim,-0.11058268018321335,0,0
12,20,24,train-selected fixed,local-sim,-0.11058268018321335,0,0
12,20,24,always invoke-QPU,invoke-QPU,-2.341619593707732,1,0
12,20,24,always remote-sim,remote-sim,-0.19777047136886255,0,0
12,20,24,always local-sim,local-sim,-0.11058268018321335,0,0
12,20,24,always fallback,fallback,-0.19707870544460857,0,0
12,20,25,P1,local-sim,-0.09817560995598382,0,0
12,20,25,utility-only,local-sim,-0.09817560995598382,0,0
12,20,25,logged-IPW,local-sim,-0.09817560995598382,0,0
12,20,25,LinUCB,local-sim,-0.09817560995598382,0,0
12,20,25,Pareto,local-sim,-0.09817560995598382,0,0
12,20,25,oracle,local-sim,-0.09817560995598382,0,0
12,20,25,train-selected fixed,local-sim,-0.09817560995598382,0,0
12,20,25,always invoke-QPU,invoke-QPU,-2.177617585245601,1,0
12,20,25,always remote-sim,remote-sim,-8.224133181560875,1,0
12,20,25,always local-sim,local-sim,-0.09817560995598382,0,0
12,20,25,always fallback,fallback,-0.20723127786031612,0,0
12,20,26,P1,local-sim,-0.10519506113903765,0,0
12,20,26,utility-only,local-sim,-0.10519506113903765,0,0
12,20,26,logged-IPW,local-sim,-0.10519506113903765,0,0
12,20,26,LinUCB,local-sim,-0.10519506113903765,0,0
12,20,26,Pareto,local-sim,-0.10519506113903765,0,0
12,20,26,oracle,local-sim,-0.10519506113903765,0,0
12,20,26,train-selected fixed,local-sim,-0.10519506113903765,0,0
12,20,26,always invoke-QPU,invoke-QPU,-7.778667893057516,1,1
12,20,26,always remote-sim,remote-sim,-12.461083146385796,1,1
12,20,26,always local-sim,local-sim,-0.10519506113903765,0,0
12,20,26,always fallback,fallback,-0.2044707322627669,0,0
12,20,27,P1,local-sim,-0.10683640270686345,0,0
12,20,27,utility-only,local-sim,-0.10683640270686345,0,0
12,20,27,logged-IPW,local-sim,-0.10683640270686345,0,0
12,20,27,LinUCB,remote-sim,-0.16742379694204462,0,0
12,20,27,Pareto,local-sim,-0.10683640270686345,0,0
12,20,27,oracle,local-sim,-0.10683640270686345,0,0
12,20,27,train-selected fixed,local-sim,-0.10683640270686345,0,0
12,20,27,always invoke-QPU,invoke-QPU,-0.14843697947057158,0,0
12,20,27,always remote-sim,remote-sim,-0.16742379694204462,0,0
12,20,27,always local-sim,local-sim,-0.10683640270686345,0,0
12,20,27,always fallback,fallback,-0.20022225663676918,0,0
12,20,28,P1,local-sim,-0.10460611668084555,0,0
12,20,28,utility-only,local-sim,-0.10460611668084555,0,0
12,20,28,logged-IPW,local-sim,-0.10460611668084555,0,0
12,20,28,LinUCB,local-sim,-0.10460611668084555,0,0
12,20,28,Pareto,local-sim,-0.10460611668084555,0,0
12,20,28,oracle,local-sim,-0.10460611668084555,0,0
12,20,28,train-selected fixed,local-sim,-0.10460611668084555,0,0
12,20,28,always invoke-QPU,invoke-QPU,-2.2434367766348142,1,0
12,20,28,always remote-sim,remote-sim,-0.2836201465018393,0,0
12,20,28,always local-sim,local-sim,-0.10460611668084555,0,0
12,20,28,always fallback,fallback,-0.208429720867549,0,0
12,20,29,P1,local-sim,-0.11057685304741276,0,0
12,20,29,utility-only,local-sim,-0.11057685304741276,0,0
12,20,29,logged-IPW,local-sim,-0.11057685304741276,0,0
12,20,29,LinUCB,local-sim,-0.11057685304741276,0,0
12,20,29,Pareto,local-sim,-0.11057685304741276,0,0
12,20,29,oracle,local-sim,-0.11057685304741276,0,0
12,20,29,train-selected fixed,local-sim,-0.11057685304741276,0,0
12,20,29,always invoke-QPU,invoke-QPU,-0.16135626324389796,0,0
12,20,29,always remote-sim,remote-sim,-0.1610066794509393,0,0
12,20,29,always local-sim,local-sim,-0.11057685304741276,0,0
12,20,29,always fallback,fallback,-0.2133810391710599,0,0
12,21,0,P1,local-sim,-0.11143935643318521,0,0
12,21,0,utility-only,local-sim,-0.11143935643318521,0,0
12,21,0,logged-IPW,local-sim,-0.11143935643318521,0,0
12,21,0,LinUCB,local-sim,-0.11143935643318521,0,0
12,21,0,Pareto,local-sim,-0.11143935643318521,0,0
12,21,0,oracle,local-sim,-0.11143935643318521,0,0
12,21,0,train-selected fixed,local-sim,-0.11143935643318521,0,0
12,21,0,always invoke-QPU,invoke-QPU,-0.17910242071059995,0,0
12,21,0,always remote-sim,remote-sim,-0.2083305190928156,0,0
12,21,0,always local-sim,local-sim,-0.11143935643318521,0,0
12,21,0,always fallback,fallback,-0.22006117140774292,0,0
12,21,1,P1,local-sim,-0.10713139811039622,0,0
12,21,1,utility-only,local-sim,-0.10713139811039622,0,0
12,21,1,logged-IPW,local-sim,-0.10713139811039622,0,0
12,21,1,LinUCB,local-sim,-0.10713139811039622,0,0
12,21,1,Pareto,local-sim,-0.10713139811039622,0,0
12,21,1,oracle,local-sim,-0.10713139811039622,0,0
12,21,1,train-selected fixed,local-sim,-0.10713139811039622,0,0
12,21,1,always invoke-QPU,invoke-QPU,-2.164832704173563,1,0
12,21,1,always remote-sim,remote-sim,-0.2608975058270201,0,0
12,21,1,always local-sim,local-sim,-0.10713139811039622,0,0
12,21,1,always fallback,fallback,-0.19929958241282,0,0
12,21,2,P1,local-sim,-0.09650060251248573,0,0
12,21,2,utility-only,local-sim,-0.09650060251248573,0,0
12,21,2,logged-IPW,local-sim,-0.09650060251248573,0,0
12,21,2,LinUCB,local-sim,-0.09650060251248573,0,0
12,21,2,Pareto,local-sim,-0.09650060251248573,0,0
12,21,2,oracle,local-sim,-0.09650060251248573,0,0
12,21,2,train-selected fixed,local-sim,-0.09650060251248573,0,0
12,21,2,always invoke-QPU,invoke-QPU,-0.11829214817528591,0,0
12,21,2,always remote-sim,remote-sim,-0.18751323926026342,0,0
12,21,2,always local-sim,local-sim,-0.09650060251248573,0,0
12,21,2,always fallback,fallback,-0.1995975814312257,0,0
12,21,3,P1,local-sim,-0.10781896565594727,0,0
12,21,3,utility-only,local-sim,-0.10781896565594727,0,0
12,21,3,logged-IPW,local-sim,-0.10781896565594727,0,0
12,21,3,LinUCB,local-sim,-0.10781896565594727,0,0
12,21,3,Pareto,local-sim,-0.10781896565594727,0,0
12,21,3,oracle,local-sim,-0.10781896565594727,0,0
12,21,3,train-selected fixed,local-sim,-0.10781896565594727,0,0
12,21,3,always invoke-QPU,invoke-QPU,-2.350268542982366,1,0
12,21,3,always remote-sim,remote-sim,-4.483981076611775,1,0
12,21,3,always local-sim,local-sim,-0.10781896565594727,0,0
12,21,3,always fallback,fallback,-0.19519061978038862,0,0
12,21,4,P1,local-sim,-0.11220802035514899,0,0
12,21,4,utility-only,local-sim,-0.11220802035514899,0,0
12,21,4,logged-IPW,local-sim,-0.11220802035514899,0,0
12,21,4,LinUCB,local-sim,-0.11220802035514899,0,0
12,21,4,Pareto,local-sim,-0.11220802035514899,0,0
12,21,4,oracle,local-sim,-0.11220802035514899,0,0
12,21,4,train-selected fixed,local-sim,-0.11220802035514899,0,0
12,21,4,always invoke-QPU,invoke-QPU,-2.2166384957411998,1,0
12,21,4,always remote-sim,remote-sim,-4.750106982814589,1,0
12,21,4,always local-sim,local-sim,-0.11220802035514899,0,0
12,21,4,always fallback,fallback,-0.19444432572018938,0,0
12,21,5,P1,local-sim,-0.11640969450376779,0,0
12,21,5,utility-only,local-sim,-0.11640969450376779,0,0
12,21,5,logged-IPW,local-sim,-0.11640969450376779,0,0
12,21,5,LinUCB,local-sim,-0.11640969450376779,0,0
12,21,5,Pareto,local-sim,-0.11640969450376779,0,0
12,21,5,oracle,local-sim,-0.11640969450376779,0,0
12,21,5,train-selected fixed,local-sim,-0.11640969450376779,0,0
12,21,5,always invoke-QPU,invoke-QPU,-2.6307589346329063,1,0
12,21,5,always remote-sim,remote-sim,-10.321916542804278,0,1
12,21,5,always local-sim,local-sim,-0.11640969450376779,0,0
12,21,5,always fallback,fallback,-0.21432888530938682,0,0
12,21,6,P1,local-sim,-0.10438962849281225,0,0
12,21,6,utility-only,local-sim,-0.10438962849281225,0,0
12,21,6,logged-IPW,local-sim,-0.10438962849281225,0,0
12,21,6,LinUCB,local-sim,-0.10438962849281225,0,0
12,21,6,Pareto,local-sim,-0.10438962849281225,0,0
12,21,6,oracle,local-sim,-0.10438962849281225,0,0
12,21,6,train-selected fixed,local-sim,-0.10438962849281225,0,0
12,21,6,always invoke-QPU,invoke-QPU,-2.6117631893751807,1,0
12,21,6,always remote-sim,remote-sim,-7.390121776505303,1,0
12,21,6,always local-sim,local-sim,-0.10438962849281225,0,0
12,21,6,always fallback,fallback,-0.2085869383077094,0,0
12,21,7,P1,local-sim,-0.10005280544883782,0,0
12,21,7,utility-only,local-sim,-0.10005280544883782,0,0
12,21,7,logged-IPW,local-sim,-0.10005280544883782,0,0
12,21,7,LinUCB,local-sim,-0.10005280544883782,0,0
12,21,7,Pareto,local-sim,-0.10005280544883782,0,0
12,21,7,oracle,remote-sim,-0.09505442517652991,0,0
12,21,7,train-selected fixed,local-sim,-0.10005280544883782,0,0
12,21,7,always invoke-QPU,invoke-QPU,-0.12630620652608737,0,0
12,21,7,always remote-sim,remote-sim,-0.09505442517652991,0,0
12,21,7,always local-sim,local-sim,-0.10005280544883782,0,0
12,21,7,always fallback,fallback,-0.2216900940638062,0,0
12,21,8,P1,local-sim,-0.11685787200276705,0,0
12,21,8,utility-only,local-sim,-0.11685787200276705,0,0
12,21,8,logged-IPW,local-sim,-0.11685787200276705,0,0
12,21,8,LinUCB,local-sim,-0.11685787200276705,0,0
12,21,8,Pareto,local-sim,-0.11685787200276705,0,0
12,21,8,oracle,local-sim,-0.11685787200276705,0,0
12,21,8,train-selected fixed,local-sim,-0.11685787200276705,0,0
12,21,8,always invoke-QPU,invoke-QPU,-2.211163666255734,1,0
12,21,8,always remote-sim,remote-sim,-0.3171894474736634,0,0
12,21,8,always local-sim,local-sim,-0.11685787200276705,0,0
12,21,8,always fallback,fallback,-0.19986787717990934,0,0
12,21,9,P1,local-sim,-0.11922744713667098,0,0
12,21,9,utility-only,local-sim,-0.11922744713667098,0,0
12,21,9,logged-IPW,local-sim,-0.11922744713667098,0,0
12,21,9,LinUCB,local-sim,-0.11922744713667098,0,0
12,21,9,Pareto,local-sim,-0.11922744713667098,0,0
12,21,9,oracle,local-sim,-0.11922744713667098,0,0
12,21,9,train-selected fixed,local-sim,-0.11922744713667098,0,0
12,21,9,always invoke-QPU,invoke-QPU,-7.789144491952703,1,1
12,21,9,always remote-sim,remote-sim,-8.519169799004024,1,0
12,21,9,always local-sim,local-sim,-0.11922744713667098,0,0
12,21,9,always fallback,fallback,-0.2040581654890232,0,0
12,21,10,P1,local-sim,-0.10883029189932407,0,0
12,21,10,utility-only,local-sim,-0.10883029189932407,0,0
12,21,10,logged-IPW,local-sim,-0.10883029189932407,0,0
12,21,10,LinUCB,local-sim,-0.10883029189932407,0,0
12,21,10,Pareto,local-sim,-0.10883029189932407,0,0
12,21,10,oracle,local-sim,-0.10883029189932407,0,0
12,21,10,train-selected fixed,local-sim,-0.10883029189932407,0,0
12,21,10,always invoke-QPU,invoke-QPU,-0.1498830382617657,0,0
12,21,10,always remote-sim,remote-sim,-0.17650617365099192,0,0
12,21,10,always local-sim,local-sim,-0.10883029189932407,0,0
12,21,10,always fallback,fallback,-0.21669605171935966,0,0
12,21,11,P1,local-sim,-0.10328217283330057,0,0
12,21,11,utility-only,local-sim,-0.10328217283330057,0,0
12,21,11,logged-IPW,local-sim,-0.10328217283330057,0,0
12,21,11,LinUCB,local-sim,-0.10328217283330057,0,0
12,21,11,Pareto,local-sim,-0.10328217283330057,0,0
12,21,11,oracle,local-sim,-0.10328217283330057,0,0
12,21,11,train-selected fixed,local-sim,-0.10328217283330057,0,0
12,21,11,always invoke-QPU,invoke-QPU,-0.1512464484254571,0,0
12,21,11,always remote-sim,remote-sim,-0.1777689087098739,0,0
12,21,11,always local-sim,local-sim,-0.10328217283330057,0,0
12,21,11,always fallback,fallback,-0.20789391727239076,0,0
12,21,12,P1,local-sim,-0.097783948999996,0,0
12,21,12,utility-only,local-sim,-0.097783948999996,0,0
12,21,12,logged-IPW,local-sim,-0.097783948999996,0,0
12,21,12,LinUCB,local-sim,-0.097783948999996,0,0
12,21,12,Pareto,local-sim,-0.097783948999996,0,0
12,21,12,oracle,local-sim,-0.097783948999996,0,0
12,21,12,train-selected fixed,local-sim,-0.097783948999996,0,0
12,21,12,always invoke-QPU,invoke-QPU,-7.306811559979159,1,1
12,21,12,always remote-sim,remote-sim,-12.75794500401745,1,1
12,21,12,always local-sim,local-sim,-0.097783948999996,0,0
12,21,12,always fallback,fallback,-0.19527141513127247,0,0
12,21,13,P1,local-sim,-0.10443311332499192,0,0
12,21,13,utility-only,local-sim,-0.10443311332499192,0,0
12,21,13,logged-IPW,local-sim,-0.10443311332499192,0,0
12,21,13,LinUCB,local-sim,-0.10443311332499192,0,0
12,21,13,Pareto,local-sim,-0.10443311332499192,0,0
12,21,13,oracle,local-sim,-0.10443311332499192,0,0
12,21,13,train-selected fixed,local-sim,-0.10443311332499192,0,0
12,21,13,always invoke-QPU,invoke-QPU,-2.1354882315854957,1,0
12,21,13,always remote-sim,remote-sim,-0.23110033810289682,0,0
12,21,13,always local-sim,local-sim,-0.10443311332499192,0,0
12,21,13,always fallback,fallback,-0.1956508998501079,0,0
12,21,14,P1,local-sim,-0.11285145479504305,0,0
12,21,14,utility-only,local-sim,-0.11285145479504305,0,0
12,21,14,logged-IPW,local-sim,-0.11285145479504305,0,0
12,21,14,LinUCB,local-sim,-0.11285145479504305,0,0
12,21,14,Pareto,local-sim,-0.11285145479504305,0,0
12,21,14,oracle,local-sim,-0.11285145479504305,0,0
12,21,14,train-selected fixed,local-sim,-0.11285145479504305,0,0
12,21,14,always invoke-QPU,invoke-QPU,-0.16223657591953405,0,0
12,21,14,always remote-sim,remote-sim,-0.19369638953691992,0,0
12,21,14,always local-sim,local-sim,-0.11285145479504305,0,0
12,21,14,always fallback,fallback,-0.21637533309009213,0,0
12,21,15,P1,local-sim,-0.11316866582079342,0,0
12,21,15,utility-only,local-sim,-0.11316866582079342,0,0
12,21,15,logged-IPW,local-sim,-0.11316866582079342,0,0
12,21,15,LinUCB,local-sim,-0.11316866582079342,0,0
12,21,15,Pareto,local-sim,-0.11316866582079342,0,0
12,21,15,oracle,local-sim,-0.11316866582079342,0,0
12,21,15,train-selected fixed,local-sim,-0.11316866582079342,0,0
12,21,15,always invoke-QPU,invoke-QPU,-0.1501799794566186,0,0
12,21,15,always remote-sim,remote-sim,-0.1870268276215396,0,0
12,21,15,always local-sim,local-sim,-0.11316866582079342,0,0
12,21,15,always fallback,fallback,-0.19972046098841723,0,0
12,21,16,P1,local-sim,-0.09753879578864397,0,0
12,21,16,utility-only,local-sim,-0.09753879578864397,0,0
12,21,16,logged-IPW,local-sim,-0.09753879578864397,0,0
12,21,16,LinUCB,local-sim,-0.09753879578864397,0,0
12,21,16,Pareto,local-sim,-0.09753879578864397,0,0
12,21,16,oracle,local-sim,-0.09753879578864397,0,0
12,21,16,train-selected fixed,local-sim,-0.09753879578864397,0,0
12,21,16,always invoke-QPU,invoke-QPU,-7.25804367653968,1,1
12,21,16,always remote-sim,remote-sim,-11.496790880594252,1,1
12,21,16,always local-sim,local-sim,-0.09753879578864397,0,0
12,21,16,always fallback,fallback,-0.19784505532221472,0,0
12,21,17,P1,local-sim,-0.1030131034395417,0,0
12,21,17,utility-only,local-sim,-0.1030131034395417,0,0
12,21,17,logged-IPW,local-sim,-0.1030131034395417,0,0
12,21,17,LinUCB,remote-sim,-0.18395472365822954,0,0
12,21,17,Pareto,local-sim,-0.1030131034395417,0,0
12,21,17,oracle,local-sim,-0.1030131034395417,0,0
12,21,17,train-selected fixed,local-sim,-0.1030131034395417,0,0
12,21,17,always invoke-QPU,invoke-QPU,-0.16309863761243543,0,0
12,21,17,always remote-sim,remote-sim,-0.18395472365822954,0,0
12,21,17,always local-sim,local-sim,-0.1030131034395417,0,0
12,21,17,always fallback,fallback,-0.20416189629770026,0,0
12,21,18,P1,local-sim,-0.11516582334453047,0,0
12,21,18,utility-only,local-sim,-0.11516582334453047,0,0
12,21,18,logged-IPW,local-sim,-0.11516582334453047,0,0
12,21,18,LinUCB,local-sim,-0.11516582334453047,0,0
12,21,18,Pareto,local-sim,-0.11516582334453047,0,0
12,21,18,oracle,local-sim,-0.11516582334453047,0,0
12,21,18,train-selected fixed,local-sim,-0.11516582334453047,0,0
12,21,18,always invoke-QPU,invoke-QPU,-0.20217927690561077,0,0
12,21,18,always remote-sim,remote-sim,-0.1598281097867914,0,0
12,21,18,always local-sim,local-sim,-0.11516582334453047,0,0
12,21,18,always fallback,fallback,-0.21968580558517226,0,0
12,21,19,P1,local-sim,-0.11081875981382364,0,0
12,21,19,utility-only,local-sim,-0.11081875981382364,0,0
12,21,19,logged-IPW,local-sim,-0.11081875981382364,0,0
12,21,19,LinUCB,local-sim,-0.11081875981382364,0,0
12,21,19,Pareto,local-sim,-0.11081875981382364,0,0
12,21,19,oracle,local-sim,-0.11081875981382364,0,0
12,21,19,train-selected fixed,local-sim,-0.11081875981382364,0,0
12,21,19,always invoke-QPU,invoke-QPU,-0.12783651456010897,0,0
12,21,19,always remote-sim,remote-sim,-0.17016530733355764,0,0
12,21,19,always local-sim,local-sim,-0.11081875981382364,0,0
12,21,19,always fallback,fallback,-0.2210527090912347,0,0
12,21,20,P1,local-sim,-0.10875015209400736,0,0
12,21,20,utility-only,local-sim,-0.10875015209400736,0,0
12,21,20,logged-IPW,local-sim,-0.10875015209400736,0,0
12,21,20,LinUCB,local-sim,-0.10875015209400736,0,0
12,21,20,Pareto,local-sim,-0.10875015209400736,0,0
12,21,20,oracle,local-sim,-0.10875015209400736,0,0
12,21,20,train-selected fixed,local-sim,-0.10875015209400736,0,0
12,21,20,always invoke-QPU,invoke-QPU,-0.12337682431660885,0,0
12,21,20,always remote-sim,remote-sim,-0.2553628549425271,0,0
12,21,20,always local-sim,local-sim,-0.10875015209400736,0,0
12,21,20,always fallback,fallback,-0.20403963094360564,0,0
12,21,21,P1,local-sim,-0.10680379874407797,0,0
12,21,21,utility-only,local-sim,-0.10680379874407797,0,0
12,21,21,logged-IPW,local-sim,-0.10680379874407797,0,0
12,21,21,LinUCB,remote-sim,-0.1282026792302695,0,0
12,21,21,Pareto,local-sim,-0.10680379874407797,0,0
12,21,21,oracle,local-sim,-0.10680379874407797,0,0
12,21,21,train-selected fixed,local-sim,-0.10680379874407797,0,0
12,21,21,always invoke-QPU,invoke-QPU,-0.11789872443189738,0,0
12,21,21,always remote-sim,remote-sim,-0.1282026792302695,0,0
12,21,21,always local-sim,local-sim,-0.10680379874407797,0,0
12,21,21,always fallback,fallback,-0.17686500599003985,0,0
12,21,22,P1,local-sim,-0.11649660412879184,0,0
12,21,22,utility-only,local-sim,-0.11649660412879184,0,0
12,21,22,logged-IPW,local-sim,-0.11649660412879184,0,0
12,21,22,LinUCB,local-sim,-0.11649660412879184,0,0
12,21,22,Pareto,local-sim,-0.11649660412879184,0,0
12,21,22,oracle,local-sim,-0.11649660412879184,0,0
12,21,22,train-selected fixed,local-sim,-0.11649660412879184,0,0
12,21,22,always invoke-QPU,invoke-QPU,-0.20214605932420948,0,0
12,21,22,always remote-sim,remote-sim,-0.19143998933084772,0,0
12,21,22,always local-sim,local-sim,-0.11649660412879184,0,0
12,21,22,always fallback,fallback,-0.20530517759688496,0,0
12,21,23,P1,local-sim,-0.11673203546477394,0,0
12,21,23,utility-only,local-sim,-0.11673203546477394,0,0
12,21,23,logged-IPW,local-sim,-0.11673203546477394,0,0
12,21,23,LinUCB,local-sim,-0.11673203546477394,0,0
12,21,23,Pareto,local-sim,-0.11673203546477394,0,0
12,21,23,oracle,local-sim,-0.11673203546477394,0,0
12,21,23,train-selected fixed,local-sim,-0.11673203546477394,0,0
12,21,23,always invoke-QPU,invoke-QPU,-7.3285296679225524,1,1
12,21,23,always remote-sim,remote-sim,-11.607613720775428,1,1
12,21,23,always local-sim,local-sim,-0.11673203546477394,0,0
12,21,23,always fallback,fallback,-0.21331539908942854,0,0
12,21,24,P1,local-sim,-0.11217362589646122,0,0
12,21,24,utility-only,local-sim,-0.11217362589646122,0,0
12,21,24,logged-IPW,local-sim,-0.11217362589646122,0,0
12,21,24,LinUCB,local-sim,-0.11217362589646122,0,0
12,21,24,Pareto,local-sim,-0.11217362589646122,0,0
12,21,24,oracle,local-sim,-0.11217362589646122,0,0
12,21,24,train-selected fixed,local-sim,-0.11217362589646122,0,0
12,21,24,always invoke-QPU,invoke-QPU,-0.16794493303805635,0,0
12,21,24,always remote-sim,remote-sim,-0.2867243468948119,0,0
12,21,24,always local-sim,local-sim,-0.11217362589646122,0,0
12,21,24,always fallback,fallback,-0.21433669245387682,0,0
12,21,25,P1,local-sim,-0.10541713920419668,0,0
12,21,25,utility-only,local-sim,-0.10541713920419668,0,0
12,21,25,logged-IPW,local-sim,-0.10541713920419668,0,0
12,21,25,LinUCB,local-sim,-0.10541713920419668,0,0
12,21,25,Pareto,local-sim,-0.10541713920419668,0,0
12,21,25,oracle,local-sim,-0.10541713920419668,0,0
12,21,25,train-selected fixed,local-sim,-0.10541713920419668,0,0
12,21,25,always invoke-QPU,invoke-QPU,-0.14241666400331315,0,0
12,21,25,always remote-sim,remote-sim,-0.12885842253984775,0,0
12,21,25,always local-sim,local-sim,-0.10541713920419668,0,0
12,21,25,always fallback,fallback,-0.19886847744632288,0,0
12,21,26,P1,local-sim,-0.10007911453349477,0,0
12,21,26,utility-only,local-sim,-0.10007911453349477,0,0
12,21,26,logged-IPW,local-sim,-0.10007911453349477,0,0
12,21,26,LinUCB,local-sim,-0.10007911453349477,0,0
12,21,26,Pareto,local-sim,-0.10007911453349477,0,0
12,21,26,oracle,local-sim,-0.10007911453349477,0,0
12,21,26,train-selected fixed,local-sim,-0.10007911453349477,0,0
12,21,26,always invoke-QPU,invoke-QPU,-2.145543830578848,1,0
12,21,26,always remote-sim,remote-sim,-0.11349720950241458,0,0
12,21,26,always local-sim,local-sim,-0.10007911453349477,0,0
12,21,26,always fallback,fallback,-0.20264723050835423,0,0
12,21,27,P1,local-sim,-0.11021365385685113,0,0
12,21,27,utility-only,local-sim,-0.11021365385685113,0,0
12,21,27,logged-IPW,local-sim,-0.11021365385685113,0,0
12,21,27,LinUCB,local-sim,-0.11021365385685113,0,0
12,21,27,Pareto,local-sim,-0.11021365385685113,0,0
12,21,27,oracle,local-sim,-0.11021365385685113,0,0
12,21,27,train-selected fixed,local-sim,-0.11021365385685113,0,0
12,21,27,always invoke-QPU,invoke-QPU,-0.14925764820598042,0,0
12,21,27,always remote-sim,remote-sim,-0.26341455806018466,0,0
12,21,27,always local-sim,local-sim,-0.11021365385685113,0,0
12,21,27,always fallback,fallback,-0.219360659826909,0,0
12,21,28,P1,local-sim,-0.10780210832879229,0,0
12,21,28,utility-only,local-sim,-0.10780210832879229,0,0
12,21,28,logged-IPW,local-sim,-0.10780210832879229,0,0
12,21,28,LinUCB,local-sim,-0.10780210832879229,0,0
12,21,28,Pareto,local-sim,-0.10780210832879229,0,0
12,21,28,oracle,local-sim,-0.10780210832879229,0,0
12,21,28,train-selected fixed,local-sim,-0.10780210832879229,0,0
12,21,28,always invoke-QPU,invoke-QPU,-2.1930801377310147,1,0
12,21,28,always remote-sim,remote-sim,-0.27528593316222366,0,0
12,21,28,always local-sim,local-sim,-0.10780210832879229,0,0
12,21,28,always fallback,fallback,-0.1912239158350588,0,0
12,21,29,P1,local-sim,-0.10018860603148502,0,0
12,21,29,utility-only,local-sim,-0.10018860603148502,0,0
12,21,29,logged-IPW,local-sim,-0.10018860603148502,0,0
12,21,29,LinUCB,local-sim,-0.10018860603148502,0,0
12,21,29,Pareto,local-sim,-0.10018860603148502,0,0
12,21,29,oracle,local-sim,-0.10018860603148502,0,0
12,21,29,train-selected fixed,local-sim,-0.10018860603148502,0,0
12,21,29,always invoke-QPU,invoke-QPU,-7.201150307889632,1,1
12,21,29,always remote-sim,remote-sim,-7.151291425643399,1,0
12,21,29,always local-sim,local-sim,-0.10018860603148502,0,0
12,21,29,always fallback,fallback,-0.19336535104137045,0,0
12,22,0,P1,local-sim,-0.10541279613277331,0,0
12,22,0,utility-only,local-sim,-0.10541279613277331,0,0
12,22,0,logged-IPW,local-sim,-0.10541279613277331,0,0
12,22,0,LinUCB,local-sim,-0.10541279613277331,0,0
12,22,0,Pareto,local-sim,-0.10541279613277331,0,0
12,22,0,oracle,local-sim,-0.10541279613277331,0,0
12,22,0,train-selected fixed,local-sim,-0.10541279613277331,0,0
12,22,0,always invoke-QPU,invoke-QPU,-0.1441336519505783,0,0
12,22,0,always remote-sim,remote-sim,-0.2606461264831534,0,0
12,22,0,always local-sim,local-sim,-0.10541279613277331,0,0
12,22,0,always fallback,fallback,-0.19190458625216122,0,0
12,22,1,P1,local-sim,-0.10209316127998923,0,0
12,22,1,utility-only,local-sim,-0.10209316127998923,0,0
12,22,1,logged-IPW,local-sim,-0.10209316127998923,0,0
12,22,1,LinUCB,local-sim,-0.10209316127998923,0,0
12,22,1,Pareto,local-sim,-0.10209316127998923,0,0
12,22,1,oracle,local-sim,-0.10209316127998923,0,0
12,22,1,train-selected fixed,local-sim,-0.10209316127998923,0,0
12,22,1,always invoke-QPU,invoke-QPU,-7.586109392517138,1,1
12,22,1,always remote-sim,remote-sim,-12.498262483236358,1,1
12,22,1,always local-sim,local-sim,-0.10209316127998923,0,0
12,22,1,always fallback,fallback,-0.20221558292134204,0,0
12,22,2,P1,local-sim,-0.1008974649932146,0,0
12,22,2,utility-only,local-sim,-0.1008974649932146,0,0
12,22,2,logged-IPW,local-sim,-0.1008974649932146,0,0
12,22,2,LinUCB,local-sim,-0.1008974649932146,0,0
12,22,2,Pareto,local-sim,-0.1008974649932146,0,0
12,22,2,oracle,local-sim,-0.1008974649932146,0,0
12,22,2,train-selected fixed,local-sim,-0.1008974649932146,0,0
12,22,2,always invoke-QPU,invoke-QPU,-0.12435627645566831,0,0
12,22,2,always remote-sim,remote-sim,-0.1364750573040574,0,0
12,22,2,always local-sim,local-sim,-0.1008974649932146,0,0
12,22,2,always fallback,fallback,-0.20879841053011403,0,0
12,22,3,P1,local-sim,-0.10971626177439936,0,0
12,22,3,utility-only,local-sim,-0.10971626177439936,0,0
12,22,3,logged-IPW,local-sim,-0.10971626177439936,0,0
12,22,3,LinUCB,local-sim,-0.10971626177439936,0,0
12,22,3,Pareto,local-sim,-0.10971626177439936,0,0
12,22,3,oracle,local-sim,-0.10971626177439936,0,0
12,22,3,train-selected fixed,local-sim,-0.10971626177439936,0,0
12,22,3,always invoke-QPU,invoke-QPU,-0.22019495765159947,0,0
12,22,3,always remote-sim,remote-sim,-4.677412792764957,0,0
12,22,3,always local-sim,local-sim,-0.10971626177439936,0,0
12,22,3,always fallback,fallback,-0.20504731964279774,0,0
12,22,4,P1,local-sim,-0.10534830527914052,0,0
12,22,4,utility-only,local-sim,-0.10534830527914052,0,0
12,22,4,logged-IPW,local-sim,-0.10534830527914052,0,0
12,22,4,LinUCB,local-sim,-0.10534830527914052,0,0
12,22,4,Pareto,local-sim,-0.10534830527914052,0,0
12,22,4,oracle,local-sim,-0.10534830527914052,0,0
12,22,4,train-selected fixed,local-sim,-0.10534830527914052,0,0
12,22,4,always invoke-QPU,invoke-QPU,-8.091623066120071,1,1
12,22,4,always remote-sim,remote-sim,-20.9492690217399,1,0
12,22,4,always local-sim,local-sim,-0.10534830527914052,0,0
12,22,4,always fallback,fallback,-0.20602487321931315,0,0
12,22,5,P1,local-sim,-0.11069836934021425,0,0
12,22,5,utility-only,local-sim,-0.11069836934021425,0,0
12,22,5,logged-IPW,local-sim,-0.11069836934021425,0,0
12,22,5,LinUCB,local-sim,-0.11069836934021425,0,0
12,22,5,Pareto,local-sim,-0.11069836934021425,0,0
12,22,5,oracle,local-sim,-0.11069836934021425,0,0
12,22,5,train-selected fixed,local-sim,-0.11069836934021425,0,0
12,22,5,always invoke-QPU,invoke-QPU,-2.546246384891168,1,0
12,22,5,always remote-sim,remote-sim,-12.694619107135281,1,1
12,22,5,always local-sim,local-sim,-0.11069836934021425,0,0
12,22,5,always fallback,fallback,-0.18252153525104245,0,0
12,22,6,P1,local-sim,-0.10299698227981013,0,0
12,22,6,utility-only,local-sim,-0.10299698227981013,0,0
12,22,6,logged-IPW,local-sim,-0.10299698227981013,0,0
12,22,6,LinUCB,local-sim,-0.10299698227981013,0,0
12,22,6,Pareto,local-sim,-0.10299698227981013,0,0
12,22,6,oracle,local-sim,-0.10299698227981013,0,0
12,22,6,train-selected fixed,local-sim,-0.10299698227981013,0,0
12,22,6,always invoke-QPU,invoke-QPU,-0.1705098766930318,0,0
12,22,6,always remote-sim,remote-sim,-0.37244985773448613,0,0
12,22,6,always local-sim,local-sim,-0.10299698227981013,0,0
12,22,6,always fallback,fallback,-0.18710883067407655,0,0
12,22,7,P1,local-sim,-0.11508818035003375,0,0
12,22,7,utility-only,local-sim,-0.11508818035003375,0,0
12,22,7,logged-IPW,local-sim,-0.11508818035003375,0,0
12,22,7,LinUCB,local-sim,-0.11508818035003375,0,0
12,22,7,Pareto,local-sim,-0.11508818035003375,0,0
12,22,7,oracle,local-sim,-0.11508818035003375,0,0
12,22,7,train-selected fixed,local-sim,-0.11508818035003375,0,0
12,22,7,always invoke-QPU,invoke-QPU,-2.563424270361559,1,0
12,22,7,always remote-sim,remote-sim,-0.1596996997040298,0,0
12,22,7,always local-sim,local-sim,-0.11508818035003375,0,0
12,22,7,always fallback,fallback,-0.1963114513108422,0,0
12,22,8,P1,local-sim,-0.10347403706184675,0,0
12,22,8,utility-only,local-sim,-0.10347403706184675,0,0
12,22,8,logged-IPW,local-sim,-0.10347403706184675,0,0
12,22,8,LinUCB,local-sim,-0.10347403706184675,0,0
12,22,8,Pareto,local-sim,-0.10347403706184675,0,0
12,22,8,oracle,local-sim,-0.10347403706184675,0,0
12,22,8,train-selected fixed,local-sim,-0.10347403706184675,0,0
12,22,8,always invoke-QPU,invoke-QPU,-2.179873313599526,1,0
12,22,8,always remote-sim,remote-sim,-0.14758024468971614,0,0
12,22,8,always local-sim,local-sim,-0.10347403706184675,0,0
12,22,8,always fallback,fallback,-0.198364635152079,0,0
12,22,9,P1,local-sim,-0.11038773384659176,0,0
12,22,9,utility-only,local-sim,-0.11038773384659176,0,0
12,22,9,logged-IPW,local-sim,-0.11038773384659176,0,0
12,22,9,LinUCB,local-sim,-0.11038773384659176,0,0
12,22,9,Pareto,local-sim,-0.11038773384659176,0,0
12,22,9,oracle,local-sim,-0.11038773384659176,0,0
12,22,9,train-selected fixed,local-sim,-0.11038773384659176,0,0
12,22,9,always invoke-QPU,invoke-QPU,-3.087424815917543,1,0
12,22,9,always remote-sim,remote-sim,-15.55204422318651,1,1
12,22,9,always local-sim,local-sim,-0.11038773384659176,0,0
12,22,9,always fallback,fallback,-0.20257879219778147,0,0
12,22,10,P1,local-sim,-0.11335001832732011,0,0
12,22,10,utility-only,local-sim,-0.11335001832732011,0,0
12,22,10,logged-IPW,local-sim,-0.11335001832732011,0,0
12,22,10,LinUCB,local-sim,-0.11335001832732011,0,0
12,22,10,Pareto,local-sim,-0.11335001832732011,0,0
12,22,10,oracle,local-sim,-0.11335001832732011,0,0
12,22,10,train-selected fixed,local-sim,-0.11335001832732011,0,0
12,22,10,always invoke-QPU,invoke-QPU,-0.15066993384069383,0,0
12,22,10,always remote-sim,remote-sim,-0.19920310200919128,0,0
12,22,10,always local-sim,local-sim,-0.11335001832732011,0,0
12,22,10,always fallback,fallback,-0.2115066536506517,0,0
12,22,11,P1,local-sim,-0.12261210864025615,0,0
12,22,11,utility-only,local-sim,-0.12261210864025615,0,0
12,22,11,logged-IPW,local-sim,-0.12261210864025615,0,0
12,22,11,LinUCB,invoke-QPU,-0.29890011721390675,0,0
12,22,11,Pareto,local-sim,-0.12261210864025615,0,0
12,22,11,oracle,local-sim,-0.12261210864025615,0,0
12,22,11,train-selected fixed,local-sim,-0.12261210864025615,0,0
12,22,11,always invoke-QPU,invoke-QPU,-0.29890011721390675,0,0
12,22,11,always remote-sim,remote-sim,-0.21245031223974245,0,0
12,22,11,always local-sim,local-sim,-0.12261210864025615,0,0
12,22,11,always fallback,fallback,-0.2035066507370532,0,0
12,22,12,P1,local-sim,-0.09804401470802411,0,0
12,22,12,utility-only,local-sim,-0.09804401470802411,0,0
12,22,12,logged-IPW,local-sim,-0.09804401470802411,0,0
12,22,12,LinUCB,remote-sim,-0.10896360595643174,0,0
12,22,12,Pareto,local-sim,-0.09804401470802411,0,0
12,22,12,oracle,local-sim,-0.09804401470802411,0,0
12,22,12,train-selected fixed,local-sim,-0.09804401470802411,0,0
12,22,12,always invoke-QPU,invoke-QPU,-0.11988341615832439,0,0
12,22,12,always remote-sim,remote-sim,-0.10896360595643174,0,0
12,22,12,always local-sim,local-sim,-0.09804401470802411,0,0
12,22,12,always fallback,fallback,-0.20085882629822654,0,0
12,22,13,P1,local-sim,-0.10690319204802425,0,0
12,22,13,utility-only,local-sim,-0.10690319204802425,0,0
12,22,13,logged-IPW,local-sim,-0.10690319204802425,0,0
12,22,13,LinUCB,local-sim,-0.10690319204802425,0,0
12,22,13,Pareto,local-sim,-0.10690319204802425,0,0
12,22,13,oracle,local-sim,-0.10690319204802425,0,0
12,22,13,train-selected fixed,local-sim,-0.10690319204802425,0,0
12,22,13,always invoke-QPU,invoke-QPU,-2.2471748996157395,1,0
12,22,13,always remote-sim,remote-sim,-5.511208668838597,1,0
12,22,13,always local-sim,local-sim,-0.10690319204802425,0,0
12,22,13,always fallback,fallback,-0.21798809566649463,0,0
12,22,14,P1,local-sim,-0.11072748765850422,0,0
12,22,14,utility-only,local-sim,-0.11072748765850422,0,0
12,22,14,logged-IPW,local-sim,-0.11072748765850422,0,0
12,22,14,LinUCB,local-sim,-0.11072748765850422,0,0
12,22,14,Pareto,local-sim,-0.11072748765850422,0,0
12,22,14,oracle,local-sim,-0.11072748765850422,0,0
12,22,14,train-selected fixed,local-sim,-0.11072748765850422,0,0
12,22,14,always invoke-QPU,invoke-QPU,-0.12705746002420115,0,0
12,22,14,always remote-sim,remote-sim,-0.15973769519961256,0,0
12,22,14,always local-sim,local-sim,-0.11072748765850422,0,0
12,22,14,always fallback,fallback,-0.2050659089840533,0,0
12,22,15,P1,local-sim,-0.10297957538147257,0,0
12,22,15,utility-only,local-sim,-0.10297957538147257,0,0
12,22,15,logged-IPW,local-sim,-0.10297957538147257,0,0
12,22,15,LinUCB,local-sim,-0.10297957538147257,0,0
12,22,15,Pareto,local-sim,-0.10297957538147257,0,0
12,22,15,oracle,local-sim,-0.10297957538147257,0,0
12,22,15,train-selected fixed,local-sim,-0.10297957538147257,0,0
12,22,15,always invoke-QPU,invoke-QPU,-2.1352578676137335,1,0
12,22,15,always remote-sim,remote-sim,-0.2713088547948896,0,0
12,22,15,always local-sim,local-sim,-0.10297957538147257,0,0
12,22,15,always fallback,fallback,-0.20270666328427492,0,0
12,22,16,P1,local-sim,-0.11079140136738222,0,0
12,22,16,utility-only,local-sim,-0.11079140136738222,0,0
12,22,16,logged-IPW,local-sim,-0.11079140136738222,0,0
12,22,16,LinUCB,local-sim,-0.11079140136738222,0,0
12,22,16,Pareto,local-sim,-0.11079140136738222,0,0
12,22,16,oracle,local-sim,-0.11079140136738222,0,0
12,22,16,train-selected fixed,local-sim,-0.11079140136738222,0,0
12,22,16,always invoke-QPU,invoke-QPU,-2.6751774130329,1,0
12,22,16,always remote-sim,remote-sim,-11.312672496615056,1,0
12,22,16,always local-sim,local-sim,-0.11079140136738222,0,0
12,22,16,always fallback,fallback,-0.20944351793413424,0,0
12,22,17,P1,local-sim,-0.10684852813486162,0,0
12,22,17,utility-only,local-sim,-0.10684852813486162,0,0
12,22,17,logged-IPW,local-sim,-0.10684852813486162,0,0
12,22,17,LinUCB,local-sim,-0.10684852813486162,0,0
12,22,17,Pareto,local-sim,-0.10684852813486162,0,0
12,22,17,oracle,local-sim,-0.10684852813486162,0,0
12,22,17,train-selected fixed,local-sim,-0.10684852813486162,0,0
12,22,17,always invoke-QPU,invoke-QPU,-0.13638115077875784,0,0
12,22,17,always remote-sim,remote-sim,-0.18520577134884203,0,0
12,22,17,always local-sim,local-sim,-0.10684852813486162,0,0
12,22,17,always fallback,fallback,-0.19012738769833376,0,0
12,22,18,P1,local-sim,-0.10077252926400877,0,0
12,22,18,utility-only,local-sim,-0.10077252926400877,0,0
12,22,18,logged-IPW,local-sim,-0.10077252926400877,0,0
12,22,18,LinUCB,local-sim,-0.10077252926400877,0,0
12,22,18,Pareto,local-sim,-0.10077252926400877,0,0
12,22,18,oracle,local-sim,-0.10077252926400877,0,0
12,22,18,train-selected fixed,local-sim,-0.10077252926400877,0,0
12,22,18,always invoke-QPU,invoke-QPU,-7.386248582400107,1,1
12,22,18,always remote-sim,remote-sim,-9.134042772139948,1,1
12,22,18,always local-sim,local-sim,-0.10077252926400877,0,0
12,22,18,always fallback,fallback,-0.20374051440055713,0,0
12,22,19,P1,local-sim,-0.10435346050840827,0,0
12,22,19,utility-only,local-sim,-0.10435346050840827,0,0
12,22,19,logged-IPW,local-sim,-0.10435346050840827,0,0
12,22,19,LinUCB,local-sim,-0.10435346050840827,0,0
12,22,19,Pareto,local-sim,-0.10435346050840827,0,0
12,22,19,oracle,local-sim,-0.10435346050840827,0,0
12,22,19,train-selected fixed,local-sim,-0.10435346050840827,0,0
12,22,19,always invoke-QPU,invoke-QPU,-0.11446117512335616,0,0
12,22,19,always remote-sim,remote-sim,-0.19123066539717504,0,0
12,22,19,always local-sim,local-sim,-0.10435346050840827,0,0
12,22,19,always fallback,fallback,-0.19137606421211253,0,0
12,22,20,P1,local-sim,-0.09644689458129987,0,0
12,22,20,utility-only,local-sim,-0.09644689458129987,0,0
12,22,20,logged-IPW,local-sim,-0.09644689458129987,0,0
12,22,20,LinUCB,local-sim,-0.09644689458129987,0,0
12,22,20,Pareto,local-sim,-0.09644689458129987,0,0
12,22,20,oracle,local-sim,-0.09644689458129987,0,0
12,22,20,train-selected fixed,local-sim,-0.09644689458129987,0,0
12,22,20,always invoke-QPU,invoke-QPU,-0.12642654349132607,0,0
12,22,20,always remote-sim,remote-sim,-0.16535892094320054,0,0
12,22,20,always local-sim,local-sim,-0.09644689458129987,0,0
12,22,20,always fallback,fallback,-0.20283273427914916,0,0
12,22,21,P1,local-sim,-0.11041395698595978,0,0
12,22,21,utility-only,local-sim,-0.11041395698595978,0,0
12,22,21,logged-IPW,local-sim,-0.11041395698595978,0,0
12,22,21,LinUCB,local-sim,-0.11041395698595978,0,0
12,22,21,Pareto,local-sim,-0.11041395698595978,0,0
12,22,21,oracle,local-sim,-0.11041395698595978,0,0
12,22,21,train-selected fixed,local-sim,-0.11041395698595978,0,0
12,22,21,always invoke-QPU,invoke-QPU,-7.455506445156547,1,1
12,22,21,always remote-sim,remote-sim,-9.952157328148944,1,1
12,22,21,always local-sim,local-sim,-0.11041395698595978,0,0
12,22,21,always fallback,fallback,-0.2045434493774474,0,0
12,22,22,P1,local-sim,-0.1059343198135715,0,0
12,22,22,utility-only,local-sim,-0.1059343198135715,0,0
12,22,22,logged-IPW,local-sim,-0.1059343198135715,0,0
12,22,22,LinUCB,invoke-QPU,-0.2684822541375876,0,0
12,22,22,Pareto,local-sim,-0.1059343198135715,0,0
12,22,22,oracle,local-sim,-0.1059343198135715,0,0
12,22,22,train-selected fixed,local-sim,-0.1059343198135715,0,0
12,22,22,always invoke-QPU,invoke-QPU,-0.2684822541375876,0,0
12,22,22,always remote-sim,remote-sim,-0.33139387364762213,0,0
12,22,22,always local-sim,local-sim,-0.1059343198135715,0,0
12,22,22,always fallback,fallback,-0.20554311994598728,0,0
12,22,23,P1,local-sim,-0.11333643914367558,0,0
12,22,23,utility-only,local-sim,-0.11333643914367558,0,0
12,22,23,logged-IPW,local-sim,-0.11333643914367558,0,0
12,22,23,LinUCB,invoke-QPU,-0.12364377431743545,0,0
12,22,23,Pareto,local-sim,-0.11333643914367558,0,0
12,22,23,oracle,local-sim,-0.11333643914367558,0,0
12,22,23,train-selected fixed,local-sim,-0.11333643914367558,0,0
12,22,23,always invoke-QPU,invoke-QPU,-0.12364377431743545,0,0
12,22,23,always remote-sim,remote-sim,-0.13977534210516912,0,0
12,22,23,always local-sim,local-sim,-0.11333643914367558,0,0
12,22,23,always fallback,fallback,-0.22077195068184352,0,0
12,22,24,P1,local-sim,-0.10440785612820211,0,0
12,22,24,utility-only,local-sim,-0.10440785612820211,0,0
12,22,24,logged-IPW,local-sim,-0.10440785612820211,0,0
12,22,24,LinUCB,remote-sim,-0.13896310538259482,0,0
12,22,24,Pareto,local-sim,-0.10440785612820211,0,0
12,22,24,oracle,local-sim,-0.10440785612820211,0,0
12,22,24,train-selected fixed,local-sim,-0.10440785612820211,0,0
12,22,24,always invoke-QPU,invoke-QPU,-0.14466182708153713,0,0
12,22,24,always remote-sim,remote-sim,-0.13896310538259482,0,0
12,22,24,always local-sim,local-sim,-0.10440785612820211,0,0
12,22,24,always fallback,fallback,-0.2044550824495066,0,0
12,22,25,P1,local-sim,-0.10964290134843369,0,0
12,22,25,utility-only,local-sim,-0.10964290134843369,0,0
12,22,25,logged-IPW,local-sim,-0.10964290134843369,0,0
12,22,25,LinUCB,local-sim,-0.10964290134843369,0,0
12,22,25,Pareto,local-sim,-0.10964290134843369,0,0
12,22,25,oracle,local-sim,-0.10964290134843369,0,0
12,22,25,train-selected fixed,local-sim,-0.10964290134843369,0,0
12,22,25,always invoke-QPU,invoke-QPU,-7.699303797549705,1,1
12,22,25,always remote-sim,remote-sim,-12.175493872093995,1,1
12,22,25,always local-sim,local-sim,-0.10964290134843369,0,0
12,22,25,always fallback,fallback,-0.21244182161390085,0,0
12,22,26,P1,local-sim,-0.11617775096781426,0,0
12,22,26,utility-only,local-sim,-0.11617775096781426,0,0
12,22,26,logged-IPW,local-sim,-0.11617775096781426,0,0
12,22,26,LinUCB,local-sim,-0.11617775096781426,0,0
12,22,26,Pareto,local-sim,-0.11617775096781426,0,0
12,22,26,oracle,local-sim,-0.11617775096781426,0,0
12,22,26,train-selected fixed,local-sim,-0.11617775096781426,0,0
12,22,26,always invoke-QPU,invoke-QPU,-2.1564646404151238,1,0
12,22,26,always remote-sim,remote-sim,-0.34987611982990763,0,0
12,22,26,always local-sim,local-sim,-0.11617775096781426,0,0
12,22,26,always fallback,fallback,-0.21299259424749445,0,0
12,22,27,P1,local-sim,-0.10636471094566838,0,0
12,22,27,utility-only,local-sim,-0.10636471094566838,0,0
12,22,27,logged-IPW,local-sim,-0.10636471094566838,0,0
12,22,27,LinUCB,local-sim,-0.10636471094566838,0,0
12,22,27,Pareto,local-sim,-0.10636471094566838,0,0
12,22,27,oracle,local-sim,-0.10636471094566838,0,0
12,22,27,train-selected fixed,local-sim,-0.10636471094566838,0,0
12,22,27,always invoke-QPU,invoke-QPU,-0.15112166122484388,0,0
12,22,27,always remote-sim,remote-sim,-0.1631433469085577,0,0
12,22,27,always local-sim,local-sim,-0.10636471094566838,0,0
12,22,27,always fallback,fallback,-0.21201576945030354,0,0
12,22,28,P1,local-sim,-0.10715917236419087,0,0
12,22,28,utility-only,local-sim,-0.10715917236419087,0,0
12,22,28,logged-IPW,local-sim,-0.10715917236419087,0,0
12,22,28,LinUCB,local-sim,-0.10715917236419087,0,0
12,22,28,Pareto,local-sim,-0.10715917236419087,0,0
12,22,28,oracle,local-sim,-0.10715917236419087,0,0
12,22,28,train-selected fixed,local-sim,-0.10715917236419087,0,0
12,22,28,always invoke-QPU,invoke-QPU,-2.1662349804752963,1,0
12,22,28,always remote-sim,remote-sim,-0.169761158816714,0,0
12,22,28,always local-sim,local-sim,-0.10715917236419087,0,0
12,22,28,always fallback,fallback,-0.22568982069370516,0,0
12,22,29,P1,local-sim,-0.09760900234201349,0,0
12,22,29,utility-only,local-sim,-0.09760900234201349,0,0
12,22,29,logged-IPW,local-sim,-0.09760900234201349,0,0
12,22,29,LinUCB,local-sim,-0.09760900234201349,0,0
12,22,29,Pareto,local-sim,-0.09760900234201349,0,0
12,22,29,oracle,local-sim,-0.09760900234201349,0,0
12,22,29,train-selected fixed,local-sim,-0.09760900234201349,0,0
12,22,29,always invoke-QPU,invoke-QPU,-0.1203427928094352,0,0
12,22,29,always remote-sim,remote-sim,-0.16990097285266975,0,0
12,22,29,always local-sim,local-sim,-0.09760900234201349,0,0
12,22,29,always fallback,fallback,-0.21088155027679878,0,0
12,23,0,P1,local-sim,-0.09528902768475579,0,0
12,23,0,utility-only,local-sim,-0.09528902768475579,0,0
12,23,0,logged-IPW,local-sim,-0.09528902768475579,0,0
12,23,0,LinUCB,local-sim,-0.09528902768475579,0,0
12,23,0,Pareto,local-sim,-0.09528902768475579,0,0
12,23,0,oracle,local-sim,-0.09528902768475579,0,0
12,23,0,train-selected fixed,local-sim,-0.09528902768475579,0,0
12,23,0,always invoke-QPU,invoke-QPU,-2.2209783498649593,1,0
12,23,0,always remote-sim,remote-sim,-12.105524891259137,1,1
12,23,0,always local-sim,local-sim,-0.09528902768475579,0,0
12,23,0,always fallback,fallback,-0.1967644869878421,0,0
12,23,1,P1,local-sim,-0.10775142073529677,0,0
12,23,1,utility-only,local-sim,-0.10775142073529677,0,0
12,23,1,logged-IPW,local-sim,-0.10775142073529677,0,0
12,23,1,LinUCB,local-sim,-0.10775142073529677,0,0
12,23,1,Pareto,local-sim,-0.10775142073529677,0,0
12,23,1,oracle,local-sim,-0.10775142073529677,0,0
12,23,1,train-selected fixed,local-sim,-0.10775142073529677,0,0
12,23,1,always invoke-QPU,invoke-QPU,-7.615680889047671,1,1
12,23,1,always remote-sim,remote-sim,-7.250723341625072,0,0
12,23,1,always local-sim,local-sim,-0.10775142073529677,0,0
12,23,1,always fallback,fallback,-0.2054100885890301,0,0
12,23,2,P1,local-sim,-0.11811483365437096,0,0
12,23,2,utility-only,local-sim,-0.11811483365437096,0,0
12,23,2,logged-IPW,local-sim,-0.11811483365437096,0,0
12,23,2,LinUCB,local-sim,-0.11811483365437096,0,0
12,23,2,Pareto,local-sim,-0.11811483365437096,0,0
12,23,2,oracle,local-sim,-0.11811483365437096,0,0
12,23,2,train-selected fixed,local-sim,-0.11811483365437096,0,0
12,23,2,always invoke-QPU,invoke-QPU,-0.1895836089872353,0,0
12,23,2,always remote-sim,remote-sim,-0.2188855126734437,0,0
12,23,2,always local-sim,local-sim,-0.11811483365437096,0,0
12,23,2,always fallback,fallback,-0.21012480477459708,0,0
12,23,3,P1,local-sim,-0.12193213122696706,0,0
12,23,3,utility-only,local-sim,-0.12193213122696706,0,0
12,23,3,logged-IPW,local-sim,-0.12193213122696706,0,0
12,23,3,LinUCB,local-sim,-0.12193213122696706,0,0
12,23,3,Pareto,local-sim,-0.12193213122696706,0,0
12,23,3,oracle,local-sim,-0.12193213122696706,0,0
12,23,3,train-selected fixed,local-sim,-0.12193213122696706,0,0
12,23,3,always invoke-QPU,invoke-QPU,-8.170987025402315,1,1
12,23,3,always remote-sim,remote-sim,-16.95477560298642,1,1
12,23,3,always local-sim,local-sim,-0.12193213122696706,0,0
12,23,3,always fallback,fallback,-0.21592135886651523,0,0
12,23,4,P1,local-sim,-0.11456318513592635,0,0
12,23,4,utility-only,local-sim,-0.11456318513592635,0,0
12,23,4,logged-IPW,local-sim,-0.11456318513592635,0,0
12,23,4,LinUCB,local-sim,-0.11456318513592635,0,0
12,23,4,Pareto,local-sim,-0.11456318513592635,0,0
12,23,4,oracle,local-sim,-0.11456318513592635,0,0
12,23,4,train-selected fixed,local-sim,-0.11456318513592635,0,0
12,23,4,always invoke-QPU,invoke-QPU,-2.182692593891073,1,0
12,23,4,always remote-sim,remote-sim,-0.16962827404786796,0,0
12,23,4,always local-sim,local-sim,-0.11456318513592635,0,0
12,23,4,always fallback,fallback,-0.21331244181538522,0,0
12,23,5,P1,local-sim,-0.11046707138793259,0,0
12,23,5,utility-only,local-sim,-0.11046707138793259,0,0
12,23,5,logged-IPW,local-sim,-0.11046707138793259,0,0
12,23,5,LinUCB,local-sim,-0.11046707138793259,0,0
12,23,5,Pareto,local-sim,-0.11046707138793259,0,0
12,23,5,oracle,local-sim,-0.11046707138793259,0,0
12,23,5,train-selected fixed,local-sim,-0.11046707138793259,0,0
12,23,5,always invoke-QPU,invoke-QPU,-0.19656520289871965,0,0
12,23,5,always remote-sim,remote-sim,-0.18739464237801912,0,0
12,23,5,always local-sim,local-sim,-0.11046707138793259,0,0
12,23,5,always fallback,fallback,-0.2050579819216228,0,0
12,23,6,P1,local-sim,-0.11268859160821304,0,0
12,23,6,utility-only,local-sim,-0.11268859160821304,0,0
12,23,6,logged-IPW,local-sim,-0.11268859160821304,0,0
12,23,6,LinUCB,local-sim,-0.11268859160821304,0,0
12,23,6,Pareto,local-sim,-0.11268859160821304,0,0
12,23,6,oracle,local-sim,-0.11268859160821304,0,0
12,23,6,train-selected fixed,local-sim,-0.11268859160821304,0,0
12,23,6,always invoke-QPU,invoke-QPU,-2.839872064172822,1,0
12,23,6,always remote-sim,remote-sim,-14.6466540181016,1,1
12,23,6,always local-sim,local-sim,-0.11268859160821304,0,0
12,23,6,always fallback,fallback,-0.20839646414110402,0,0
12,23,7,P1,local-sim,-0.09911915742755152,0,0
12,23,7,utility-only,local-sim,-0.09911915742755152,0,0
12,23,7,logged-IPW,local-sim,-0.09911915742755152,0,0
12,23,7,LinUCB,local-sim,-0.09911915742755152,0,0
12,23,7,Pareto,local-sim,-0.09911915742755152,0,0
12,23,7,oracle,local-sim,-0.09911915742755152,0,0
12,23,7,train-selected fixed,local-sim,-0.09911915742755152,0,0
12,23,7,always invoke-QPU,invoke-QPU,-2.2811385752118385,1,0
12,23,7,always remote-sim,remote-sim,-8.302228408982174,0,1
12,23,7,always local-sim,local-sim,-0.09911915742755152,0,0
12,23,7,always fallback,fallback,-0.19599577809368277,0,0
12,23,8,P1,local-sim,-0.10269343381110847,0,0
12,23,8,utility-only,local-sim,-0.10269343381110847,0,0
12,23,8,logged-IPW,local-sim,-0.10269343381110847,0,0
12,23,8,LinUCB,local-sim,-0.10269343381110847,0,0
12,23,8,Pareto,local-sim,-0.10269343381110847,0,0
12,23,8,oracle,local-sim,-0.10269343381110847,0,0
12,23,8,train-selected fixed,local-sim,-0.10269343381110847,0,0
12,23,8,always invoke-QPU,invoke-QPU,-2.4310695629644665,1,0
12,23,8,always remote-sim,remote-sim,-11.30625453283504,1,1
12,23,8,always local-sim,local-sim,-0.10269343381110847,0,0
12,23,8,always fallback,fallback,-0.19146328308622504,0,0
12,23,9,P1,local-sim,-0.10699276049474028,0,0
12,23,9,utility-only,local-sim,-0.10699276049474028,0,0
12,23,9,logged-IPW,local-sim,-0.10699276049474028,0,0
12,23,9,LinUCB,local-sim,-0.10699276049474028,0,0
12,23,9,Pareto,local-sim,-0.10699276049474028,0,0
12,23,9,oracle,local-sim,-0.10699276049474028,0,0
12,23,9,train-selected fixed,local-sim,-0.10699276049474028,0,0
12,23,9,always invoke-QPU,invoke-QPU,-2.536640617634169,1,0
12,23,9,always remote-sim,remote-sim,-0.17469775582525882,0,0
12,23,9,always local-sim,local-sim,-0.10699276049474028,0,0
12,23,9,always fallback,fallback,-0.21573342768794143,0,0
12,23,10,P1,local-sim,-0.10791844723648043,0,0
12,23,10,utility-only,local-sim,-0.10791844723648043,0,0
12,23,10,logged-IPW,local-sim,-0.10791844723648043,0,0
12,23,10,LinUCB,local-sim,-0.10791844723648043,0,0
12,23,10,Pareto,local-sim,-0.10791844723648043,0,0
12,23,10,oracle,local-sim,-0.10791844723648043,0,0
12,23,10,train-selected fixed,local-sim,-0.10791844723648043,0,0
12,23,10,always invoke-QPU,invoke-QPU,-2.5003617673337395,1,0
12,23,10,always remote-sim,remote-sim,-7.755052161278581,1,0
12,23,10,always local-sim,local-sim,-0.10791844723648043,0,0
12,23,10,always fallback,fallback,-0.19972687815773754,0,0
12,23,11,P1,local-sim,-0.10590117927578604,0,0
12,23,11,utility-only,local-sim,-0.10590117927578604,0,0
12,23,11,logged-IPW,local-sim,-0.10590117927578604,0,0
12,23,11,LinUCB,local-sim,-0.10590117927578604,0,0
12,23,11,Pareto,local-sim,-0.10590117927578604,0,0
12,23,11,oracle,local-sim,-0.10590117927578604,0,0
12,23,11,train-selected fixed,local-sim,-0.10590117927578604,0,0
12,23,11,always invoke-QPU,invoke-QPU,-2.1977457026049763,1,0
12,23,11,always remote-sim,remote-sim,-0.254515393907788,0,0
12,23,11,always local-sim,local-sim,-0.10590117927578604,0,0
12,23,11,always fallback,fallback,-0.19307443715509995,0,0
12,23,12,P1,local-sim,-0.1034043644079519,0,0
12,23,12,utility-only,local-sim,-0.1034043644079519,0,0
12,23,12,logged-IPW,local-sim,-0.1034043644079519,0,0
12,23,12,LinUCB,local-sim,-0.1034043644079519,0,0
12,23,12,Pareto,local-sim,-0.1034043644079519,0,0
12,23,12,oracle,local-sim,-0.1034043644079519,0,0
12,23,12,train-selected fixed,local-sim,-0.1034043644079519,0,0
12,23,12,always invoke-QPU,invoke-QPU,-0.13459648585660322,0,0
12,23,12,always remote-sim,remote-sim,-0.2202421586996861,0,0
12,23,12,always local-sim,local-sim,-0.1034043644079519,0,0
12,23,12,always fallback,fallback,-0.20800540050123828,0,0
12,23,13,P1,local-sim,-0.11007739092654448,0,0
12,23,13,utility-only,local-sim,-0.11007739092654448,0,0
12,23,13,logged-IPW,local-sim,-0.11007739092654448,0,0
12,23,13,LinUCB,local-sim,-0.11007739092654448,0,0
12,23,13,Pareto,local-sim,-0.11007739092654448,0,0
12,23,13,oracle,local-sim,-0.11007739092654448,0,0
12,23,13,train-selected fixed,local-sim,-0.11007739092654448,0,0
12,23,13,always invoke-QPU,invoke-QPU,-7.304378969460064,1,1
12,23,13,always remote-sim,remote-sim,-8.74419168581806,1,1
12,23,13,always local-sim,local-sim,-0.11007739092654448,0,0
12,23,13,always fallback,fallback,-0.2130842309513286,0,0
12,23,14,P1,local-sim,-0.1038439046777084,0,0
12,23,14,utility-only,local-sim,-0.1038439046777084,0,0
12,23,14,logged-IPW,local-sim,-0.1038439046777084,0,0
12,23,14,LinUCB,remote-sim,-0.185058297033229,0,0
12,23,14,Pareto,local-sim,-0.1038439046777084,0,0
12,23,14,oracle,local-sim,-0.1038439046777084,0,0
12,23,14,train-selected fixed,local-sim,-0.1038439046777084,0,0
12,23,14,always invoke-QPU,invoke-QPU,-0.1505502865536789,0,0
12,23,14,always remote-sim,remote-sim,-0.185058297033229,0,0
12,23,14,always local-sim,local-sim,-0.1038439046777084,0,0
12,23,14,always fallback,fallback,-0.18280704783101728,0,0
12,23,15,P1,local-sim,-0.11913451467466735,0,0
12,23,15,utility-only,local-sim,-0.11913451467466735,0,0
12,23,15,logged-IPW,local-sim,-0.11913451467466735,0,0
12,23,15,LinUCB,local-sim,-0.11913451467466735,0,0
12,23,15,Pareto,local-sim,-0.11913451467466735,0,0
12,23,15,oracle,local-sim,-0.11913451467466735,0,0
12,23,15,train-selected fixed,local-sim,-0.11913451467466735,0,0
12,23,15,always invoke-QPU,invoke-QPU,-0.19634210991195977,0,0
12,23,15,always remote-sim,remote-sim,-0.2723761523473091,0,0
12,23,15,always local-sim,local-sim,-0.11913451467466735,0,0
12,23,15,always fallback,fallback,-0.2158561272200984,0,0
12,23,16,P1,local-sim,-0.10492427426412013,0,0
12,23,16,utility-only,local-sim,-0.10492427426412013,0,0
12,23,16,logged-IPW,local-sim,-0.10492427426412013,0,0
12,23,16,LinUCB,local-sim,-0.10492427426412013,0,0
12,23,16,Pareto,local-sim,-0.10492427426412013,0,0
12,23,16,oracle,local-sim,-0.10492427426412013,0,0
12,23,16,train-selected fixed,local-sim,-0.10492427426412013,0,0
12,23,16,always invoke-QPU,invoke-QPU,-2.7081491900385384,1,0
12,23,16,always remote-sim,remote-sim,-13.644494959145884,1,1
12,23,16,always local-sim,local-sim,-0.10492427426412013,0,0
12,23,16,always fallback,fallback,-0.19612713141120985,0,0
12,23,17,P1,local-sim,-0.11908707092820077,0,0
12,23,17,utility-only,local-sim,-0.11908707092820077,0,0
12,23,17,logged-IPW,local-sim,-0.11908707092820077,0,0
12,23,17,LinUCB,local-sim,-0.11908707092820077,0,0
12,23,17,Pareto,local-sim,-0.11908707092820077,0,0
12,23,17,oracle,local-sim,-0.11908707092820077,0,0
12,23,17,train-selected fixed,local-sim,-0.11908707092820077,0,0
12,23,17,always invoke-QPU,invoke-QPU,-2.2381588813183475,1,0
12,23,17,always remote-sim,remote-sim,-0.302121589326263,0,0
12,23,17,always local-sim,local-sim,-0.11908707092820077,0,0
12,23,17,always fallback,fallback,-0.20636385662780107,0,0
12,23,18,P1,local-sim,-0.11820681565404054,0,0
12,23,18,utility-only,local-sim,-0.11820681565404054,0,0
12,23,18,logged-IPW,local-sim,-0.11820681565404054,0,0
12,23,18,LinUCB,local-sim,-0.11820681565404054,0,0
12,23,18,Pareto,local-sim,-0.11820681565404054,0,0
12,23,18,oracle,local-sim,-0.11820681565404054,0,0
12,23,18,train-selected fixed,local-sim,-0.11820681565404054,0,0
12,23,18,always invoke-QPU,invoke-QPU,-2.1588934043385963,1,0
12,23,18,always remote-sim,remote-sim,-0.28426550878340096,0,0
12,23,18,always local-sim,local-sim,-0.11820681565404054,0,0
12,23,18,always fallback,fallback,-0.2028367334238132,0,0
12,23,19,P1,local-sim,-0.11121091197969814,0,0
12,23,19,utility-only,local-sim,-0.11121091197969814,0,0
12,23,19,logged-IPW,local-sim,-0.11121091197969814,0,0
12,23,19,LinUCB,local-sim,-0.11121091197969814,0,0
12,23,19,Pareto,local-sim,-0.11121091197969814,0,0
12,23,19,oracle,local-sim,-0.11121091197969814,0,0
12,23,19,train-selected fixed,local-sim,-0.11121091197969814,0,0
12,23,19,always invoke-QPU,invoke-QPU,-7.241594449753242,1,1
12,23,19,always remote-sim,remote-sim,-8.431956266032598,0,1
12,23,19,always local-sim,local-sim,-0.11121091197969814,0,0
12,23,19,always fallback,fallback,-0.20507392674972444,0,0
12,23,20,P1,local-sim,-0.10553337143497657,0,0
12,23,20,utility-only,local-sim,-0.10553337143497657,0,0
12,23,20,logged-IPW,local-sim,-0.10553337143497657,0,0
12,23,20,LinUCB,remote-sim,-0.10825886996137846,0,0
12,23,20,Pareto,local-sim,-0.10553337143497657,0,0
12,23,20,oracle,local-sim,-0.10553337143497657,0,0
12,23,20,train-selected fixed,local-sim,-0.10553337143497657,0,0
12,23,20,always invoke-QPU,invoke-QPU,-0.14908555962521539,0,0
12,23,20,always remote-sim,remote-sim,-0.10825886996137846,0,0
12,23,20,always local-sim,local-sim,-0.10553337143497657,0,0
12,23,20,always fallback,fallback,-0.18362588017026785,0,0
12,23,21,P1,local-sim,-0.09521790025519808,0,0
12,23,21,utility-only,local-sim,-0.09521790025519808,0,0
12,23,21,logged-IPW,local-sim,-0.09521790025519808,0,0
12,23,21,LinUCB,local-sim,-0.09521790025519808,0,0
12,23,21,Pareto,local-sim,-0.09521790025519808,0,0
12,23,21,oracle,local-sim,-0.09521790025519808,0,0
12,23,21,train-selected fixed,local-sim,-0.09521790025519808,0,0
12,23,21,always invoke-QPU,invoke-QPU,-7.327447577180635,1,1
12,23,21,always remote-sim,remote-sim,-13.659638769152066,1,1
12,23,21,always local-sim,local-sim,-0.09521790025519808,0,0
12,23,21,always fallback,fallback,-0.19293938323345206,0,0
12,23,22,P1,local-sim,-0.10495073799268094,0,0
12,23,22,utility-only,local-sim,-0.10495073799268094,0,0
12,23,22,logged-IPW,local-sim,-0.10495073799268094,0,0
12,23,22,LinUCB,local-sim,-0.10495073799268094,0,0
12,23,22,Pareto,local-sim,-0.10495073799268094,0,0
12,23,22,oracle,local-sim,-0.10495073799268094,0,0
12,23,22,train-selected fixed,local-sim,-0.10495073799268094,0,0
12,23,22,always invoke-QPU,invoke-QPU,-0.13998762416837562,0,0
12,23,22,always remote-sim,remote-sim,-0.3038098057222027,0,0
12,23,22,always local-sim,local-sim,-0.10495073799268094,0,0
12,23,22,always fallback,fallback,-0.19220451403398983,0,0
12,23,23,P1,local-sim,-0.09962845596801506,0,0
12,23,23,utility-only,local-sim,-0.09962845596801506,0,0
12,23,23,logged-IPW,local-sim,-0.09962845596801506,0,0
12,23,23,LinUCB,remote-sim,-0.18498068039518556,0,0
12,23,23,Pareto,local-sim,-0.09962845596801506,0,0
12,23,23,oracle,local-sim,-0.09962845596801506,0,0
12,23,23,train-selected fixed,local-sim,-0.09962845596801506,0,0
12,23,23,always invoke-QPU,invoke-QPU,-0.13761644024709857,0,0
12,23,23,always remote-sim,remote-sim,-0.18498068039518556,0,0
12,23,23,always local-sim,local-sim,-0.09962845596801506,0,0
12,23,23,always fallback,fallback,-0.19731038730797845,0,0
12,23,24,P1,local-sim,-0.10482689469128896,0,0
12,23,24,utility-only,local-sim,-0.10482689469128896,0,0
12,23,24,logged-IPW,local-sim,-0.10482689469128896,0,0
12,23,24,LinUCB,local-sim,-0.10482689469128896,0,0
12,23,24,Pareto,local-sim,-0.10482689469128896,0,0
12,23,24,oracle,local-sim,-0.10482689469128896,0,0
12,23,24,train-selected fixed,local-sim,-0.10482689469128896,0,0
12,23,24,always invoke-QPU,invoke-QPU,-0.15906153397263068,0,0
12,23,24,always remote-sim,remote-sim,-0.14807575425056066,0,0
12,23,24,always local-sim,local-sim,-0.10482689469128896,0,0
12,23,24,always fallback,fallback,-0.1928624891766587,0,0
12,23,25,P1,local-sim,-0.10476939163934926,0,0
12,23,25,utility-only,local-sim,-0.10476939163934926,0,0
12,23,25,logged-IPW,local-sim,-0.10476939163934926,0,0
12,23,25,LinUCB,local-sim,-0.10476939163934926,0,0
12,23,25,Pareto,local-sim,-0.10476939163934926,0,0
12,23,25,oracle,local-sim,-0.10476939163934926,0,0
12,23,25,train-selected fixed,local-sim,-0.10476939163934926,0,0
12,23,25,always invoke-QPU,invoke-QPU,-2.1771372751429037,1,0
12,23,25,always remote-sim,remote-sim,-0.15926894464864727,0,0
12,23,25,always local-sim,local-sim,-0.10476939163934926,0,0
12,23,25,always fallback,fallback,-0.20993859202060838,0,0
12,23,26,P1,local-sim,-0.10961347483142828,0,0
12,23,26,utility-only,local-sim,-0.10961347483142828,0,0
12,23,26,logged-IPW,local-sim,-0.10961347483142828,0,0
12,23,26,LinUCB,local-sim,-0.10961347483142828,0,0
12,23,26,Pareto,local-sim,-0.10961347483142828,0,0
12,23,26,oracle,local-sim,-0.10961347483142828,0,0
12,23,26,train-selected fixed,local-sim,-0.10961347483142828,0,0
12,23,26,always invoke-QPU,invoke-QPU,-7.545425067459309,1,1
12,23,26,always remote-sim,remote-sim,-5.651044424224166,1,0
12,23,26,always local-sim,local-sim,-0.10961347483142828,0,0
12,23,26,always fallback,fallback,-0.2177722934176522,0,0
12,23,27,P1,local-sim,-0.10573087588868273,0,0
12,23,27,utility-only,local-sim,-0.10573087588868273,0,0
12,23,27,logged-IPW,local-sim,-0.10573087588868273,0,0
12,23,27,LinUCB,local-sim,-0.10573087588868273,0,0
12,23,27,Pareto,local-sim,-0.10573087588868273,0,0
12,23,27,oracle,local-sim,-0.10573087588868273,0,0
12,23,27,train-selected fixed,local-sim,-0.10573087588868273,0,0
12,23,27,always invoke-QPU,invoke-QPU,-0.15795471126894928,0,0
12,23,27,always remote-sim,remote-sim,-0.16898641436658807,0,0
12,23,27,always local-sim,local-sim,-0.10573087588868273,0,0
12,23,27,always fallback,fallback,-0.20922427768470309,0,0
12,23,28,P1,local-sim,-0.10371922291659358,0,0
12,23,28,utility-only,local-sim,-0.10371922291659358,0,0
12,23,28,logged-IPW,local-sim,-0.10371922291659358,0,0
12,23,28,LinUCB,local-sim,-0.10371922291659358,0,0
12,23,28,Pareto,local-sim,-0.10371922291659358,0,0
12,23,28,oracle,local-sim,-0.10371922291659358,0,0
12,23,28,train-selected fixed,local-sim,-0.10371922291659358,0,0
12,23,28,always invoke-QPU,invoke-QPU,-2.1175405044188143,1,0
12,23,28,always remote-sim,remote-sim,-0.12285885676902113,0,0
12,23,28,always local-sim,local-sim,-0.10371922291659358,0,0
12,23,28,always fallback,fallback,-0.1958569597935833,0,0
12,23,29,P1,local-sim,-0.11509625572243527,0,0
12,23,29,utility-only,local-sim,-0.11509625572243527,0,0
12,23,29,logged-IPW,local-sim,-0.11509625572243527,0,0
12,23,29,LinUCB,local-sim,-0.11509625572243527,0,0
12,23,29,Pareto,local-sim,-0.11509625572243527,0,0
12,23,29,oracle,local-sim,-0.11509625572243527,0,0
12,23,29,train-selected fixed,local-sim,-0.11509625572243527,0,0
12,23,29,always invoke-QPU,invoke-QPU,-8.124485954335302,1,1
12,23,29,always remote-sim,remote-sim,-12.278192233334838,1,0
12,23,29,always local-sim,local-sim,-0.11509625572243527,0,0
12,23,29,always fallback,fallback,-0.19598142234885169,0,0
12,24,0,P1,local-sim,-0.12459915156592472,0,0
12,24,0,utility-only,local-sim,-0.12459915156592472,0,0
12,24,0,logged-IPW,local-sim,-0.12459915156592472,0,0
12,24,0,LinUCB,local-sim,-0.12459915156592472,0,0
12,24,0,Pareto,local-sim,-0.12459915156592472,0,0
12,24,0,oracle,local-sim,-0.12459915156592472,0,0
12,24,0,train-selected fixed,local-sim,-0.12459915156592472,0,0
12,24,0,always invoke-QPU,invoke-QPU,-2.2994049733867143,1,0
12,24,0,always remote-sim,remote-sim,-0.1553703259199255,0,0
12,24,0,always local-sim,local-sim,-0.12459915156592472,0,0
12,24,0,always fallback,fallback,-0.2211341371175112,0,0
12,24,1,P1,local-sim,-0.11205933745693397,0,0
12,24,1,utility-only,local-sim,-0.11205933745693397,0,0
12,24,1,logged-IPW,local-sim,-0.11205933745693397,0,0
12,24,1,LinUCB,local-sim,-0.11205933745693397,0,0
12,24,1,Pareto,local-sim,-0.11205933745693397,0,0
12,24,1,oracle,local-sim,-0.11205933745693397,0,0
12,24,1,train-selected fixed,local-sim,-0.11205933745693397,0,0
12,24,1,always invoke-QPU,invoke-QPU,-7.286870619260423,1,1
12,24,1,always remote-sim,remote-sim,-8.570555213128925,0,1
12,24,1,always local-sim,local-sim,-0.11205933745693397,0,0
12,24,1,always fallback,fallback,-0.2126549788027287,0,0
12,24,2,P1,local-sim,-0.09909715211238598,0,0
12,24,2,utility-only,local-sim,-0.09909715211238598,0,0
12,24,2,logged-IPW,local-sim,-0.09909715211238598,0,0
12,24,2,LinUCB,local-sim,-0.09909715211238598,0,0
12,24,2,Pareto,local-sim,-0.09909715211238598,0,0
12,24,2,oracle,local-sim,-0.09909715211238598,0,0
12,24,2,train-selected fixed,local-sim,-0.09909715211238598,0,0
12,24,2,always invoke-QPU,invoke-QPU,-2.2582929232888205,1,0
12,24,2,always remote-sim,remote-sim,-6.05490797513195,1,0
12,24,2,always local-sim,local-sim,-0.09909715211238598,0,0
12,24,2,always fallback,fallback,-0.21006155418710715,0,0
12,24,3,P1,local-sim,-0.11522645778047272,0,0
12,24,3,utility-only,local-sim,-0.11522645778047272,0,0
12,24,3,logged-IPW,local-sim,-0.11522645778047272,0,0
12,24,3,LinUCB,local-sim,-0.11522645778047272,0,0
12,24,3,Pareto,local-sim,-0.11522645778047272,0,0
12,24,3,oracle,local-sim,-0.11522645778047272,0,0
12,24,3,train-selected fixed,local-sim,-0.11522645778047272,0,0
12,24,3,always invoke-QPU,invoke-QPU,-7.6241309385133045,1,1
12,24,3,always remote-sim,remote-sim,-11.626863896387004,1,1
12,24,3,always local-sim,local-sim,-0.11522645778047272,0,0
12,24,3,always fallback,fallback,-0.20532157995540126,0,0
12,24,4,P1,local-sim,-0.1096555908756566,0,0
12,24,4,utility-only,local-sim,-0.1096555908756566,0,0
12,24,4,logged-IPW,local-sim,-0.1096555908756566,0,0
12,24,4,LinUCB,local-sim,-0.1096555908756566,0,0
12,24,4,Pareto,local-sim,-0.1096555908756566,0,0
12,24,4,oracle,local-sim,-0.1096555908756566,0,0
12,24,4,train-selected fixed,local-sim,-0.1096555908756566,0,0
12,24,4,always invoke-QPU,invoke-QPU,-2.1927456275030157,1,0
12,24,4,always remote-sim,remote-sim,-0.17790958140288787,0,0
12,24,4,always local-sim,local-sim,-0.1096555908756566,0,0
12,24,4,always fallback,fallback,-0.20447523848893367,0,0
12,24,5,P1,local-sim,-0.10644030921847136,0,0
12,24,5,utility-only,local-sim,-0.10644030921847136,0,0
12,24,5,logged-IPW,local-sim,-0.10644030921847136,0,0
12,24,5,LinUCB,invoke-QPU,-0.12586995810012477,0,0
12,24,5,Pareto,local-sim,-0.10644030921847136,0,0
12,24,5,oracle,local-sim,-0.10644030921847136,0,0
12,24,5,train-selected fixed,local-sim,-0.10644030921847136,0,0
12,24,5,always invoke-QPU,invoke-QPU,-0.12586995810012477,0,0
12,24,5,always remote-sim,remote-sim,-0.3193974127555468,0,0
12,24,5,always local-sim,local-sim,-0.10644030921847136,0,0
12,24,5,always fallback,fallback,-0.19549756121208273,0,0
12,24,6,P1,local-sim,-0.11058340345402655,0,0
12,24,6,utility-only,local-sim,-0.11058340345402655,0,0
12,24,6,logged-IPW,local-sim,-0.11058340345402655,0,0
12,24,6,LinUCB,local-sim,-0.11058340345402655,0,0
12,24,6,Pareto,local-sim,-0.11058340345402655,0,0
12,24,6,oracle,local-sim,-0.11058340345402655,0,0
12,24,6,train-selected fixed,local-sim,-0.11058340345402655,0,0
12,24,6,always invoke-QPU,invoke-QPU,-2.362033041222613,1,0
12,24,6,always remote-sim,remote-sim,-0.1730190949706826,0,0
12,24,6,always local-sim,local-sim,-0.11058340345402655,0,0
12,24,6,always fallback,fallback,-0.2218471112779625,0,0
12,24,7,P1,local-sim,-0.10978812706477281,0,0
12,24,7,utility-only,local-sim,-0.10978812706477281,0,0
12,24,7,logged-IPW,local-sim,-0.10978812706477281,0,0
12,24,7,LinUCB,remote-sim,-0.13636806395869527,0,0
12,24,7,Pareto,local-sim,-0.10978812706477281,0,0
12,24,7,oracle,local-sim,-0.10978812706477281,0,0
12,24,7,train-selected fixed,local-sim,-0.10978812706477281,0,0
12,24,7,always invoke-QPU,invoke-QPU,-0.1383511956345952,0,0
12,24,7,always remote-sim,remote-sim,-0.13636806395869527,0,0
12,24,7,always local-sim,local-sim,-0.10978812706477281,0,0
12,24,7,always fallback,fallback,-0.18024269570708862,0,0
12,24,8,P1,local-sim,-0.10251415308663998,0,0
12,24,8,utility-only,local-sim,-0.10251415308663998,0,0
12,24,8,logged-IPW,local-sim,-0.10251415308663998,0,0
12,24,8,LinUCB,remote-sim,-0.24327694597953234,0,0
12,24,8,Pareto,local-sim,-0.10251415308663998,0,0
12,24,8,oracle,local-sim,-0.10251415308663998,0,0
12,24,8,train-selected fixed,local-sim,-0.10251415308663998,0,0
12,24,8,always invoke-QPU,invoke-QPU,-0.14057590679034002,0,0
12,24,8,always remote-sim,remote-sim,-0.24327694597953234,0,0
12,24,8,always local-sim,local-sim,-0.10251415308663998,0,0
12,24,8,always fallback,fallback,-0.18255332741268482,0,0
12,24,9,P1,local-sim,-0.11876885179146536,0,0
12,24,9,utility-only,local-sim,-0.11876885179146536,0,0
12,24,9,logged-IPW,local-sim,-0.11876885179146536,0,0
12,24,9,LinUCB,local-sim,-0.11876885179146536,0,0
12,24,9,Pareto,local-sim,-0.11876885179146536,0,0
12,24,9,oracle,local-sim,-0.11876885179146536,0,0
12,24,9,train-selected fixed,local-sim,-0.11876885179146536,0,0
12,24,9,always invoke-QPU,invoke-QPU,-0.17430743391898895,0,0
12,24,9,always remote-sim,remote-sim,-0.23207608394001072,0,0
12,24,9,always local-sim,local-sim,-0.11876885179146536,0,0
12,24,9,always fallback,fallback,-0.21445124962033366,0,0
12,24,10,P1,local-sim,-0.09934527980198098,0,0
12,24,10,utility-only,local-sim,-0.09934527980198098,0,0
12,24,10,logged-IPW,local-sim,-0.09934527980198098,0,0
12,24,10,LinUCB,local-sim,-0.09934527980198098,0,0
12,24,10,Pareto,local-sim,-0.09934527980198098,0,0
12,24,10,oracle,local-sim,-0.09934527980198098,0,0
12,24,10,train-selected fixed,local-sim,-0.09934527980198098,0,0
12,24,10,always invoke-QPU,invoke-QPU,-0.1234220152305682,0,0
12,24,10,always remote-sim,remote-sim,-0.2195189983064175,0,0
12,24,10,always local-sim,local-sim,-0.09934527980198098,0,0
12,24,10,always fallback,fallback,-0.20072046385609635,0,0
12,24,11,P1,local-sim,-0.1020799232711389,0,0
12,24,11,utility-only,local-sim,-0.1020799232711389,0,0
12,24,11,logged-IPW,local-sim,-0.1020799232711389,0,0
12,24,11,LinUCB,local-sim,-0.1020799232711389,0,0
12,24,11,Pareto,local-sim,-0.1020799232711389,0,0
12,24,11,oracle,local-sim,-0.1020799232711389,0,0
12,24,11,train-selected fixed,local-sim,-0.1020799232711389,0,0
12,24,11,always invoke-QPU,invoke-QPU,-7.239594697062446,1,1
12,24,11,always remote-sim,remote-sim,-9.839939732243996,1,1
12,24,11,always local-sim,local-sim,-0.1020799232711389,0,0
12,24,11,always fallback,fallback,-0.17855856587992194,0,0
12,24,12,P1,local-sim,-0.10789991196448254,0,0
12,24,12,utility-only,local-sim,-0.10789991196448254,0,0
12,24,12,logged-IPW,local-sim,-0.10789991196448254,0,0
12,24,12,LinUCB,local-sim,-0.10789991196448254,0,0
12,24,12,Pareto,local-sim,-0.10789991196448254,0,0
12,24,12,oracle,local-sim,-0.10789991196448254,0,0
12,24,12,train-selected fixed,local-sim,-0.10789991196448254,0,0
12,24,12,always invoke-QPU,invoke-QPU,-0.2652291318993418,0,0
12,24,12,always remote-sim,remote-sim,-0.1508753556585031,0,0
12,24,12,always local-sim,local-sim,-0.10789991196448254,0,0
12,24,12,always fallback,fallback,-0.19593560674723232,0,0
12,24,13,P1,local-sim,-0.10843738725938215,0,0
12,24,13,utility-only,local-sim,-0.10843738725938215,0,0
12,24,13,logged-IPW,local-sim,-0.10843738725938215,0,0
12,24,13,LinUCB,local-sim,-0.10843738725938215,0,0
12,24,13,Pareto,local-sim,-0.10843738725938215,0,0
12,24,13,oracle,local-sim,-0.10843738725938215,0,0
12,24,13,train-selected fixed,local-sim,-0.10843738725938215,0,0
12,24,13,always invoke-QPU,invoke-QPU,-2.4878306039078746,1,0
12,24,13,always remote-sim,remote-sim,-7.782539792966331,1,0
12,24,13,always local-sim,local-sim,-0.10843738725938215,0,0
12,24,13,always fallback,fallback,-0.1991722432116572,0,0
12,24,14,P1,local-sim,-0.10254909921990138,0,0
12,24,14,utility-only,local-sim,-0.10254909921990138,0,0
12,24,14,logged-IPW,local-sim,-0.10254909921990138,0,0
12,24,14,LinUCB,local-sim,-0.10254909921990138,0,0
12,24,14,Pareto,local-sim,-0.10254909921990138,0,0
12,24,14,oracle,local-sim,-0.10254909921990138,0,0
12,24,14,train-selected fixed,local-sim,-0.10254909921990138,0,0
12,24,14,always invoke-QPU,invoke-QPU,-0.1813698057819073,0,0
12,24,14,always remote-sim,remote-sim,-0.2596933837059331,0,0
12,24,14,always local-sim,local-sim,-0.10254909921990138,0,0
12,24,14,always fallback,fallback,-0.21110894609351663,0,0
12,24,15,P1,local-sim,-0.10862278373121481,0,0
12,24,15,utility-only,local-sim,-0.10862278373121481,0,0
12,24,15,logged-IPW,local-sim,-0.10862278373121481,0,0
12,24,15,LinUCB,remote-sim,-0.28188684230670114,0,0
12,24,15,Pareto,local-sim,-0.10862278373121481,0,0
12,24,15,oracle,local-sim,-0.10862278373121481,0,0
12,24,15,train-selected fixed,local-sim,-0.10862278373121481,0,0
12,24,15,always invoke-QPU,invoke-QPU,-0.12065557292035245,0,0
12,24,15,always remote-sim,remote-sim,-0.28188684230670114,0,0
12,24,15,always local-sim,local-sim,-0.10862278373121481,0,0
12,24,15,always fallback,fallback,-0.17999953762332294,0,0
12,24,16,P1,local-sim,-0.10403129031751833,0,0
12,24,16,utility-only,local-sim,-0.10403129031751833,0,0
12,24,16,logged-IPW,local-sim,-0.10403129031751833,0,0
12,24,16,LinUCB,invoke-QPU,-0.1687900634310771,0,0
12,24,16,Pareto,local-sim,-0.10403129031751833,0,0
12,24,16,oracle,local-sim,-0.10403129031751833,0,0
12,24,16,train-selected fixed,local-sim,-0.10403129031751833,0,0
12,24,16,always invoke-QPU,invoke-QPU,-0.1687900634310771,0,0
12,24,16,always remote-sim,remote-sim,-0.26685215123476713,0,0
12,24,16,always local-sim,local-sim,-0.10403129031751833,0,0
12,24,16,always fallback,fallback,-0.19856014183729734,0,0
12,24,17,P1,local-sim,-0.10139185250922524,0,0
12,24,17,utility-only,local-sim,-0.10139185250922524,0,0
12,24,17,logged-IPW,local-sim,-0.10139185250922524,0,0
12,24,17,LinUCB,local-sim,-0.10139185250922524,0,0
12,24,17,Pareto,local-sim,-0.10139185250922524,0,0
12,24,17,oracle,local-sim,-0.10139185250922524,0,0
12,24,17,train-selected fixed,local-sim,-0.10139185250922524,0,0
12,24,17,always invoke-QPU,invoke-QPU,-0.13462512285266942,0,0
12,24,17,always remote-sim,remote-sim,-0.21389980584994125,0,0
12,24,17,always local-sim,local-sim,-0.10139185250922524,0,0
12,24,17,always fallback,fallback,-0.20948108120257847,0,0
12,24,18,P1,local-sim,-0.10399110347792717,0,0
12,24,18,utility-only,local-sim,-0.10399110347792717,0,0
12,24,18,logged-IPW,local-sim,-0.10399110347792717,0,0
12,24,18,LinUCB,local-sim,-0.10399110347792717,0,0
12,24,18,Pareto,local-sim,-0.10399110347792717,0,0
12,24,18,oracle,local-sim,-0.10399110347792717,0,0
12,24,18,train-selected fixed,local-sim,-0.10399110347792717,0,0
12,24,18,always invoke-QPU,invoke-QPU,-2.3252812843433706,1,0
12,24,18,always remote-sim,remote-sim,-0.13890163385480453,0,0
12,24,18,always local-sim,local-sim,-0.10399110347792717,0,0
12,24,18,always fallback,fallback,-0.19559636156762877,0,0
12,24,19,P1,local-sim,-0.11188925366250575,0,0
12,24,19,utility-only,local-sim,-0.11188925366250575,0,0
12,24,19,logged-IPW,local-sim,-0.11188925366250575,0,0
12,24,19,LinUCB,local-sim,-0.11188925366250575,0,0
12,24,19,Pareto,local-sim,-0.11188925366250575,0,0
12,24,19,oracle,local-sim,-0.11188925366250575,0,0
12,24,19,train-selected fixed,local-sim,-0.11188925366250575,0,0
12,24,19,always invoke-QPU,invoke-QPU,-6.210691359594039,0,1
12,24,19,always remote-sim,remote-sim,-14.5416401516393,0,1
12,24,19,always local-sim,local-sim,-0.11188925366250575,0,0
12,24,19,always fallback,fallback,-0.21709408812693604,0,0
12,24,20,P1,local-sim,-0.10165972468333911,0,0
12,24,20,utility-only,local-sim,-0.10165972468333911,0,0
12,24,20,logged-IPW,local-sim,-0.10165972468333911,0,0
12,24,20,LinUCB,local-sim,-0.10165972468333911,0,0
12,24,20,Pareto,local-sim,-0.10165972468333911,0,0
12,24,20,oracle,local-sim,-0.10165972468333911,0,0
12,24,20,train-selected fixed,local-sim,-0.10165972468333911,0,0
12,24,20,always invoke-QPU,invoke-QPU,-7.280022819202741,1,1
12,24,20,always remote-sim,remote-sim,-1.8433953848167992,0,0
12,24,20,always local-sim,local-sim,-0.10165972468333911,0,0
12,24,20,always fallback,fallback,-0.19567128465425931,0,0
12,24,21,P1,local-sim,-0.09763433727043452,0,0
12,24,21,utility-only,local-sim,-0.09763433727043452,0,0
12,24,21,logged-IPW,local-sim,-0.09763433727043452,0,0
12,24,21,LinUCB,local-sim,-0.09763433727043452,0,0
12,24,21,Pareto,local-sim,-0.09763433727043452,0,0
12,24,21,oracle,local-sim,-0.09763433727043452,0,0
12,24,21,train-selected fixed,local-sim,-0.09763433727043452,0,0
12,24,21,always invoke-QPU,invoke-QPU,-0.13141658574992277,0,0
12,24,21,always remote-sim,remote-sim,-0.17683944515172043,0,0
12,24,21,always local-sim,local-sim,-0.09763433727043452,0,0
12,24,21,always fallback,fallback,-0.2190369893324496,0,0
12,24,22,P1,local-sim,-0.11605230154694364,0,0
12,24,22,utility-only,local-sim,-0.11605230154694364,0,0
12,24,22,logged-IPW,local-sim,-0.11605230154694364,0,0
12,24,22,LinUCB,local-sim,-0.11605230154694364,0,0
12,24,22,Pareto,local-sim,-0.11605230154694364,0,0
12,24,22,oracle,local-sim,-0.11605230154694364,0,0
12,24,22,train-selected fixed,local-sim,-0.11605230154694364,0,0
12,24,22,always invoke-QPU,invoke-QPU,-0.1481748707638526,0,0
12,24,22,always remote-sim,remote-sim,-0.1933885626662596,0,0
12,24,22,always local-sim,local-sim,-0.11605230154694364,0,0
12,24,22,always fallback,fallback,-0.21759547973771004,0,0
12,24,23,P1,local-sim,-0.11697937309296248,0,0
12,24,23,utility-only,local-sim,-0.11697937309296248,0,0
12,24,23,logged-IPW,local-sim,-0.11697937309296248,0,0
12,24,23,LinUCB,local-sim,-0.11697937309296248,0,0
12,24,23,Pareto,local-sim,-0.11697937309296248,0,0
12,24,23,oracle,local-sim,-0.11697937309296248,0,0
12,24,23,train-selected fixed,local-sim,-0.11697937309296248,0,0
12,24,23,always invoke-QPU,invoke-QPU,-0.165887658882238,0,0
12,24,23,always remote-sim,remote-sim,-0.28290227353961167,0,0
12,24,23,always local-sim,local-sim,-0.11697937309296248,0,0
12,24,23,always fallback,fallback,-0.21863042139114042,0,0
12,24,24,P1,local-sim,-0.09935595851889038,0,0
12,24,24,utility-only,local-sim,-0.09935595851889038,0,0
12,24,24,logged-IPW,local-sim,-0.09935595851889038,0,0
12,24,24,LinUCB,local-sim,-0.09935595851889038,0,0
12,24,24,Pareto,local-sim,-0.09935595851889038,0,0
12,24,24,oracle,local-sim,-0.09935595851889038,0,0
12,24,24,train-selected fixed,local-sim,-0.09935595851889038,0,0
12,24,24,always invoke-QPU,invoke-QPU,-0.11744232331758117,0,0
12,24,24,always remote-sim,remote-sim,-0.16670352407142922,0,0
12,24,24,always local-sim,local-sim,-0.09935595851889038,0,0
12,24,24,always fallback,fallback,-0.18966323274579114,0,0
12,24,25,P1,local-sim,-0.09530274979834608,0,0
12,24,25,utility-only,local-sim,-0.09530274979834608,0,0
12,24,25,logged-IPW,local-sim,-0.09530274979834608,0,0
12,24,25,LinUCB,local-sim,-0.09530274979834608,0,0
12,24,25,Pareto,local-sim,-0.09530274979834608,0,0
12,24,25,oracle,local-sim,-0.09530274979834608,0,0
12,24,25,train-selected fixed,local-sim,-0.09530274979834608,0,0
12,24,25,always invoke-QPU,invoke-QPU,-0.11644871152830262,0,0
12,24,25,always remote-sim,remote-sim,-0.12072115058502768,0,0
12,24,25,always local-sim,local-sim,-0.09530274979834608,0,0
12,24,25,always fallback,fallback,-0.1896217918222787,0,0
12,24,26,P1,local-sim,-0.09938922856330973,0,0
12,24,26,utility-only,local-sim,-0.09938922856330973,0,0
12,24,26,logged-IPW,local-sim,-0.09938922856330973,0,0
12,24,26,LinUCB,local-sim,-0.09938922856330973,0,0
12,24,26,Pareto,local-sim,-0.09938922856330973,0,0
12,24,26,oracle,local-sim,-0.09938922856330973,0,0
12,24,26,train-selected fixed,local-sim,-0.09938922856330973,0,0
12,24,26,always invoke-QPU,invoke-QPU,-0.1672530821036058,0,0
12,24,26,always remote-sim,remote-sim,-0.20390097193437426,0,0
12,24,26,always local-sim,local-sim,-0.09938922856330973,0,0
12,24,26,always fallback,fallback,-0.19174845961453219,0,0
12,24,27,P1,local-sim,-0.10136646831837332,0,0
12,24,27,utility-only,local-sim,-0.10136646831837332,0,0
12,24,27,logged-IPW,local-sim,-0.10136646831837332,0,0
12,24,27,LinUCB,local-sim,-0.10136646831837332,0,0
12,24,27,Pareto,local-sim,-0.10136646831837332,0,0
12,24,27,oracle,local-sim,-0.10136646831837332,0,0
12,24,27,train-selected fixed,local-sim,-0.10136646831837332,0,0
12,24,27,always invoke-QPU,invoke-QPU,-0.19481414867230235,0,0
12,24,27,always remote-sim,remote-sim,-0.31182785349157316,0,0
12,24,27,always local-sim,local-sim,-0.10136646831837332,0,0
12,24,27,always fallback,fallback,-0.19345598540624648,0,0
12,24,28,P1,local-sim,-0.10984208314737458,0,0
12,24,28,utility-only,local-sim,-0.10984208314737458,0,0
12,24,28,logged-IPW,local-sim,-0.10984208314737458,0,0
12,24,28,LinUCB,local-sim,-0.10984208314737458,0,0
12,24,28,Pareto,local-sim,-0.10984208314737458,0,0
12,24,28,oracle,local-sim,-0.10984208314737458,0,0
12,24,28,train-selected fixed,local-sim,-0.10984208314737458,0,0
12,24,28,always invoke-QPU,invoke-QPU,-2.2683300881090083,1,0
12,24,28,always remote-sim,remote-sim,-0.30995451846874705,0,0
12,24,28,always local-sim,local-sim,-0.10984208314737458,0,0
12,24,28,always fallback,fallback,-0.219784279323347,0,0
12,24,29,P1,local-sim,-0.11042162361024736,0,0
12,24,29,utility-only,local-sim,-0.11042162361024736,0,0
12,24,29,logged-IPW,local-sim,-0.11042162361024736,0,0
12,24,29,LinUCB,local-sim,-0.11042162361024736,0,0
12,24,29,Pareto,local-sim,-0.11042162361024736,0,0
12,24,29,oracle,local-sim,-0.11042162361024736,0,0
12,24,29,train-selected fixed,local-sim,-0.11042162361024736,0,0
12,24,29,always invoke-QPU,invoke-QPU,-0.20620854817022222,0,0
12,24,29,always remote-sim,remote-sim,-0.25042626576410815,0,0
12,24,29,always local-sim,local-sim,-0.11042162361024736,0,0
12,24,29,always fallback,fallback,-0.20648001319123815,0,0
12,25,0,P1,local-sim,-0.10515171160145217,0,0
12,25,0,utility-only,local-sim,-0.10515171160145217,0,0
12,25,0,logged-IPW,local-sim,-0.10515171160145217,0,0
12,25,0,LinUCB,local-sim,-0.10515171160145217,0,0
12,25,0,Pareto,local-sim,-0.10515171160145217,0,0
12,25,0,oracle,local-sim,-0.10515171160145217,0,0
12,25,0,train-selected fixed,local-sim,-0.10515171160145217,0,0
12,25,0,always invoke-QPU,invoke-QPU,-0.1470968925933141,0,0
12,25,0,always remote-sim,remote-sim,-0.1657886129822498,0,0
12,25,0,always local-sim,local-sim,-0.10515171160145217,0,0
12,25,0,always fallback,fallback,-0.19541649218044552,0,0
12,25,1,P1,local-sim,-0.09031425571903325,0,0
12,25,1,utility-only,local-sim,-0.09031425571903325,0,0
12,25,1,logged-IPW,local-sim,-0.09031425571903325,0,0
12,25,1,LinUCB,remote-sim,-0.1498972772336617,0,0
12,25,1,Pareto,local-sim,-0.09031425571903325,0,0
12,25,1,oracle,local-sim,-0.09031425571903325,0,0
12,25,1,train-selected fixed,local-sim,-0.09031425571903325,0,0
12,25,1,always invoke-QPU,invoke-QPU,-0.13527478703294907,0,0
12,25,1,always remote-sim,remote-sim,-0.1498972772336617,0,0
12,25,1,always local-sim,local-sim,-0.09031425571903325,0,0
12,25,1,always fallback,fallback,-0.18407048919345098,0,0
12,25,2,P1,local-sim,-0.10615952686200392,0,0
12,25,2,utility-only,local-sim,-0.10615952686200392,0,0
12,25,2,logged-IPW,local-sim,-0.10615952686200392,0,0
12,25,2,LinUCB,local-sim,-0.10615952686200392,0,0
12,25,2,Pareto,local-sim,-0.10615952686200392,0,0
12,25,2,oracle,local-sim,-0.10615952686200392,0,0
12,25,2,train-selected fixed,local-sim,-0.10615952686200392,0,0
12,25,2,always invoke-QPU,invoke-QPU,-0.20469166790843724,0,0
12,25,2,always remote-sim,remote-sim,-0.23521796471567397,0,0
12,25,2,always local-sim,local-sim,-0.10615952686200392,0,0
12,25,2,always fallback,fallback,-0.20960304050243042,0,0
12,25,3,P1,local-sim,-0.10738234471421816,0,0
12,25,3,utility-only,local-sim,-0.10738234471421816,0,0
12,25,3,logged-IPW,local-sim,-0.10738234471421816,0,0
12,25,3,LinUCB,local-sim,-0.10738234471421816,0,0
12,25,3,Pareto,local-sim,-0.10738234471421816,0,0
12,25,3,oracle,local-sim,-0.10738234471421816,0,0
12,25,3,train-selected fixed,local-sim,-0.10738234471421816,0,0
12,25,3,always invoke-QPU,invoke-QPU,-7.784565695597757,1,1
12,25,3,always remote-sim,remote-sim,-17.48446499812786,1,1
12,25,3,always local-sim,local-sim,-0.10738234471421816,0,0
12,25,3,always fallback,fallback,-0.20951413686783255,0,0
12,25,4,P1,local-sim,-0.10064077575538957,0,0
12,25,4,utility-only,local-sim,-0.10064077575538957,0,0
12,25,4,logged-IPW,local-sim,-0.10064077575538957,0,0
12,25,4,LinUCB,local-sim,-0.10064077575538957,0,0
12,25,4,Pareto,local-sim,-0.10064077575538957,0,0
12,25,4,oracle,local-sim,-0.10064077575538957,0,0
12,25,4,train-selected fixed,local-sim,-0.10064077575538957,0,0
12,25,4,always invoke-QPU,invoke-QPU,-2.6466970244862527,1,0
12,25,4,always remote-sim,remote-sim,-13.04328323805042,1,0
12,25,4,always local-sim,local-sim,-0.10064077575538957,0,0
12,25,4,always fallback,fallback,-0.1830268875759188,0,0
12,25,5,P1,local-sim,-0.09540394751023569,0,0
12,25,5,utility-only,local-sim,-0.09540394751023569,0,0
12,25,5,logged-IPW,local-sim,-0.09540394751023569,0,0
12,25,5,LinUCB,remote-sim,-0.09322145373619209,0,0
12,25,5,Pareto,local-sim,-0.09540394751023569,0,0
12,25,5,oracle,remote-sim,-0.09322145373619209,0,0
12,25,5,train-selected fixed,local-sim,-0.09540394751023569,0,0
12,25,5,always invoke-QPU,invoke-QPU,-0.10541239174297455,0,0
12,25,5,always remote-sim,remote-sim,-0.09322145373619209,0,0
12,25,5,always local-sim,local-sim,-0.09540394751023569,0,0
12,25,5,always fallback,fallback,-0.19658172786991837,0,0
12,25,6,P1,local-sim,-0.1010013751991084,0,0
12,25,6,utility-only,local-sim,-0.1010013751991084,0,0
12,25,6,logged-IPW,local-sim,-0.1010013751991084,0,0
12,25,6,LinUCB,local-sim,-0.1010013751991084,0,0
12,25,6,Pareto,local-sim,-0.1010013751991084,0,0
12,25,6,oracle,local-sim,-0.1010013751991084,0,0
12,25,6,train-selected fixed,local-sim,-0.1010013751991084,0,0
12,25,6,always invoke-QPU,invoke-QPU,-3.427404317719312,1,0
12,25,6,always remote-sim,remote-sim,-14.04671512382009,1,0
12,25,6,always local-sim,local-sim,-0.1010013751991084,0,0
12,25,6,always fallback,fallback,-0.1854678068069398,0,0
12,25,7,P1,local-sim,-0.10075380538187409,0,0
12,25,7,utility-only,local-sim,-0.10075380538187409,0,0
12,25,7,logged-IPW,local-sim,-0.10075380538187409,0,0
12,25,7,LinUCB,local-sim,-0.10075380538187409,0,0
12,25,7,Pareto,local-sim,-0.10075380538187409,0,0
12,25,7,oracle,local-sim,-0.10075380538187409,0,0
12,25,7,train-selected fixed,local-sim,-0.10075380538187409,0,0
12,25,7,always invoke-QPU,invoke-QPU,-0.1372128075478279,0,0
12,25,7,always remote-sim,remote-sim,-0.16193129169497955,0,0
12,25,7,always local-sim,local-sim,-0.10075380538187409,0,0
12,25,7,always fallback,fallback,-0.19000957646795488,0,0
12,25,8,P1,local-sim,-0.1058952472140607,0,0
12,25,8,utility-only,local-sim,-0.1058952472140607,0,0
12,25,8,logged-IPW,local-sim,-0.1058952472140607,0,0
12,25,8,LinUCB,remote-sim,-0.2278503709127802,0,0
12,25,8,Pareto,local-sim,-0.1058952472140607,0,0
12,25,8,oracle,local-sim,-0.1058952472140607,0,0
12,25,8,train-selected fixed,local-sim,-0.1058952472140607,0,0
12,25,8,always invoke-QPU,invoke-QPU,-0.1959502648034681,0,0
12,25,8,always remote-sim,remote-sim,-0.2278503709127802,0,0
12,25,8,always local-sim,local-sim,-0.1058952472140607,0,0
12,25,8,always fallback,fallback,-0.1945693363967186,0,0
12,25,9,P1,local-sim,-0.09657273297893908,0,0
12,25,9,utility-only,local-sim,-0.09657273297893908,0,0
12,25,9,logged-IPW,local-sim,-0.09657273297893908,0,0
12,25,9,LinUCB,remote-sim,-0.15524817743558833,0,0
12,25,9,Pareto,local-sim,-0.09657273297893908,0,0
12,25,9,oracle,local-sim,-0.09657273297893908,0,0
12,25,9,train-selected fixed,local-sim,-0.09657273297893908,0,0
12,25,9,always invoke-QPU,invoke-QPU,-0.1270552775553544,0,0
12,25,9,always remote-sim,remote-sim,-0.15524817743558833,0,0
12,25,9,always local-sim,local-sim,-0.09657273297893908,0,0
12,25,9,always fallback,fallback,-0.1982514460898145,0,0
12,25,10,P1,local-sim,-0.12276850683104455,0,0
12,25,10,utility-only,local-sim,-0.12276850683104455,0,0
12,25,10,logged-IPW,local-sim,-0.12276850683104455,0,0
12,25,10,LinUCB,local-sim,-0.12276850683104455,0,0
12,25,10,Pareto,local-sim,-0.12276850683104455,0,0
12,25,10,oracle,local-sim,-0.12276850683104455,0,0
12,25,10,train-selected fixed,local-sim,-0.12276850683104455,0,0
12,25,10,always invoke-QPU,invoke-QPU,-2.2079714646842508,1,0
12,25,10,always remote-sim,remote-sim,-0.26348029624563674,0,0
12,25,10,always local-sim,local-sim,-0.12276850683104455,0,0
12,25,10,always fallback,fallback,-0.2037898279493859,0,0
12,25,11,P1,local-sim,-0.09562302656178129,0,0
12,25,11,utility-only,local-sim,-0.09562302656178129,0,0
12,25,11,logged-IPW,local-sim,-0.09562302656178129,0,0
12,25,11,LinUCB,local-sim,-0.09562302656178129,0,0
12,25,11,Pareto,local-sim,-0.09562302656178129,0,0
12,25,11,oracle,local-sim,-0.09562302656178129,0,0
12,25,11,train-selected fixed,local-sim,-0.09562302656178129,0,0
12,25,11,always invoke-QPU,invoke-QPU,-0.18097292920306446,0,0
12,25,11,always remote-sim,remote-sim,-0.17004351307205007,0,0
12,25,11,always local-sim,local-sim,-0.09562302656178129,0,0
12,25,11,always fallback,fallback,-0.1964075055288957,0,0
12,25,12,P1,local-sim,-0.09259816782411225,0,0
12,25,12,utility-only,local-sim,-0.09259816782411225,0,0
12,25,12,logged-IPW,local-sim,-0.09259816782411225,0,0
12,25,12,LinUCB,invoke-QPU,-0.12051060243886008,0,0
12,25,12,Pareto,local-sim,-0.09259816782411225,0,0
12,25,12,oracle,local-sim,-0.09259816782411225,0,0
12,25,12,train-selected fixed,local-sim,-0.09259816782411225,0,0
12,25,12,always invoke-QPU,invoke-QPU,-0.12051060243886008,0,0
12,25,12,always remote-sim,remote-sim,-0.26001455159317,0,0
12,25,12,always local-sim,local-sim,-0.09259816782411225,0,0
12,25,12,always fallback,fallback,-0.1683935027458626,0,0
12,25,13,P1,local-sim,-0.11093292930508647,0,0
12,25,13,utility-only,local-sim,-0.11093292930508647,0,0
12,25,13,logged-IPW,local-sim,-0.11093292930508647,0,0
12,25,13,LinUCB,local-sim,-0.11093292930508647,0,0
12,25,13,Pareto,local-sim,-0.11093292930508647,0,0
12,25,13,oracle,local-sim,-0.11093292930508647,0,0
12,25,13,train-selected fixed,local-sim,-0.11093292930508647,0,0
12,25,13,always invoke-QPU,invoke-QPU,-0.15914540842411518,0,0
12,25,13,always remote-sim,remote-sim,-0.22504224282246618,0,0
12,25,13,always local-sim,local-sim,-0.11093292930508647,0,0
12,25,13,always fallback,fallback,-0.20938376461328187,0,0
12,25,14,P1,local-sim,-0.09885260844476232,0,0
12,25,14,utility-only,local-sim,-0.09885260844476232,0,0
12,25,14,logged-IPW,local-sim,-0.09885260844476232,0,0
12,25,14,LinUCB,local-sim,-0.09885260844476232,0,0
12,25,14,Pareto,local-sim,-0.09885260844476232,0,0
12,25,14,oracle,local-sim,-0.09885260844476232,0,0
12,25,14,train-selected fixed,local-sim,-0.09885260844476232,0,0
12,25,14,always invoke-QPU,invoke-QPU,-0.1285323843637105,0,0
12,25,14,always remote-sim,remote-sim,-0.21268610320163484,0,0
12,25,14,always local-sim,local-sim,-0.09885260844476232,0,0
12,25,14,always fallback,fallback,-0.19771717670460043,0,0
12,25,15,P1,local-sim,-0.11589939492136131,0,0
12,25,15,utility-only,local-sim,-0.11589939492136131,0,0
12,25,15,logged-IPW,local-sim,-0.11589939492136131,0,0
12,25,15,LinUCB,local-sim,-0.11589939492136131,0,0
12,25,15,Pareto,local-sim,-0.11589939492136131,0,0
12,25,15,oracle,local-sim,-0.11589939492136131,0,0
12,25,15,train-selected fixed,local-sim,-0.11589939492136131,0,0
12,25,15,always invoke-QPU,invoke-QPU,-0.14135682772751657,0,0
12,25,15,always remote-sim,remote-sim,-0.2052630375039241,0,0
12,25,15,always local-sim,local-sim,-0.11589939492136131,0,0
12,25,15,always fallback,fallback,-0.21769110581995268,0,0
12,25,16,P1,local-sim,-0.10146845476205742,0,0
12,25,16,utility-only,local-sim,-0.10146845476205742,0,0
12,25,16,logged-IPW,local-sim,-0.10146845476205742,0,0
12,25,16,LinUCB,local-sim,-0.10146845476205742,0,0
12,25,16,Pareto,local-sim,-0.10146845476205742,0,0
12,25,16,oracle,local-sim,-0.10146845476205742,0,0
12,25,16,train-selected fixed,local-sim,-0.10146845476205742,0,0
12,25,16,always invoke-QPU,invoke-QPU,-0.14918080496765268,0,0
12,25,16,always remote-sim,remote-sim,-0.29766153012005164,0,0
12,25,16,always local-sim,local-sim,-0.10146845476205742,0,0
12,25,16,always fallback,fallback,-0.20466596704809636,0,0
12,25,17,P1,local-sim,-0.09639582347576202,0,0
12,25,17,utility-only,local-sim,-0.09639582347576202,0,0
12,25,17,logged-IPW,local-sim,-0.09639582347576202,0,0
12,25,17,LinUCB,remote-sim,-0.16046905954431945,0,0
12,25,17,Pareto,local-sim,-0.09639582347576202,0,0
12,25,17,oracle,local-sim,-0.09639582347576202,0,0
12,25,17,train-selected fixed,local-sim,-0.09639582347576202,0,0
12,25,17,always invoke-QPU,invoke-QPU,-0.13075594665651052,0,0
12,25,17,always remote-sim,remote-sim,-0.16046905954431945,0,0
12,25,17,always local-sim,local-sim,-0.09639582347576202,0,0
12,25,17,always fallback,fallback,-0.19112585640551238,0,0
12,25,18,P1,local-sim,-0.10817055230355224,0,0
12,25,18,utility-only,local-sim,-0.10817055230355224,0,0
12,25,18,logged-IPW,local-sim,-0.10817055230355224,0,0
12,25,18,LinUCB,local-sim,-0.10817055230355224,0,0
12,25,18,Pareto,local-sim,-0.10817055230355224,0,0
12,25,18,oracle,local-sim,-0.10817055230355224,0,0
12,25,18,train-selected fixed,local-sim,-0.10817055230355224,0,0
12,25,18,always invoke-QPU,invoke-QPU,-0.13558449697372787,0,0
12,25,18,always remote-sim,remote-sim,-0.13500520910701036,0,0
12,25,18,always local-sim,local-sim,-0.10817055230355224,0,0
12,25,18,always fallback,fallback,-0.19378872256550278,0,0
12,25,19,P1,local-sim,-0.10236606537834765,0,0
12,25,19,utility-only,local-sim,-0.10236606537834765,0,0
12,25,19,logged-IPW,local-sim,-0.10236606537834765,0,0
12,25,19,LinUCB,local-sim,-0.10236606537834765,0,0
12,25,19,Pareto,local-sim,-0.10236606537834765,0,0
12,25,19,oracle,local-sim,-0.10236606537834765,0,0
12,25,19,train-selected fixed,local-sim,-0.10236606537834765,0,0
12,25,19,always invoke-QPU,invoke-QPU,-2.1488294545494218,1,0
12,25,19,always remote-sim,remote-sim,-0.1794698316038152,0,0
12,25,19,always local-sim,local-sim,-0.10236606537834765,0,0
12,25,19,always fallback,fallback,-0.21779931858131613,0,0
12,25,20,P1,local-sim,-0.10021534619238905,0,0
12,25,20,utility-only,local-sim,-0.10021534619238905,0,0
12,25,20,logged-IPW,local-sim,-0.10021534619238905,0,0
12,25,20,LinUCB,local-sim,-0.10021534619238905,0,0
12,25,20,Pareto,local-sim,-0.10021534619238905,0,0
12,25,20,oracle,local-sim,-0.10021534619238905,0,0
12,25,20,train-selected fixed,local-sim,-0.10021534619238905,0,0
12,25,20,always invoke-QPU,invoke-QPU,-0.17491981651984412,0,0
12,25,20,always remote-sim,remote-sim,-0.1348178921549712,0,0
12,25,20,always local-sim,local-sim,-0.10021534619238905,0,0
12,25,20,always fallback,fallback,-0.20005188701522136,0,0
12,25,21,P1,local-sim,-0.10133463623893381,0,0
12,25,21,utility-only,local-sim,-0.10133463623893381,0,0
12,25,21,logged-IPW,local-sim,-0.10133463623893381,0,0
12,25,21,LinUCB,local-sim,-0.10133463623893381,0,0
12,25,21,Pareto,local-sim,-0.10133463623893381,0,0
12,25,21,oracle,local-sim,-0.10133463623893381,0,0
12,25,21,train-selected fixed,local-sim,-0.10133463623893381,0,0
12,25,21,always invoke-QPU,invoke-QPU,-0.13520328577156976,0,0
12,25,21,always remote-sim,remote-sim,-0.2604470057137943,0,0
12,25,21,always local-sim,local-sim,-0.10133463623893381,0,0
12,25,21,always fallback,fallback,-0.20481533471155966,0,0
12,25,22,P1,local-sim,-0.1004919652530397,0,0
12,25,22,utility-only,local-sim,-0.1004919652530397,0,0
12,25,22,logged-IPW,local-sim,-0.1004919652530397,0,0
12,25,22,LinUCB,local-sim,-0.1004919652530397,0,0
12,25,22,Pareto,local-sim,-0.1004919652530397,0,0
12,25,22,oracle,local-sim,-0.1004919652530397,0,0
12,25,22,train-selected fixed,local-sim,-0.1004919652530397,0,0
12,25,22,always invoke-QPU,invoke-QPU,-7.2424521657791185,1,1
12,25,22,always remote-sim,remote-sim,-6.451207623600583,1,0
12,25,22,always local-sim,local-sim,-0.1004919652530397,0,0
12,25,22,always fallback,fallback,-0.2074218772798299,0,0
12,25,23,P1,local-sim,-0.10930997754836089,0,0
12,25,23,utility-only,local-sim,-0.10930997754836089,0,0
12,25,23,logged-IPW,local-sim,-0.10930997754836089,0,0
12,25,23,LinUCB,local-sim,-0.10930997754836089,0,0
12,25,23,Pareto,local-sim,-0.10930997754836089,0,0
12,25,23,oracle,local-sim,-0.10930997754836089,0,0
12,25,23,train-selected fixed,local-sim,-0.10930997754836089,0,0
12,25,23,always invoke-QPU,invoke-QPU,-7.627707036651471,1,1
12,25,23,always remote-sim,remote-sim,-13.144612773466795,1,1
12,25,23,always local-sim,local-sim,-0.10930997754836089,0,0
12,25,23,always fallback,fallback,-0.20756727146596307,0,0
12,25,24,P1,local-sim,-0.10557882521587436,0,0
12,25,24,utility-only,local-sim,-0.10557882521587436,0,0
12,25,24,logged-IPW,local-sim,-0.10557882521587436,0,0
12,25,24,LinUCB,local-sim,-0.10557882521587436,0,0
12,25,24,Pareto,local-sim,-0.10557882521587436,0,0
12,25,24,oracle,local-sim,-0.10557882521587436,0,0
12,25,24,train-selected fixed,local-sim,-0.10557882521587436,0,0
12,25,24,always invoke-QPU,invoke-QPU,-0.15189301756358609,0,0
12,25,24,always remote-sim,remote-sim,-0.2202352113062405,0,0
12,25,24,always local-sim,local-sim,-0.10557882521587436,0,0
12,25,24,always fallback,fallback,-0.19590033756398495,0,0
12,25,25,P1,local-sim,-0.10118195481220749,0,0
12,25,25,utility-only,local-sim,-0.10118195481220749,0,0
12,25,25,logged-IPW,local-sim,-0.10118195481220749,0,0
12,25,25,LinUCB,local-sim,-0.10118195481220749,0,0
12,25,25,Pareto,local-sim,-0.10118195481220749,0,0
12,25,25,oracle,local-sim,-0.10118195481220749,0,0
12,25,25,train-selected fixed,local-sim,-0.10118195481220749,0,0
12,25,25,always invoke-QPU,invoke-QPU,-0.15428698182814607,0,0
12,25,25,always remote-sim,remote-sim,-0.1784820259881193,0,0
12,25,25,always local-sim,local-sim,-0.10118195481220749,0,0
12,25,25,always fallback,fallback,-0.19639535659509788,0,0
12,25,26,P1,local-sim,-0.09784822282455535,0,0
12,25,26,utility-only,local-sim,-0.09784822282455535,0,0
12,25,26,logged-IPW,local-sim,-0.09784822282455535,0,0
12,25,26,LinUCB,remote-sim,-0.2582495632263066,0,0
12,25,26,Pareto,local-sim,-0.09784822282455535,0,0
12,25,26,oracle,local-sim,-0.09784822282455535,0,0
12,25,26,train-selected fixed,local-sim,-0.09784822282455535,0,0
12,25,26,always invoke-QPU,invoke-QPU,-0.11016209033288075,0,0
12,25,26,always remote-sim,remote-sim,-0.2582495632263066,0,0
12,25,26,always local-sim,local-sim,-0.09784822282455535,0,0
12,25,26,always fallback,fallback,-0.18300126674241415,0,0
12,25,27,P1,local-sim,-0.10376549185585246,0,0
12,25,27,utility-only,local-sim,-0.10376549185585246,0,0
12,25,27,logged-IPW,local-sim,-0.10376549185585246,0,0
12,25,27,LinUCB,local-sim,-0.10376549185585246,0,0
12,25,27,Pareto,local-sim,-0.10376549185585246,0,0
12,25,27,oracle,local-sim,-0.10376549185585246,0,0
12,25,27,train-selected fixed,local-sim,-0.10376549185585246,0,0
12,25,27,always invoke-QPU,invoke-QPU,-0.15117899449195282,0,0
12,25,27,always remote-sim,remote-sim,-0.19670728982354846,0,0
12,25,27,always local-sim,local-sim,-0.10376549185585246,0,0
12,25,27,always fallback,fallback,-0.19546593564733658,0,0
12,25,28,P1,local-sim,-0.10352523951408463,0,0
12,25,28,utility-only,local-sim,-0.10352523951408463,0,0
12,25,28,logged-IPW,local-sim,-0.10352523951408463,0,0
12,25,28,LinUCB,local-sim,-0.10352523951408463,0,0
12,25,28,Pareto,local-sim,-0.10352523951408463,0,0
12,25,28,oracle,local-sim,-0.10352523951408463,0,0
12,25,28,train-selected fixed,local-sim,-0.10352523951408463,0,0
12,25,28,always invoke-QPU,invoke-QPU,-2.5158282068681186,1,0
12,25,28,always remote-sim,remote-sim,-12.41555723209291,1,1
12,25,28,always local-sim,local-sim,-0.10352523951408463,0,0
12,25,28,always fallback,fallback,-0.2016215879972306,0,0
12,25,29,P1,local-sim,-0.09702937946186128,0,0
12,25,29,utility-only,local-sim,-0.09702937946186128,0,0
12,25,29,logged-IPW,local-sim,-0.09702937946186128,0,0
12,25,29,LinUCB,local-sim,-0.09702937946186128,0,0
12,25,29,Pareto,local-sim,-0.09702937946186128,0,0
12,25,29,oracle,local-sim,-0.09702937946186128,0,0
12,25,29,train-selected fixed,local-sim,-0.09702937946186128,0,0
12,25,29,always invoke-QPU,invoke-QPU,-5.324986845059996,0,1
12,25,29,always remote-sim,remote-sim,-8.269538385214581,0,1
12,25,29,always local-sim,local-sim,-0.09702937946186128,0,0
12,25,29,always fallback,fallback,-0.18048713408973638,0,0
12,26,0,P1,local-sim,-0.09720781267066463,0,0
12,26,0,utility-only,local-sim,-0.09720781267066463,0,0
12,26,0,logged-IPW,local-sim,-0.09720781267066463,0,0
12,26,0,LinUCB,local-sim,-0.09720781267066463,0,0
12,26,0,Pareto,local-sim,-0.09720781267066463,0,0
12,26,0,oracle,local-sim,-0.09720781267066463,0,0
12,26,0,train-selected fixed,local-sim,-0.09720781267066463,0,0
12,26,0,always invoke-QPU,invoke-QPU,-0.1206671764159777,0,0
12,26,0,always remote-sim,remote-sim,-0.25692721824177894,0,0
12,26,0,always local-sim,local-sim,-0.09720781267066463,0,0
12,26,0,always fallback,fallback,-0.2029621472216674,0,0
12,26,1,P1,local-sim,-0.09936063926099852,0,0
12,26,1,utility-only,local-sim,-0.09936063926099852,0,0
12,26,1,logged-IPW,local-sim,-0.09936063926099852,0,0
12,26,1,LinUCB,local-sim,-0.09936063926099852,0,0
12,26,1,Pareto,local-sim,-0.09936063926099852,0,0
12,26,1,oracle,local-sim,-0.09936063926099852,0,0
12,26,1,train-selected fixed,local-sim,-0.09936063926099852,0,0
12,26,1,always invoke-QPU,invoke-QPU,-2.1645215135314175,1,0
12,26,1,always remote-sim,remote-sim,-0.18351228098854322,0,0
12,26,1,always local-sim,local-sim,-0.09936063926099852,0,0
12,26,1,always fallback,fallback,-0.18424514145441362,0,0
12,26,2,P1,local-sim,-0.10876661570716901,0,0
12,26,2,utility-only,local-sim,-0.10876661570716901,0,0
12,26,2,logged-IPW,local-sim,-0.10876661570716901,0,0
12,26,2,LinUCB,local-sim,-0.10876661570716901,0,0
12,26,2,Pareto,local-sim,-0.10876661570716901,0,0
12,26,2,oracle,local-sim,-0.10876661570716901,0,0
12,26,2,train-selected fixed,local-sim,-0.10876661570716901,0,0
12,26,2,always invoke-QPU,invoke-QPU,-8.199616883854691,1,1
12,26,2,always remote-sim,remote-sim,-10.411760244783201,1,0
12,26,2,always local-sim,local-sim,-0.10876661570716901,0,0
12,26,2,always fallback,fallback,-0.20213128237438818,0,0
12,26,3,P1,local-sim,-0.10974401223263879,0,0
12,26,3,utility-only,local-sim,-0.10974401223263879,0,0
12,26,3,logged-IPW,local-sim,-0.10974401223263879,0,0
12,26,3,LinUCB,local-sim,-0.10974401223263879,0,0
12,26,3,Pareto,local-sim,-0.10974401223263879,0,0
12,26,3,oracle,local-sim,-0.10974401223263879,0,0
12,26,3,train-selected fixed,local-sim,-0.10974401223263879,0,0
12,26,3,always invoke-QPU,invoke-QPU,-2.979174383444788,1,0
12,26,3,always remote-sim,remote-sim,-10.807869425446754,1,0
12,26,3,always local-sim,local-sim,-0.10974401223263879,0,0
12,26,3,always fallback,fallback,-0.20962037320991428,0,0
12,26,4,P1,local-sim,-0.11200398676875467,0,0
12,26,4,utility-only,local-sim,-0.11200398676875467,0,0
12,26,4,logged-IPW,local-sim,-0.11200398676875467,0,0
12,26,4,LinUCB,local-sim,-0.11200398676875467,0,0
12,26,4,Pareto,local-sim,-0.11200398676875467,0,0
12,26,4,oracle,local-sim,-0.11200398676875467,0,0
12,26,4,train-selected fixed,local-sim,-0.11200398676875467,0,0
12,26,4,always invoke-QPU,invoke-QPU,-0.20909207092761856,0,0
12,26,4,always remote-sim,remote-sim,-0.3398782705239727,0,0
12,26,4,always local-sim,local-sim,-0.11200398676875467,0,0
12,26,4,always fallback,fallback,-0.19177634737479235,0,0
12,26,5,P1,local-sim,-0.10345481118239909,0,0
12,26,5,utility-only,local-sim,-0.10345481118239909,0,0
12,26,5,logged-IPW,local-sim,-0.10345481118239909,0,0
12,26,5,LinUCB,local-sim,-0.10345481118239909,0,0
12,26,5,Pareto,local-sim,-0.10345481118239909,0,0
12,26,5,oracle,local-sim,-0.10345481118239909,0,0
12,26,5,train-selected fixed,local-sim,-0.10345481118239909,0,0
12,26,5,always invoke-QPU,invoke-QPU,-0.12042328208785147,0,0
12,26,5,always remote-sim,remote-sim,-0.11918678917394349,0,0
12,26,5,always local-sim,local-sim,-0.10345481118239909,0,0
12,26,5,always fallback,fallback,-0.20022680877692314,0,0
12,26,6,P1,local-sim,-0.11121196923419435,0,0
12,26,6,utility-only,local-sim,-0.11121196923419435,0,0
12,26,6,logged-IPW,local-sim,-0.11121196923419435,0,0
12,26,6,LinUCB,local-sim,-0.11121196923419435,0,0
12,26,6,Pareto,local-sim,-0.11121196923419435,0,0
12,26,6,oracle,local-sim,-0.11121196923419435,0,0
12,26,6,train-selected fixed,local-sim,-0.11121196923419435,0,0
12,26,6,always invoke-QPU,invoke-QPU,-0.18934723057525737,0,0
12,26,6,always remote-sim,remote-sim,-0.15682103544359866,0,0
12,26,6,always local-sim,local-sim,-0.11121196923419435,0,0
12,26,6,always fallback,fallback,-0.20045226129382382,0,0
12,26,7,P1,local-sim,-0.10025144992238158,0,0
12,26,7,utility-only,local-sim,-0.10025144992238158,0,0
12,26,7,logged-IPW,local-sim,-0.10025144992238158,0,0
12,26,7,LinUCB,local-sim,-0.10025144992238158,0,0
12,26,7,Pareto,local-sim,-0.10025144992238158,0,0
12,26,7,oracle,local-sim,-0.10025144992238158,0,0
12,26,7,train-selected fixed,local-sim,-0.10025144992238158,0,0
12,26,7,always invoke-QPU,invoke-QPU,-0.12007973847312299,0,0
12,26,7,always remote-sim,remote-sim,-0.14606642376718398,0,0
12,26,7,always local-sim,local-sim,-0.10025144992238158,0,0
12,26,7,always fallback,fallback,-0.1882616454076097,0,0
12,26,8,P1,local-sim,-0.10294146287807514,0,0
12,26,8,utility-only,local-sim,-0.10294146287807514,0,0
12,26,8,logged-IPW,local-sim,-0.10294146287807514,0,0
12,26,8,LinUCB,local-sim,-0.10294146287807514,0,0
12,26,8,Pareto,local-sim,-0.10294146287807514,0,0
12,26,8,oracle,local-sim,-0.10294146287807514,0,0
12,26,8,train-selected fixed,local-sim,-0.10294146287807514,0,0
12,26,8,always invoke-QPU,invoke-QPU,-0.1380326827488798,0,0
12,26,8,always remote-sim,remote-sim,-0.24464544766046425,0,0
12,26,8,always local-sim,local-sim,-0.10294146287807514,0,0
12,26,8,always fallback,fallback,-0.19795464385002468,0,0
12,26,9,P1,local-sim,-0.10895647960022838,0,0
12,26,9,utility-only,local-sim,-0.10895647960022838,0,0
12,26,9,logged-IPW,local-sim,-0.10895647960022838,0,0
12,26,9,LinUCB,local-sim,-0.10895647960022838,0,0
12,26,9,Pareto,local-sim,-0.10895647960022838,0,0
12,26,9,oracle,local-sim,-0.10895647960022838,0,0
12,26,9,train-selected fixed,local-sim,-0.10895647960022838,0,0
12,26,9,always invoke-QPU,invoke-QPU,-0.13903533143511324,0,0
12,26,9,always remote-sim,remote-sim,-0.15965743140490612,0,0
12,26,9,always local-sim,local-sim,-0.10895647960022838,0,0
12,26,9,always fallback,fallback,-0.22303611642284085,0,0
12,26,10,P1,local-sim,-0.10575144578350625,0,0
12,26,10,utility-only,local-sim,-0.10575144578350625,0,0
12,26,10,logged-IPW,local-sim,-0.10575144578350625,0,0
12,26,10,LinUCB,local-sim,-0.10575144578350625,0,0
12,26,10,Pareto,local-sim,-0.10575144578350625,0,0
12,26,10,oracle,local-sim,-0.10575144578350625,0,0
12,26,10,train-selected fixed,local-sim,-0.10575144578350625,0,0
12,26,10,always invoke-QPU,invoke-QPU,-0.13632151505355652,0,0
12,26,10,always remote-sim,remote-sim,-0.16639201182504262,0,0
12,26,10,always local-sim,local-sim,-0.10575144578350625,0,0
12,26,10,always fallback,fallback,-0.19950937614096945,0,0
12,26,11,P1,local-sim,-0.11500723717788722,0,0
12,26,11,utility-only,local-sim,-0.11500723717788722,0,0
12,26,11,logged-IPW,local-sim,-0.11500723717788722,0,0
12,26,11,LinUCB,local-sim,-0.11500723717788722,0,0
12,26,11,Pareto,local-sim,-0.11500723717788722,0,0
12,26,11,oracle,local-sim,-0.11500723717788722,0,0
12,26,11,train-selected fixed,local-sim,-0.11500723717788722,0,0
12,26,11,always invoke-QPU,invoke-QPU,-2.1871104885059514,1,0
12,26,11,always remote-sim,remote-sim,-0.20153968340587808,0,0
12,26,11,always local-sim,local-sim,-0.11500723717788722,0,0
12,26,11,always fallback,fallback,-0.2035007296383447,0,0
12,26,12,P1,local-sim,-0.11408725551137051,0,0
12,26,12,utility-only,local-sim,-0.11408725551137051,0,0
12,26,12,logged-IPW,local-sim,-0.11408725551137051,0,0
12,26,12,LinUCB,local-sim,-0.11408725551137051,0,0
12,26,12,Pareto,local-sim,-0.11408725551137051,0,0
12,26,12,oracle,local-sim,-0.11408725551137051,0,0
12,26,12,train-selected fixed,local-sim,-0.11408725551137051,0,0
12,26,12,always invoke-QPU,invoke-QPU,-2.6647906327367923,1,0
12,26,12,always remote-sim,remote-sim,-7.464933861981005,1,0
12,26,12,always local-sim,local-sim,-0.11408725551137051,0,0
12,26,12,always fallback,fallback,-0.2061091711205553,0,0
12,26,13,P1,local-sim,-0.1043776492617134,0,0
12,26,13,utility-only,local-sim,-0.1043776492617134,0,0
12,26,13,logged-IPW,local-sim,-0.1043776492617134,0,0
12,26,13,LinUCB,local-sim,-0.1043776492617134,0,0
12,26,13,Pareto,local-sim,-0.1043776492617134,0,0
12,26,13,oracle,local-sim,-0.1043776492617134,0,0
12,26,13,train-selected fixed,local-sim,-0.1043776492617134,0,0
12,26,13,always invoke-QPU,invoke-QPU,-0.1537983047065915,0,0
12,26,13,always remote-sim,remote-sim,-0.1890539695568627,0,0
12,26,13,always local-sim,local-sim,-0.1043776492617134,0,0
12,26,13,always fallback,fallback,-0.19631257003325553,0,0
12,26,14,P1,local-sim,-0.10831920960680717,0,0
12,26,14,utility-only,local-sim,-0.10831920960680717,0,0
12,26,14,logged-IPW,local-sim,-0.10831920960680717,0,0
12,26,14,LinUCB,local-sim,-0.10831920960680717,0,0
12,26,14,Pareto,local-sim,-0.10831920960680717,0,0
12,26,14,oracle,local-sim,-0.10831920960680717,0,0
12,26,14,train-selected fixed,local-sim,-0.10831920960680717,0,0
12,26,14,always invoke-QPU,invoke-QPU,-0.15946625746782606,0,0
12,26,14,always remote-sim,remote-sim,-0.1540126410967573,0,0
12,26,14,always local-sim,local-sim,-0.10831920960680717,0,0
12,26,14,always fallback,fallback,-0.20974401708402896,0,0
12,26,15,P1,local-sim,-0.09812674999315307,0,0
12,26,15,utility-only,local-sim,-0.09812674999315307,0,0
12,26,15,logged-IPW,local-sim,-0.09812674999315307,0,0
12,26,15,LinUCB,local-sim,-0.09812674999315307,0,0
12,26,15,Pareto,local-sim,-0.09812674999315307,0,0
12,26,15,oracle,local-sim,-0.09812674999315307,0,0
12,26,15,train-selected fixed,local-sim,-0.09812674999315307,0,0
12,26,15,always invoke-QPU,invoke-QPU,-0.18732562603176361,0,0
12,26,15,always remote-sim,remote-sim,-0.3546083867522569,0,0
12,26,15,always local-sim,local-sim,-0.09812674999315307,0,0
12,26,15,always fallback,fallback,-0.1907794931208803,0,0
12,26,16,P1,local-sim,-0.10603379318317646,0,0
12,26,16,utility-only,local-sim,-0.10603379318317646,0,0
12,26,16,logged-IPW,local-sim,-0.10603379318317646,0,0
12,26,16,LinUCB,local-sim,-0.10603379318317646,0,0
12,26,16,Pareto,local-sim,-0.10603379318317646,0,0
12,26,16,oracle,local-sim,-0.10603379318317646,0,0
12,26,16,train-selected fixed,local-sim,-0.10603379318317646,0,0
12,26,16,always invoke-QPU,invoke-QPU,-2.4146631664138174,1,0
12,26,16,always remote-sim,remote-sim,-6.876444849392822,1,0
12,26,16,always local-sim,local-sim,-0.10603379318317646,0,0
12,26,16,always fallback,fallback,-0.209541580336005,0,0
12,26,17,P1,local-sim,-0.11786039377436995,0,0
12,26,17,utility-only,local-sim,-0.11786039377436995,0,0
12,26,17,logged-IPW,local-sim,-0.11786039377436995,0,0
12,26,17,LinUCB,local-sim,-0.11786039377436995,0,0
12,26,17,Pareto,local-sim,-0.11786039377436995,0,0
12,26,17,oracle,local-sim,-0.11786039377436995,0,0
12,26,17,train-selected fixed,local-sim,-0.11786039377436995,0,0
12,26,17,always invoke-QPU,invoke-QPU,-7.252950904375387,1,1
12,26,17,always remote-sim,remote-sim,-4.461439041772553,1,0
12,26,17,always local-sim,local-sim,-0.11786039377436995,0,0
12,26,17,always fallback,fallback,-0.2037970328980566,0,0
12,26,18,P1,local-sim,-0.11336238271658186,0,0
12,26,18,utility-only,local-sim,-0.11336238271658186,0,0
12,26,18,logged-IPW,local-sim,-0.11336238271658186,0,0
12,26,18,LinUCB,local-sim,-0.11336238271658186,0,0
12,26,18,Pareto,local-sim,-0.11336238271658186,0,0
12,26,18,oracle,local-sim,-0.11336238271658186,0,0
12,26,18,train-selected fixed,local-sim,-0.11336238271658186,0,0
12,26,18,always invoke-QPU,invoke-QPU,-0.15468377896153757,0,0
12,26,18,always remote-sim,remote-sim,-0.12457387932253575,0,0
12,26,18,always local-sim,local-sim,-0.11336238271658186,0,0
12,26,18,always fallback,fallback,-0.19812658239652114,0,0
12,26,19,P1,local-sim,-0.10524500327046779,0,0
12,26,19,utility-only,local-sim,-0.10524500327046779,0,0
12,26,19,logged-IPW,local-sim,-0.10524500327046779,0,0
12,26,19,LinUCB,local-sim,-0.10524500327046779,0,0
12,26,19,Pareto,local-sim,-0.10524500327046779,0,0
12,26,19,oracle,local-sim,-0.10524500327046779,0,0
12,26,19,train-selected fixed,local-sim,-0.10524500327046779,0,0
12,26,19,always invoke-QPU,invoke-QPU,-0.1440724763787234,0,0
12,26,19,always remote-sim,remote-sim,-0.20188601736186174,0,0
12,26,19,always local-sim,local-sim,-0.10524500327046779,0,0
12,26,19,always fallback,fallback,-0.20370506396174892,0,0
12,26,20,P1,local-sim,-0.10370414696390476,0,0
12,26,20,utility-only,local-sim,-0.10370414696390476,0,0
12,26,20,logged-IPW,local-sim,-0.10370414696390476,0,0
12,26,20,LinUCB,remote-sim,-0.12438582654776387,0,0
12,26,20,Pareto,local-sim,-0.10370414696390476,0,0
12,26,20,oracle,local-sim,-0.10370414696390476,0,0
12,26,20,train-selected fixed,local-sim,-0.10370414696390476,0,0
12,26,20,always invoke-QPU,invoke-QPU,-0.13641735982832254,0,0
12,26,20,always remote-sim,remote-sim,-0.12438582654776387,0,0
12,26,20,always local-sim,local-sim,-0.10370414696390476,0,0
12,26,20,always fallback,fallback,-0.1894166305300932,0,0
12,26,21,P1,local-sim,-0.12039774129337645,0,0
12,26,21,utility-only,local-sim,-0.12039774129337645,0,0
12,26,21,logged-IPW,local-sim,-0.12039774129337645,0,0
12,26,21,LinUCB,local-sim,-0.12039774129337645,0,0
12,26,21,Pareto,local-sim,-0.12039774129337645,0,0
12,26,21,oracle,local-sim,-0.12039774129337645,0,0
12,26,21,train-selected fixed,local-sim,-0.12039774129337645,0,0
12,26,21,always invoke-QPU,invoke-QPU,-0.1440272877877741,0,0
12,26,21,always remote-sim,remote-sim,-0.20644697425302275,0,0
12,26,21,always local-sim,local-sim,-0.12039774129337645,0,0
12,26,21,always fallback,fallback,-0.18519113228724607,0,0
12,26,22,P1,local-sim,-0.09843975663050021,0,0
12,26,22,utility-only,local-sim,-0.09843975663050021,0,0
12,26,22,logged-IPW,local-sim,-0.09843975663050021,0,0
12,26,22,LinUCB,local-sim,-0.09843975663050021,0,0
12,26,22,Pareto,local-sim,-0.09843975663050021,0,0
12,26,22,oracle,local-sim,-0.09843975663050021,0,0
12,26,22,train-selected fixed,local-sim,-0.09843975663050021,0,0
12,26,22,always invoke-QPU,invoke-QPU,-2.2055621912847303,1,0
12,26,22,always remote-sim,remote-sim,-6.216825604923889,1,0
12,26,22,always local-sim,local-sim,-0.09843975663050021,0,0
12,26,22,always fallback,fallback,-0.19285446307362597,0,0
12,26,23,P1,local-sim,-0.1011094619366766,0,0
12,26,23,utility-only,local-sim,-0.1011094619366766,0,0
12,26,23,logged-IPW,local-sim,-0.1011094619366766,0,0
12,26,23,LinUCB,local-sim,-0.1011094619366766,0,0
12,26,23,Pareto,local-sim,-0.1011094619366766,0,0
12,26,23,oracle,local-sim,-0.1011094619366766,0,0
12,26,23,train-selected fixed,local-sim,-0.1011094619366766,0,0
12,26,23,always invoke-QPU,invoke-QPU,-0.1576635191712672,0,0
12,26,23,always remote-sim,remote-sim,-0.18290651363534172,0,0
12,26,23,always local-sim,local-sim,-0.1011094619366766,0,0
12,26,23,always fallback,fallback,-0.21534589736761905,0,0
12,26,24,P1,local-sim,-0.09908031010414423,0,0
12,26,24,utility-only,local-sim,-0.09908031010414423,0,0
12,26,24,logged-IPW,local-sim,-0.09908031010414423,0,0
12,26,24,LinUCB,local-sim,-0.09908031010414423,0,0
12,26,24,Pareto,local-sim,-0.09908031010414423,0,0
12,26,24,oracle,local-sim,-0.09908031010414423,0,0
12,26,24,train-selected fixed,local-sim,-0.09908031010414423,0,0
12,26,24,always invoke-QPU,invoke-QPU,-0.16404851877037313,0,0
12,26,24,always remote-sim,remote-sim,-0.19698137566355817,0,0
12,26,24,always local-sim,local-sim,-0.09908031010414423,0,0
12,26,24,always fallback,fallback,-0.1897207730846973,0,0
12,26,25,P1,local-sim,-0.1069247758383366,0,0
12,26,25,utility-only,local-sim,-0.1069247758383366,0,0
12,26,25,logged-IPW,local-sim,-0.1069247758383366,0,0
12,26,25,LinUCB,local-sim,-0.1069247758383366,0,0
12,26,25,Pareto,local-sim,-0.1069247758383366,0,0
12,26,25,oracle,local-sim,-0.1069247758383366,0,0
12,26,25,train-selected fixed,local-sim,-0.1069247758383366,0,0
12,26,25,always invoke-QPU,invoke-QPU,-2.163074038820077,1,0
12,26,25,always remote-sim,remote-sim,-0.2447420824698122,0,0
12,26,25,always local-sim,local-sim,-0.1069247758383366,0,0
12,26,25,always fallback,fallback,-0.19275398063981955,0,0
12,26,26,P1,local-sim,-0.10943250326657947,0,0
12,26,26,utility-only,local-sim,-0.10943250326657947,0,0
12,26,26,logged-IPW,local-sim,-0.10943250326657947,0,0
12,26,26,LinUCB,local-sim,-0.10943250326657947,0,0
12,26,26,Pareto,local-sim,-0.10943250326657947,0,0
12,26,26,oracle,local-sim,-0.10943250326657947,0,0
12,26,26,train-selected fixed,local-sim,-0.10943250326657947,0,0
12,26,26,always invoke-QPU,invoke-QPU,-0.2012904482732884,0,0
12,26,26,always remote-sim,remote-sim,-0.12141368599088051,0,0
12,26,26,always local-sim,local-sim,-0.10943250326657947,0,0
12,26,26,always fallback,fallback,-0.19465105097156574,0,0
12,26,27,P1,local-sim,-0.11140909674127993,0,0
12,26,27,utility-only,local-sim,-0.11140909674127993,0,0
12,26,27,logged-IPW,local-sim,-0.11140909674127993,0,0
12,26,27,LinUCB,local-sim,-0.11140909674127993,0,0
12,26,27,Pareto,local-sim,-0.11140909674127993,0,0
12,26,27,oracle,local-sim,-0.11140909674127993,0,0
12,26,27,train-selected fixed,local-sim,-0.11140909674127993,0,0
12,26,27,always invoke-QPU,invoke-QPU,-2.1399498404697512,1,0
12,26,27,always remote-sim,remote-sim,-0.23540286805488878,0,0
12,26,27,always local-sim,local-sim,-0.11140909674127993,0,0
12,26,27,always fallback,fallback,-0.2112760521530164,0,0
12,26,28,P1,local-sim,-0.1026906168217164,0,0
12,26,28,utility-only,local-sim,-0.1026906168217164,0,0
12,26,28,logged-IPW,local-sim,-0.1026906168217164,0,0
12,26,28,LinUCB,local-sim,-0.1026906168217164,0,0
12,26,28,Pareto,local-sim,-0.1026906168217164,0,0
12,26,28,oracle,local-sim,-0.1026906168217164,0,0
12,26,28,train-selected fixed,local-sim,-0.1026906168217164,0,0
12,26,28,always invoke-QPU,invoke-QPU,-0.12102880708423101,0,0
12,26,28,always remote-sim,remote-sim,-0.165632335932829,0,0
12,26,28,always local-sim,local-sim,-0.1026906168217164,0,0
12,26,28,always fallback,fallback,-0.22255282346366181,0,0
12,26,29,P1,local-sim,-0.10845693589077993,0,0
12,26,29,utility-only,local-sim,-0.10845693589077993,0,0
12,26,29,logged-IPW,local-sim,-0.10845693589077993,0,0
12,26,29,LinUCB,remote-sim,-0.17703195496866606,0,0
12,26,29,Pareto,local-sim,-0.10845693589077993,0,0
12,26,29,oracle,local-sim,-0.10845693589077993,0,0
12,26,29,train-selected fixed,local-sim,-0.10845693589077993,0,0
12,26,29,always invoke-QPU,invoke-QPU,-0.1312453619556194,0,0
12,26,29,always remote-sim,remote-sim,-0.17703195496866606,0,0
12,26,29,always local-sim,local-sim,-0.10845693589077993,0,0
12,26,29,always fallback,fallback,-0.18819941489161887,0,0
12,27,0,P1,local-sim,-0.11238596246560972,0,0
12,27,0,utility-only,local-sim,-0.11238596246560972,0,0
12,27,0,logged-IPW,local-sim,-0.11238596246560972,0,0
12,27,0,LinUCB,local-sim,-0.11238596246560972,0,0
12,27,0,Pareto,local-sim,-0.11238596246560972,0,0
12,27,0,oracle,local-sim,-0.11238596246560972,0,0
12,27,0,train-selected fixed,local-sim,-0.11238596246560972,0,0
12,27,0,always invoke-QPU,invoke-QPU,-0.1396836872203664,0,0
12,27,0,always remote-sim,remote-sim,-0.1940783643903832,0,0
12,27,0,always local-sim,local-sim,-0.11238596246560972,0,0
12,27,0,always fallback,fallback,-0.2211205316051132,0,0
12,27,1,P1,local-sim,-0.0998534519777081,0,0
12,27,1,utility-only,local-sim,-0.0998534519777081,0,0
12,27,1,logged-IPW,local-sim,-0.0998534519777081,0,0
12,27,1,LinUCB,local-sim,-0.0998534519777081,0,0
12,27,1,Pareto,local-sim,-0.0998534519777081,0,0
12,27,1,oracle,local-sim,-0.0998534519777081,0,0
12,27,1,train-selected fixed,local-sim,-0.0998534519777081,0,0
12,27,1,always invoke-QPU,invoke-QPU,-7.255087790585252,1,1
12,27,1,always remote-sim,remote-sim,-12.945099850672978,1,1
12,27,1,always local-sim,local-sim,-0.0998534519777081,0,0
12,27,1,always fallback,fallback,-0.20872327531839915,0,0
12,27,2,P1,local-sim,-0.10355963296246357,0,0
12,27,2,utility-only,local-sim,-0.10355963296246357,0,0
12,27,2,logged-IPW,local-sim,-0.10355963296246357,0,0
12,27,2,LinUCB,local-sim,-0.10355963296246357,0,0
12,27,2,Pareto,local-sim,-0.10355963296246357,0,0
12,27,2,oracle,local-sim,-0.10355963296246357,0,0
12,27,2,train-selected fixed,local-sim,-0.10355963296246357,0,0
12,27,2,always invoke-QPU,invoke-QPU,-0.13791429202640382,0,0
12,27,2,always remote-sim,remote-sim,-0.1893891110077813,0,0
12,27,2,always local-sim,local-sim,-0.10355963296246357,0,0
12,27,2,always fallback,fallback,-0.20051338760040138,0,0
12,27,3,P1,local-sim,-0.11674624991864473,0,0
12,27,3,utility-only,local-sim,-0.11674624991864473,0,0
12,27,3,logged-IPW,local-sim,-0.11674624991864473,0,0
12,27,3,LinUCB,local-sim,-0.11674624991864473,0,0
12,27,3,Pareto,local-sim,-0.11674624991864473,0,0
12,27,3,oracle,local-sim,-0.11674624991864473,0,0
12,27,3,train-selected fixed,local-sim,-0.11674624991864473,0,0
12,27,3,always invoke-QPU,invoke-QPU,-0.15474685127114934,0,0
12,27,3,always remote-sim,remote-sim,-0.3111228723933903,0,0
12,27,3,always local-sim,local-sim,-0.11674624991864473,0,0
12,27,3,always fallback,fallback,-0.19953174405483698,0,0
12,27,4,P1,local-sim,-0.1062263043410863,0,0
12,27,4,utility-only,local-sim,-0.1062263043410863,0,0
12,27,4,logged-IPW,local-sim,-0.1062263043410863,0,0
12,27,4,LinUCB,local-sim,-0.1062263043410863,0,0
12,27,4,Pareto,local-sim,-0.1062263043410863,0,0
12,27,4,oracle,local-sim,-0.1062263043410863,0,0
12,27,4,train-selected fixed,local-sim,-0.1062263043410863,0,0
12,27,4,always invoke-QPU,invoke-QPU,-7.631016631833838,1,1
12,27,4,always remote-sim,remote-sim,-6.229058566882152,1,0
12,27,4,always local-sim,local-sim,-0.1062263043410863,0,0
12,27,4,always fallback,fallback,-0.1983511752503045,0,0
12,27,5,P1,local-sim,-0.1200815147732904,0,0
12,27,5,utility-only,local-sim,-0.1200815147732904,0,0
12,27,5,logged-IPW,local-sim,-0.1200815147732904,0,0
12,27,5,LinUCB,local-sim,-0.1200815147732904,0,0
12,27,5,Pareto,local-sim,-0.1200815147732904,0,0
12,27,5,oracle,local-sim,-0.1200815147732904,0,0
12,27,5,train-selected fixed,local-sim,-0.1200815147732904,0,0
12,27,5,always invoke-QPU,invoke-QPU,-0.148997815119602,0,0
12,27,5,always remote-sim,remote-sim,-0.2722402896726911,0,0
12,27,5,always local-sim,local-sim,-0.1200815147732904,0,0
12,27,5,always fallback,fallback,-0.19381972725606023,0,0
12,27,6,P1,local-sim,-0.10988603604227576,0,0
12,27,6,utility-only,local-sim,-0.10988603604227576,0,0
12,27,6,logged-IPW,local-sim,-0.10988603604227576,0,0
12,27,6,LinUCB,local-sim,-0.10988603604227576,0,0
12,27,6,Pareto,local-sim,-0.10988603604227576,0,0
12,27,6,oracle,local-sim,-0.10988603604227576,0,0
12,27,6,train-selected fixed,local-sim,-0.10988603604227576,0,0
12,27,6,always invoke-QPU,invoke-QPU,-7.364334038814618,1,1
12,27,6,always remote-sim,remote-sim,-5.330852486692308,1,0
12,27,6,always local-sim,local-sim,-0.10988603604227576,0,0
12,27,6,always fallback,fallback,-0.21564865861543825,0,0
12,27,7,P1,local-sim,-0.10390127560678208,0,0
12,27,7,utility-only,local-sim,-0.10390127560678208,0,0
12,27,7,logged-IPW,local-sim,-0.10390127560678208,0,0
12,27,7,LinUCB,remote-sim,-0.09828616534087423,0,0
12,27,7,Pareto,local-sim,-0.10390127560678208,0,0
12,27,7,oracle,remote-sim,-0.09828616534087423,0,0
12,27,7,train-selected fixed,local-sim,-0.10390127560678208,0,0
12,27,7,always invoke-QPU,invoke-QPU,-2.1682739069066335,1,0
12,27,7,always remote-sim,remote-sim,-0.09828616534087423,0,0
12,27,7,always local-sim,local-sim,-0.10390127560678208,0,0
12,27,7,always fallback,fallback,-0.19754990255628613,0,0
12,27,8,P1,local-sim,-0.10483974983363993,0,0
12,27,8,utility-only,local-sim,-0.10483974983363993,0,0
12,27,8,logged-IPW,local-sim,-0.10483974983363993,0,0
12,27,8,LinUCB,local-sim,-0.10483974983363993,0,0
12,27,8,Pareto,local-sim,-0.10483974983363993,0,0
12,27,8,oracle,local-sim,-0.10483974983363993,0,0
12,27,8,train-selected fixed,local-sim,-0.10483974983363993,0,0
12,27,8,always invoke-QPU,invoke-QPU,-2.2677160444800037,1,0
12,27,8,always remote-sim,remote-sim,-0.2597200491756417,0,0
12,27,8,always local-sim,local-sim,-0.10483974983363993,0,0
12,27,8,always fallback,fallback,-0.19504227592457812,0,0
12,27,9,P1,local-sim,-0.11480846812629224,0,0
12,27,9,utility-only,local-sim,-0.11480846812629224,0,0
12,27,9,logged-IPW,local-sim,-0.11480846812629224,0,0
12,27,9,LinUCB,local-sim,-0.11480846812629224,0,0
12,27,9,Pareto,local-sim,-0.11480846812629224,0,0
12,27,9,oracle,local-sim,-0.11480846812629224,0,0
12,27,9,train-selected fixed,local-sim,-0.11480846812629224,0,0
12,27,9,always invoke-QPU,invoke-QPU,-0.18976652472282385,0,0
12,27,9,always remote-sim,remote-sim,-0.23519831314749162,0,0
12,27,9,always local-sim,local-sim,-0.11480846812629224,0,0
12,27,9,always fallback,fallback,-0.2197521142214607,0,0
12,27,10,P1,local-sim,-0.10925300076404151,0,0
12,27,10,utility-only,local-sim,-0.10925300076404151,0,0
12,27,10,logged-IPW,local-sim,-0.10925300076404151,0,0
12,27,10,LinUCB,local-sim,-0.10925300076404151,0,0
12,27,10,Pareto,local-sim,-0.10925300076404151,0,0
12,27,10,oracle,local-sim,-0.10925300076404151,0,0
12,27,10,train-selected fixed,local-sim,-0.10925300076404151,0,0
12,27,10,always invoke-QPU,invoke-QPU,-0.1905358612781361,0,0
12,27,10,always remote-sim,remote-sim,-0.39849376535204856,0,0
12,27,10,always local-sim,local-sim,-0.10925300076404151,0,0
12,27,10,always fallback,fallback,-0.20441617449483626,0,0
12,27,11,P1,local-sim,-0.10412562197114991,0,0
12,27,11,utility-only,local-sim,-0.10412562197114991,0,0
12,27,11,logged-IPW,local-sim,-0.10412562197114991,0,0
12,27,11,LinUCB,local-sim,-0.10412562197114991,0,0
12,27,11,Pareto,local-sim,-0.10412562197114991,0,0
12,27,11,oracle,local-sim,-0.10412562197114991,0,0
12,27,11,train-selected fixed,local-sim,-0.10412562197114991,0,0
12,27,11,always invoke-QPU,invoke-QPU,-2.1448485337170973,1,0
12,27,11,always remote-sim,remote-sim,-0.30179982876958733,0,0
12,27,11,always local-sim,local-sim,-0.10412562197114991,0,0
12,27,11,always fallback,fallback,-0.19922236556149836,0,0
12,27,12,P1,local-sim,-0.09513978406866506,0,0
12,27,12,utility-only,local-sim,-0.09513978406866506,0,0
12,27,12,logged-IPW,local-sim,-0.09513978406866506,0,0
12,27,12,LinUCB,local-sim,-0.09513978406866506,0,0
12,27,12,Pareto,local-sim,-0.09513978406866506,0,0
12,27,12,oracle,local-sim,-0.09513978406866506,0,0
12,27,12,train-selected fixed,local-sim,-0.09513978406866506,0,0
12,27,12,always invoke-QPU,invoke-QPU,-0.12317363257822188,0,0
12,27,12,always remote-sim,remote-sim,-0.20801432693391586,0,0
12,27,12,always local-sim,local-sim,-0.09513978406866506,0,0
12,27,12,always fallback,fallback,-0.20262660319352505,0,0
12,27,13,P1,local-sim,-0.10929080066366642,0,0
12,27,13,utility-only,local-sim,-0.10929080066366642,0,0
12,27,13,logged-IPW,local-sim,-0.10929080066366642,0,0
12,27,13,LinUCB,local-sim,-0.10929080066366642,0,0
12,27,13,Pareto,local-sim,-0.10929080066366642,0,0
12,27,13,oracle,local-sim,-0.10929080066366642,0,0
12,27,13,train-selected fixed,local-sim,-0.10929080066366642,0,0
12,27,13,always invoke-QPU,invoke-QPU,-0.152980549911527,0,0
12,27,13,always remote-sim,remote-sim,-0.13003039688314877,0,0
12,27,13,always local-sim,local-sim,-0.10929080066366642,0,0
12,27,13,always fallback,fallback,-0.20110617249366486,0,0
12,27,14,P1,local-sim,-0.11526365097584343,0,0
12,27,14,utility-only,local-sim,-0.11526365097584343,0,0
12,27,14,logged-IPW,local-sim,-0.11526365097584343,0,0
12,27,14,LinUCB,local-sim,-0.11526365097584343,0,0
12,27,14,Pareto,local-sim,-0.11526365097584343,0,0
12,27,14,oracle,local-sim,-0.11526365097584343,0,0
12,27,14,train-selected fixed,local-sim,-0.11526365097584343,0,0
12,27,14,always invoke-QPU,invoke-QPU,-0.212162789797893,0,0
12,27,14,always remote-sim,remote-sim,-0.16912084108017372,0,0
12,27,14,always local-sim,local-sim,-0.11526365097584343,0,0
12,27,14,always fallback,fallback,-0.2127131705870148,0,0
12,27,15,P1,local-sim,-0.11885658062671066,0,0
12,27,15,utility-only,local-sim,-0.11885658062671066,0,0
12,27,15,logged-IPW,local-sim,-0.11885658062671066,0,0
12,27,15,LinUCB,local-sim,-0.11885658062671066,0,0
12,27,15,Pareto,local-sim,-0.11885658062671066,0,0
12,27,15,oracle,local-sim,-0.11885658062671066,0,0
12,27,15,train-selected fixed,local-sim,-0.11885658062671066,0,0
12,27,15,always invoke-QPU,invoke-QPU,-7.483587193581419,1,1
12,27,15,always remote-sim,remote-sim,-7.762716971495418,0,1
12,27,15,always local-sim,local-sim,-0.11885658062671066,0,0
12,27,15,always fallback,fallback,-0.20609293645338503,0,0
12,27,16,P1,local-sim,-0.10277540549091875,0,0
12,27,16,utility-only,local-sim,-0.10277540549091875,0,0
12,27,16,logged-IPW,local-sim,-0.10277540549091875,0,0
12,27,16,LinUCB,local-sim,-0.10277540549091875,0,0
12,27,16,Pareto,local-sim,-0.10277540549091875,0,0
12,27,16,oracle,local-sim,-0.10277540549091875,0,0
12,27,16,train-selected fixed,local-sim,-0.10277540549091875,0,0
12,27,16,always invoke-QPU,invoke-QPU,-2.1373736250603397,1,0
12,27,16,always remote-sim,remote-sim,-0.20335170929015484,0,0
12,27,16,always local-sim,local-sim,-0.10277540549091875,0,0
12,27,16,always fallback,fallback,-0.2101559098873322,0,0
12,27,17,P1,local-sim,-0.10842556312846122,0,0
12,27,17,utility-only,local-sim,-0.10842556312846122,0,0
12,27,17,logged-IPW,local-sim,-0.10842556312846122,0,0
12,27,17,LinUCB,local-sim,-0.10842556312846122,0,0
12,27,17,Pareto,local-sim,-0.10842556312846122,0,0
12,27,17,oracle,local-sim,-0.10842556312846122,0,0
12,27,17,train-selected fixed,local-sim,-0.10842556312846122,0,0
12,27,17,always invoke-QPU,invoke-QPU,-0.17034592261479625,0,0
12,27,17,always remote-sim,remote-sim,-0.2564248137831922,0,0
12,27,17,always local-sim,local-sim,-0.10842556312846122,0,0
12,27,17,always fallback,fallback,-0.21358472759247005,0,0
12,27,18,P1,local-sim,-0.11315368529949836,0,0
12,27,18,utility-only,local-sim,-0.11315368529949836,0,0
12,27,18,logged-IPW,local-sim,-0.11315368529949836,0,0
12,27,18,LinUCB,local-sim,-0.11315368529949836,0,0
12,27,18,Pareto,local-sim,-0.11315368529949836,0,0
12,27,18,oracle,local-sim,-0.11315368529949836,0,0
12,27,18,train-selected fixed,local-sim,-0.11315368529949836,0,0
12,27,18,always invoke-QPU,invoke-QPU,-2.741981206641549,1,0
12,27,18,always remote-sim,remote-sim,-13.357538719156658,1,1
12,27,18,always local-sim,local-sim,-0.11315368529949836,0,0
12,27,18,always fallback,fallback,-0.19945498925449567,0,0
12,27,19,P1,local-sim,-0.11423088350598319,0,0
12,27,19,utility-only,local-sim,-0.11423088350598319,0,0
12,27,19,logged-IPW,local-sim,-0.11423088350598319,0,0
12,27,19,LinUCB,local-sim,-0.11423088350598319,0,0
12,27,19,Pareto,local-sim,-0.11423088350598319,0,0
12,27,19,oracle,local-sim,-0.11423088350598319,0,0
12,27,19,train-selected fixed,local-sim,-0.11423088350598319,0,0
12,27,19,always invoke-QPU,invoke-QPU,-0.1796297987139896,0,0
12,27,19,always remote-sim,remote-sim,-0.27039004242579534,0,0
12,27,19,always local-sim,local-sim,-0.11423088350598319,0,0
12,27,19,always fallback,fallback,-0.18693874319306686,0,0
12,27,20,P1,local-sim,-0.09804006273219147,0,0
12,27,20,utility-only,local-sim,-0.09804006273219147,0,0
12,27,20,logged-IPW,local-sim,-0.09804006273219147,0,0
12,27,20,LinUCB,remote-sim,-0.1688503048288928,0,0
12,27,20,Pareto,local-sim,-0.09804006273219147,0,0
12,27,20,oracle,local-sim,-0.09804006273219147,0,0
12,27,20,train-selected fixed,local-sim,-0.09804006273219147,0,0
12,27,20,always invoke-QPU,invoke-QPU,-0.11321173250576841,0,0
12,27,20,always remote-sim,remote-sim,-0.1688503048288928,0,0
12,27,20,always local-sim,local-sim,-0.09804006273219147,0,0
12,27,20,always fallback,fallback,-0.2065100360743823,0,0
12,27,21,P1,local-sim,-0.11900033411477555,0,0
12,27,21,utility-only,local-sim,-0.11900033411477555,0,0
12,27,21,logged-IPW,local-sim,-0.11900033411477555,0,0
12,27,21,LinUCB,local-sim,-0.11900033411477555,0,0
12,27,21,Pareto,local-sim,-0.11900033411477555,0,0
12,27,21,oracle,local-sim,-0.11900033411477555,0,0
12,27,21,train-selected fixed,local-sim,-0.11900033411477555,0,0
12,27,21,always invoke-QPU,invoke-QPU,-2.523281047350835,1,0
12,27,21,always remote-sim,remote-sim,-6.29843442229848,1,0
12,27,21,always local-sim,local-sim,-0.11900033411477555,0,0
12,27,21,always fallback,fallback,-0.19607878970483567,0,0
12,27,22,P1,local-sim,-0.09965140110372248,0,0
12,27,22,utility-only,local-sim,-0.09965140110372248,0,0
12,27,22,logged-IPW,local-sim,-0.09965140110372248,0,0
12,27,22,LinUCB,local-sim,-0.09965140110372248,0,0
12,27,22,Pareto,local-sim,-0.09965140110372248,0,0
12,27,22,oracle,local-sim,-0.09965140110372248,0,0
12,27,22,train-selected fixed,local-sim,-0.09965140110372248,0,0
12,27,22,always invoke-QPU,invoke-QPU,-2.3096069364120813,1,0
12,27,22,always remote-sim,remote-sim,-16.70949790660573,1,0
12,27,22,always local-sim,local-sim,-0.09965140110372248,0,0
12,27,22,always fallback,fallback,-0.21660090330988943,0,0
12,27,23,P1,local-sim,-0.09527228033736468,0,0
12,27,23,utility-only,local-sim,-0.09527228033736468,0,0
12,27,23,logged-IPW,local-sim,-0.09527228033736468,0,0
12,27,23,LinUCB,invoke-QPU,-0.11113640528433065,0,0
12,27,23,Pareto,local-sim,-0.09527228033736468,0,0
12,27,23,oracle,local-sim,-0.09527228033736468,0,0
12,27,23,train-selected fixed,local-sim,-0.09527228033736468,0,0
12,27,23,always invoke-QPU,invoke-QPU,-0.11113640528433065,0,0
12,27,23,always remote-sim,remote-sim,-0.1874310864517193,0,0
12,27,23,always local-sim,local-sim,-0.09527228033736468,0,0
12,27,23,always fallback,fallback,-0.19920459111975988,0,0
12,27,24,P1,local-sim,-0.10855584791570293,0,0
12,27,24,utility-only,local-sim,-0.10855584791570293,0,0
12,27,24,logged-IPW,local-sim,-0.10855584791570293,0,0
12,27,24,LinUCB,remote-sim,-0.2043261263225169,0,0
12,27,24,Pareto,local-sim,-0.10855584791570293,0,0
12,27,24,oracle,local-sim,-0.10855584791570293,0,0
12,27,24,train-selected fixed,local-sim,-0.10855584791570293,0,0
12,27,24,always invoke-QPU,invoke-QPU,-0.14076416356581722,0,0
12,27,24,always remote-sim,remote-sim,-0.2043261263225169,0,0
12,27,24,always local-sim,local-sim,-0.10855584791570293,0,0
12,27,24,always fallback,fallback,-0.19325645153876694,0,0
12,27,25,P1,local-sim,-0.11759673202827911,0,0
12,27,25,utility-only,local-sim,-0.11759673202827911,0,0
12,27,25,logged-IPW,local-sim,-0.11759673202827911,0,0
12,27,25,LinUCB,local-sim,-0.11759673202827911,0,0
12,27,25,Pareto,local-sim,-0.11759673202827911,0,0
12,27,25,oracle,local-sim,-0.11759673202827911,0,0
12,27,25,train-selected fixed,local-sim,-0.11759673202827911,0,0
12,27,25,always invoke-QPU,invoke-QPU,-5.97881332870713,0,1
12,27,25,always remote-sim,remote-sim,-7.591646735717796,0,0
12,27,25,always local-sim,local-sim,-0.11759673202827911,0,0
12,27,25,always fallback,fallback,-0.22006618988188734,0,0
12,27,26,P1,local-sim,-0.11076642488444394,0,0
12,27,26,utility-only,local-sim,-0.11076642488444394,0,0
12,27,26,logged-IPW,local-sim,-0.11076642488444394,0,0
12,27,26,LinUCB,local-sim,-0.11076642488444394,0,0
12,27,26,Pareto,local-sim,-0.11076642488444394,0,0
12,27,26,oracle,local-sim,-0.11076642488444394,0,0
12,27,26,train-selected fixed,local-sim,-0.11076642488444394,0,0
12,27,26,always invoke-QPU,invoke-QPU,-0.1371811242750814,0,0
12,27,26,always remote-sim,remote-sim,-0.2314797889222588,0,0
12,27,26,always local-sim,local-sim,-0.11076642488444394,0,0
12,27,26,always fallback,fallback,-0.21824234268401133,0,0
12,27,27,P1,local-sim,-0.1156255243817667,0,0
12,27,27,utility-only,local-sim,-0.1156255243817667,0,0
12,27,27,logged-IPW,local-sim,-0.1156255243817667,0,0
12,27,27,LinUCB,local-sim,-0.1156255243817667,0,0
12,27,27,Pareto,local-sim,-0.1156255243817667,0,0
12,27,27,oracle,local-sim,-0.1156255243817667,0,0
12,27,27,train-selected fixed,local-sim,-0.1156255243817667,0,0
12,27,27,always invoke-QPU,invoke-QPU,-5.635463006148925,0,1
12,27,27,always remote-sim,remote-sim,-4.222816012909622,0,0
12,27,27,always local-sim,local-sim,-0.1156255243817667,0,0
12,27,27,always fallback,fallback,-0.18685975520903061,0,0
12,27,28,P1,local-sim,-0.103974188160455,0,0
12,27,28,utility-only,local-sim,-0.103974188160455,0,0
12,27,28,logged-IPW,local-sim,-0.103974188160455,0,0
12,27,28,LinUCB,invoke-QPU,-0.15609648423569214,0,0
12,27,28,Pareto,local-sim,-0.103974188160455,0,0
12,27,28,oracle,local-sim,-0.103974188160455,0,0
12,27,28,train-selected fixed,local-sim,-0.103974188160455,0,0
12,27,28,always invoke-QPU,invoke-QPU,-0.15609648423569214,0,0
12,27,28,always remote-sim,remote-sim,-0.26535545875591193,0,0
12,27,28,always local-sim,local-sim,-0.103974188160455,0,0
12,27,28,always fallback,fallback,-0.18946567937753422,0,0
12,27,29,P1,local-sim,-0.10514332782845513,0,0
12,27,29,utility-only,local-sim,-0.10514332782845513,0,0
12,27,29,logged-IPW,local-sim,-0.10514332782845513,0,0
12,27,29,LinUCB,remote-sim,-0.14997252282003343,0,0
12,27,29,Pareto,local-sim,-0.10514332782845513,0,0
12,27,29,oracle,local-sim,-0.10514332782845513,0,0
12,27,29,train-selected fixed,local-sim,-0.10514332782845513,0,0
12,27,29,always invoke-QPU,invoke-QPU,-0.1607846715533311,0,0
12,27,29,always remote-sim,remote-sim,-0.14997252282003343,0,0
12,27,29,always local-sim,local-sim,-0.10514332782845513,0,0
12,27,29,always fallback,fallback,-0.19086238228037555,0,0
12,28,0,P1,local-sim,-0.10892921352647485,0,0
12,28,0,utility-only,local-sim,-0.10892921352647485,0,0
12,28,0,logged-IPW,local-sim,-0.10892921352647485,0,0
12,28,0,LinUCB,local-sim,-0.10892921352647485,0,0
12,28,0,Pareto,local-sim,-0.10892921352647485,0,0
12,28,0,oracle,local-sim,-0.10892921352647485,0,0
12,28,0,train-selected fixed,local-sim,-0.10892921352647485,0,0
12,28,0,always invoke-QPU,invoke-QPU,-7.281502716404475,1,1
12,28,0,always remote-sim,remote-sim,-12.810308946041777,1,0
12,28,0,always local-sim,local-sim,-0.10892921352647485,0,0
12,28,0,always fallback,fallback,-0.20642328154223144,0,0
12,28,1,P1,local-sim,-0.10423678247467087,0,0
12,28,1,utility-only,local-sim,-0.10423678247467087,0,0
12,28,1,logged-IPW,local-sim,-0.10423678247467087,0,0
12,28,1,LinUCB,local-sim,-0.10423678247467087,0,0
12,28,1,Pareto,local-sim,-0.10423678247467087,0,0
12,28,1,oracle,local-sim,-0.10423678247467087,0,0
12,28,1,train-selected fixed,local-sim,-0.10423678247467087,0,0
12,28,1,always invoke-QPU,invoke-QPU,-2.163585645031294,1,0
12,28,1,always remote-sim,remote-sim,-6.109513058271283,1,0
12,28,1,always local-sim,local-sim,-0.10423678247467087,0,0
12,28,1,always fallback,fallback,-0.20670736855329305,0,0
12,28,2,P1,local-sim,-0.11662607437920793,0,0
12,28,2,utility-only,local-sim,-0.11662607437920793,0,0
12,28,2,logged-IPW,local-sim,-0.11662607437920793,0,0
12,28,2,LinUCB,local-sim,-0.11662607437920793,0,0
12,28,2,Pareto,local-sim,-0.11662607437920793,0,0
12,28,2,oracle,local-sim,-0.11662607437920793,0,0
12,28,2,train-selected fixed,local-sim,-0.11662607437920793,0,0
12,28,2,always invoke-QPU,invoke-QPU,-0.160272443919803,0,0
12,28,2,always remote-sim,remote-sim,-0.11999357257725306,0,0
12,28,2,always local-sim,local-sim,-0.11662607437920793,0,0
12,28,2,always fallback,fallback,-0.2052516854225714,0,0
12,28,3,P1,local-sim,-0.12018654286585347,0,0
12,28,3,utility-only,local-sim,-0.12018654286585347,0,0
12,28,3,logged-IPW,local-sim,-0.12018654286585347,0,0
12,28,3,LinUCB,remote-sim,-0.18853159745584314,0,0
12,28,3,Pareto,local-sim,-0.12018654286585347,0,0
12,28,3,oracle,local-sim,-0.12018654286585347,0,0
12,28,3,train-selected fixed,local-sim,-0.12018654286585347,0,0
12,28,3,always invoke-QPU,invoke-QPU,-0.1438181822180857,0,0
12,28,3,always remote-sim,remote-sim,-0.18853159745584314,0,0
12,28,3,always local-sim,local-sim,-0.12018654286585347,0,0
12,28,3,always fallback,fallback,-0.19230668481428606,0,0
12,28,4,P1,local-sim,-0.10234163829988072,0,0
12,28,4,utility-only,local-sim,-0.10234163829988072,0,0
12,28,4,logged-IPW,local-sim,-0.10234163829988072,0,0
12,28,4,LinUCB,local-sim,-0.10234163829988072,0,0
12,28,4,Pareto,local-sim,-0.10234163829988072,0,0
12,28,4,oracle,local-sim,-0.10234163829988072,0,0
12,28,4,train-selected fixed,local-sim,-0.10234163829988072,0,0
12,28,4,always invoke-QPU,invoke-QPU,-2.1877726152004633,1,0
12,28,4,always remote-sim,remote-sim,-0.1393027907359174,0,0
12,28,4,always local-sim,local-sim,-0.10234163829988072,0,0
12,28,4,always fallback,fallback,-0.19248453686248002,0,0
12,28,5,P1,local-sim,-0.10164561926410545,0,0
12,28,5,utility-only,local-sim,-0.10164561926410545,0,0
12,28,5,logged-IPW,local-sim,-0.10164561926410545,0,0
12,28,5,LinUCB,local-sim,-0.10164561926410545,0,0
12,28,5,Pareto,local-sim,-0.10164561926410545,0,0
12,28,5,oracle,local-sim,-0.10164561926410545,0,0
12,28,5,train-selected fixed,local-sim,-0.10164561926410545,0,0
12,28,5,always invoke-QPU,invoke-QPU,-0.12901497138679632,0,0
12,28,5,always remote-sim,remote-sim,-0.13553110140895241,0,0
12,28,5,always local-sim,local-sim,-0.10164561926410545,0,0
12,28,5,always fallback,fallback,-0.19194339693682738,0,0
12,28,6,P1,local-sim,-0.10011763112046468,0,0
12,28,6,utility-only,local-sim,-0.10011763112046468,0,0
12,28,6,logged-IPW,local-sim,-0.10011763112046468,0,0
12,28,6,LinUCB,local-sim,-0.10011763112046468,0,0
12,28,6,Pareto,local-sim,-0.10011763112046468,0,0
12,28,6,oracle,local-sim,-0.10011763112046468,0,0
12,28,6,train-selected fixed,local-sim,-0.10011763112046468,0,0
12,28,6,always invoke-QPU,invoke-QPU,-2.7832766583301813,1,0
12,28,6,always remote-sim,remote-sim,-8.342795625413746,1,0
12,28,6,always local-sim,local-sim,-0.10011763112046468,0,0
12,28,6,always fallback,fallback,-0.1947567392619776,0,0
12,28,7,P1,local-sim,-0.1017835109254093,0,0
12,28,7,utility-only,local-sim,-0.1017835109254093,0,0
12,28,7,logged-IPW,local-sim,-0.1017835109254093,0,0
12,28,7,LinUCB,local-sim,-0.1017835109254093,0,0
12,28,7,Pareto,local-sim,-0.1017835109254093,0,0
12,28,7,oracle,local-sim,-0.1017835109254093,0,0
12,28,7,train-selected fixed,local-sim,-0.1017835109254093,0,0
12,28,7,always invoke-QPU,invoke-QPU,-0.19996748652221208,0,0
12,28,7,always remote-sim,remote-sim,-0.14160695549791824,0,0
12,28,7,always local-sim,local-sim,-0.1017835109254093,0,0
12,28,7,always fallback,fallback,-0.20916366988575358,0,0
12,28,8,P1,local-sim,-0.10608486297160362,0,0
12,28,8,utility-only,local-sim,-0.10608486297160362,0,0
12,28,8,logged-IPW,local-sim,-0.10608486297160362,0,0
12,28,8,LinUCB,local-sim,-0.10608486297160362,0,0
12,28,8,Pareto,local-sim,-0.10608486297160362,0,0
12,28,8,oracle,local-sim,-0.10608486297160362,0,0
12,28,8,train-selected fixed,local-sim,-0.10608486297160362,0,0
12,28,8,always invoke-QPU,invoke-QPU,-7.289507757057844,1,1
12,28,8,always remote-sim,remote-sim,-7.513177317618252,1,0
12,28,8,always local-sim,local-sim,-0.10608486297160362,0,0
12,28,8,always fallback,fallback,-0.18809804411574702,0,0
12,28,9,P1,local-sim,-0.11743357134054999,0,0
12,28,9,utility-only,local-sim,-0.11743357134054999,0,0
12,28,9,logged-IPW,local-sim,-0.11743357134054999,0,0
12,28,9,LinUCB,local-sim,-0.11743357134054999,0,0
12,28,9,Pareto,local-sim,-0.11743357134054999,0,0
12,28,9,oracle,local-sim,-0.11743357134054999,0,0
12,28,9,train-selected fixed,local-sim,-0.11743357134054999,0,0
12,28,9,always invoke-QPU,invoke-QPU,-0.1544676270436538,0,0
12,28,9,always remote-sim,remote-sim,-0.29256491008057306,0,0
12,28,9,always local-sim,local-sim,-0.11743357134054999,0,0
12,28,9,always fallback,fallback,-0.19947522862940026,0,0
12,28,10,P1,local-sim,-0.1071447970403199,0,0
12,28,10,utility-only,local-sim,-0.1071447970403199,0,0
12,28,10,logged-IPW,local-sim,-0.1071447970403199,0,0
12,28,10,LinUCB,local-sim,-0.1071447970403199,0,0
12,28,10,Pareto,local-sim,-0.1071447970403199,0,0
12,28,10,oracle,local-sim,-0.1071447970403199,0,0
12,28,10,train-selected fixed,local-sim,-0.1071447970403199,0,0
12,28,10,always invoke-QPU,invoke-QPU,-2.266702601969861,1,0
12,28,10,always remote-sim,remote-sim,-3.7339345615818638,0,0
12,28,10,always local-sim,local-sim,-0.1071447970403199,0,0
12,28,10,always fallback,fallback,-0.21816504044749147,0,0
12,28,11,P1,local-sim,-0.10572161879303824,0,0
12,28,11,utility-only,local-sim,-0.10572161879303824,0,0
12,28,11,logged-IPW,local-sim,-0.10572161879303824,0,0
12,28,11,LinUCB,local-sim,-0.10572161879303824,0,0
12,28,11,Pareto,local-sim,-0.10572161879303824,0,0
12,28,11,oracle,local-sim,-0.10572161879303824,0,0
12,28,11,train-selected fixed,local-sim,-0.10572161879303824,0,0
12,28,11,always invoke-QPU,invoke-QPU,-0.14391108164080613,0,0
12,28,11,always remote-sim,remote-sim,-0.18060189088498002,0,0
12,28,11,always local-sim,local-sim,-0.10572161879303824,0,0
12,28,11,always fallback,fallback,-0.205163539372924,0,0
12,28,12,P1,local-sim,-0.10490334623460576,0,0
12,28,12,utility-only,local-sim,-0.10490334623460576,0,0
12,28,12,logged-IPW,local-sim,-0.10490334623460576,0,0
12,28,12,LinUCB,local-sim,-0.10490334623460576,0,0
12,28,12,Pareto,local-sim,-0.10490334623460576,0,0
12,28,12,oracle,local-sim,-0.10490334623460576,0,0
12,28,12,train-selected fixed,local-sim,-0.10490334623460576,0,0
12,28,12,always invoke-QPU,invoke-QPU,-0.13258168886890548,0,0
12,28,12,always remote-sim,remote-sim,-0.21092172737583656,0,0
12,28,12,always local-sim,local-sim,-0.10490334623460576,0,0
12,28,12,always fallback,fallback,-0.20073619962084713,0,0
12,28,13,P1,local-sim,-0.10485714973553284,0,0
12,28,13,utility-only,local-sim,-0.10485714973553284,0,0
12,28,13,logged-IPW,local-sim,-0.10485714973553284,0,0
12,28,13,LinUCB,local-sim,-0.10485714973553284,0,0
12,28,13,Pareto,local-sim,-0.10485714973553284,0,0
12,28,13,oracle,local-sim,-0.10485714973553284,0,0
12,28,13,train-selected fixed,local-sim,-0.10485714973553284,0,0
12,28,13,always invoke-QPU,invoke-QPU,-7.247150090379436,1,1
12,28,13,always remote-sim,remote-sim,-4.13587634893813,1,0
12,28,13,always local-sim,local-sim,-0.10485714973553284,0,0
12,28,13,always fallback,fallback,-0.20071475728085816,0,0
12,28,14,P1,local-sim,-0.0982254091133843,0,0
12,28,14,utility-only,local-sim,-0.0982254091133843,0,0
12,28,14,logged-IPW,local-sim,-0.0982254091133843,0,0
12,28,14,LinUCB,local-sim,-0.0982254091133843,0,0
12,28,14,Pareto,local-sim,-0.0982254091133843,0,0
12,28,14,oracle,local-sim,-0.0982254091133843,0,0
12,28,14,train-selected fixed,local-sim,-0.0982254091133843,0,0
12,28,14,always invoke-QPU,invoke-QPU,-7.321350222105073,1,1
12,28,14,always remote-sim,remote-sim,-22.17239356589024,1,1
12,28,14,always local-sim,local-sim,-0.0982254091133843,0,0
12,28,14,always fallback,fallback,-0.20678362871542244,0,0
12,28,15,P1,local-sim,-0.1106456801786791,0,0
12,28,15,utility-only,local-sim,-0.1106456801786791,0,0
12,28,15,logged-IPW,local-sim,-0.1106456801786791,0,0
12,28,15,LinUCB,local-sim,-0.1106456801786791,0,0
12,28,15,Pareto,local-sim,-0.1106456801786791,0,0
12,28,15,oracle,local-sim,-0.1106456801786791,0,0
12,28,15,train-selected fixed,local-sim,-0.1106456801786791,0,0
12,28,15,always invoke-QPU,invoke-QPU,-7.328567997364654,1,1
12,28,15,always remote-sim,remote-sim,-11.951435178872973,1,1
12,28,15,always local-sim,local-sim,-0.1106456801786791,0,0
12,28,15,always fallback,fallback,-0.20192375660780773,0,0
12,28,16,P1,local-sim,-0.11096020792620652,0,0
12,28,16,utility-only,local-sim,-0.11096020792620652,0,0
12,28,16,logged-IPW,local-sim,-0.11096020792620652,0,0
12,28,16,LinUCB,local-sim,-0.11096020792620652,0,0
12,28,16,Pareto,local-sim,-0.11096020792620652,0,0
12,28,16,oracle,local-sim,-0.11096020792620652,0,0
12,28,16,train-selected fixed,local-sim,-0.11096020792620652,0,0
12,28,16,always invoke-QPU,invoke-QPU,-2.2744105898762346,1,0
12,28,16,always remote-sim,remote-sim,-0.13466153854759108,0,0
12,28,16,always local-sim,local-sim,-0.11096020792620652,0,0
12,28,16,always fallback,fallback,-0.20644134487495958,0,0
12,28,17,P1,local-sim,-0.1199239169357537,0,0
12,28,17,utility-only,local-sim,-0.1199239169357537,0,0
12,28,17,logged-IPW,local-sim,-0.1199239169357537,0,0
12,28,17,LinUCB,local-sim,-0.1199239169357537,0,0
12,28,17,Pareto,local-sim,-0.1199239169357537,0,0
12,28,17,oracle,local-sim,-0.1199239169357537,0,0
12,28,17,train-selected fixed,local-sim,-0.1199239169357537,0,0
12,28,17,always invoke-QPU,invoke-QPU,-0.20743771577277192,0,0
12,28,17,always remote-sim,remote-sim,-0.3240932766323939,0,0
12,28,17,always local-sim,local-sim,-0.1199239169357537,0,0
12,28,17,always fallback,fallback,-0.20066818604297715,0,0
12,28,18,P1,local-sim,-0.11401715842375017,0,0
12,28,18,utility-only,local-sim,-0.11401715842375017,0,0
12,28,18,logged-IPW,local-sim,-0.11401715842375017,0,0
12,28,18,LinUCB,local-sim,-0.11401715842375017,0,0
12,28,18,Pareto,local-sim,-0.11401715842375017,0,0
12,28,18,oracle,local-sim,-0.11401715842375017,0,0
12,28,18,train-selected fixed,local-sim,-0.11401715842375017,0,0
12,28,18,always invoke-QPU,invoke-QPU,-7.295804514410893,1,1
12,28,18,always remote-sim,remote-sim,-6.062888312829443,1,0
12,28,18,always local-sim,local-sim,-0.11401715842375017,0,0
12,28,18,always fallback,fallback,-0.21679543000915624,0,0
12,28,19,P1,local-sim,-0.10081802513119155,0,0
12,28,19,utility-only,local-sim,-0.10081802513119155,0,0
12,28,19,logged-IPW,local-sim,-0.10081802513119155,0,0
12,28,19,LinUCB,invoke-QPU,-0.11031770968287831,0,0
12,28,19,Pareto,local-sim,-0.10081802513119155,0,0
12,28,19,oracle,local-sim,-0.10081802513119155,0,0
12,28,19,train-selected fixed,local-sim,-0.10081802513119155,0,0
12,28,19,always invoke-QPU,invoke-QPU,-0.11031770968287831,0,0
12,28,19,always remote-sim,remote-sim,-0.1700295942822128,0,0
12,28,19,always local-sim,local-sim,-0.10081802513119155,0,0
12,28,19,always fallback,fallback,-0.19868586366996702,0,0
12,28,20,P1,local-sim,-0.10848598940025106,0,0
12,28,20,utility-only,local-sim,-0.10848598940025106,0,0
12,28,20,logged-IPW,local-sim,-0.10848598940025106,0,0
12,28,20,LinUCB,remote-sim,-0.145663179610008,0,0
12,28,20,Pareto,local-sim,-0.10848598940025106,0,0
12,28,20,oracle,local-sim,-0.10848598940025106,0,0
12,28,20,train-selected fixed,local-sim,-0.10848598940025106,0,0
12,28,20,always invoke-QPU,invoke-QPU,-0.12924296931364038,0,0
12,28,20,always remote-sim,remote-sim,-0.145663179610008,0,0
12,28,20,always local-sim,local-sim,-0.10848598940025106,0,0
12,28,20,always fallback,fallback,-0.1917860258758891,0,0
12,28,21,P1,local-sim,-0.09801844327288288,0,0
12,28,21,utility-only,local-sim,-0.09801844327288288,0,0
12,28,21,logged-IPW,local-sim,-0.09801844327288288,0,0
12,28,21,LinUCB,local-sim,-0.09801844327288288,0,0
12,28,21,Pareto,local-sim,-0.09801844327288288,0,0
12,28,21,oracle,local-sim,-0.09801844327288288,0,0
12,28,21,train-selected fixed,local-sim,-0.09801844327288288,0,0
12,28,21,always invoke-QPU,invoke-QPU,-2.125123278308315,1,0
12,28,21,always remote-sim,remote-sim,-0.3140961130057377,0,0
12,28,21,always local-sim,local-sim,-0.09801844327288288,0,0
12,28,21,always fallback,fallback,-0.20240843839665074,0,0
12,28,22,P1,local-sim,-0.11446435034612894,0,0
12,28,22,utility-only,local-sim,-0.11446435034612894,0,0
12,28,22,logged-IPW,local-sim,-0.11446435034612894,0,0
12,28,22,LinUCB,local-sim,-0.11446435034612894,0,0
12,28,22,Pareto,local-sim,-0.11446435034612894,0,0
12,28,22,oracle,local-sim,-0.11446435034612894,0,0
12,28,22,train-selected fixed,local-sim,-0.11446435034612894,0,0
12,28,22,always invoke-QPU,invoke-QPU,-7.4753413933761195,1,1
12,28,22,always remote-sim,remote-sim,-5.420732865780032,1,0
12,28,22,always local-sim,local-sim,-0.11446435034612894,0,0
12,28,22,always fallback,fallback,-0.21336859073184944,0,0
12,28,23,P1,local-sim,-0.1065841285735567,0,0
12,28,23,utility-only,local-sim,-0.1065841285735567,0,0
12,28,23,logged-IPW,local-sim,-0.1065841285735567,0,0
12,28,23,LinUCB,local-sim,-0.1065841285735567,0,0
12,28,23,Pareto,local-sim,-0.1065841285735567,0,0
12,28,23,oracle,local-sim,-0.1065841285735567,0,0
12,28,23,train-selected fixed,local-sim,-0.1065841285735567,0,0
12,28,23,always invoke-QPU,invoke-QPU,-2.511850539191774,1,0
12,28,23,always remote-sim,remote-sim,-7.7223981402356054,1,0
12,28,23,always local-sim,local-sim,-0.1065841285735567,0,0
12,28,23,always fallback,fallback,-0.2087023270929385,0,0
12,28,24,P1,local-sim,-0.10768267046900369,0,0
12,28,24,utility-only,local-sim,-0.10768267046900369,0,0
12,28,24,logged-IPW,local-sim,-0.10768267046900369,0,0
12,28,24,LinUCB,local-sim,-0.10768267046900369,0,0
12,28,24,Pareto,local-sim,-0.10768267046900369,0,0
12,28,24,oracle,local-sim,-0.10768267046900369,0,0
12,28,24,train-selected fixed,local-sim,-0.10768267046900369,0,0
12,28,24,always invoke-QPU,invoke-QPU,-2.5442209159587836,1,0
12,28,24,always remote-sim,remote-sim,-11.521552202220189,1,1
12,28,24,always local-sim,local-sim,-0.10768267046900369,0,0
12,28,24,always fallback,fallback,-0.19537180854370453,0,0
12,28,25,P1,local-sim,-0.10209566438385281,0,0
12,28,25,utility-only,local-sim,-0.10209566438385281,0,0
12,28,25,logged-IPW,local-sim,-0.10209566438385281,0,0
12,28,25,LinUCB,local-sim,-0.10209566438385281,0,0
12,28,25,Pareto,local-sim,-0.10209566438385281,0,0
12,28,25,oracle,local-sim,-0.10209566438385281,0,0
12,28,25,train-selected fixed,local-sim,-0.10209566438385281,0,0
12,28,25,always invoke-QPU,invoke-QPU,-0.16467510930442397,0,0
12,28,25,always remote-sim,remote-sim,-0.16115848255063397,0,0
12,28,25,always local-sim,local-sim,-0.10209566438385281,0,0
12,28,25,always fallback,fallback,-0.21210257822624437,0,0
12,28,26,P1,local-sim,-0.10353715633459183,0,0
12,28,26,utility-only,local-sim,-0.10353715633459183,0,0
12,28,26,logged-IPW,local-sim,-0.10353715633459183,0,0
12,28,26,LinUCB,local-sim,-0.10353715633459183,0,0
12,28,26,Pareto,local-sim,-0.10353715633459183,0,0
12,28,26,oracle,local-sim,-0.10353715633459183,0,0
12,28,26,train-selected fixed,local-sim,-0.10353715633459183,0,0
12,28,26,always invoke-QPU,invoke-QPU,-0.13060715709614967,0,0
12,28,26,always remote-sim,remote-sim,-0.15027523740374893,0,0
12,28,26,always local-sim,local-sim,-0.10353715633459183,0,0
12,28,26,always fallback,fallback,-0.2056103469224534,0,0
12,28,27,P1,local-sim,-0.10478636925247847,0,0
12,28,27,utility-only,local-sim,-0.10478636925247847,0,0
12,28,27,logged-IPW,local-sim,-0.10478636925247847,0,0
12,28,27,LinUCB,local-sim,-0.10478636925247847,0,0
12,28,27,Pareto,local-sim,-0.10478636925247847,0,0
12,28,27,oracle,local-sim,-0.10478636925247847,0,0
12,28,27,train-selected fixed,local-sim,-0.10478636925247847,0,0
12,28,27,always invoke-QPU,invoke-QPU,-7.633767405891392,1,1
12,28,27,always remote-sim,remote-sim,-15.826011264439108,1,1
12,28,27,always local-sim,local-sim,-0.10478636925247847,0,0
12,28,27,always fallback,fallback,-0.20678003783205556,0,0
12,28,28,P1,local-sim,-0.09678661224947115,0,0
12,28,28,utility-only,local-sim,-0.09678661224947115,0,0
12,28,28,logged-IPW,local-sim,-0.09678661224947115,0,0
12,28,28,LinUCB,local-sim,-0.09678661224947115,0,0
12,28,28,Pareto,local-sim,-0.09678661224947115,0,0
12,28,28,oracle,local-sim,-0.09678661224947115,0,0
12,28,28,train-selected fixed,local-sim,-0.09678661224947115,0,0
12,28,28,always invoke-QPU,invoke-QPU,-0.12957443205972136,0,0
12,28,28,always remote-sim,remote-sim,-0.16335265702670898,0,0
12,28,28,always local-sim,local-sim,-0.09678661224947115,0,0
12,28,28,always fallback,fallback,-0.19367488464510946,0,0
12,28,29,P1,local-sim,-0.10154649523187904,0,0
12,28,29,utility-only,local-sim,-0.10154649523187904,0,0
12,28,29,logged-IPW,local-sim,-0.10154649523187904,0,0
12,28,29,LinUCB,local-sim,-0.10154649523187904,0,0
12,28,29,Pareto,local-sim,-0.10154649523187904,0,0
12,28,29,oracle,local-sim,-0.10154649523187904,0,0
12,28,29,train-selected fixed,local-sim,-0.10154649523187904,0,0
12,28,29,always invoke-QPU,invoke-QPU,-0.1600007362517229,0,0
12,28,29,always remote-sim,remote-sim,-0.11112155009463538,0,0
12,28,29,always local-sim,local-sim,-0.10154649523187904,0,0
12,28,29,always fallback,fallback,-0.21547213000950208,0,0
12,29,0,P1,local-sim,-0.10239382515323939,0,0
12,29,0,utility-only,local-sim,-0.10239382515323939,0,0
12,29,0,logged-IPW,local-sim,-0.10239382515323939,0,0
12,29,0,LinUCB,local-sim,-0.10239382515323939,0,0
12,29,0,Pareto,local-sim,-0.10239382515323939,0,0
12,29,0,oracle,local-sim,-0.10239382515323939,0,0
12,29,0,train-selected fixed,local-sim,-0.10239382515323939,0,0
12,29,0,always invoke-QPU,invoke-QPU,-0.13020685088068468,0,0
12,29,0,always remote-sim,remote-sim,-0.2512474439218207,0,0
12,29,0,always local-sim,local-sim,-0.10239382515323939,0,0
12,29,0,always fallback,fallback,-0.18613138499023352,0,0
12,29,1,P1,local-sim,-0.10434163479240216,0,0
12,29,1,utility-only,local-sim,-0.10434163479240216,0,0
12,29,1,logged-IPW,local-sim,-0.10434163479240216,0,0
12,29,1,LinUCB,local-sim,-0.10434163479240216,0,0
12,29,1,Pareto,local-sim,-0.10434163479240216,0,0
12,29,1,oracle,local-sim,-0.10434163479240216,0,0
12,29,1,train-selected fixed,local-sim,-0.10434163479240216,0,0
12,29,1,always invoke-QPU,invoke-QPU,-2.368841587091281,1,0
12,29,1,always remote-sim,remote-sim,-4.851648841249266,1,0
12,29,1,always local-sim,local-sim,-0.10434163479240216,0,0
12,29,1,always fallback,fallback,-0.19442699876733968,0,0
12,29,2,P1,local-sim,-0.11103171459856669,0,0
12,29,2,utility-only,local-sim,-0.11103171459856669,0,0
12,29,2,logged-IPW,local-sim,-0.11103171459856669,0,0
12,29,2,LinUCB,local-sim,-0.11103171459856669,0,0
12,29,2,Pareto,local-sim,-0.11103171459856669,0,0
12,29,2,oracle,local-sim,-0.11103171459856669,0,0
12,29,2,train-selected fixed,local-sim,-0.11103171459856669,0,0
12,29,2,always invoke-QPU,invoke-QPU,-0.15203263767372974,0,0
12,29,2,always remote-sim,remote-sim,-0.1361853561808617,0,0
12,29,2,always local-sim,local-sim,-0.11103171459856669,0,0
12,29,2,always fallback,fallback,-0.22347041638631213,0,0
12,29,3,P1,local-sim,-0.10698750175413715,0,0
12,29,3,utility-only,local-sim,-0.10698750175413715,0,0
12,29,3,logged-IPW,local-sim,-0.10698750175413715,0,0
12,29,3,LinUCB,local-sim,-0.10698750175413715,0,0
12,29,3,Pareto,local-sim,-0.10698750175413715,0,0
12,29,3,oracle,local-sim,-0.10698750175413715,0,0
12,29,3,train-selected fixed,local-sim,-0.10698750175413715,0,0
12,29,3,always invoke-QPU,invoke-QPU,-0.14533577207143777,0,0
12,29,3,always remote-sim,remote-sim,-0.2258734261767112,0,0
12,29,3,always local-sim,local-sim,-0.10698750175413715,0,0
12,29,3,always fallback,fallback,-0.20224651647691483,0,0
12,29,4,P1,local-sim,-0.12419626823628285,0,0
12,29,4,utility-only,local-sim,-0.12419626823628285,0,0
12,29,4,logged-IPW,local-sim,-0.12419626823628285,0,0
12,29,4,LinUCB,local-sim,-0.12419626823628285,0,0
12,29,4,Pareto,local-sim,-0.12419626823628285,0,0
12,29,4,oracle,local-sim,-0.12419626823628285,0,0
12,29,4,train-selected fixed,local-sim,-0.12419626823628285,0,0
12,29,4,always invoke-QPU,invoke-QPU,-0.1806272302665889,0,0
12,29,4,always remote-sim,remote-sim,-0.30103961346339586,0,0
12,29,4,always local-sim,local-sim,-0.12419626823628285,0,0
12,29,4,always fallback,fallback,-0.21089322791077098,0,0
12,29,5,P1,local-sim,-0.10747413013899937,0,0
12,29,5,utility-only,local-sim,-0.10747413013899937,0,0
12,29,5,logged-IPW,local-sim,-0.10747413013899937,0,0
12,29,5,LinUCB,local-sim,-0.10747413013899937,0,0
12,29,5,Pareto,local-sim,-0.10747413013899937,0,0
12,29,5,oracle,local-sim,-0.10747413013899937,0,0
12,29,5,train-selected fixed,local-sim,-0.10747413013899937,0,0
12,29,5,always invoke-QPU,invoke-QPU,-2.2990964653024695,1,0
12,29,5,always remote-sim,remote-sim,-9.78736721670515,1,1
12,29,5,always local-sim,local-sim,-0.10747413013899937,0,0
12,29,5,always fallback,fallback,-0.21071453815129446,0,0
12,29,6,P1,local-sim,-0.10959870338883976,0,0
12,29,6,utility-only,local-sim,-0.10959870338883976,0,0
12,29,6,logged-IPW,local-sim,-0.10959870338883976,0,0
12,29,6,LinUCB,local-sim,-0.10959870338883976,0,0
12,29,6,Pareto,local-sim,-0.10959870338883976,0,0
12,29,6,oracle,local-sim,-0.10959870338883976,0,0
12,29,6,train-selected fixed,local-sim,-0.10959870338883976,0,0
12,29,6,always invoke-QPU,invoke-QPU,-0.1527127263135063,0,0
12,29,6,always remote-sim,remote-sim,-0.18615569137158688,0,0
12,29,6,always local-sim,local-sim,-0.10959870338883976,0,0
12,29,6,always fallback,fallback,-0.21945853421977216,0,0
12,29,7,P1,local-sim,-0.10422211120272919,0,0
12,29,7,utility-only,local-sim,-0.10422211120272919,0,0
12,29,7,logged-IPW,local-sim,-0.10422211120272919,0,0
12,29,7,LinUCB,local-sim,-0.10422211120272919,0,0
12,29,7,Pareto,local-sim,-0.10422211120272919,0,0
12,29,7,oracle,local-sim,-0.10422211120272919,0,0
12,29,7,train-selected fixed,local-sim,-0.10422211120272919,0,0
12,29,7,always invoke-QPU,invoke-QPU,-2.3497845676903437,1,0
12,29,7,always remote-sim,remote-sim,-10.128874758638608,1,1
12,29,7,always local-sim,local-sim,-0.10422211120272919,0,0
12,29,7,always fallback,fallback,-0.21540868041252392,0,0
12,29,8,P1,local-sim,-0.11338852599435126,0,0
12,29,8,utility-only,local-sim,-0.11338852599435126,0,0
12,29,8,logged-IPW,local-sim,-0.11338852599435126,0,0
12,29,8,LinUCB,local-sim,-0.11338852599435126,0,0
12,29,8,Pareto,local-sim,-0.11338852599435126,0,0
12,29,8,oracle,local-sim,-0.11338852599435126,0,0
12,29,8,train-selected fixed,local-sim,-0.11338852599435126,0,0
12,29,8,always invoke-QPU,invoke-QPU,-2.2644507907648492,1,0
12,29,8,always remote-sim,remote-sim,-4.87599949763628,1,0
12,29,8,always local-sim,local-sim,-0.11338852599435126,0,0
12,29,8,always fallback,fallback,-0.22157139213923888,0,0
12,29,9,P1,local-sim,-0.10565662488111277,0,0
12,29,9,utility-only,local-sim,-0.10565662488111277,0,0
12,29,9,logged-IPW,local-sim,-0.10565662488111277,0,0
12,29,9,LinUCB,local-sim,-0.10565662488111277,0,0
12,29,9,Pareto,local-sim,-0.10565662488111277,0,0
12,29,9,oracle,local-sim,-0.10565662488111277,0,0
12,29,9,train-selected fixed,local-sim,-0.10565662488111277,0,0
12,29,9,always invoke-QPU,invoke-QPU,-0.2033347440368823,0,0
12,29,9,always remote-sim,remote-sim,-0.3017479229010055,0,0
12,29,9,always local-sim,local-sim,-0.10565662488111277,0,0
12,29,9,always fallback,fallback,-0.18889475106180525,0,0
12,29,10,P1,local-sim,-0.11167936843756417,0,0
12,29,10,utility-only,local-sim,-0.11167936843756417,0,0
12,29,10,logged-IPW,local-sim,-0.11167936843756417,0,0
12,29,10,LinUCB,local-sim,-0.11167936843756417,0,0
12,29,10,Pareto,local-sim,-0.11167936843756417,0,0
12,29,10,oracle,local-sim,-0.11167936843756417,0,0
12,29,10,train-selected fixed,local-sim,-0.11167936843756417,0,0
12,29,10,always invoke-QPU,invoke-QPU,-0.1372169574756914,0,0
12,29,10,always remote-sim,remote-sim,-0.13765895868280706,0,0
12,29,10,always local-sim,local-sim,-0.11167936843756417,0,0
12,29,10,always fallback,fallback,-0.20963228773201328,0,0
12,29,11,P1,local-sim,-0.10527161335783011,0,0
12,29,11,utility-only,local-sim,-0.10527161335783011,0,0
12,29,11,logged-IPW,local-sim,-0.10527161335783011,0,0
12,29,11,LinUCB,local-sim,-0.10527161335783011,0,0
12,29,11,Pareto,local-sim,-0.10527161335783011,0,0
12,29,11,oracle,local-sim,-0.10527161335783011,0,0
12,29,11,train-selected fixed,local-sim,-0.10527161335783011,0,0
12,29,11,always invoke-QPU,invoke-QPU,-0.21091935736532463,0,0
12,29,11,always remote-sim,remote-sim,-0.2546554787660924,0,0
12,29,11,always local-sim,local-sim,-0.10527161335783011,0,0
12,29,11,always fallback,fallback,-0.18865379520511294,0,0
12,29,12,P1,local-sim,-0.10219231022081664,0,0
12,29,12,utility-only,local-sim,-0.10219231022081664,0,0
12,29,12,logged-IPW,local-sim,-0.10219231022081664,0,0
12,29,12,LinUCB,local-sim,-0.10219231022081664,0,0
12,29,12,Pareto,local-sim,-0.10219231022081664,0,0
12,29,12,oracle,local-sim,-0.10219231022081664,0,0
12,29,12,train-selected fixed,local-sim,-0.10219231022081664,0,0
12,29,12,always invoke-QPU,invoke-QPU,-2.1246610051841657,1,0
12,29,12,always remote-sim,remote-sim,-0.25742017108005727,0,0
12,29,12,always local-sim,local-sim,-0.10219231022081664,0,0
12,29,12,always fallback,fallback,-0.19211522052629754,0,0
12,29,13,P1,local-sim,-0.11361103825299526,0,0
12,29,13,utility-only,local-sim,-0.11361103825299526,0,0
12,29,13,logged-IPW,local-sim,-0.11361103825299526,0,0
12,29,13,LinUCB,local-sim,-0.11361103825299526,0,0
12,29,13,Pareto,local-sim,-0.11361103825299526,0,0
12,29,13,oracle,local-sim,-0.11361103825299526,0,0
12,29,13,train-selected fixed,local-sim,-0.11361103825299526,0,0
12,29,13,always invoke-QPU,invoke-QPU,-2.3093732034305865,1,0
12,29,13,always remote-sim,remote-sim,-0.223466688598519,0,0
12,29,13,always local-sim,local-sim,-0.11361103825299526,0,0
12,29,13,always fallback,fallback,-0.19794255437033623,0,0
12,29,14,P1,local-sim,-0.11649455405454104,0,0
12,29,14,utility-only,local-sim,-0.11649455405454104,0,0
12,29,14,logged-IPW,local-sim,-0.11649455405454104,0,0
12,29,14,LinUCB,local-sim,-0.11649455405454104,0,0
12,29,14,Pareto,local-sim,-0.11649455405454104,0,0
12,29,14,oracle,local-sim,-0.11649455405454104,0,0
12,29,14,train-selected fixed,local-sim,-0.11649455405454104,0,0
12,29,14,always invoke-QPU,invoke-QPU,-7.6942380410941,1,1
12,29,14,always remote-sim,remote-sim,-12.705946212412968,1,1
12,29,14,always local-sim,local-sim,-0.11649455405454104,0,0
12,29,14,always fallback,fallback,-0.2120997897388205,0,0
12,29,15,P1,local-sim,-0.10575994150023184,0,0
12,29,15,utility-only,local-sim,-0.10575994150023184,0,0
12,29,15,logged-IPW,local-sim,-0.10575994150023184,0,0
12,29,15,LinUCB,local-sim,-0.10575994150023184,0,0
12,29,15,Pareto,local-sim,-0.10575994150023184,0,0
12,29,15,oracle,local-sim,-0.10575994150023184,0,0
12,29,15,train-selected fixed,local-sim,-0.10575994150023184,0,0
12,29,15,always invoke-QPU,invoke-QPU,-8.34036460286743,1,1
12,29,15,always remote-sim,remote-sim,-19.811719630560102,1,0
12,29,15,always local-sim,local-sim,-0.10575994150023184,0,0
12,29,15,always fallback,fallback,-0.21821031612122782,0,0
12,29,16,P1,local-sim,-0.1120356110899909,0,0
12,29,16,utility-only,local-sim,-0.1120356110899909,0,0
12,29,16,logged-IPW,local-sim,-0.1120356110899909,0,0
12,29,16,LinUCB,local-sim,-0.1120356110899909,0,0
12,29,16,Pareto,local-sim,-0.1120356110899909,0,0
12,29,16,oracle,local-sim,-0.1120356110899909,0,0
12,29,16,train-selected fixed,local-sim,-0.1120356110899909,0,0
12,29,16,always invoke-QPU,invoke-QPU,-0.14970102752979794,0,0
12,29,16,always remote-sim,remote-sim,-0.2707656371113871,0,0
12,29,16,always local-sim,local-sim,-0.1120356110899909,0,0
12,29,16,always fallback,fallback,-0.19131717721019126,0,0
12,29,17,P1,local-sim,-0.1159543851037393,0,0
12,29,17,utility-only,local-sim,-0.1159543851037393,0,0
12,29,17,logged-IPW,local-sim,-0.1159543851037393,0,0
12,29,17,LinUCB,local-sim,-0.1159543851037393,0,0
12,29,17,Pareto,local-sim,-0.1159543851037393,0,0
12,29,17,oracle,local-sim,-0.1159543851037393,0,0
12,29,17,train-selected fixed,local-sim,-0.1159543851037393,0,0
12,29,17,always invoke-QPU,invoke-QPU,-2.794297718470635,1,0
12,29,17,always remote-sim,remote-sim,-10.723780974687799,1,0
12,29,17,always local-sim,local-sim,-0.1159543851037393,0,0
12,29,17,always fallback,fallback,-0.20644259929964967,0,0
12,29,18,P1,local-sim,-0.10865994702081933,0,0
12,29,18,utility-only,local-sim,-0.10865994702081933,0,0
12,29,18,logged-IPW,local-sim,-0.10865994702081933,0,0
12,29,18,LinUCB,local-sim,-0.10865994702081933,0,0
12,29,18,Pareto,local-sim,-0.10865994702081933,0,0
12,29,18,oracle,local-sim,-0.10865994702081933,0,0
12,29,18,train-selected fixed,local-sim,-0.10865994702081933,0,0
12,29,18,always invoke-QPU,invoke-QPU,-2.6246424491941447,1,0
12,29,18,always remote-sim,remote-sim,-6.777731864940931,1,0
12,29,18,always local-sim,local-sim,-0.10865994702081933,0,0
12,29,18,always fallback,fallback,-0.2042965469611098,0,0
12,29,19,P1,local-sim,-0.1034540970395529,0,0
12,29,19,utility-only,local-sim,-0.1034540970395529,0,0
12,29,19,logged-IPW,local-sim,-0.1034540970395529,0,0
12,29,19,LinUCB,local-sim,-0.1034540970395529,0,0
12,29,19,Pareto,local-sim,-0.1034540970395529,0,0
12,29,19,oracle,local-sim,-0.1034540970395529,0,0
12,29,19,train-selected fixed,local-sim,-0.1034540970395529,0,0
12,29,19,always invoke-QPU,invoke-QPU,-0.1896003014365929,0,0
12,29,19,always remote-sim,remote-sim,-0.22514506257324007,0,0
12,29,19,always local-sim,local-sim,-0.1034540970395529,0,0
12,29,19,always fallback,fallback,-0.19905844666321007,0,0
12,29,20,P1,local-sim,-0.11085666704529976,0,0
12,29,20,utility-only,local-sim,-0.11085666704529976,0,0
12,29,20,logged-IPW,local-sim,-0.11085666704529976,0,0
12,29,20,LinUCB,local-sim,-0.11085666704529976,0,0
12,29,20,Pareto,local-sim,-0.11085666704529976,0,0
12,29,20,oracle,local-sim,-0.11085666704529976,0,0
12,29,20,train-selected fixed,local-sim,-0.11085666704529976,0,0
12,29,20,always invoke-QPU,invoke-QPU,-0.22451398170427972,0,0
12,29,20,always remote-sim,remote-sim,-0.2825692445772881,0,0
12,29,20,always local-sim,local-sim,-0.11085666704529976,0,0
12,29,20,always fallback,fallback,-0.19700162703505675,0,0
12,29,21,P1,local-sim,-0.10707291508121786,0,0
12,29,21,utility-only,local-sim,-0.10707291508121786,0,0
12,29,21,logged-IPW,local-sim,-0.10707291508121786,0,0
12,29,21,LinUCB,local-sim,-0.10707291508121786,0,0
12,29,21,Pareto,local-sim,-0.10707291508121786,0,0
12,29,21,oracle,local-sim,-0.10707291508121786,0,0
12,29,21,train-selected fixed,local-sim,-0.10707291508121786,0,0
12,29,21,always invoke-QPU,invoke-QPU,-0.14086236697497945,0,0
12,29,21,always remote-sim,remote-sim,-0.12655915835535725,0,0
12,29,21,always local-sim,local-sim,-0.10707291508121786,0,0
12,29,21,always fallback,fallback,-0.19027276558458017,0,0
12,29,22,P1,local-sim,-0.10189267569300867,0,0
12,29,22,utility-only,local-sim,-0.10189267569300867,0,0
12,29,22,logged-IPW,local-sim,-0.10189267569300867,0,0
12,29,22,LinUCB,local-sim,-0.10189267569300867,0,0
12,29,22,Pareto,local-sim,-0.10189267569300867,0,0
12,29,22,oracle,local-sim,-0.10189267569300867,0,0
12,29,22,train-selected fixed,local-sim,-0.10189267569300867,0,0
12,29,22,always invoke-QPU,invoke-QPU,-0.14807956453436205,0,0
12,29,22,always remote-sim,remote-sim,-0.2087080493375945,0,0
12,29,22,always local-sim,local-sim,-0.10189267569300867,0,0
12,29,22,always fallback,fallback,-0.20280020489453193,0,0
12,29,23,P1,local-sim,-2.110039356035276,1,0
12,29,23,utility-only,local-sim,-2.110039356035276,1,0
12,29,23,logged-IPW,local-sim,-2.110039356035276,1,0
12,29,23,LinUCB,local-sim,-2.110039356035276,1,0
12,29,23,Pareto,local-sim,-2.110039356035276,1,0
12,29,23,oracle,remote-sim,-0.13296970039582923,0,0
12,29,23,train-selected fixed,local-sim,-2.110039356035276,1,0
12,29,23,always invoke-QPU,invoke-QPU,-2.1467720978349982,1,0
12,29,23,always remote-sim,remote-sim,-0.13296970039582923,0,0
12,29,23,always local-sim,local-sim,-2.110039356035276,1,0
12,29,23,always fallback,fallback,-0.22308524106149777,0,0
12,29,24,P1,local-sim,-0.11472975019642528,0,0
12,29,24,utility-only,local-sim,-0.11472975019642528,0,0
12,29,24,logged-IPW,local-sim,-0.11472975019642528,0,0
12,29,24,LinUCB,local-sim,-0.11472975019642528,0,0
12,29,24,Pareto,local-sim,-0.11472975019642528,0,0
12,29,24,oracle,local-sim,-0.11472975019642528,0,0
12,29,24,train-selected fixed,local-sim,-0.11472975019642528,0,0
12,29,24,always invoke-QPU,invoke-QPU,-8.237830288169333,1,1
12,29,24,always remote-sim,remote-sim,-10.170797003163182,0,0
12,29,24,always local-sim,local-sim,-0.11472975019642528,0,0
12,29,24,always fallback,fallback,-0.21568966896353753,0,0
12,29,25,P1,local-sim,-0.11645630414260917,0,0
12,29,25,utility-only,local-sim,-0.11645630414260917,0,0
12,29,25,logged-IPW,local-sim,-0.11645630414260917,0,0
12,29,25,LinUCB,local-sim,-0.11645630414260917,0,0
12,29,25,Pareto,local-sim,-0.11645630414260917,0,0
12,29,25,oracle,local-sim,-0.11645630414260917,0,0
12,29,25,train-selected fixed,local-sim,-0.11645630414260917,0,0
12,29,25,always invoke-QPU,invoke-QPU,-0.15106490067239187,0,0
12,29,25,always remote-sim,remote-sim,-0.14895771360668653,0,0
12,29,25,always local-sim,local-sim,-0.11645630414260917,0,0
12,29,25,always fallback,fallback,-0.2143038463144283,0,0
12,29,26,P1,local-sim,-0.10995070866335255,0,0
12,29,26,utility-only,local-sim,-0.10995070866335255,0,0
12,29,26,logged-IPW,local-sim,-0.10995070866335255,0,0
12,29,26,LinUCB,local-sim,-0.10995070866335255,0,0
12,29,26,Pareto,local-sim,-0.10995070866335255,0,0
12,29,26,oracle,local-sim,-0.10995070866335255,0,0
12,29,26,train-selected fixed,local-sim,-0.10995070866335255,0,0
12,29,26,always invoke-QPU,invoke-QPU,-7.4937414315054,1,1
12,29,26,always remote-sim,remote-sim,-7.136349212885831,1,0
12,29,26,always local-sim,local-sim,-0.10995070866335255,0,0
12,29,26,always fallback,fallback,-0.19824210465937206,0,0
12,29,27,P1,local-sim,-0.11436350552733321,0,0
12,29,27,utility-only,local-sim,-0.11436350552733321,0,0
12,29,27,logged-IPW,local-sim,-0.11436350552733321,0,0
12,29,27,LinUCB,local-sim,-0.11436350552733321,0,0
12,29,27,Pareto,local-sim,-0.11436350552733321,0,0
12,29,27,oracle,local-sim,-0.11436350552733321,0,0
12,29,27,train-selected fixed,local-sim,-0.11436350552733321,0,0
12,29,27,always invoke-QPU,invoke-QPU,-0.13447287101725994,0,0
12,29,27,always remote-sim,remote-sim,-0.16055567040850693,0,0
12,29,27,always local-sim,local-sim,-0.11436350552733321,0,0
12,29,27,always fallback,fallback,-0.22633710645153532,0,0
12,29,28,P1,local-sim,-0.10419330860445379,0,0
12,29,28,utility-only,local-sim,-0.10419330860445379,0,0
12,29,28,logged-IPW,local-sim,-0.10419330860445379,0,0
12,29,28,LinUCB,local-sim,-0.10419330860445379,0,0
12,29,28,Pareto,local-sim,-0.10419330860445379,0,0
12,29,28,oracle,local-sim,-0.10419330860445379,0,0
12,29,28,train-selected fixed,local-sim,-0.10419330860445379,0,0
12,29,28,always invoke-QPU,invoke-QPU,-7.147609591146505,1,1
12,29,28,always remote-sim,remote-sim,-10.282686182723994,1,1
12,29,28,always local-sim,local-sim,-0.10419330860445379,0,0
12,29,28,always fallback,fallback,-0.21000674323174082,0,0
12,29,29,P1,local-sim,-0.09899628374202929,0,0
12,29,29,utility-only,local-sim,-0.09899628374202929,0,0
12,29,29,logged-IPW,local-sim,-0.09899628374202929,0,0
12,29,29,LinUCB,remote-sim,-0.15237743906049359,0,0
12,29,29,Pareto,local-sim,-0.09899628374202929,0,0
12,29,29,oracle,local-sim,-0.09899628374202929,0,0
12,29,29,train-selected fixed,local-sim,-0.09899628374202929,0,0
12,29,29,always invoke-QPU,invoke-QPU,-0.11841516115702387,0,0
12,29,29,always remote-sim,remote-sim,-0.15237743906049359,0,0
12,29,29,always local-sim,local-sim,-0.09899628374202929,0,0
12,29,29,always fallback,fallback,-0.19892918701816137,0,0
12,30,0,P1,local-sim,-0.11226422649873846,0,0
12,30,0,utility-only,local-sim,-0.11226422649873846,0,0
12,30,0,logged-IPW,local-sim,-0.11226422649873846,0,0
12,30,0,LinUCB,local-sim,-0.11226422649873846,0,0
12,30,0,Pareto,local-sim,-0.11226422649873846,0,0
12,30,0,oracle,local-sim,-0.11226422649873846,0,0
12,30,0,train-selected fixed,local-sim,-0.11226422649873846,0,0
12,30,0,always invoke-QPU,invoke-QPU,-0.17137648006636635,0,0
12,30,0,always remote-sim,remote-sim,-0.32660692555167326,0,0
12,30,0,always local-sim,local-sim,-0.11226422649873846,0,0
12,30,0,always fallback,fallback,-0.19794257886069655,0,0
12,30,1,P1,local-sim,-0.10835548494615238,0,0
12,30,1,utility-only,local-sim,-0.10835548494615238,0,0
12,30,1,logged-IPW,local-sim,-0.10835548494615238,0,0
12,30,1,LinUCB,invoke-QPU,-0.17160177526452375,0,0
12,30,1,Pareto,local-sim,-0.10835548494615238,0,0
12,30,1,oracle,local-sim,-0.10835548494615238,0,0
12,30,1,train-selected fixed,local-sim,-0.10835548494615238,0,0
12,30,1,always invoke-QPU,invoke-QPU,-0.17160177526452375,0,0
12,30,1,always remote-sim,remote-sim,-0.18647828516633008,0,0
12,30,1,always local-sim,local-sim,-0.10835548494615238,0,0
12,30,1,always fallback,fallback,-0.2001499546822769,0,0
12,30,2,P1,local-sim,-0.11280813968091394,0,0
12,30,2,utility-only,local-sim,-0.11280813968091394,0,0
12,30,2,logged-IPW,local-sim,-0.11280813968091394,0,0
12,30,2,LinUCB,local-sim,-0.11280813968091394,0,0
12,30,2,Pareto,local-sim,-0.11280813968091394,0,0
12,30,2,oracle,local-sim,-0.11280813968091394,0,0
12,30,2,train-selected fixed,local-sim,-0.11280813968091394,0,0
12,30,2,always invoke-QPU,invoke-QPU,-0.14318178919672708,0,0
12,30,2,always remote-sim,remote-sim,-0.1990794281229366,0,0
12,30,2,always local-sim,local-sim,-0.11280813968091394,0,0
12,30,2,always fallback,fallback,-0.1968418974276345,0,0
12,30,3,P1,local-sim,-0.11140203000465983,0,0
12,30,3,utility-only,local-sim,-0.11140203000465983,0,0
12,30,3,logged-IPW,local-sim,-0.11140203000465983,0,0
12,30,3,LinUCB,local-sim,-0.11140203000465983,0,0
12,30,3,Pareto,local-sim,-0.11140203000465983,0,0
12,30,3,oracle,local-sim,-0.11140203000465983,0,0
12,30,3,train-selected fixed,local-sim,-0.11140203000465983,0,0
12,30,3,always invoke-QPU,invoke-QPU,-0.17181123230242185,0,0
12,30,3,always remote-sim,remote-sim,-0.14115338235549935,0,0
12,30,3,always local-sim,local-sim,-0.11140203000465983,0,0
12,30,3,always fallback,fallback,-0.2105970225185493,0,0
12,30,4,P1,local-sim,-0.10820558676011136,0,0
12,30,4,utility-only,local-sim,-0.10820558676011136,0,0
12,30,4,logged-IPW,local-sim,-0.10820558676011136,0,0
12,30,4,LinUCB,remote-sim,-0.18637970350780048,0,0
12,30,4,Pareto,local-sim,-0.10820558676011136,0,0
12,30,4,oracle,local-sim,-0.10820558676011136,0,0
12,30,4,train-selected fixed,local-sim,-0.10820558676011136,0,0
12,30,4,always invoke-QPU,invoke-QPU,-0.16627104794861142,0,0
12,30,4,always remote-sim,remote-sim,-0.18637970350780048,0,0
12,30,4,always local-sim,local-sim,-0.10820558676011136,0,0
12,30,4,always fallback,fallback,-0.1953986312808955,0,0
12,30,5,P1,local-sim,-0.10681049520411565,0,0
12,30,5,utility-only,local-sim,-0.10681049520411565,0,0
12,30,5,logged-IPW,local-sim,-0.10681049520411565,0,0
12,30,5,LinUCB,local-sim,-0.10681049520411565,0,0
12,30,5,Pareto,local-sim,-0.10681049520411565,0,0
12,30,5,oracle,local-sim,-0.10681049520411565,0,0
12,30,5,train-selected fixed,local-sim,-0.10681049520411565,0,0
12,30,5,always invoke-QPU,invoke-QPU,-7.392629946770876,1,1
12,30,5,always remote-sim,remote-sim,-9.34544726879754,1,1
12,30,5,always local-sim,local-sim,-0.10681049520411565,0,0
12,30,5,always fallback,fallback,-0.2141698154877783,0,0
12,30,6,P1,local-sim,-0.11578005213706047,0,0
12,30,6,utility-only,local-sim,-0.11578005213706047,0,0
12,30,6,logged-IPW,local-sim,-0.11578005213706047,0,0
12,30,6,LinUCB,local-sim,-0.11578005213706047,0,0
12,30,6,Pareto,local-sim,-0.11578005213706047,0,0
12,30,6,oracle,local-sim,-0.11578005213706047,0,0
12,30,6,train-selected fixed,local-sim,-0.11578005213706047,0,0
12,30,6,always invoke-QPU,invoke-QPU,-0.23067125187970988,0,0
12,30,6,always remote-sim,remote-sim,-0.12829543607860022,0,0
12,30,6,always local-sim,local-sim,-0.11578005213706047,0,0
12,30,6,always fallback,fallback,-0.21400809558053713,0,0
12,30,7,P1,local-sim,-0.11182621713810018,0,0
12,30,7,utility-only,local-sim,-0.11182621713810018,0,0
12,30,7,logged-IPW,local-sim,-0.11182621713810018,0,0
12,30,7,LinUCB,local-sim,-0.11182621713810018,0,0
12,30,7,Pareto,local-sim,-0.11182621713810018,0,0
12,30,7,oracle,local-sim,-0.11182621713810018,0,0
12,30,7,train-selected fixed,local-sim,-0.11182621713810018,0,0
12,30,7,always invoke-QPU,invoke-QPU,-0.17121556519878162,0,0
12,30,7,always remote-sim,remote-sim,-0.2198977596734088,0,0
12,30,7,always local-sim,local-sim,-0.11182621713810018,0,0
12,30,7,always fallback,fallback,-0.19914828927154596,0,0
12,30,8,P1,local-sim,-0.10890720414720646,0,0
12,30,8,utility-only,local-sim,-0.10890720414720646,0,0
12,30,8,logged-IPW,local-sim,-0.10890720414720646,0,0
12,30,8,LinUCB,local-sim,-0.10890720414720646,0,0
12,30,8,Pareto,local-sim,-0.10890720414720646,0,0
12,30,8,oracle,local-sim,-0.10890720414720646,0,0
12,30,8,train-selected fixed,local-sim,-0.10890720414720646,0,0
12,30,8,always invoke-QPU,invoke-QPU,-0.24201952598616472,0,0
12,30,8,always remote-sim,remote-sim,-0.20181992666178372,0,0
12,30,8,always local-sim,local-sim,-0.10890720414720646,0,0
12,30,8,always fallback,fallback,-0.19856946963278227,0,0
12,30,9,P1,local-sim,-0.10645624277764924,0,0
12,30,9,utility-only,local-sim,-0.10645624277764924,0,0
12,30,9,logged-IPW,local-sim,-0.10645624277764924,0,0
12,30,9,LinUCB,local-sim,-0.10645624277764924,0,0
12,30,9,Pareto,local-sim,-0.10645624277764924,0,0
12,30,9,oracle,local-sim,-0.10645624277764924,0,0
12,30,9,train-selected fixed,local-sim,-0.10645624277764924,0,0
12,30,9,always invoke-QPU,invoke-QPU,-7.766495684846536,1,1
12,30,9,always remote-sim,remote-sim,-8.086294149492867,1,0
12,30,9,always local-sim,local-sim,-0.10645624277764924,0,0
12,30,9,always fallback,fallback,-0.19378478455370896,0,0
12,30,10,P1,local-sim,-0.10091879280419418,0,0
12,30,10,utility-only,local-sim,-0.10091879280419418,0,0
12,30,10,logged-IPW,local-sim,-0.10091879280419418,0,0
12,30,10,LinUCB,remote-sim,-0.15937869948154607,0,0
12,30,10,Pareto,local-sim,-0.10091879280419418,0,0
12,30,10,oracle,local-sim,-0.10091879280419418,0,0
12,30,10,train-selected fixed,local-sim,-0.10091879280419418,0,0
12,30,10,always invoke-QPU,invoke-QPU,-0.12738098991455438,0,0
12,30,10,always remote-sim,remote-sim,-0.15937869948154607,0,0
12,30,10,always local-sim,local-sim,-0.10091879280419418,0,0
12,30,10,always fallback,fallback,-0.188387777161892,0,0
12,30,11,P1,local-sim,-0.10360723390969076,0,0
12,30,11,utility-only,local-sim,-0.10360723390969076,0,0
12,30,11,logged-IPW,local-sim,-0.10360723390969076,0,0
12,30,11,LinUCB,local-sim,-0.10360723390969076,0,0
12,30,11,Pareto,local-sim,-0.10360723390969076,0,0
12,30,11,oracle,local-sim,-0.10360723390969076,0,0
12,30,11,train-selected fixed,local-sim,-0.10360723390969076,0,0
12,30,11,always invoke-QPU,invoke-QPU,-2.2015106845730013,1,0
12,30,11,always remote-sim,remote-sim,-8.112318751157169,1,0
12,30,11,always local-sim,local-sim,-0.10360723390969076,0,0
12,30,11,always fallback,fallback,-0.2036453290862687,0,0
12,30,12,P1,local-sim,-0.10585820722825935,0,0
12,30,12,utility-only,local-sim,-0.10585820722825935,0,0
12,30,12,logged-IPW,local-sim,-0.10585820722825935,0,0
12,30,12,LinUCB,local-sim,-0.10585820722825935,0,0
12,30,12,Pareto,local-sim,-0.10585820722825935,0,0
12,30,12,oracle,local-sim,-0.10585820722825935,0,0
12,30,12,train-selected fixed,local-sim,-0.10585820722825935,0,0
12,30,12,always invoke-QPU,invoke-QPU,-2.1798876610150635,1,0
12,30,12,always remote-sim,remote-sim,-0.24340459289867322,0,0
12,30,12,always local-sim,local-sim,-0.10585820722825935,0,0
12,30,12,always fallback,fallback,-0.20902069752462782,0,0
12,30,13,P1,local-sim,-0.10998062013270807,0,0
12,30,13,utility-only,local-sim,-0.10998062013270807,0,0
12,30,13,logged-IPW,local-sim,-0.10998062013270807,0,0
12,30,13,LinUCB,local-sim,-0.10998062013270807,0,0
12,30,13,Pareto,local-sim,-0.10998062013270807,0,0
12,30,13,oracle,local-sim,-0.10998062013270807,0,0
12,30,13,train-selected fixed,local-sim,-0.10998062013270807,0,0
12,30,13,always invoke-QPU,invoke-QPU,-2.7770460434099142,1,0
12,30,13,always remote-sim,remote-sim,-10.072792206484547,1,0
12,30,13,always local-sim,local-sim,-0.10998062013270807,0,0
12,30,13,always fallback,fallback,-0.21669465372962404,0,0
12,30,14,P1,local-sim,-0.09544826974001583,0,0
12,30,14,utility-only,local-sim,-0.09544826974001583,0,0
12,30,14,logged-IPW,local-sim,-0.09544826974001583,0,0
12,30,14,LinUCB,local-sim,-0.09544826974001583,0,0
12,30,14,Pareto,local-sim,-0.09544826974001583,0,0
12,30,14,oracle,local-sim,-0.09544826974001583,0,0
12,30,14,train-selected fixed,local-sim,-0.09544826974001583,0,0
12,30,14,always invoke-QPU,invoke-QPU,-2.3431694588887715,1,0
12,30,14,always remote-sim,remote-sim,-7.930825493205393,1,0
12,30,14,always local-sim,local-sim,-0.09544826974001583,0,0
12,30,14,always fallback,fallback,-0.18572185373434225,0,0
12,30,15,P1,local-sim,-0.10641898682869458,0,0
12,30,15,utility-only,local-sim,-0.10641898682869458,0,0
12,30,15,logged-IPW,local-sim,-0.10641898682869458,0,0
12,30,15,LinUCB,local-sim,-0.10641898682869458,0,0
12,30,15,Pareto,local-sim,-0.10641898682869458,0,0
12,30,15,oracle,local-sim,-0.10641898682869458,0,0
12,30,15,train-selected fixed,local-sim,-0.10641898682869458,0,0
12,30,15,always invoke-QPU,invoke-QPU,-2.238976315230176,1,0
12,30,15,always remote-sim,remote-sim,-11.177968506581308,1,1
12,30,15,always local-sim,local-sim,-0.10641898682869458,0,0
12,30,15,always fallback,fallback,-0.20862208910109256,0,0
12,30,16,P1,local-sim,-0.10263836606015968,0,0
12,30,16,utility-only,local-sim,-0.10263836606015968,0,0
12,30,16,logged-IPW,local-sim,-0.10263836606015968,0,0
12,30,16,LinUCB,local-sim,-0.10263836606015968,0,0
12,30,16,Pareto,local-sim,-0.10263836606015968,0,0
12,30,16,oracle,local-sim,-0.10263836606015968,0,0
12,30,16,train-selected fixed,local-sim,-0.10263836606015968,0,0
12,30,16,always invoke-QPU,invoke-QPU,-0.1632992948798303,0,0
12,30,16,always remote-sim,remote-sim,-0.17153476893793979,0,0
12,30,16,always local-sim,local-sim,-0.10263836606015968,0,0
12,30,16,always fallback,fallback,-0.20887893469997845,0,0
12,30,17,P1,local-sim,-0.09548063726713056,0,0
12,30,17,utility-only,local-sim,-0.09548063726713056,0,0
12,30,17,logged-IPW,local-sim,-0.09548063726713056,0,0
12,30,17,LinUCB,local-sim,-0.09548063726713056,0,0
12,30,17,Pareto,local-sim,-0.09548063726713056,0,0
12,30,17,oracle,local-sim,-0.09548063726713056,0,0
12,30,17,train-selected fixed,local-sim,-0.09548063726713056,0,0
12,30,17,always invoke-QPU,invoke-QPU,-2.2377597149115496,1,0
12,30,17,always remote-sim,remote-sim,-6.352933317192221,1,0
12,30,17,always local-sim,local-sim,-0.09548063726713056,0,0
12,30,17,always fallback,fallback,-0.20454109855915178,0,0
12,30,18,P1,local-sim,-0.12543177962684954,0,0
12,30,18,utility-only,local-sim,-0.12543177962684954,0,0
12,30,18,logged-IPW,local-sim,-0.12543177962684954,0,0
12,30,18,LinUCB,local-sim,-0.12543177962684954,0,0
12,30,18,Pareto,local-sim,-0.12543177962684954,0,0
12,30,18,oracle,local-sim,-0.12543177962684954,0,0
12,30,18,train-selected fixed,local-sim,-0.12543177962684954,0,0
12,30,18,always invoke-QPU,invoke-QPU,-2.2714437811614174,1,0
12,30,18,always remote-sim,remote-sim,-0.3836375660106287,0,0
12,30,18,always local-sim,local-sim,-0.12543177962684954,0,0
12,30,18,always fallback,fallback,-0.20780082802089303,0,0
12,30,19,P1,local-sim,-0.10735204040230507,0,0
12,30,19,utility-only,local-sim,-0.10735204040230507,0,0
12,30,19,logged-IPW,local-sim,-0.10735204040230507,0,0
12,30,19,LinUCB,local-sim,-0.10735204040230507,0,0
12,30,19,Pareto,local-sim,-0.10735204040230507,0,0
12,30,19,oracle,local-sim,-0.10735204040230507,0,0
12,30,19,train-selected fixed,local-sim,-0.10735204040230507,0,0
12,30,19,always invoke-QPU,invoke-QPU,-5.212382278790418,0,1
12,30,19,always remote-sim,remote-sim,-6.685805354056605,0,1
12,30,19,always local-sim,local-sim,-0.10735204040230507,0,0
12,30,19,always fallback,fallback,-0.21772884970100537,0,0
12,30,20,P1,local-sim,-0.10943858062779,0,0
12,30,20,utility-only,local-sim,-0.10943858062779,0,0
12,30,20,logged-IPW,local-sim,-0.10943858062779,0,0
12,30,20,LinUCB,local-sim,-0.10943858062779,0,0
12,30,20,Pareto,local-sim,-0.10943858062779,0,0
12,30,20,oracle,local-sim,-0.10943858062779,0,0
12,30,20,train-selected fixed,local-sim,-0.10943858062779,0,0
12,30,20,always invoke-QPU,invoke-QPU,-0.15499703673714701,0,0
12,30,20,always remote-sim,remote-sim,-0.1657599670965474,0,0
12,30,20,always local-sim,local-sim,-0.10943858062779,0,0
12,30,20,always fallback,fallback,-0.1911986444205229,0,0
12,30,21,P1,local-sim,-0.10110664206114227,0,0
12,30,21,utility-only,local-sim,-0.10110664206114227,0,0
12,30,21,logged-IPW,local-sim,-0.10110664206114227,0,0
12,30,21,LinUCB,local-sim,-0.10110664206114227,0,0
12,30,21,Pareto,local-sim,-0.10110664206114227,0,0
12,30,21,oracle,local-sim,-0.10110664206114227,0,0
12,30,21,train-selected fixed,local-sim,-0.10110664206114227,0,0
12,30,21,always invoke-QPU,invoke-QPU,-7.3833883489993966,1,1
12,30,21,always remote-sim,remote-sim,-16.157419544640657,1,1
12,30,21,always local-sim,local-sim,-0.10110664206114227,0,0
12,30,21,always fallback,fallback,-0.19715279708126657,0,0
12,30,22,P1,local-sim,-0.10467572414330147,0,0
12,30,22,utility-only,local-sim,-0.10467572414330147,0,0
12,30,22,logged-IPW,local-sim,-0.10467572414330147,0,0
12,30,22,LinUCB,local-sim,-0.10467572414330147,0,0
12,30,22,Pareto,local-sim,-0.10467572414330147,0,0
12,30,22,oracle,local-sim,-0.10467572414330147,0,0
12,30,22,train-selected fixed,local-sim,-0.10467572414330147,0,0
12,30,22,always invoke-QPU,invoke-QPU,-7.314399884082045,1,1
12,30,22,always remote-sim,remote-sim,-8.800826517836116,1,0
12,30,22,always local-sim,local-sim,-0.10467572414330147,0,0
12,30,22,always fallback,fallback,-0.19811113321292734,0,0
12,30,23,P1,local-sim,-0.10840743512993478,0,0
12,30,23,utility-only,local-sim,-0.10840743512993478,0,0
12,30,23,logged-IPW,local-sim,-0.10840743512993478,0,0
12,30,23,LinUCB,local-sim,-0.10840743512993478,0,0
12,30,23,Pareto,local-sim,-0.10840743512993478,0,0
12,30,23,oracle,local-sim,-0.10840743512993478,0,0
12,30,23,train-selected fixed,local-sim,-0.10840743512993478,0,0
12,30,23,always invoke-QPU,invoke-QPU,-2.236558517722391,1,0
12,30,23,always remote-sim,remote-sim,-10.097146979234665,1,1
12,30,23,always local-sim,local-sim,-0.10840743512993478,0,0
12,30,23,always fallback,fallback,-0.1983447187794871,0,0
12,30,24,P1,local-sim,-0.1101470247527788,0,0
12,30,24,utility-only,local-sim,-0.1101470247527788,0,0
12,30,24,logged-IPW,local-sim,-0.1101470247527788,0,0
12,30,24,LinUCB,local-sim,-0.1101470247527788,0,0
12,30,24,Pareto,local-sim,-0.1101470247527788,0,0
12,30,24,oracle,local-sim,-0.1101470247527788,0,0
12,30,24,train-selected fixed,local-sim,-0.1101470247527788,0,0
12,30,24,always invoke-QPU,invoke-QPU,-7.566773701390699,1,1
12,30,24,always remote-sim,remote-sim,-12.436999276767274,1,1
12,30,24,always local-sim,local-sim,-0.1101470247527788,0,0
12,30,24,always fallback,fallback,-0.2156612951892532,0,0
12,30,25,P1,local-sim,-0.109283524111643,0,0
12,30,25,utility-only,local-sim,-0.109283524111643,0,0
12,30,25,logged-IPW,local-sim,-0.109283524111643,0,0
12,30,25,LinUCB,local-sim,-0.109283524111643,0,0
12,30,25,Pareto,local-sim,-0.109283524111643,0,0
12,30,25,oracle,local-sim,-0.109283524111643,0,0
12,30,25,train-selected fixed,local-sim,-0.109283524111643,0,0
12,30,25,always invoke-QPU,invoke-QPU,-0.12375580451214624,0,0
12,30,25,always remote-sim,remote-sim,-0.13395578823225604,0,0
12,30,25,always local-sim,local-sim,-0.109283524111643,0,0
12,30,25,always fallback,fallback,-0.22268074267167767,0,0
12,30,26,P1,local-sim,-0.10333140708162597,0,0
12,30,26,utility-only,local-sim,-0.10333140708162597,0,0
12,30,26,logged-IPW,local-sim,-0.10333140708162597,0,0
12,30,26,LinUCB,local-sim,-0.10333140708162597,0,0
12,30,26,Pareto,local-sim,-0.10333140708162597,0,0
12,30,26,oracle,local-sim,-0.10333140708162597,0,0
12,30,26,train-selected fixed,local-sim,-0.10333140708162597,0,0
12,30,26,always invoke-QPU,invoke-QPU,-7.778443144965994,1,1
12,30,26,always remote-sim,remote-sim,-8.662997673267519,1,0
12,30,26,always local-sim,local-sim,-0.10333140708162597,0,0
12,30,26,always fallback,fallback,-0.19468163642534886,0,0
12,30,27,P1,local-sim,-0.10433977986163204,0,0
12,30,27,utility-only,local-sim,-0.10433977986163204,0,0
12,30,27,logged-IPW,local-sim,-0.10433977986163204,0,0
12,30,27,LinUCB,local-sim,-0.10433977986163204,0,0
12,30,27,Pareto,local-sim,-0.10433977986163204,0,0
12,30,27,oracle,invoke-QPU,-0.09732950803758088,0,0
12,30,27,train-selected fixed,local-sim,-0.10433977986163204,0,0
12,30,27,always invoke-QPU,invoke-QPU,-0.09732950803758088,0,0
12,30,27,always remote-sim,remote-sim,-0.10265741321465166,0,0
12,30,27,always local-sim,local-sim,-0.10433977986163204,0,0
12,30,27,always fallback,fallback,-0.20190727331545727,0,0
12,30,28,P1,local-sim,-0.10439033996266836,0,0
12,30,28,utility-only,local-sim,-0.10439033996266836,0,0
12,30,28,logged-IPW,local-sim,-0.10439033996266836,0,0
12,30,28,LinUCB,remote-sim,-0.16046488539118453,0,0
12,30,28,Pareto,local-sim,-0.10439033996266836,0,0
12,30,28,oracle,local-sim,-0.10439033996266836,0,0
12,30,28,train-selected fixed,local-sim,-0.10439033996266836,0,0
12,30,28,always invoke-QPU,invoke-QPU,-5.12807094798655,0,1
12,30,28,always remote-sim,remote-sim,-0.16046488539118453,0,0
12,30,28,always local-sim,local-sim,-0.10439033996266836,0,0
12,30,28,always fallback,fallback,-0.21821702425812367,0,0
12,30,29,P1,local-sim,-0.10185417472744256,0,0
12,30,29,utility-only,local-sim,-0.10185417472744256,0,0
12,30,29,logged-IPW,local-sim,-0.10185417472744256,0,0
12,30,29,LinUCB,local-sim,-0.10185417472744256,0,0
12,30,29,Pareto,local-sim,-0.10185417472744256,0,0
12,30,29,oracle,local-sim,-0.10185417472744256,0,0
12,30,29,train-selected fixed,local-sim,-0.10185417472744256,0,0
12,30,29,always invoke-QPU,invoke-QPU,-7.843284768521594,1,1
12,30,29,always remote-sim,remote-sim,-16.81997476754165,1,1
12,30,29,always local-sim,local-sim,-0.10185417472744256,0,0
12,30,29,always fallback,fallback,-0.19748292157477607,0,0
12,31,0,P1,local-sim,-0.10047922631275079,0,0
12,31,0,utility-only,local-sim,-0.10047922631275079,0,0
12,31,0,logged-IPW,local-sim,-0.10047922631275079,0,0
12,31,0,LinUCB,local-sim,-0.10047922631275079,0,0
12,31,0,Pareto,local-sim,-0.10047922631275079,0,0
12,31,0,oracle,local-sim,-0.10047922631275079,0,0
12,31,0,train-selected fixed,local-sim,-0.10047922631275079,0,0
12,31,0,always invoke-QPU,invoke-QPU,-7.266633960767465,1,1
12,31,0,always remote-sim,remote-sim,-10.124104368056331,1,0
12,31,0,always local-sim,local-sim,-0.10047922631275079,0,0
12,31,0,always fallback,fallback,-0.20045155116981472,0,0
12,31,1,P1,local-sim,-0.11308676287442575,0,0
12,31,1,utility-only,local-sim,-0.11308676287442575,0,0
12,31,1,logged-IPW,local-sim,-0.11308676287442575,0,0
12,31,1,LinUCB,local-sim,-0.11308676287442575,0,0
12,31,1,Pareto,local-sim,-0.11308676287442575,0,0
12,31,1,oracle,local-sim,-0.11308676287442575,0,0
12,31,1,train-selected fixed,local-sim,-0.11308676287442575,0,0
12,31,1,always invoke-QPU,invoke-QPU,-0.24359864343716547,0,0
12,31,1,always remote-sim,remote-sim,-0.21292544010320655,0,0
12,31,1,always local-sim,local-sim,-0.11308676287442575,0,0
12,31,1,always fallback,fallback,-0.2124520399542368,0,0
12,31,2,P1,local-sim,-0.1053752421152675,0,0
12,31,2,utility-only,local-sim,-0.1053752421152675,0,0
12,31,2,logged-IPW,local-sim,-0.1053752421152675,0,0
12,31,2,LinUCB,local-sim,-0.1053752421152675,0,0
12,31,2,Pareto,local-sim,-0.1053752421152675,0,0
12,31,2,oracle,local-sim,-0.1053752421152675,0,0
12,31,2,train-selected fixed,local-sim,-0.1053752421152675,0,0
12,31,2,always invoke-QPU,invoke-QPU,-2.797885118341008,1,0
12,31,2,always remote-sim,remote-sim,-14.37990755294409,1,0
12,31,2,always local-sim,local-sim,-0.1053752421152675,0,0
12,31,2,always fallback,fallback,-0.20874958202857916,0,0
12,31,3,P1,local-sim,-0.11952367044939725,0,0
12,31,3,utility-only,local-sim,-0.11952367044939725,0,0
12,31,3,logged-IPW,local-sim,-0.11952367044939725,0,0
12,31,3,LinUCB,local-sim,-0.11952367044939725,0,0
12,31,3,Pareto,local-sim,-0.11952367044939725,0,0
12,31,3,oracle,local-sim,-0.11952367044939725,0,0
12,31,3,train-selected fixed,local-sim,-0.11952367044939725,0,0
12,31,3,always invoke-QPU,invoke-QPU,-2.2368300812343027,1,0
12,31,3,always remote-sim,remote-sim,-0.17929584987605074,0,0
12,31,3,always local-sim,local-sim,-0.11952367044939725,0,0
12,31,3,always fallback,fallback,-0.21661107613394198,0,0
12,31,4,P1,local-sim,-0.11257271407916367,0,0
12,31,4,utility-only,local-sim,-0.11257271407916367,0,0
12,31,4,logged-IPW,local-sim,-0.11257271407916367,0,0
12,31,4,LinUCB,local-sim,-0.11257271407916367,0,0
12,31,4,Pareto,local-sim,-0.11257271407916367,0,0
12,31,4,oracle,local-sim,-0.11257271407916367,0,0
12,31,4,train-selected fixed,local-sim,-0.11257271407916367,0,0
12,31,4,always invoke-QPU,invoke-QPU,-0.21750684231884088,0,0
12,31,4,always remote-sim,remote-sim,-0.19994585081046246,0,0
12,31,4,always local-sim,local-sim,-0.11257271407916367,0,0
12,31,4,always fallback,fallback,-0.2123838796668606,0,0
12,31,5,P1,local-sim,-0.10604541449291235,0,0
12,31,5,utility-only,local-sim,-0.10604541449291235,0,0
12,31,5,logged-IPW,local-sim,-0.10604541449291235,0,0
12,31,5,LinUCB,local-sim,-0.10604541449291235,0,0
12,31,5,Pareto,local-sim,-0.10604541449291235,0,0
12,31,5,oracle,local-sim,-0.10604541449291235,0,0
12,31,5,train-selected fixed,local-sim,-0.10604541449291235,0,0
12,31,5,always invoke-QPU,invoke-QPU,-2.1511974972650325,1,0
12,31,5,always remote-sim,remote-sim,-0.13524336935549064,0,0
12,31,5,always local-sim,local-sim,-0.10604541449291235,0,0
12,31,5,always fallback,fallback,-0.22782432268832836,0,0
12,31,6,P1,local-sim,-0.10737188945674604,0,0
12,31,6,utility-only,local-sim,-0.10737188945674604,0,0
12,31,6,logged-IPW,local-sim,-0.10737188945674604,0,0
12,31,6,LinUCB,local-sim,-0.10737188945674604,0,0
12,31,6,Pareto,local-sim,-0.10737188945674604,0,0
12,31,6,oracle,local-sim,-0.10737188945674604,0,0
12,31,6,train-selected fixed,local-sim,-0.10737188945674604,0,0
12,31,6,always invoke-QPU,invoke-QPU,-0.14291333338272494,0,0
12,31,6,always remote-sim,remote-sim,-0.2102458913914286,0,0
12,31,6,always local-sim,local-sim,-0.10737188945674604,0,0
12,31,6,always fallback,fallback,-0.20759460840518618,0,0
12,31,7,P1,local-sim,-0.11504872510167392,0,0
12,31,7,utility-only,local-sim,-0.11504872510167392,0,0
12,31,7,logged-IPW,local-sim,-0.11504872510167392,0,0
12,31,7,LinUCB,local-sim,-0.11504872510167392,0,0
12,31,7,Pareto,local-sim,-0.11504872510167392,0,0
12,31,7,oracle,local-sim,-0.11504872510167392,0,0
12,31,7,train-selected fixed,local-sim,-0.11504872510167392,0,0
12,31,7,always invoke-QPU,invoke-QPU,-2.2619825294782507,1,0
12,31,7,always remote-sim,remote-sim,-0.32854403679616284,0,0
12,31,7,always local-sim,local-sim,-0.11504872510167392,0,0
12,31,7,always fallback,fallback,-0.18403073413913978,0,0
12,31,8,P1,local-sim,-0.1057641305220967,0,0
12,31,8,utility-only,local-sim,-0.1057641305220967,0,0
12,31,8,logged-IPW,local-sim,-0.1057641305220967,0,0
12,31,8,LinUCB,remote-sim,-0.17481078351817608,0,0
12,31,8,Pareto,local-sim,-0.1057641305220967,0,0
12,31,8,oracle,local-sim,-0.1057641305220967,0,0
12,31,8,train-selected fixed,local-sim,-0.1057641305220967,0,0
12,31,8,always invoke-QPU,invoke-QPU,-2.161031371433581,1,0
12,31,8,always remote-sim,remote-sim,-0.17481078351817608,0,0
12,31,8,always local-sim,local-sim,-0.1057641305220967,0,0
12,31,8,always fallback,fallback,-0.18688109804060068,0,0
12,31,9,P1,local-sim,-0.11191555791382385,0,0
12,31,9,utility-only,local-sim,-0.11191555791382385,0,0
12,31,9,logged-IPW,local-sim,-0.11191555791382385,0,0
12,31,9,LinUCB,local-sim,-0.11191555791382385,0,0
12,31,9,Pareto,local-sim,-0.11191555791382385,0,0
12,31,9,oracle,local-sim,-0.11191555791382385,0,0
12,31,9,train-selected fixed,local-sim,-0.11191555791382385,0,0
12,31,9,always invoke-QPU,invoke-QPU,-0.30623058448806034,0,0
12,31,9,always remote-sim,remote-sim,-3.522236536803167,0,0
12,31,9,always local-sim,local-sim,-0.11191555791382385,0,0
12,31,9,always fallback,fallback,-0.2163306730538326,0,0
12,31,10,P1,local-sim,-0.1039425479706345,0,0
12,31,10,utility-only,local-sim,-0.1039425479706345,0,0
12,31,10,logged-IPW,local-sim,-0.1039425479706345,0,0
12,31,10,LinUCB,local-sim,-0.1039425479706345,0,0
12,31,10,Pareto,local-sim,-0.1039425479706345,0,0
12,31,10,oracle,local-sim,-0.1039425479706345,0,0
12,31,10,train-selected fixed,local-sim,-0.1039425479706345,0,0
12,31,10,always invoke-QPU,invoke-QPU,-2.1553090315504964,1,0
12,31,10,always remote-sim,remote-sim,-0.15049008728139113,0,0
12,31,10,always local-sim,local-sim,-0.1039425479706345,0,0
12,31,10,always fallback,fallback,-0.21206657862409972,0,0
12,31,11,P1,local-sim,-0.10765302220721096,0,0
12,31,11,utility-only,local-sim,-0.10765302220721096,0,0
12,31,11,logged-IPW,local-sim,-0.10765302220721096,0,0
12,31,11,LinUCB,local-sim,-0.10765302220721096,0,0
12,31,11,Pareto,local-sim,-0.10765302220721096,0,0
12,31,11,oracle,local-sim,-0.10765302220721096,0,0
12,31,11,train-selected fixed,local-sim,-0.10765302220721096,0,0
12,31,11,always invoke-QPU,invoke-QPU,-2.1874430951762234,1,0
12,31,11,always remote-sim,remote-sim,-0.34629604496248717,0,0
12,31,11,always local-sim,local-sim,-0.10765302220721096,0,0
12,31,11,always fallback,fallback,-0.21970810587190864,0,0
12,31,12,P1,local-sim,-0.10333705583208033,0,0
12,31,12,utility-only,local-sim,-0.10333705583208033,0,0
12,31,12,logged-IPW,local-sim,-0.10333705583208033,0,0
12,31,12,LinUCB,local-sim,-0.10333705583208033,0,0
12,31,12,Pareto,local-sim,-0.10333705583208033,0,0
12,31,12,oracle,local-sim,-0.10333705583208033,0,0
12,31,12,train-selected fixed,local-sim,-0.10333705583208033,0,0
12,31,12,always invoke-QPU,invoke-QPU,-7.753657365175807,1,1
12,31,12,always remote-sim,remote-sim,-10.882674291986058,1,1
12,31,12,always local-sim,local-sim,-0.10333705583208033,0,0
12,31,12,always fallback,fallback,-0.19368879398857727,0,0
12,31,13,P1,local-sim,-0.09789334753519309,0,0
12,31,13,utility-only,local-sim,-0.09789334753519309,0,0
12,31,13,logged-IPW,local-sim,-0.09789334753519309,0,0
12,31,13,LinUCB,local-sim,-0.09789334753519309,0,0
12,31,13,Pareto,local-sim,-0.09789334753519309,0,0
12,31,13,oracle,local-sim,-0.09789334753519309,0,0
12,31,13,train-selected fixed,local-sim,-0.09789334753519309,0,0
12,31,13,always invoke-QPU,invoke-QPU,-0.13285614868775786,0,0
12,31,13,always remote-sim,remote-sim,-0.28516149528703805,0,0
12,31,13,always local-sim,local-sim,-0.09789334753519309,0,0
12,31,13,always fallback,fallback,-0.1895713185985266,0,0
12,31,14,P1,local-sim,-0.11354688712790602,0,0
12,31,14,utility-only,local-sim,-0.11354688712790602,0,0
12,31,14,logged-IPW,local-sim,-0.11354688712790602,0,0
12,31,14,LinUCB,local-sim,-0.11354688712790602,0,0
12,31,14,Pareto,local-sim,-0.11354688712790602,0,0
12,31,14,oracle,local-sim,-0.11354688712790602,0,0
12,31,14,train-selected fixed,local-sim,-0.11354688712790602,0,0
12,31,14,always invoke-QPU,invoke-QPU,-0.1675925799123284,0,0
12,31,14,always remote-sim,remote-sim,-0.32056798727495994,0,0
12,31,14,always local-sim,local-sim,-0.11354688712790602,0,0
12,31,14,always fallback,fallback,-0.21141844192855797,0,0
12,31,15,P1,local-sim,-0.10755020479152866,0,0
12,31,15,utility-only,local-sim,-0.10755020479152866,0,0
12,31,15,logged-IPW,local-sim,-0.10755020479152866,0,0
12,31,15,LinUCB,local-sim,-0.10755020479152866,0,0
12,31,15,Pareto,local-sim,-0.10755020479152866,0,0
12,31,15,oracle,local-sim,-0.10755020479152866,0,0
12,31,15,train-selected fixed,local-sim,-0.10755020479152866,0,0
12,31,15,always invoke-QPU,invoke-QPU,-7.164066136742524,1,1
12,31,15,always remote-sim,remote-sim,-8.755170258472555,0,1
12,31,15,always local-sim,local-sim,-0.10755020479152866,0,0
12,31,15,always fallback,fallback,-0.20692044982315314,0,0
12,31,16,P1,local-sim,-0.10980233292595427,0,0
12,31,16,utility-only,local-sim,-0.10980233292595427,0,0
12,31,16,logged-IPW,local-sim,-0.10980233292595427,0,0
12,31,16,LinUCB,local-sim,-0.10980233292595427,0,0
12,31,16,Pareto,local-sim,-0.10980233292595427,0,0
12,31,16,oracle,local-sim,-0.10980233292595427,0,0
12,31,16,train-selected fixed,local-sim,-0.10980233292595427,0,0
12,31,16,always invoke-QPU,invoke-QPU,-5.139223824791911,0,1
12,31,16,always remote-sim,remote-sim,-0.16996559822667767,0,0
12,31,16,always local-sim,local-sim,-0.10980233292595427,0,0
12,31,16,always fallback,fallback,-0.1988773416660894,0,0
12,31,17,P1,local-sim,-0.09719313629890607,0,0
12,31,17,utility-only,local-sim,-0.09719313629890607,0,0
12,31,17,logged-IPW,local-sim,-0.09719313629890607,0,0
12,31,17,LinUCB,local-sim,-0.09719313629890607,0,0
12,31,17,Pareto,local-sim,-0.09719313629890607,0,0
12,31,17,oracle,local-sim,-0.09719313629890607,0,0
12,31,17,train-selected fixed,local-sim,-0.09719313629890607,0,0
12,31,17,always invoke-QPU,invoke-QPU,-7.431692267648189,1,1
12,31,17,always remote-sim,remote-sim,-14.308563919846131,1,0
12,31,17,always local-sim,local-sim,-0.09719313629890607,0,0
12,31,17,always fallback,fallback,-0.20732893231723318,0,0
12,31,18,P1,local-sim,-0.10892588086530178,0,0
12,31,18,utility-only,local-sim,-0.10892588086530178,0,0
12,31,18,logged-IPW,local-sim,-0.10892588086530178,0,0
12,31,18,LinUCB,invoke-QPU,-0.18000503749314317,0,0
12,31,18,Pareto,local-sim,-0.10892588086530178,0,0
12,31,18,oracle,local-sim,-0.10892588086530178,0,0
12,31,18,train-selected fixed,local-sim,-0.10892588086530178,0,0
12,31,18,always invoke-QPU,invoke-QPU,-0.18000503749314317,0,0
12,31,18,always remote-sim,remote-sim,-0.22404077885058865,0,0
12,31,18,always local-sim,local-sim,-0.10892588086530178,0,0
12,31,18,always fallback,fallback,-0.2013668466184343,0,0
12,31,19,P1,local-sim,-0.11772195820335236,0,0
12,31,19,utility-only,local-sim,-0.11772195820335236,0,0
12,31,19,logged-IPW,local-sim,-0.11772195820335236,0,0
12,31,19,LinUCB,local-sim,-0.11772195820335236,0,0
12,31,19,Pareto,local-sim,-0.11772195820335236,0,0
12,31,19,oracle,local-sim,-0.11772195820335236,0,0
12,31,19,train-selected fixed,local-sim,-0.11772195820335236,0,0
12,31,19,always invoke-QPU,invoke-QPU,-0.18211688452266767,0,0
12,31,19,always remote-sim,remote-sim,-0.16542460100498535,0,0
12,31,19,always local-sim,local-sim,-0.11772195820335236,0,0
12,31,19,always fallback,fallback,-0.22258999385854966,0,0
12,31,20,P1,local-sim,-0.10675074483677174,0,0
12,31,20,utility-only,local-sim,-0.10675074483677174,0,0
12,31,20,logged-IPW,local-sim,-0.10675074483677174,0,0
12,31,20,LinUCB,remote-sim,-0.15921920692705743,0,0
12,31,20,Pareto,local-sim,-0.10675074483677174,0,0
12,31,20,oracle,local-sim,-0.10675074483677174,0,0
12,31,20,train-selected fixed,local-sim,-0.10675074483677174,0,0
12,31,20,always invoke-QPU,invoke-QPU,-0.14138457336301424,0,0
12,31,20,always remote-sim,remote-sim,-0.15921920692705743,0,0
12,31,20,always local-sim,local-sim,-0.10675074483677174,0,0
12,31,20,always fallback,fallback,-0.18713811057542393,0,0
12,31,21,P1,local-sim,-0.11632820553743993,0,0
12,31,21,utility-only,local-sim,-0.11632820553743993,0,0
12,31,21,logged-IPW,local-sim,-0.11632820553743993,0,0
12,31,21,LinUCB,local-sim,-0.11632820553743993,0,0
12,31,21,Pareto,local-sim,-0.11632820553743993,0,0
12,31,21,oracle,local-sim,-0.11632820553743993,0,0
12,31,21,train-selected fixed,local-sim,-0.11632820553743993,0,0
12,31,21,always invoke-QPU,invoke-QPU,-0.17012374241300288,0,0
12,31,21,always remote-sim,remote-sim,-0.12146677729240526,0,0
12,31,21,always local-sim,local-sim,-0.11632820553743993,0,0
12,31,21,always fallback,fallback,-0.22160558273585526,0,0
12,31,22,P1,local-sim,-0.10417757464149044,0,0
12,31,22,utility-only,local-sim,-0.10417757464149044,0,0
12,31,22,logged-IPW,local-sim,-0.10417757464149044,0,0
12,31,22,LinUCB,local-sim,-0.10417757464149044,0,0
12,31,22,Pareto,local-sim,-0.10417757464149044,0,0
12,31,22,oracle,local-sim,-0.10417757464149044,0,0
12,31,22,train-selected fixed,local-sim,-0.10417757464149044,0,0
12,31,22,always invoke-QPU,invoke-QPU,-0.14944080236051818,0,0
12,31,22,always remote-sim,remote-sim,-0.17296606781470922,0,0
12,31,22,always local-sim,local-sim,-0.10417757464149044,0,0
12,31,22,always fallback,fallback,-0.2037702471160769,0,0
12,31,23,P1,local-sim,-0.10087548839790884,0,0
12,31,23,utility-only,local-sim,-0.10087548839790884,0,0
12,31,23,logged-IPW,local-sim,-0.10087548839790884,0,0
12,31,23,LinUCB,remote-sim,-0.16177701945034842,0,0
12,31,23,Pareto,local-sim,-0.10087548839790884,0,0
12,31,23,oracle,local-sim,-0.10087548839790884,0,0
12,31,23,train-selected fixed,local-sim,-0.10087548839790884,0,0
12,31,23,always invoke-QPU,invoke-QPU,-0.12125735562544633,0,0
12,31,23,always remote-sim,remote-sim,-0.16177701945034842,0,0
12,31,23,always local-sim,local-sim,-0.10087548839790884,0,0
12,31,23,always fallback,fallback,-0.20246959671214992,0,0
12,31,24,P1,local-sim,-0.11824158678360724,0,0
12,31,24,utility-only,local-sim,-0.11824158678360724,0,0
12,31,24,logged-IPW,local-sim,-0.11824158678360724,0,0
12,31,24,LinUCB,local-sim,-0.11824158678360724,0,0
12,31,24,Pareto,local-sim,-0.11824158678360724,0,0
12,31,24,oracle,local-sim,-0.11824158678360724,0,0
12,31,24,train-selected fixed,local-sim,-0.11824158678360724,0,0
12,31,24,always invoke-QPU,invoke-QPU,-0.15997418983072859,0,0
12,31,24,always remote-sim,remote-sim,-0.2265747448037571,0,0
12,31,24,always local-sim,local-sim,-0.11824158678360724,0,0
12,31,24,always fallback,fallback,-0.21777898402538115,0,0
12,31,25,P1,local-sim,-0.10919057096616853,0,0
12,31,25,utility-only,local-sim,-0.10919057096616853,0,0
12,31,25,logged-IPW,local-sim,-0.10919057096616853,0,0
12,31,25,LinUCB,local-sim,-0.10919057096616853,0,0
12,31,25,Pareto,local-sim,-0.10919057096616853,0,0
12,31,25,oracle,local-sim,-0.10919057096616853,0,0
12,31,25,train-selected fixed,local-sim,-0.10919057096616853,0,0
12,31,25,always invoke-QPU,invoke-QPU,-7.368553361947026,1,1
12,31,25,always remote-sim,remote-sim,-10.328769983454867,1,1
12,31,25,always local-sim,local-sim,-0.10919057096616853,0,0
12,31,25,always fallback,fallback,-0.1891747416440299,0,0
12,31,26,P1,local-sim,-0.10457265093964803,0,0
12,31,26,utility-only,local-sim,-0.10457265093964803,0,0
12,31,26,logged-IPW,local-sim,-0.10457265093964803,0,0
12,31,26,LinUCB,local-sim,-0.10457265093964803,0,0
12,31,26,Pareto,local-sim,-0.10457265093964803,0,0
12,31,26,oracle,local-sim,-0.10457265093964803,0,0
12,31,26,train-selected fixed,local-sim,-0.10457265093964803,0,0
12,31,26,always invoke-QPU,invoke-QPU,-0.14877954052076064,0,0
12,31,26,always remote-sim,remote-sim,-0.23489989636762476,0,0
12,31,26,always local-sim,local-sim,-0.10457265093964803,0,0
12,31,26,always fallback,fallback,-0.18694389909092604,0,0
12,31,27,P1,local-sim,-0.09595996268996666,0,0
12,31,27,utility-only,local-sim,-0.09595996268996666,0,0
12,31,27,logged-IPW,local-sim,-0.09595996268996666,0,0
12,31,27,LinUCB,local-sim,-0.09595996268996666,0,0
12,31,27,Pareto,local-sim,-0.09595996268996666,0,0
12,31,27,oracle,local-sim,-0.09595996268996666,0,0
12,31,27,train-selected fixed,local-sim,-0.09595996268996666,0,0
12,31,27,always invoke-QPU,invoke-QPU,-0.18425377543129623,0,0
12,31,27,always remote-sim,remote-sim,-0.11652498549984651,0,0
12,31,27,always local-sim,local-sim,-0.09595996268996666,0,0
12,31,27,always fallback,fallback,-0.20167064742748003,0,0
12,31,28,P1,local-sim,-0.10993023274499084,0,0
12,31,28,utility-only,local-sim,-0.10993023274499084,0,0
12,31,28,logged-IPW,local-sim,-0.10993023274499084,0,0
12,31,28,LinUCB,remote-sim,-0.1710748396528657,0,0
12,31,28,Pareto,local-sim,-0.10993023274499084,0,0
12,31,28,oracle,local-sim,-0.10993023274499084,0,0
12,31,28,train-selected fixed,local-sim,-0.10993023274499084,0,0
12,31,28,always invoke-QPU,invoke-QPU,-0.1638578842129837,0,0
12,31,28,always remote-sim,remote-sim,-0.1710748396528657,0,0
12,31,28,always local-sim,local-sim,-0.10993023274499084,0,0
12,31,28,always fallback,fallback,-0.20576638366490466,0,0
12,31,29,P1,local-sim,-0.11407788917941292,0,0
12,31,29,utility-only,local-sim,-0.11407788917941292,0,0
12,31,29,logged-IPW,local-sim,-0.11407788917941292,0,0
12,31,29,LinUCB,local-sim,-0.11407788917941292,0,0
12,31,29,Pareto,local-sim,-0.11407788917941292,0,0
12,31,29,oracle,local-sim,-0.11407788917941292,0,0
12,31,29,train-selected fixed,local-sim,-0.11407788917941292,0,0
12,31,29,always invoke-QPU,invoke-QPU,-7.516951427242526,1,1
12,31,29,always remote-sim,remote-sim,-12.809545941383956,1,1
12,31,29,always local-sim,local-sim,-0.11407788917941292,0,0
12,31,29,always fallback,fallback,-0.20350944034001436,0,0
20,8,0,P1,invoke-QPU,-0.13703176131694395,0,0
20,8,0,utility-only,invoke-QPU,-0.13703176131694395,0,0
20,8,0,logged-IPW,invoke-QPU,-0.13703176131694395,0,0
20,8,0,LinUCB,fallback,-0.20786360483224073,0,0
20,8,0,Pareto,remote-sim,-0.20848336567021544,0,0
20,8,0,oracle,invoke-QPU,-0.13703176131694395,0,0
20,8,0,train-selected fixed,fallback,-0.20786360483224073,0,0
20,8,0,always invoke-QPU,invoke-QPU,-0.13703176131694395,0,0
20,8,0,always remote-sim,remote-sim,-0.20848336567021544,0,0
20,8,0,always local-sim,local-sim,-6.848518563494608,1,0
20,8,0,always fallback,fallback,-0.20786360483224073,0,0
20,8,1,P1,invoke-QPU,-0.17711273378486841,0,0
20,8,1,utility-only,invoke-QPU,-0.17711273378486841,0,0
20,8,1,logged-IPW,fallback,-0.21319010788226306,0,0
20,8,1,LinUCB,fallback,-0.21319010788226306,0,0
20,8,1,Pareto,remote-sim,-0.2194532608829422,0,0
20,8,1,oracle,invoke-QPU,-0.17711273378486841,0,0
20,8,1,train-selected fixed,fallback,-0.21319010788226306,0,0
20,8,1,always invoke-QPU,invoke-QPU,-0.17711273378486841,0,0
20,8,1,always remote-sim,remote-sim,-0.2194532608829422,0,0
20,8,1,always local-sim,local-sim,-8.112240909913632,1,0
20,8,1,always fallback,fallback,-0.21319010788226306,0,0
20,8,2,P1,fallback,-0.19160933536710104,0,0
20,8,2,utility-only,fallback,-0.19160933536710104,0,0
20,8,2,logged-IPW,fallback,-0.19160933536710104,0,0
20,8,2,LinUCB,fallback,-0.19160933536710104,0,0
20,8,2,Pareto,fallback,-0.19160933536710104,0,0
20,8,2,oracle,fallback,-0.19160933536710104,0,0
20,8,2,train-selected fixed,fallback,-0.19160933536710104,0,0
20,8,2,always invoke-QPU,invoke-QPU,-2.501189408009075,1,0
20,8,2,always remote-sim,remote-sim,-11.643564285643295,1,0
20,8,2,always local-sim,local-sim,-5.753019183951015,1,0
20,8,2,always fallback,fallback,-0.19160933536710104,0,0
20,8,3,P1,fallback,-0.21217099070528975,0,0
20,8,3,utility-only,fallback,-0.21217099070528975,0,0
20,8,3,logged-IPW,fallback,-0.21217099070528975,0,0
20,8,3,LinUCB,fallback,-0.21217099070528975,0,0
20,8,3,Pareto,remote-sim,-0.27195390966964894,0,0
20,8,3,oracle,fallback,-0.21217099070528975,0,0
20,8,3,train-selected fixed,fallback,-0.21217099070528975,0,0
20,8,3,always invoke-QPU,invoke-QPU,-0.22533822972821754,0,0
20,8,3,always remote-sim,remote-sim,-0.27195390966964894,0,0
20,8,3,always local-sim,local-sim,-5.911908616603924,1,0
20,8,3,always fallback,fallback,-0.21217099070528975,0,0
20,8,4,P1,invoke-QPU,-0.1338579091652824,0,0
20,8,4,utility-only,invoke-QPU,-0.1338579091652824,0,0
20,8,4,logged-IPW,fallback,-0.1924985971853875,0,0
20,8,4,LinUCB,remote-sim,-0.20827903817857868,0,0
20,8,4,Pareto,remote-sim,-0.20827903817857868,0,0
20,8,4,oracle,invoke-QPU,-0.1338579091652824,0,0
20,8,4,train-selected fixed,fallback,-0.1924985971853875,0,0
20,8,4,always invoke-QPU,invoke-QPU,-0.1338579091652824,0,0
20,8,4,always remote-sim,remote-sim,-0.20827903817857868,0,0
20,8,4,always local-sim,local-sim,-7.59042901607572,1,0
20,8,4,always fallback,fallback,-0.1924985971853875,0,0
20,8,5,P1,fallback,-0.20350194595496401,0,0
20,8,5,utility-only,fallback,-0.20350194595496401,0,0
20,8,5,logged-IPW,fallback,-0.20350194595496401,0,0
20,8,5,LinUCB,fallback,-0.20350194595496401,0,0
20,8,5,Pareto,fallback,-0.20350194595496401,0,0
20,8,5,oracle,fallback,-0.20350194595496401,0,0
20,8,5,train-selected fixed,fallback,-0.20350194595496401,0,0
20,8,5,always invoke-QPU,invoke-QPU,-7.630022228050894,1,1
20,8,5,always remote-sim,remote-sim,-11.57015806803763,1,1
20,8,5,always local-sim,local-sim,-8.956959504635865,1,0
20,8,5,always fallback,fallback,-0.20350194595496401,0,0
20,8,6,P1,invoke-QPU,-0.12369124399310172,0,0
20,8,6,utility-only,invoke-QPU,-0.12369124399310172,0,0
20,8,6,logged-IPW,fallback,-0.22116208284591027,0,0
20,8,6,LinUCB,fallback,-0.22116208284591027,0,0
20,8,6,Pareto,remote-sim,-0.16390342673814154,0,0
20,8,6,oracle,invoke-QPU,-0.12369124399310172,0,0
20,8,6,train-selected fixed,fallback,-0.22116208284591027,0,0
20,8,6,always invoke-QPU,invoke-QPU,-0.12369124399310172,0,0
20,8,6,always remote-sim,remote-sim,-0.16390342673814154,0,0
20,8,6,always local-sim,local-sim,-5.788524602308794,1,0
20,8,6,always fallback,fallback,-0.22116208284591027,0,0
20,8,7,P1,remote-sim,-0.13375695686812616,0,0
20,8,7,utility-only,remote-sim,-0.13375695686812616,0,0
20,8,7,logged-IPW,fallback,-0.20154686792765736,0,0
20,8,7,LinUCB,fallback,-0.20154686792765736,0,0
20,8,7,Pareto,remote-sim,-0.13375695686812616,0,0
20,8,7,oracle,remote-sim,-0.13375695686812616,0,0
20,8,7,train-selected fixed,fallback,-0.20154686792765736,0,0
20,8,7,always invoke-QPU,invoke-QPU,-2.1796564273706287,1,0
20,8,7,always remote-sim,remote-sim,-0.13375695686812616,0,0
20,8,7,always local-sim,local-sim,-8.327941521343039,1,0
20,8,7,always fallback,fallback,-0.20154686792765736,0,0
20,8,8,P1,invoke-QPU,-0.1525073126867159,0,0
20,8,8,utility-only,invoke-QPU,-0.1525073126867159,0,0
20,8,8,logged-IPW,fallback,-0.21554506860802222,0,0
20,8,8,LinUCB,fallback,-0.21554506860802222,0,0
20,8,8,Pareto,remote-sim,-0.24003185730128626,0,0
20,8,8,oracle,invoke-QPU,-0.1525073126867159,0,0
20,8,8,train-selected fixed,fallback,-0.21554506860802222,0,0
20,8,8,always invoke-QPU,invoke-QPU,-0.1525073126867159,0,0
20,8,8,always remote-sim,remote-sim,-0.24003185730128626,0,0
20,8,8,always local-sim,local-sim,-6.963072453244532,1,0
20,8,8,always fallback,fallback,-0.21554506860802222,0,0
20,8,9,P1,invoke-QPU,-0.1405569992130646,0,0
20,8,9,utility-only,invoke-QPU,-0.1405569992130646,0,0
20,8,9,logged-IPW,fallback,-0.2027273717218229,0,0
20,8,9,LinUCB,remote-sim,-0.24879656280628004,0,0
20,8,9,Pareto,remote-sim,-0.24879656280628004,0,0
20,8,9,oracle,invoke-QPU,-0.1405569992130646,0,0
20,8,9,train-selected fixed,fallback,-0.2027273717218229,0,0
20,8,9,always invoke-QPU,invoke-QPU,-0.1405569992130646,0,0
20,8,9,always remote-sim,remote-sim,-0.24879656280628004,0,0
20,8,9,always local-sim,local-sim,-5.689525219290696,1,0
20,8,9,always fallback,fallback,-0.2027273717218229,0,0
20,8,10,P1,fallback,-0.19659564724389555,0,0
20,8,10,utility-only,fallback,-0.19659564724389555,0,0
20,8,10,logged-IPW,fallback,-0.19659564724389555,0,0
20,8,10,LinUCB,fallback,-0.19659564724389555,0,0
20,8,10,Pareto,remote-sim,-0.2872976507367257,0,0
20,8,10,oracle,fallback,-0.19659564724389555,0,0
20,8,10,train-selected fixed,fallback,-0.19659564724389555,0,0
20,8,10,always invoke-QPU,invoke-QPU,-0.24974062948532622,0,0
20,8,10,always remote-sim,remote-sim,-0.2872976507367257,0,0
20,8,10,always local-sim,local-sim,-8.877326394035002,1,0
20,8,10,always fallback,fallback,-0.19659564724389555,0,0
20,8,11,P1,invoke-QPU,-0.16894452492641,0,0
20,8,11,utility-only,invoke-QPU,-0.16894452492641,0,0
20,8,11,logged-IPW,fallback,-0.20313688298972177,0,0
20,8,11,LinUCB,remote-sim,-0.15510005213659922,0,0
20,8,11,Pareto,remote-sim,-0.15510005213659922,0,0
20,8,11,oracle,remote-sim,-0.15510005213659922,0,0
20,8,11,train-selected fixed,fallback,-0.20313688298972177,0,0
20,8,11,always invoke-QPU,invoke-QPU,-0.16894452492641,0,0
20,8,11,always remote-sim,remote-sim,-0.15510005213659922,0,0
20,8,11,always local-sim,local-sim,-7.422670019201378,1,0
20,8,11,always fallback,fallback,-0.20313688298972177,0,0
20,8,12,P1,fallback,-0.20970110430032904,0,0
20,8,12,utility-only,fallback,-0.20970110430032904,0,0
20,8,12,logged-IPW,fallback,-0.20970110430032904,0,0
20,8,12,LinUCB,fallback,-0.20970110430032904,0,0
20,8,12,Pareto,remote-sim,-0.4182156783218206,0,0
20,8,12,oracle,fallback,-0.20970110430032904,0,0
20,8,12,train-selected fixed,fallback,-0.20970110430032904,0,0
20,8,12,always invoke-QPU,invoke-QPU,-2.2009215250620375,1,0
20,8,12,always remote-sim,remote-sim,-0.4182156783218206,0,0
20,8,12,always local-sim,local-sim,-7.2109038764878886,1,0
20,8,12,always fallback,fallback,-0.20970110430032904,0,0
20,8,13,P1,remote-sim,-0.16805018055473087,0,0
20,8,13,utility-only,remote-sim,-0.16805018055473087,0,0
20,8,13,logged-IPW,fallback,-0.1794466660942706,0,0
20,8,13,LinUCB,remote-sim,-0.16805018055473087,0,0
20,8,13,Pareto,remote-sim,-0.16805018055473087,0,0
20,8,13,oracle,invoke-QPU,-0.16425492728434032,0,0
20,8,13,train-selected fixed,fallback,-0.1794466660942706,0,0
20,8,13,always invoke-QPU,invoke-QPU,-0.16425492728434032,0,0
20,8,13,always remote-sim,remote-sim,-0.16805018055473087,0,0
20,8,13,always local-sim,local-sim,-9.019999570632624,1,0
20,8,13,always fallback,fallback,-0.1794466660942706,0,0
20,8,14,P1,fallback,-0.19665477443856633,0,0
20,8,14,utility-only,fallback,-0.19665477443856633,0,0
20,8,14,logged-IPW,fallback,-0.19665477443856633,0,0
20,8,14,LinUCB,fallback,-0.19665477443856633,0,0
20,8,14,Pareto,remote-sim,-0.23450073362879537,0,0
20,8,14,oracle,fallback,-0.19665477443856633,0,0
20,8,14,train-selected fixed,fallback,-0.19665477443856633,0,0
20,8,14,always invoke-QPU,invoke-QPU,-2.204820874351042,1,0
20,8,14,always remote-sim,remote-sim,-0.23450073362879537,0,0
20,8,14,always local-sim,local-sim,-7.966747685748517,1,0
20,8,14,always fallback,fallback,-0.19665477443856633,0,0
20,8,15,P1,fallback,-0.18885174637123475,0,0
20,8,15,utility-only,fallback,-0.18885174637123475,0,0
20,8,15,logged-IPW,remote-sim,-0.2136298043378042,0,0
20,8,15,LinUCB,remote-sim,-0.2136298043378042,0,0
20,8,15,Pareto,remote-sim,-0.2136298043378042,0,0
20,8,15,oracle,fallback,-0.18885174637123475,0,0
20,8,15,train-selected fixed,fallback,-0.18885174637123475,0,0
20,8,15,always invoke-QPU,invoke-QPU,-0.20910641960921872,0,0
20,8,15,always remote-sim,remote-sim,-0.2136298043378042,0,0
20,8,15,always local-sim,local-sim,-8.651799442766418,1,0
20,8,15,always fallback,fallback,-0.18885174637123475,0,0
20,8,16,P1,fallback,-0.2168108281491394,0,0
20,8,16,utility-only,fallback,-0.2168108281491394,0,0
20,8,16,logged-IPW,fallback,-0.2168108281491394,0,0
20,8,16,LinUCB,invoke-QPU,-0.20570769238868614,0,0
20,8,16,Pareto,remote-sim,-0.3336294917458497,0,0
20,8,16,oracle,invoke-QPU,-0.20570769238868614,0,0
20,8,16,train-selected fixed,fallback,-0.2168108281491394,0,0
20,8,16,always invoke-QPU,invoke-QPU,-0.20570769238868614,0,0
20,8,16,always remote-sim,remote-sim,-0.3336294917458497,0,0
20,8,16,always local-sim,local-sim,-8.674861632476718,1,0
20,8,16,always fallback,fallback,-0.2168108281491394,0,0
20,8,17,P1,invoke-QPU,-0.12222413058133022,0,0
20,8,17,utility-only,invoke-QPU,-0.12222413058133022,0,0
20,8,17,logged-IPW,invoke-QPU,-0.12222413058133022,0,0
20,8,17,LinUCB,invoke-QPU,-0.12222413058133022,0,0
20,8,17,Pareto,remote-sim,-0.19771471503194119,0,0
20,8,17,oracle,invoke-QPU,-0.12222413058133022,0,0
20,8,17,train-selected fixed,fallback,-0.19656446453815105,0,0
20,8,17,always invoke-QPU,invoke-QPU,-0.12222413058133022,0,0
20,8,17,always remote-sim,remote-sim,-0.19771471503194119,0,0
20,8,17,always local-sim,local-sim,-5.807285412090034,1,0
20,8,17,always fallback,fallback,-0.19656446453815105,0,0
20,8,18,P1,fallback,-0.20506019366177058,0,0
20,8,18,utility-only,fallback,-0.20506019366177058,0,0
20,8,18,logged-IPW,fallback,-0.20506019366177058,0,0
20,8,18,LinUCB,fallback,-0.20506019366177058,0,0
20,8,18,Pareto,remote-sim,-0.28926669013867673,0,0
20,8,18,oracle,fallback,-0.20506019366177058,0,0
20,8,18,train-selected fixed,fallback,-0.20506019366177058,0,0
20,8,18,always invoke-QPU,invoke-QPU,-2.2465791896529046,1,0
20,8,18,always remote-sim,remote-sim,-0.28926669013867673,0,0
20,8,18,always local-sim,local-sim,-8.129575788417487,1,0
20,8,18,always fallback,fallback,-0.20506019366177058,0,0
20,8,19,P1,fallback,-0.19261978527317805,0,0
20,8,19,utility-only,fallback,-0.19261978527317805,0,0
20,8,19,logged-IPW,remote-sim,-0.2576224189754518,0,0
20,8,19,LinUCB,fallback,-0.19261978527317805,0,0
20,8,19,Pareto,remote-sim,-0.2576224189754518,0,0
20,8,19,oracle,invoke-QPU,-0.17809889634417447,0,0
20,8,19,train-selected fixed,fallback,-0.19261978527317805,0,0
20,8,19,always invoke-QPU,invoke-QPU,-0.17809889634417447,0,0
20,8,19,always remote-sim,remote-sim,-0.2576224189754518,0,0
20,8,19,always local-sim,local-sim,-8.51630649929172,1,0
20,8,19,always fallback,fallback,-0.19261978527317805,0,0
20,8,20,P1,remote-sim,-0.2063404473179467,0,0
20,8,20,utility-only,remote-sim,-0.2063404473179467,0,0
20,8,20,logged-IPW,fallback,-0.22769381341166306,0,0
20,8,20,LinUCB,fallback,-0.22769381341166306,0,0
20,8,20,Pareto,remote-sim,-0.2063404473179467,0,0
20,8,20,oracle,remote-sim,-0.2063404473179467,0,0
20,8,20,train-selected fixed,fallback,-0.22769381341166306,0,0
20,8,20,always invoke-QPU,invoke-QPU,-0.22067051590573578,0,0
20,8,20,always remote-sim,remote-sim,-0.2063404473179467,0,0
20,8,20,always local-sim,local-sim,-7.945207311662067,1,0
20,8,20,always fallback,fallback,-0.22769381341166306,0,0
20,8,21,P1,invoke-QPU,-0.12977314468019518,0,0
20,8,21,utility-only,invoke-QPU,-0.12977314468019518,0,0
20,8,21,logged-IPW,invoke-QPU,-0.12977314468019518,0,0
20,8,21,LinUCB,fallback,-0.21532288293618437,0,0
20,8,21,Pareto,remote-sim,-0.19286323495599234,0,0
20,8,21,oracle,invoke-QPU,-0.12977314468019518,0,0
20,8,21,train-selected fixed,fallback,-0.21532288293618437,0,0
20,8,21,always invoke-QPU,invoke-QPU,-0.12977314468019518,0,0
20,8,21,always remote-sim,remote-sim,-0.19286323495599234,0,0
20,8,21,always local-sim,local-sim,-5.912435708123155,1,0
20,8,21,always fallback,fallback,-0.21532288293618437,0,0
20,8,22,P1,invoke-QPU,-0.14735952903295896,0,0
20,8,22,utility-only,invoke-QPU,-0.14735952903295896,0,0
20,8,22,logged-IPW,fallback,-0.20341114247434477,0,0
20,8,22,LinUCB,fallback,-0.20341114247434477,0,0
20,8,22,Pareto,remote-sim,-0.19887956741819923,0,0
20,8,22,oracle,invoke-QPU,-0.14735952903295896,0,0
20,8,22,train-selected fixed,fallback,-0.20341114247434477,0,0
20,8,22,always invoke-QPU,invoke-QPU,-0.14735952903295896,0,0
20,8,22,always remote-sim,remote-sim,-0.19887956741819923,0,0
20,8,22,always local-sim,local-sim,-8.578274941452014,1,0
20,8,22,always fallback,fallback,-0.20341114247434477,0,0
20,8,23,P1,remote-sim,-0.14427836360763918,0,0
20,8,23,utility-only,remote-sim,-0.14427836360763918,0,0
20,8,23,logged-IPW,fallback,-0.19646503132024082,0,0
20,8,23,LinUCB,invoke-QPU,-0.26617123379164115,0,0
20,8,23,Pareto,remote-sim,-0.14427836360763918,0,0
20,8,23,oracle,remote-sim,-0.14427836360763918,0,0
20,8,23,train-selected fixed,fallback,-0.19646503132024082,0,0
20,8,23,always invoke-QPU,invoke-QPU,-0.26617123379164115,0,0
20,8,23,always remote-sim,remote-sim,-0.14427836360763918,0,0
20,8,23,always local-sim,local-sim,-7.021424335885032,1,0
20,8,23,always fallback,fallback,-0.19646503132024082,0,0
20,8,24,P1,fallback,-0.21557776070809553,0,0
20,8,24,utility-only,fallback,-0.21557776070809553,0,0
20,8,24,logged-IPW,fallback,-0.21557776070809553,0,0
20,8,24,LinUCB,fallback,-0.21557776070809553,0,0
20,8,24,Pareto,fallback,-0.21557776070809553,0,0
20,8,24,oracle,fallback,-0.21557776070809553,0,0
20,8,24,train-selected fixed,fallback,-0.21557776070809553,0,0
20,8,24,always invoke-QPU,invoke-QPU,-7.529609206142217,1,1
20,8,24,always remote-sim,remote-sim,-10.648758307457296,1,1
20,8,24,always local-sim,local-sim,-9.091462301956406,1,0
20,8,24,always fallback,fallback,-0.21557776070809553,0,0
20,8,25,P1,fallback,-0.2042379782917164,0,0
20,8,25,utility-only,fallback,-0.2042379782917164,0,0
20,8,25,logged-IPW,fallback,-0.2042379782917164,0,0
20,8,25,LinUCB,fallback,-0.2042379782917164,0,0
20,8,25,Pareto,invoke-QPU,-7.457801517650817,1,1
20,8,25,oracle,fallback,-0.2042379782917164,0,0
20,8,25,train-selected fixed,fallback,-0.2042379782917164,0,0
20,8,25,always invoke-QPU,invoke-QPU,-7.457801517650817,1,1
20,8,25,always remote-sim,remote-sim,-6.126084550854497,1,0
20,8,25,always local-sim,local-sim,-7.476454147282774,1,0
20,8,25,always fallback,fallback,-0.2042379782917164,0,0
20,8,26,P1,invoke-QPU,-0.12777751602913268,0,0
20,8,26,utility-only,invoke-QPU,-0.12777751602913268,0,0
20,8,26,logged-IPW,fallback,-0.19392519692745042,0,0
20,8,26,LinUCB,remote-sim,-0.28087640527676216,0,0
20,8,26,Pareto,remote-sim,-0.28087640527676216,0,0
20,8,26,oracle,invoke-QPU,-0.12777751602913268,0,0
20,8,26,train-selected fixed,fallback,-0.19392519692745042,0,0
20,8,26,always invoke-QPU,invoke-QPU,-0.12777751602913268,0,0
20,8,26,always remote-sim,remote-sim,-0.28087640527676216,0,0
20,8,26,always local-sim,local-sim,-6.951500403282466,1,0
20,8,26,always fallback,fallback,-0.19392519692745042,0,0
20,8,27,P1,fallback,-0.18918346410531817,0,0
20,8,27,utility-only,fallback,-0.18918346410531817,0,0
20,8,27,logged-IPW,fallback,-0.18918346410531817,0,0
20,8,27,LinUCB,fallback,-0.18918346410531817,0,0
20,8,27,Pareto,invoke-QPU,-2.3316764901585136,1,0
20,8,27,oracle,fallback,-0.18918346410531817,0,0
20,8,27,train-selected fixed,fallback,-0.18918346410531817,0,0
20,8,27,always invoke-QPU,invoke-QPU,-2.3316764901585136,1,0
20,8,27,always remote-sim,remote-sim,-13.068391570406353,1,1
20,8,27,always local-sim,local-sim,-5.618685268132836,1,0
20,8,27,always fallback,fallback,-0.18918346410531817,0,0
20,8,28,P1,fallback,-0.21543745827517227,0,0
20,8,28,utility-only,fallback,-0.21543745827517227,0,0
20,8,28,logged-IPW,fallback,-0.21543745827517227,0,0
20,8,28,LinUCB,fallback,-0.21543745827517227,0,0
20,8,28,Pareto,invoke-QPU,-2.136895247725825,1,0
20,8,28,oracle,fallback,-0.21543745827517227,0,0
20,8,28,train-selected fixed,fallback,-0.21543745827517227,0,0
20,8,28,always invoke-QPU,invoke-QPU,-2.136895247725825,1,0
20,8,28,always remote-sim,remote-sim,-0.26890850117670706,0,0
20,8,28,always local-sim,local-sim,-5.681428440509264,1,0
20,8,28,always fallback,fallback,-0.21543745827517227,0,0
20,8,29,P1,fallback,-0.198823059660088,0,0
20,8,29,utility-only,fallback,-0.198823059660088,0,0
20,8,29,logged-IPW,fallback,-0.198823059660088,0,0
20,8,29,LinUCB,invoke-QPU,-0.19279338578435495,0,0
20,8,29,Pareto,remote-sim,-0.3388785057373532,0,0
20,8,29,oracle,invoke-QPU,-0.19279338578435495,0,0
20,8,29,train-selected fixed,fallback,-0.198823059660088,0,0
20,8,29,always invoke-QPU,invoke-QPU,-0.19279338578435495,0,0
20,8,29,always remote-sim,remote-sim,-0.3388785057373532,0,0
20,8,29,always local-sim,local-sim,-8.054467300842132,1,0
20,8,29,always fallback,fallback,-0.198823059660088,0,0
20,9,0,P1,fallback,-0.22032011017280284,0,0
20,9,0,utility-only,fallback,-0.22032011017280284,0,0
20,9,0,logged-IPW,fallback,-0.22032011017280284,0,0
20,9,0,LinUCB,fallback,-0.22032011017280284,0,0
20,9,0,Pareto,remote-sim,-0.26894102510569157,0,0
20,9,0,oracle,invoke-QPU,-0.14391285107381563,0,0
20,9,0,train-selected fixed,fallback,-0.22032011017280284,0,0
20,9,0,always invoke-QPU,invoke-QPU,-0.14391285107381563,0,0
20,9,0,always remote-sim,remote-sim,-0.26894102510569157,0,0
20,9,0,always local-sim,local-sim,-6.392766365431397,1,0
20,9,0,always fallback,fallback,-0.22032011017280284,0,0
20,9,1,P1,fallback,-0.20609928996381402,0,0
20,9,1,utility-only,fallback,-0.20609928996381402,0,0
20,9,1,logged-IPW,fallback,-0.20609928996381402,0,0
20,9,1,LinUCB,fallback,-0.20609928996381402,0,0
20,9,1,Pareto,remote-sim,-0.22175025083464975,0,0
20,9,1,oracle,fallback,-0.20609928996381402,0,0
20,9,1,train-selected fixed,fallback,-0.20609928996381402,0,0
20,9,1,always invoke-QPU,invoke-QPU,-2.22800740003444,1,0
20,9,1,always remote-sim,remote-sim,-0.22175025083464975,0,0
20,9,1,always local-sim,local-sim,-8.365952310993793,1,0
20,9,1,always fallback,fallback,-0.20609928996381402,0,0
20,9,2,P1,invoke-QPU,-0.10843795688466612,0,0
20,9,2,utility-only,invoke-QPU,-0.10843795688466612,0,0
20,9,2,logged-IPW,invoke-QPU,-0.10843795688466612,0,0
20,9,2,LinUCB,remote-sim,-0.15614628434999553,0,0
20,9,2,Pareto,remote-sim,-0.15614628434999553,0,0
20,9,2,oracle,invoke-QPU,-0.10843795688466612,0,0
20,9,2,train-selected fixed,fallback,-0.18691414827033284,0,0
20,9,2,always invoke-QPU,invoke-QPU,-0.10843795688466612,0,0
20,9,2,always remote-sim,remote-sim,-0.15614628434999553,0,0
20,9,2,always local-sim,local-sim,-6.017674342370043,1,0
20,9,2,always fallback,fallback,-0.18691414827033284,0,0
20,9,3,P1,invoke-QPU,-0.13841944087913075,0,0
20,9,3,utility-only,invoke-QPU,-0.13841944087913075,0,0
20,9,3,logged-IPW,invoke-QPU,-0.13841944087913075,0,0
20,9,3,LinUCB,fallback,-0.21147717061455548,0,0
20,9,3,Pareto,remote-sim,-0.2140659536785207,0,0
20,9,3,oracle,invoke-QPU,-0.13841944087913075,0,0
20,9,3,train-selected fixed,fallback,-0.21147717061455548,0,0
20,9,3,always invoke-QPU,invoke-QPU,-0.13841944087913075,0,0
20,9,3,always remote-sim,remote-sim,-0.2140659536785207,0,0
20,9,3,always local-sim,local-sim,-6.514114754777783,1,0
20,9,3,always fallback,fallback,-0.21147717061455548,0,0
20,9,4,P1,fallback,-0.19037749949046343,0,0
20,9,4,utility-only,fallback,-0.19037749949046343,0,0
20,9,4,logged-IPW,fallback,-0.19037749949046343,0,0
20,9,4,LinUCB,remote-sim,-0.27590262964473455,0,0
20,9,4,Pareto,remote-sim,-0.27590262964473455,0,0
20,9,4,oracle,invoke-QPU,-0.13958201150379254,0,0
20,9,4,train-selected fixed,fallback,-0.19037749949046343,0,0
20,9,4,always invoke-QPU,invoke-QPU,-0.13958201150379254,0,0
20,9,4,always remote-sim,remote-sim,-0.27590262964473455,0,0
20,9,4,always local-sim,local-sim,-6.946912648621028,1,0
20,9,4,always fallback,fallback,-0.19037749949046343,0,0
20,9,5,P1,remote-sim,-0.13715945566951288,0,0
20,9,5,utility-only,remote-sim,-0.13715945566951288,0,0
20,9,5,logged-IPW,invoke-QPU,-0.16541068960326327,0,0
20,9,5,LinUCB,fallback,-0.19869136326581704,0,0
20,9,5,Pareto,remote-sim,-0.13715945566951288,0,0
20,9,5,oracle,remote-sim,-0.13715945566951288,0,0
20,9,5,train-selected fixed,fallback,-0.19869136326581704,0,0
20,9,5,always invoke-QPU,invoke-QPU,-0.16541068960326327,0,0
20,9,5,always remote-sim,remote-sim,-0.13715945566951288,0,0
20,9,5,always local-sim,local-sim,-7.6802983255784145,1,0
20,9,5,always fallback,fallback,-0.19869136326581704,0,0
20,9,6,P1,invoke-QPU,-0.11252765382692871,0,0
20,9,6,utility-only,invoke-QPU,-0.11252765382692871,0,0
20,9,6,logged-IPW,fallback,-0.20093173231777062,0,0
20,9,6,LinUCB,fallback,-0.20093173231777062,0,0
20,9,6,Pareto,remote-sim,-0.24333379515603304,0,0
20,9,6,oracle,invoke-QPU,-0.11252765382692871,0,0
20,9,6,train-selected fixed,fallback,-0.20093173231777062,0,0
20,9,6,always invoke-QPU,invoke-QPU,-0.11252765382692871,0,0
20,9,6,always remote-sim,remote-sim,-0.24333379515603304,0,0
20,9,6,always local-sim,local-sim,-4.7737863945008,1,0
20,9,6,always fallback,fallback,-0.20093173231777062,0,0
20,9,7,P1,invoke-QPU,-0.11604565356047701,0,0
20,9,7,utility-only,invoke-QPU,-0.11604565356047701,0,0
20,9,7,logged-IPW,fallback,-0.20597607313780233,0,0
20,9,7,LinUCB,invoke-QPU,-0.11604565356047701,0,0
20,9,7,Pareto,remote-sim,-0.29675383207864703,0,0
20,9,7,oracle,invoke-QPU,-0.11604565356047701,0,0
20,9,7,train-selected fixed,fallback,-0.20597607313780233,0,0
20,9,7,always invoke-QPU,invoke-QPU,-0.11604565356047701,0,0
20,9,7,always remote-sim,remote-sim,-0.29675383207864703,0,0
20,9,7,always local-sim,local-sim,-4.653506464228801,1,0
20,9,7,always fallback,fallback,-0.20597607313780233,0,0
20,9,8,P1,invoke-QPU,-0.1300388330528936,0,0
20,9,8,utility-only,invoke-QPU,-0.1300388330528936,0,0
20,9,8,logged-IPW,fallback,-0.20016594920546518,0,0
20,9,8,LinUCB,fallback,-0.20016594920546518,0,0
20,9,8,Pareto,remote-sim,-0.22215378011628437,0,0
20,9,8,oracle,invoke-QPU,-0.1300388330528936,0,0
20,9,8,train-selected fixed,fallback,-0.20016594920546518,0,0
20,9,8,always invoke-QPU,invoke-QPU,-0.1300388330528936,0,0
20,9,8,always remote-sim,remote-sim,-0.22215378011628437,0,0
20,9,8,always local-sim,local-sim,-4.758137899829066,1,0
20,9,8,always fallback,fallback,-0.20016594920546518,0,0
20,9,9,P1,remote-sim,-0.19582410218349533,0,0
20,9,9,utility-only,remote-sim,-0.19582410218349533,0,0
20,9,9,logged-IPW,fallback,-0.22012453336706775,0,0
20,9,9,LinUCB,fallback,-0.22012453336706775,0,0
20,9,9,Pareto,remote-sim,-0.19582410218349533,0,0
20,9,9,oracle,remote-sim,-0.19582410218349533,0,0
20,9,9,train-selected fixed,fallback,-0.22012453336706775,0,0
20,9,9,always invoke-QPU,invoke-QPU,-0.20243131531138692,0,0
20,9,9,always remote-sim,remote-sim,-0.19582410218349533,0,0
20,9,9,always local-sim,local-sim,-9.082646500642639,1,0
20,9,9,always fallback,fallback,-0.22012453336706775,0,0
20,9,10,P1,invoke-QPU,-0.12619602445477981,0,0
20,9,10,utility-only,invoke-QPU,-0.12619602445477981,0,0
20,9,10,logged-IPW,invoke-QPU,-0.12619602445477981,0,0
20,9,10,LinUCB,fallback,-0.20749750843930032,0,0
20,9,10,Pareto,remote-sim,-0.17073104234740216,0,0
20,9,10,oracle,invoke-QPU,-0.12619602445477981,0,0
20,9,10,train-selected fixed,fallback,-0.20749750843930032,0,0
20,9,10,always invoke-QPU,invoke-QPU,-0.12619602445477981,0,0
20,9,10,always remote-sim,remote-sim,-0.17073104234740216,0,0
20,9,10,always local-sim,local-sim,-5.866793679877359,1,0
20,9,10,always fallback,fallback,-0.20749750843930032,0,0
20,9,11,P1,remote-sim,-0.18865816949765574,0,0
20,9,11,utility-only,remote-sim,-0.18865816949765574,0,0
20,9,11,logged-IPW,fallback,-0.19867510062261687,0,0
20,9,11,LinUCB,fallback,-0.19867510062261687,0,0
20,9,11,Pareto,remote-sim,-0.18865816949765574,0,0
20,9,11,oracle,remote-sim,-0.18865816949765574,0,0
20,9,11,train-selected fixed,fallback,-0.19867510062261687,0,0
20,9,11,always invoke-QPU,invoke-QPU,-0.23082310613387075,0,0
20,9,11,always remote-sim,remote-sim,-0.18865816949765574,0,0
20,9,11,always local-sim,local-sim,-9.01161277929518,1,0
20,9,11,always fallback,fallback,-0.19867510062261687,0,0
20,9,12,P1,fallback,-0.1913698633831415,0,0
20,9,12,utility-only,fallback,-0.1913698633831415,0,0
20,9,12,logged-IPW,fallback,-0.1913698633831415,0,0
20,9,12,LinUCB,fallback,-0.1913698633831415,0,0
20,9,12,Pareto,invoke-QPU,-2.1329232455124316,1,0
20,9,12,oracle,fallback,-0.1913698633831415,0,0
20,9,12,train-selected fixed,fallback,-0.1913698633831415,0,0
20,9,12,always invoke-QPU,invoke-QPU,-2.1329232455124316,1,0
20,9,12,always remote-sim,remote-sim,-0.34601382556403065,0,0
20,9,12,always local-sim,local-sim,-4.779928022879521,1,0
20,9,12,always fallback,fallback,-0.1913698633831415,0,0
20,9,13,P1,invoke-QPU,-0.135167191011845,0,0
20,9,13,utility-only,invoke-QPU,-0.135167191011845,0,0
20,9,13,logged-IPW,invoke-QPU,-0.135167191011845,0,0
20,9,13,LinUCB,fallback,-0.20003956619473906,0,0
20,9,13,Pareto,remote-sim,-0.18812708428305658,0,0
20,9,13,oracle,invoke-QPU,-0.135167191011845,0,0
20,9,13,train-selected fixed,fallback,-0.20003956619473906,0,0
20,9,13,always invoke-QPU,invoke-QPU,-0.135167191011845,0,0
20,9,13,always remote-sim,remote-sim,-0.18812708428305658,0,0
20,9,13,always local-sim,local-sim,-5.970777529228178,1,0
20,9,13,always fallback,fallback,-0.20003956619473906,0,0
20,9,14,P1,fallback,-0.21497643557727064,0,0
20,9,14,utility-only,fallback,-0.21497643557727064,0,0
20,9,14,logged-IPW,fallback,-0.21497643557727064,0,0
20,9,14,LinUCB,fallback,-0.21497643557727064,0,0
20,9,14,Pareto,invoke-QPU,-2.380839172845339,1,0
20,9,14,oracle,fallback,-0.21497643557727064,0,0
20,9,14,train-selected fixed,fallback,-0.21497643557727064,0,0
20,9,14,always invoke-QPU,invoke-QPU,-2.380839172845339,1,0
20,9,14,always remote-sim,remote-sim,-4.477501983407106,1,0
20,9,14,always local-sim,local-sim,-8.429291814262438,1,0
20,9,14,always fallback,fallback,-0.21497643557727064,0,0
20,9,15,P1,invoke-QPU,-0.1549050437449535,0,0
20,9,15,utility-only,invoke-QPU,-0.1549050437449535,0,0
20,9,15,logged-IPW,fallback,-0.19374603445989405,0,0
20,9,15,LinUCB,remote-sim,-0.25674039034865137,0,0
20,9,15,Pareto,remote-sim,-0.25674039034865137,0,0
20,9,15,oracle,invoke-QPU,-0.1549050437449535,0,0
20,9,15,train-selected fixed,fallback,-0.19374603445989405,0,0
20,9,15,always invoke-QPU,invoke-QPU,-0.1549050437449535,0,0
20,9,15,always remote-sim,remote-sim,-0.25674039034865137,0,0
20,9,15,always local-sim,local-sim,-9.081143513610897,1,0
20,9,15,always fallback,fallback,-0.19374603445989405,0,0
20,9,16,P1,invoke-QPU,-0.13150823703730452,0,0
20,9,16,utility-only,invoke-QPU,-0.13150823703730452,0,0
20,9,16,logged-IPW,fallback,-0.21881012043364548,0,0
20,9,16,LinUCB,fallback,-0.21881012043364548,0,0
20,9,16,Pareto,remote-sim,-0.2442847611467279,0,0
20,9,16,oracle,invoke-QPU,-0.13150823703730452,0,0
20,9,16,train-selected fixed,fallback,-0.21881012043364548,0,0
20,9,16,always invoke-QPU,invoke-QPU,-0.13150823703730452,0,0
20,9,16,always remote-sim,remote-sim,-0.2442847611467279,0,0
20,9,16,always local-sim,local-sim,-4.7648694208825075,1,0
20,9,16,always fallback,fallback,-0.21881012043364548,0,0
20,9,17,P1,remote-sim,-0.18036196758991496,0,0
20,9,17,utility-only,remote-sim,-0.18036196758991496,0,0
20,9,17,logged-IPW,remote-sim,-0.18036196758991496,0,0
20,9,17,LinUCB,fallback,-0.20046363426401148,0,0
20,9,17,Pareto,remote-sim,-0.18036196758991496,0,0
20,9,17,oracle,invoke-QPU,-0.12062554619358269,0,0
20,9,17,train-selected fixed,fallback,-0.20046363426401148,0,0
20,9,17,always invoke-QPU,invoke-QPU,-0.12062554619358269,0,0
20,9,17,always remote-sim,remote-sim,-0.18036196758991496,0,0
20,9,17,always local-sim,local-sim,-4.7235841961319025,1,0
20,9,17,always fallback,fallback,-0.20046363426401148,0,0
20,9,18,P1,fallback,-0.18799465095112283,0,0
20,9,18,utility-only,fallback,-0.18799465095112283,0,0
20,9,18,logged-IPW,fallback,-0.18799465095112283,0,0
20,9,18,LinUCB,fallback,-0.18799465095112283,0,0
20,9,18,Pareto,fallback,-0.18799465095112283,0,0
20,9,18,oracle,fallback,-0.18799465095112283,0,0
20,9,18,train-selected fixed,fallback,-0.18799465095112283,0,0
20,9,18,always invoke-QPU,invoke-QPU,-8.193980442247916,1,1
20,9,18,always remote-sim,remote-sim,-17.165121743072465,1,1
20,9,18,always local-sim,local-sim,-8.683858026512178,1,0
20,9,18,always fallback,fallback,-0.18799465095112283,0,0
20,9,19,P1,remote-sim,-0.19361921289090908,0,0
20,9,19,utility-only,remote-sim,-0.19361921289090908,0,0
20,9,19,logged-IPW,fallback,-0.20800231101634162,0,0
20,9,19,LinUCB,fallback,-0.20800231101634162,0,0
20,9,19,Pareto,remote-sim,-0.19361921289090908,0,0
20,9,19,oracle,remote-sim,-0.19361921289090908,0,0
20,9,19,train-selected fixed,fallback,-0.20800231101634162,0,0
20,9,19,always invoke-QPU,invoke-QPU,-2.2230901334318607,1,0
20,9,19,always remote-sim,remote-sim,-0.19361921289090908,0,0
20,9,19,always local-sim,local-sim,-5.863419452863875,1,0
20,9,19,always fallback,fallback,-0.20800231101634162,0,0
20,9,20,P1,invoke-QPU,-0.12002563786947272,0,0
20,9,20,utility-only,invoke-QPU,-0.12002563786947272,0,0
20,9,20,logged-IPW,fallback,-0.1974343201437792,0,0
20,9,20,LinUCB,remote-sim,-0.2638474775185954,0,0
20,9,20,Pareto,remote-sim,-0.2638474775185954,0,0
20,9,20,oracle,invoke-QPU,-0.12002563786947272,0,0
20,9,20,train-selected fixed,fallback,-0.1974343201437792,0,0
20,9,20,always invoke-QPU,invoke-QPU,-0.12002563786947272,0,0
20,9,20,always remote-sim,remote-sim,-0.2638474775185954,0,0
20,9,20,always local-sim,local-sim,-5.00685470118102,1,0
20,9,20,always fallback,fallback,-0.1974343201437792,0,0
20,9,21,P1,fallback,-0.1988563334116447,0,0
20,9,21,utility-only,fallback,-0.1988563334116447,0,0
20,9,21,logged-IPW,invoke-QPU,-0.1263299825854554,0,0
20,9,21,LinUCB,invoke-QPU,-0.1263299825854554,0,0
20,9,21,Pareto,remote-sim,-0.21127635947554113,0,0
20,9,21,oracle,invoke-QPU,-0.1263299825854554,0,0
20,9,21,train-selected fixed,fallback,-0.1988563334116447,0,0
20,9,21,always invoke-QPU,invoke-QPU,-0.1263299825854554,0,0
20,9,21,always remote-sim,remote-sim,-0.21127635947554113,0,0
20,9,21,always local-sim,local-sim,-6.317818441943947,1,0
20,9,21,always fallback,fallback,-0.1988563334116447,0,0
20,9,22,P1,fallback,-0.19254819058460235,0,0
20,9,22,utility-only,fallback,-0.19254819058460235,0,0
20,9,22,logged-IPW,fallback,-0.19254819058460235,0,0
20,9,22,LinUCB,fallback,-0.19254819058460235,0,0
20,9,22,Pareto,invoke-QPU,-7.216820862914305,1,1
20,9,22,oracle,fallback,-0.19254819058460235,0,0
20,9,22,train-selected fixed,fallback,-0.19254819058460235,0,0
20,9,22,always invoke-QPU,invoke-QPU,-7.216820862914305,1,1
20,9,22,always remote-sim,remote-sim,-4.907979458477728,1,0
20,9,22,always local-sim,local-sim,-5.631672876284043,1,0
20,9,22,always fallback,fallback,-0.19254819058460235,0,0
20,9,23,P1,fallback,-0.18848117168245665,0,0
20,9,23,utility-only,fallback,-0.18848117168245665,0,0
20,9,23,logged-IPW,fallback,-0.18848117168245665,0,0
20,9,23,LinUCB,fallback,-0.18848117168245665,0,0
20,9,23,Pareto,invoke-QPU,-7.666550904467024,1,1
20,9,23,oracle,fallback,-0.18848117168245665,0,0
20,9,23,train-selected fixed,fallback,-0.18848117168245665,0,0
20,9,23,always invoke-QPU,invoke-QPU,-7.666550904467024,1,1
20,9,23,always remote-sim,remote-sim,-9.567441512950676,1,0
20,9,23,always local-sim,local-sim,-7.328627851932877,1,0
20,9,23,always fallback,fallback,-0.18848117168245665,0,0
20,9,24,P1,fallback,-0.20223635965315803,0,0
20,9,24,utility-only,fallback,-0.20223635965315803,0,0
20,9,24,logged-IPW,fallback,-0.20223635965315803,0,0
20,9,24,LinUCB,fallback,-0.20223635965315803,0,0
20,9,24,Pareto,invoke-QPU,-3.1083902877401304,1,0
20,9,24,oracle,fallback,-0.20223635965315803,0,0
20,9,24,train-selected fixed,fallback,-0.20223635965315803,0,0
20,9,24,always invoke-QPU,invoke-QPU,-3.1083902877401304,1,0
20,9,24,always remote-sim,remote-sim,-10.96645367465141,1,0
20,9,24,always local-sim,local-sim,-8.972200635620014,1,0
20,9,24,always fallback,fallback,-0.20223635965315803,0,0
20,9,25,P1,fallback,-0.18125591349616735,0,0
20,9,25,utility-only,fallback,-0.18125591349616735,0,0
20,9,25,logged-IPW,fallback,-0.18125591349616735,0,0
20,9,25,LinUCB,fallback,-0.18125591349616735,0,0
20,9,25,Pareto,invoke-QPU,-7.16573811601685,1,1
20,9,25,oracle,fallback,-0.18125591349616735,0,0
20,9,25,train-selected fixed,fallback,-0.18125591349616735,0,0
20,9,25,always invoke-QPU,invoke-QPU,-7.16573811601685,1,1
20,9,25,always remote-sim,remote-sim,-10.6077562425589,1,1
20,9,25,always local-sim,local-sim,-4.688609610448163,1,0
20,9,25,always fallback,fallback,-0.18125591349616735,0,0
20,9,26,P1,invoke-QPU,-0.1606481504284369,0,0
20,9,26,utility-only,invoke-QPU,-0.1606481504284369,0,0
20,9,26,logged-IPW,invoke-QPU,-0.1606481504284369,0,0
20,9,26,LinUCB,fallback,-0.20997151578044526,0,0
20,9,26,Pareto,remote-sim,-0.27133629594403197,0,0
20,9,26,oracle,invoke-QPU,-0.1606481504284369,0,0
20,9,26,train-selected fixed,fallback,-0.20997151578044526,0,0
20,9,26,always invoke-QPU,invoke-QPU,-0.1606481504284369,0,0
20,9,26,always remote-sim,remote-sim,-0.27133629594403197,0,0
20,9,26,always local-sim,local-sim,-6.611244592287344,1,0
20,9,26,always fallback,fallback,-0.20997151578044526,0,0
20,9,27,P1,invoke-QPU,-0.18327011286445916,0,0
20,9,27,utility-only,invoke-QPU,-0.18327011286445916,0,0
20,9,27,logged-IPW,fallback,-0.19905011590190205,0,0
20,9,27,LinUCB,fallback,-0.19905011590190205,0,0
20,9,27,Pareto,remote-sim,-0.2641910044149381,0,0
20,9,27,oracle,invoke-QPU,-0.18327011286445916,0,0
20,9,27,train-selected fixed,fallback,-0.19905011590190205,0,0
20,9,27,always invoke-QPU,invoke-QPU,-0.18327011286445916,0,0
20,9,27,always remote-sim,remote-sim,-0.2641910044149381,0,0
20,9,27,always local-sim,local-sim,-8.820873250251882,1,0
20,9,27,always fallback,fallback,-0.19905011590190205,0,0
20,9,28,P1,invoke-QPU,-0.1142321218871243,0,0
20,9,28,utility-only,invoke-QPU,-0.1142321218871243,0,0
20,9,28,logged-IPW,fallback,-0.18607554481429936,0,0
20,9,28,LinUCB,remote-sim,-0.21842963638667723,0,0
20,9,28,Pareto,remote-sim,-0.21842963638667723,0,0
20,9,28,oracle,invoke-QPU,-0.1142321218871243,0,0
20,9,28,train-selected fixed,fallback,-0.18607554481429936,0,0
20,9,28,always invoke-QPU,invoke-QPU,-0.1142321218871243,0,0
20,9,28,always remote-sim,remote-sim,-0.21842963638667723,0,0
20,9,28,always local-sim,local-sim,-4.535809880184868,1,0
20,9,28,always fallback,fallback,-0.18607554481429936,0,0
20,9,29,P1,invoke-QPU,-0.16067484311859254,0,0
20,9,29,utility-only,invoke-QPU,-0.16067484311859254,0,0
20,9,29,logged-IPW,fallback,-0.19049674843694495,0,0
20,9,29,LinUCB,remote-sim,-0.22382217451196357,0,0
20,9,29,Pareto,remote-sim,-0.22382217451196357,0,0
20,9,29,oracle,invoke-QPU,-0.16067484311859254,0,0
20,9,29,train-selected fixed,fallback,-0.19049674843694495,0,0
20,9,29,always invoke-QPU,invoke-QPU,-0.16067484311859254,0,0
20,9,29,always remote-sim,remote-sim,-0.22382217451196357,0,0
20,9,29,always local-sim,local-sim,-8.088575423674069,1,0
20,9,29,always fallback,fallback,-0.19049674843694495,0,0
20,10,0,P1,fallback,-0.20961868600241942,0,0
20,10,0,utility-only,fallback,-0.20961868600241942,0,0
20,10,0,logged-IPW,fallback,-0.20961868600241942,0,0
20,10,0,LinUCB,fallback,-0.20961868600241942,0,0
20,10,0,Pareto,fallback,-0.20961868600241942,0,0
20,10,0,oracle,fallback,-0.20961868600241942,0,0
20,10,0,train-selected fixed,fallback,-0.20961868600241942,0,0
20,10,0,always invoke-QPU,invoke-QPU,-7.496683149240327,1,1
20,10,0,always remote-sim,remote-sim,-11.483416764865524,1,1
20,10,0,always local-sim,local-sim,-7.255963714390384,1,0
20,10,0,always fallback,fallback,-0.20961868600241942,0,0
20,10,1,P1,fallback,-0.19367344018858879,0,0
20,10,1,utility-only,fallback,-0.19367344018858879,0,0
20,10,1,logged-IPW,fallback,-0.19367344018858879,0,0
20,10,1,LinUCB,fallback,-0.19367344018858879,0,0
20,10,1,Pareto,remote-sim,-0.18872162075122184,0,0
20,10,1,oracle,remote-sim,-0.18872162075122184,0,0
20,10,1,train-selected fixed,fallback,-0.19367344018858879,0,0
20,10,1,always invoke-QPU,invoke-QPU,-2.2389979054874596,1,0
20,10,1,always remote-sim,remote-sim,-0.18872162075122184,0,0
20,10,1,always local-sim,local-sim,-6.914245152466965,1,0
20,10,1,always fallback,fallback,-0.19367344018858879,0,0
20,10,2,P1,invoke-QPU,-0.15753775156954353,0,0
20,10,2,utility-only,invoke-QPU,-0.15753775156954353,0,0
20,10,2,logged-IPW,fallback,-0.188865719181547,0,0
20,10,2,LinUCB,fallback,-0.188865719181547,0,0
20,10,2,Pareto,remote-sim,-0.21210652829939886,0,0
20,10,2,oracle,invoke-QPU,-0.15753775156954353,0,0
20,10,2,train-selected fixed,fallback,-0.188865719181547,0,0
20,10,2,always invoke-QPU,invoke-QPU,-0.15753775156954353,0,0
20,10,2,always remote-sim,remote-sim,-0.21210652829939886,0,0
20,10,2,always local-sim,local-sim,-5.7841060263936805,1,0
20,10,2,always fallback,fallback,-0.188865719181547,0,0
20,10,3,P1,fallback,-0.20943615651674227,0,0
20,10,3,utility-only,fallback,-0.20943615651674227,0,0
20,10,3,logged-IPW,fallback,-0.20943615651674227,0,0
20,10,3,LinUCB,fallback,-0.20943615651674227,0,0
20,10,3,Pareto,fallback,-0.20943615651674227,0,0
20,10,3,oracle,fallback,-0.20943615651674227,0,0
20,10,3,train-selected fixed,fallback,-0.20943615651674227,0,0
20,10,3,always invoke-QPU,invoke-QPU,-2.461015285500623,1,0
20,10,3,always remote-sim,remote-sim,-10.379732518556917,1,1
20,10,3,always local-sim,local-sim,-8.308457415260813,1,0
20,10,3,always fallback,fallback,-0.20943615651674227,0,0
20,10,4,P1,fallback,-0.21110752469137517,0,0
20,10,4,utility-only,fallback,-0.21110752469137517,0,0
20,10,4,logged-IPW,fallback,-0.21110752469137517,0,0
20,10,4,LinUCB,fallback,-0.21110752469137517,0,0
20,10,4,Pareto,invoke-QPU,-7.2174867705178585,1,1
20,10,4,oracle,fallback,-0.21110752469137517,0,0
20,10,4,train-selected fixed,fallback,-0.21110752469137517,0,0
20,10,4,always invoke-QPU,invoke-QPU,-7.2174867705178585,1,1
20,10,4,always remote-sim,remote-sim,-8.76762633710544,1,0
20,10,4,always local-sim,local-sim,-4.640973412983418,1,0
20,10,4,always fallback,fallback,-0.21110752469137517,0,0
20,10,5,P1,remote-sim,-0.18959506602066797,0,0
20,10,5,utility-only,remote-sim,-0.18959506602066797,0,0
20,10,5,logged-IPW,remote-sim,-0.18959506602066797,0,0
20,10,5,LinUCB,fallback,-0.19811249770212472,0,0
20,10,5,Pareto,remote-sim,-0.18959506602066797,0,0
20,10,5,oracle,remote-sim,-0.18959506602066797,0,0
20,10,5,train-selected fixed,fallback,-0.19811249770212472,0,0
20,10,5,always invoke-QPU,invoke-QPU,-0.19202444557637038,0,0
20,10,5,always remote-sim,remote-sim,-0.18959506602066797,0,0
20,10,5,always local-sim,local-sim,-8.266831761323155,1,0
20,10,5,always fallback,fallback,-0.19811249770212472,0,0
20,10,6,P1,fallback,-0.2092854269637494,0,0
20,10,6,utility-only,fallback,-0.2092854269637494,0,0
20,10,6,logged-IPW,fallback,-0.2092854269637494,0,0
20,10,6,LinUCB,fallback,-0.2092854269637494,0,0
20,10,6,Pareto,remote-sim,-0.33475982513972796,0,0
20,10,6,oracle,fallback,-0.2092854269637494,0,0
20,10,6,train-selected fixed,fallback,-0.2092854269637494,0,0
20,10,6,always invoke-QPU,invoke-QPU,-2.1629172772448513,1,0
20,10,6,always remote-sim,remote-sim,-0.33475982513972796,0,0
20,10,6,always local-sim,local-sim,-6.872516720135908,1,0
20,10,6,always fallback,fallback,-0.2092854269637494,0,0
20,10,7,P1,fallback,-0.19805558395707637,0,0
20,10,7,utility-only,fallback,-0.19805558395707637,0,0
20,10,7,logged-IPW,fallback,-0.19805558395707637,0,0
20,10,7,LinUCB,fallback,-0.19805558395707637,0,0
20,10,7,Pareto,invoke-QPU,-2.343286089516021,1,0
20,10,7,oracle,fallback,-0.19805558395707637,0,0
20,10,7,train-selected fixed,fallback,-0.19805558395707637,0,0
20,10,7,always invoke-QPU,invoke-QPU,-2.343286089516021,1,0
20,10,7,always remote-sim,remote-sim,-6.679248780278646,1,0
20,10,7,always local-sim,local-sim,-6.276255553586537,1,0
20,10,7,always fallback,fallback,-0.19805558395707637,0,0
20,10,8,P1,fallback,-0.2027017717242892,0,0
20,10,8,utility-only,fallback,-0.2027017717242892,0,0
20,10,8,logged-IPW,fallback,-0.2027017717242892,0,0
20,10,8,LinUCB,remote-sim,-0.2762217629958546,0,0
20,10,8,Pareto,remote-sim,-0.2762217629958546,0,0
20,10,8,oracle,invoke-QPU,-0.1762307412292355,0,0
20,10,8,train-selected fixed,fallback,-0.2027017717242892,0,0
20,10,8,always invoke-QPU,invoke-QPU,-0.1762307412292355,0,0
20,10,8,always remote-sim,remote-sim,-0.2762217629958546,0,0
20,10,8,always local-sim,local-sim,-8.379162239771158,1,0
20,10,8,always fallback,fallback,-0.2027017717242892,0,0
20,10,9,P1,invoke-QPU,-0.12493124636807756,0,0
20,10,9,utility-only,invoke-QPU,-0.12493124636807756,0,0
20,10,9,logged-IPW,fallback,-0.18893843769656787,0,0
20,10,9,LinUCB,remote-sim,-0.16265411821880832,0,0
20,10,9,Pareto,remote-sim,-0.16265411821880832,0,0
20,10,9,oracle,invoke-QPU,-0.12493124636807756,0,0
20,10,9,train-selected fixed,fallback,-0.18893843769656787,0,0
20,10,9,always invoke-QPU,invoke-QPU,-0.12493124636807756,0,0
20,10,9,always remote-sim,remote-sim,-0.16265411821880832,0,0
20,10,9,always local-sim,local-sim,-6.023074520416171,1,0
20,10,9,always fallback,fallback,-0.18893843769656787,0,0
20,10,10,P1,invoke-QPU,-0.14713578603017327,0,0
20,10,10,utility-only,invoke-QPU,-0.14713578603017327,0,0
20,10,10,logged-IPW,fallback,-0.19825100587616587,0,0
20,10,10,LinUCB,fallback,-0.19825100587616587,0,0
20,10,10,Pareto,remote-sim,-0.28703106747213997,0,0
20,10,10,oracle,invoke-QPU,-0.14713578603017327,0,0
20,10,10,train-selected fixed,fallback,-0.19825100587616587,0,0
20,10,10,always invoke-QPU,invoke-QPU,-0.14713578603017327,0,0
20,10,10,always remote-sim,remote-sim,-0.28703106747213997,0,0
20,10,10,always local-sim,local-sim,-6.131036693712121,1,0
20,10,10,always fallback,fallback,-0.19825100587616587,0,0
20,10,11,P1,fallback,-0.20340258751498067,0,0
20,10,11,utility-only,fallback,-0.20340258751498067,0,0
20,10,11,logged-IPW,fallback,-0.20340258751498067,0,0
20,10,11,LinUCB,fallback,-0.20340258751498067,0,0
20,10,11,Pareto,invoke-QPU,-0.5796492135189207,0,0
20,10,11,oracle,fallback,-0.20340258751498067,0,0
20,10,11,train-selected fixed,fallback,-0.20340258751498067,0,0
20,10,11,always invoke-QPU,invoke-QPU,-0.5796492135189207,0,0
20,10,11,always remote-sim,remote-sim,-3.4103764489973103,0,0
20,10,11,always local-sim,local-sim,-8.701503165786038,1,0
20,10,11,always fallback,fallback,-0.20340258751498067,0,0
20,10,12,P1,fallback,-0.19940957307570015,0,0
20,10,12,utility-only,fallback,-0.19940957307570015,0,0
20,10,12,logged-IPW,fallback,-0.19940957307570015,0,0
20,10,12,LinUCB,fallback,-0.19940957307570015,0,0
20,10,12,Pareto,fallback,-0.19940957307570015,0,0
20,10,12,oracle,fallback,-0.19940957307570015,0,0
20,10,12,train-selected fixed,fallback,-0.19940957307570015,0,0
20,10,12,always invoke-QPU,invoke-QPU,-7.436168439112324,1,1
20,10,12,always remote-sim,remote-sim,-6.079048431177682,1,0
20,10,12,always local-sim,local-sim,-7.469925997608222,1,0
20,10,12,always fallback,fallback,-0.19940957307570015,0,0
20,10,13,P1,remote-sim,-0.19040301138169963,0,0
20,10,13,utility-only,remote-sim,-0.19040301138169963,0,0
20,10,13,logged-IPW,fallback,-0.19066965547673073,0,0
20,10,13,LinUCB,remote-sim,-0.19040301138169963,0,0
20,10,13,Pareto,remote-sim,-0.19040301138169963,0,0
20,10,13,oracle,remote-sim,-0.19040301138169963,0,0
20,10,13,train-selected fixed,fallback,-0.19066965547673073,0,0
20,10,13,always invoke-QPU,invoke-QPU,-2.1680914515448233,1,0
20,10,13,always remote-sim,remote-sim,-0.19040301138169963,0,0
20,10,13,always local-sim,local-sim,-9.111693862561655,1,0
20,10,13,always fallback,fallback,-0.19066965547673073,0,0
20,10,14,P1,remote-sim,-0.15895949625134942,0,0
20,10,14,utility-only,remote-sim,-0.15895949625134942,0,0
20,10,14,logged-IPW,fallback,-0.196513272597973,0,0
20,10,14,LinUCB,remote-sim,-0.15895949625134942,0,0
20,10,14,Pareto,remote-sim,-0.15895949625134942,0,0
20,10,14,oracle,remote-sim,-0.15895949625134942,0,0
20,10,14,train-selected fixed,fallback,-0.196513272597973,0,0
20,10,14,always invoke-QPU,invoke-QPU,-0.24133284744842226,0,0
20,10,14,always remote-sim,remote-sim,-0.15895949625134942,0,0
20,10,14,always local-sim,local-sim,-7.748707041917157,1,0
20,10,14,always fallback,fallback,-0.196513272597973,0,0
20,10,15,P1,invoke-QPU,-0.12153561865552495,0,0
20,10,15,utility-only,invoke-QPU,-0.12153561865552495,0,0
20,10,15,logged-IPW,fallback,-0.1972323999056593,0,0
20,10,15,LinUCB,remote-sim,-0.13569013390677218,0,0
20,10,15,Pareto,remote-sim,-0.13569013390677218,0,0
20,10,15,oracle,invoke-QPU,-0.12153561865552495,0,0
20,10,15,train-selected fixed,fallback,-0.1972323999056593,0,0
20,10,15,always invoke-QPU,invoke-QPU,-0.12153561865552495,0,0
20,10,15,always remote-sim,remote-sim,-0.13569013390677218,0,0
20,10,15,always local-sim,local-sim,-5.184837466033866,1,0
20,10,15,always fallback,fallback,-0.1972323999056593,0,0
20,10,16,P1,fallback,-0.2189614215354528,0,0
20,10,16,utility-only,fallback,-0.2189614215354528,0,0
20,10,16,logged-IPW,fallback,-0.2189614215354528,0,0
20,10,16,LinUCB,fallback,-0.2189614215354528,0,0
20,10,16,Pareto,remote-sim,-0.28551656692183003,0,0
20,10,16,oracle,invoke-QPU,-0.21018925121640647,0,0
20,10,16,train-selected fixed,fallback,-0.2189614215354528,0,0
20,10,16,always invoke-QPU,invoke-QPU,-0.21018925121640647,0,0
20,10,16,always remote-sim,remote-sim,-0.28551656692183003,0,0
20,10,16,always local-sim,local-sim,-8.890968838057361,1,0
20,10,16,always fallback,fallback,-0.2189614215354528,0,0
20,10,17,P1,remote-sim,-0.128928690224668,0,0
20,10,17,utility-only,remote-sim,-0.128928690224668,0,0
20,10,17,logged-IPW,invoke-QPU,-0.11961958843179542,0,0
20,10,17,LinUCB,remote-sim,-0.128928690224668,0,0
20,10,17,Pareto,remote-sim,-0.128928690224668,0,0
20,10,17,oracle,invoke-QPU,-0.11961958843179542,0,0
20,10,17,train-selected fixed,fallback,-0.20326498508258553,0,0
20,10,17,always invoke-QPU,invoke-QPU,-0.11961958843179542,0,0
20,10,17,always remote-sim,remote-sim,-0.128928690224668,0,0
20,10,17,always local-sim,local-sim,-5.764390310800282,1,0
20,10,17,always fallback,fallback,-0.20326498508258553,0,0
20,10,18,P1,fallback,-0.191785270259488,0,0
20,10,18,utility-only,fallback,-0.191785270259488,0,0
20,10,18,logged-IPW,fallback,-0.191785270259488,0,0
20,10,18,LinUCB,fallback,-0.191785270259488,0,0
20,10,18,Pareto,invoke-QPU,-7.841697430649072,1,1
20,10,18,oracle,fallback,-0.191785270259488,0,0
20,10,18,train-selected fixed,fallback,-0.191785270259488,0,0
20,10,18,always invoke-QPU,invoke-QPU,-7.841697430649072,1,1
20,10,18,always remote-sim,remote-sim,-14.09816931679523,1,1
20,10,18,always local-sim,local-sim,-7.190026463343344,1,0
20,10,18,always fallback,fallback,-0.191785270259488,0,0
20,10,19,P1,invoke-QPU,-0.1247168743846905,0,0
20,10,19,utility-only,invoke-QPU,-0.1247168743846905,0,0
20,10,19,logged-IPW,invoke-QPU,-0.1247168743846905,0,0
20,10,19,LinUCB,invoke-QPU,-0.1247168743846905,0,0
20,10,19,Pareto,remote-sim,-0.23641590983988464,0,0
20,10,19,oracle,invoke-QPU,-0.1247168743846905,0,0
20,10,19,train-selected fixed,fallback,-0.20726750829470253,0,0
20,10,19,always invoke-QPU,invoke-QPU,-0.1247168743846905,0,0
20,10,19,always remote-sim,remote-sim,-0.23641590983988464,0,0
20,10,19,always local-sim,local-sim,-5.645474977865559,1,0
20,10,19,always fallback,fallback,-0.20726750829470253,0,0
20,10,20,P1,invoke-QPU,-0.1318600072033493,0,0
20,10,20,utility-only,invoke-QPU,-0.1318600072033493,0,0
20,10,20,logged-IPW,fallback,-0.18222852394010436,0,0
20,10,20,LinUCB,remote-sim,-0.23249171253291512,0,0
20,10,20,Pareto,remote-sim,-0.23249171253291512,0,0
20,10,20,oracle,invoke-QPU,-0.1318600072033493,0,0
20,10,20,train-selected fixed,fallback,-0.18222852394010436,0,0
20,10,20,always invoke-QPU,invoke-QPU,-0.1318600072033493,0,0
20,10,20,always remote-sim,remote-sim,-0.23249171253291512,0,0
20,10,20,always local-sim,local-sim,-7.556505776964509,1,0
20,10,20,always fallback,fallback,-0.18222852394010436,0,0
20,10,21,P1,fallback,-0.2124329630408532,0,0
20,10,21,utility-only,fallback,-0.2124329630408532,0,0
20,10,21,logged-IPW,fallback,-0.2124329630408532,0,0
20,10,21,LinUCB,fallback,-0.2124329630408532,0,0
20,10,21,Pareto,remote-sim,-0.3698963306696348,0,0
20,10,21,oracle,invoke-QPU,-0.18818310834327479,0,0
20,10,21,train-selected fixed,fallback,-0.2124329630408532,0,0
20,10,21,always invoke-QPU,invoke-QPU,-0.18818310834327479,0,0
20,10,21,always remote-sim,remote-sim,-0.3698963306696348,0,0
20,10,21,always local-sim,local-sim,-7.937663928697122,1,0
20,10,21,always fallback,fallback,-0.2124329630408532,0,0
20,10,22,P1,invoke-QPU,-0.13734435510266302,0,0
20,10,22,utility-only,invoke-QPU,-0.13734435510266302,0,0
20,10,22,logged-IPW,invoke-QPU,-0.13734435510266302,0,0
20,10,22,LinUCB,fallback,-0.21026198221560044,0,0
20,10,22,Pareto,remote-sim,-0.19964315598972154,0,0
20,10,22,oracle,invoke-QPU,-0.13734435510266302,0,0
20,10,22,train-selected fixed,fallback,-0.21026198221560044,0,0
20,10,22,always invoke-QPU,invoke-QPU,-0.13734435510266302,0,0
20,10,22,always remote-sim,remote-sim,-0.19964315598972154,0,0
20,10,22,always local-sim,local-sim,-7.142299203703912,1,0
20,10,22,always fallback,fallback,-0.21026198221560044,0,0
20,10,23,P1,fallback,-0.21370894720360578,0,0
20,10,23,utility-only,fallback,-0.21370894720360578,0,0
20,10,23,logged-IPW,fallback,-0.21370894720360578,0,0
20,10,23,LinUCB,fallback,-0.21370894720360578,0,0
20,10,23,Pareto,fallback,-0.21370894720360578,0,0
20,10,23,oracle,fallback,-0.21370894720360578,0,0
20,10,23,train-selected fixed,fallback,-0.21370894720360578,0,0
20,10,23,always invoke-QPU,invoke-QPU,-3.269799451985157,1,0
20,10,23,always remote-sim,remote-sim,-12.224895095364868,1,0
20,10,23,always local-sim,local-sim,-8.421554737321145,1,0
20,10,23,always fallback,fallback,-0.21370894720360578,0,0
20,10,24,P1,fallback,-0.22145703331106953,0,0
20,10,24,utility-only,fallback,-0.22145703331106953,0,0
20,10,24,logged-IPW,fallback,-0.22145703331106953,0,0
20,10,24,LinUCB,fallback,-0.22145703331106953,0,0
20,10,24,Pareto,remote-sim,-0.2680265229392753,0,0
20,10,24,oracle,invoke-QPU,-0.15553865973513897,0,0
20,10,24,train-selected fixed,fallback,-0.22145703331106953,0,0
20,10,24,always invoke-QPU,invoke-QPU,-0.15553865973513897,0,0
20,10,24,always remote-sim,remote-sim,-0.2680265229392753,0,0
20,10,24,always local-sim,local-sim,-6.610328851695462,1,0
20,10,24,always fallback,fallback,-0.22145703331106953,0,0
20,10,25,P1,fallback,-0.2195002499011343,0,0
20,10,25,utility-only,fallback,-0.2195002499011343,0,0
20,10,25,logged-IPW,fallback,-0.2195002499011343,0,0
20,10,25,LinUCB,fallback,-0.2195002499011343,0,0
20,10,25,Pareto,fallback,-0.2195002499011343,0,0
20,10,25,oracle,fallback,-0.2195002499011343,0,0
20,10,25,train-selected fixed,fallback,-0.2195002499011343,0,0
20,10,25,always invoke-QPU,invoke-QPU,-2.430478292132049,1,0
20,10,25,always remote-sim,remote-sim,-5.3851955467765364,1,0
20,10,25,always local-sim,local-sim,-7.858184908178986,1,0
20,10,25,always fallback,fallback,-0.2195002499011343,0,0
20,10,26,P1,remote-sim,-0.223876750500332,0,0
20,10,26,utility-only,remote-sim,-0.223876750500332,0,0
20,10,26,logged-IPW,fallback,-0.2093431593068193,0,0
20,10,26,LinUCB,fallback,-0.2093431593068193,0,0
20,10,26,Pareto,remote-sim,-0.223876750500332,0,0
20,10,26,oracle,fallback,-0.2093431593068193,0,0
20,10,26,train-selected fixed,fallback,-0.2093431593068193,0,0
20,10,26,always invoke-QPU,invoke-QPU,-0.27063476633580036,0,0
20,10,26,always remote-sim,remote-sim,-0.223876750500332,0,0
20,10,26,always local-sim,local-sim,-7.221788714049341,1,0
20,10,26,always fallback,fallback,-0.2093431593068193,0,0
20,10,27,P1,fallback,-0.20295432294008853,0,0
20,10,27,utility-only,fallback,-0.20295432294008853,0,0
20,10,27,logged-IPW,fallback,-0.20295432294008853,0,0
20,10,27,LinUCB,remote-sim,-0.2578409039747343,0,0
20,10,27,Pareto,remote-sim,-0.2578409039747343,0,0
20,10,27,oracle,invoke-QPU,-0.1520757347260724,0,0
20,10,27,train-selected fixed,fallback,-0.20295432294008853,0,0
20,10,27,always invoke-QPU,invoke-QPU,-0.1520757347260724,0,0
20,10,27,always remote-sim,remote-sim,-0.2578409039747343,0,0
20,10,27,always local-sim,local-sim,-6.441346856728744,1,0
20,10,27,always fallback,fallback,-0.20295432294008853,0,0
20,10,28,P1,fallback,-0.1996716337984274,0,0
20,10,28,utility-only,fallback,-0.1996716337984274,0,0
20,10,28,logged-IPW,remote-sim,-0.24887817435757398,0,0
20,10,28,LinUCB,remote-sim,-0.24887817435757398,0,0
20,10,28,Pareto,remote-sim,-0.24887817435757398,0,0
20,10,28,oracle,fallback,-0.1996716337984274,0,0
20,10,28,train-selected fixed,fallback,-0.1996716337984274,0,0
20,10,28,always invoke-QPU,invoke-QPU,-0.2244583252525476,0,0
20,10,28,always remote-sim,remote-sim,-0.24887817435757398,0,0
20,10,28,always local-sim,local-sim,-7.526550930897157,1,0
20,10,28,always fallback,fallback,-0.1996716337984274,0,0
20,10,29,P1,fallback,-0.21511607408818156,0,0
20,10,29,utility-only,fallback,-0.21511607408818156,0,0
20,10,29,logged-IPW,fallback,-0.21511607408818156,0,0
20,10,29,LinUCB,fallback,-0.21511607408818156,0,0
20,10,29,Pareto,fallback,-0.21511607408818156,0,0
20,10,29,oracle,fallback,-0.21511607408818156,0,0
20,10,29,train-selected fixed,fallback,-0.21511607408818156,0,0
20,10,29,always invoke-QPU,invoke-QPU,-2.53683159878755,1,0
20,10,29,always remote-sim,remote-sim,-7.9061968439805606,1,0
20,10,29,always local-sim,local-sim,-7.155265994435092,1,0
20,10,29,always fallback,fallback,-0.21511607408818156,0,0
20,11,0,P1,remote-sim,-0.20350252963900872,0,0
20,11,0,utility-only,remote-sim,-0.20350252963900872,0,0
20,11,0,logged-IPW,fallback,-0.19668206551410722,0,0
20,11,0,LinUCB,fallback,-0.19668206551410722,0,0
20,11,0,Pareto,remote-sim,-0.20350252963900872,0,0
20,11,0,oracle,fallback,-0.19668206551410722,0,0
20,11,0,train-selected fixed,fallback,-0.19668206551410722,0,0
20,11,0,always invoke-QPU,invoke-QPU,-0.2977989061912025,0,0
20,11,0,always remote-sim,remote-sim,-0.20350252963900872,0,0
20,11,0,always local-sim,local-sim,-8.832266628455837,1,0
20,11,0,always fallback,fallback,-0.19668206551410722,0,0
20,11,1,P1,invoke-QPU,-0.1727648136549641,0,0
20,11,1,utility-only,invoke-QPU,-0.1727648136549641,0,0
20,11,1,logged-IPW,fallback,-0.21531027783619067,0,0
20,11,1,LinUCB,fallback,-0.21531027783619067,0,0
20,11,1,Pareto,remote-sim,-0.17797958122404578,0,0
20,11,1,oracle,invoke-QPU,-0.1727648136549641,0,0
20,11,1,train-selected fixed,fallback,-0.21531027783619067,0,0
20,11,1,always invoke-QPU,invoke-QPU,-0.1727648136549641,0,0
20,11,1,always remote-sim,remote-sim,-0.17797958122404578,0,0
20,11,1,always local-sim,local-sim,-7.067625779689991,1,0
20,11,1,always fallback,fallback,-0.21531027783619067,0,0
20,11,2,P1,invoke-QPU,-0.15755287612434749,0,0
20,11,2,utility-only,invoke-QPU,-0.15755287612434749,0,0
20,11,2,logged-IPW,fallback,-0.2069636126779161,0,0
20,11,2,LinUCB,fallback,-0.2069636126779161,0,0
20,11,2,Pareto,remote-sim,-0.2953259807626113,0,0
20,11,2,oracle,invoke-QPU,-0.15755287612434749,0,0
20,11,2,train-selected fixed,fallback,-0.2069636126779161,0,0
20,11,2,always invoke-QPU,invoke-QPU,-0.15755287612434749,0,0
20,11,2,always remote-sim,remote-sim,-0.2953259807626113,0,0
20,11,2,always local-sim,local-sim,-7.1310196550741045,1,0
20,11,2,always fallback,fallback,-0.2069636126779161,0,0
20,11,3,P1,remote-sim,-0.18895665156725466,0,0
20,11,3,utility-only,remote-sim,-0.18895665156725466,0,0
20,11,3,logged-IPW,remote-sim,-0.18895665156725466,0,0
20,11,3,LinUCB,fallback,-0.20483613721525115,0,0
20,11,3,Pareto,remote-sim,-0.18895665156725466,0,0
20,11,3,oracle,invoke-QPU,-0.12562225402278332,0,0
20,11,3,train-selected fixed,fallback,-0.20483613721525115,0,0
20,11,3,always invoke-QPU,invoke-QPU,-0.12562225402278332,0,0
20,11,3,always remote-sim,remote-sim,-0.18895665156725466,0,0
20,11,3,always local-sim,local-sim,-6.113180410433718,1,0
20,11,3,always fallback,fallback,-0.20483613721525115,0,0
20,11,4,P1,invoke-QPU,-0.13005226744948356,0,0
20,11,4,utility-only,invoke-QPU,-0.13005226744948356,0,0
20,11,4,logged-IPW,fallback,-0.1989303247611713,0,0
20,11,4,LinUCB,remote-sim,-0.2117871660976478,0,0
20,11,4,Pareto,remote-sim,-0.2117871660976478,0,0
20,11,4,oracle,invoke-QPU,-0.13005226744948356,0,0
20,11,4,train-selected fixed,fallback,-0.1989303247611713,0,0
20,11,4,always invoke-QPU,invoke-QPU,-0.13005226744948356,0,0
20,11,4,always remote-sim,remote-sim,-0.2117871660976478,0,0
20,11,4,always local-sim,local-sim,-6.162255330954961,1,0
20,11,4,always fallback,fallback,-0.1989303247611713,0,0
20,11,5,P1,fallback,-0.21341952911722686,0,0
20,11,5,utility-only,fallback,-0.21341952911722686,0,0
20,11,5,logged-IPW,fallback,-0.21341952911722686,0,0
20,11,5,LinUCB,fallback,-0.21341952911722686,0,0
20,11,5,Pareto,fallback,-0.21341952911722686,0,0
20,11,5,oracle,fallback,-0.21341952911722686,0,0
20,11,5,train-selected fixed,fallback,-0.21341952911722686,0,0
20,11,5,always invoke-QPU,invoke-QPU,-7.628692682063353,1,1
20,11,5,always remote-sim,remote-sim,-11.818423706793052,1,1
20,11,5,always local-sim,local-sim,-7.836938692547919,1,0
20,11,5,always fallback,fallback,-0.21341952911722686,0,0
20,11,6,P1,fallback,-0.18358605747759685,0,0
20,11,6,utility-only,fallback,-0.18358605747759685,0,0
20,11,6,logged-IPW,fallback,-0.18358605747759685,0,0
20,11,6,LinUCB,fallback,-0.18358605747759685,0,0
20,11,6,Pareto,invoke-QPU,-7.262377139187402,1,1
20,11,6,oracle,fallback,-0.18358605747759685,0,0
20,11,6,train-selected fixed,fallback,-0.18358605747759685,0,0
20,11,6,always invoke-QPU,invoke-QPU,-7.262377139187402,1,1
20,11,6,always remote-sim,remote-sim,-8.75666223540337,1,0
20,11,6,always local-sim,local-sim,-5.065496013103317,1,0
20,11,6,always fallback,fallback,-0.18358605747759685,0,0
20,11,7,P1,fallback,-0.17733165641579787,0,0
20,11,7,utility-only,fallback,-0.17733165641579787,0,0
20,11,7,logged-IPW,fallback,-0.17733165641579787,0,0
20,11,7,LinUCB,fallback,-0.17733165641579787,0,0
20,11,7,Pareto,fallback,-0.17733165641579787,0,0
20,11,7,oracle,fallback,-0.17733165641579787,0,0
20,11,7,train-selected fixed,fallback,-0.17733165641579787,0,0
20,11,7,always invoke-QPU,invoke-QPU,-7.314849417329633,1,1
20,11,7,always remote-sim,remote-sim,-16.812070391129954,1,1
20,11,7,always local-sim,local-sim,-4.993232742731351,1,0
20,11,7,always fallback,fallback,-0.17733165641579787,0,0
20,11,8,P1,fallback,-0.1969738125936141,0,0
20,11,8,utility-only,fallback,-0.1969738125936141,0,0
20,11,8,logged-IPW,fallback,-0.1969738125936141,0,0
20,11,8,LinUCB,remote-sim,-0.28264051703961174,0,0
20,11,8,Pareto,remote-sim,-0.28264051703961174,0,0
20,11,8,oracle,invoke-QPU,-0.11784655578887777,0,0
20,11,8,train-selected fixed,fallback,-0.1969738125936141,0,0
20,11,8,always invoke-QPU,invoke-QPU,-0.11784655578887777,0,0
20,11,8,always remote-sim,remote-sim,-0.28264051703961174,0,0
20,11,8,always local-sim,local-sim,-4.57835058941581,1,0
20,11,8,always fallback,fallback,-0.1969738125936141,0,0
20,11,9,P1,fallback,-0.18293164566450823,0,0
20,11,9,utility-only,fallback,-0.18293164566450823,0,0
20,11,9,logged-IPW,fallback,-0.18293164566450823,0,0
20,11,9,LinUCB,fallback,-0.18293164566450823,0,0
20,11,9,Pareto,remote-sim,-0.3011865593163363,0,0
20,11,9,oracle,fallback,-0.18293164566450823,0,0
20,11,9,train-selected fixed,fallback,-0.18293164566450823,0,0
20,11,9,always invoke-QPU,invoke-QPU,-2.1811838412770403,1,0
20,11,9,always remote-sim,remote-sim,-0.3011865593163363,0,0
20,11,9,always local-sim,local-sim,-5.546544935401344,1,0
20,11,9,always fallback,fallback,-0.18293164566450823,0,0
20,11,10,P1,fallback,-0.18269171754961086,0,0
20,11,10,utility-only,fallback,-0.18269171754961086,0,0
20,11,10,logged-IPW,fallback,-0.18269171754961086,0,0
20,11,10,LinUCB,fallback,-0.18269171754961086,0,0
20,11,10,Pareto,remote-sim,-0.2461940981379274,0,0
20,11,10,oracle,fallback,-0.18269171754961086,0,0
20,11,10,train-selected fixed,fallback,-0.18269171754961086,0,0
20,11,10,always invoke-QPU,invoke-QPU,-2.193344242696614,1,0
20,11,10,always remote-sim,remote-sim,-0.2461940981379274,0,0
20,11,10,always local-sim,local-sim,-6.897119772738665,1,0
20,11,10,always fallback,fallback,-0.18269171754961086,0,0
20,11,11,P1,fallback,-0.18816806662629942,0,0
20,11,11,utility-only,fallback,-0.18816806662629942,0,0
20,11,11,logged-IPW,fallback,-0.18816806662629942,0,0
20,11,11,LinUCB,fallback,-0.18816806662629942,0,0
20,11,11,Pareto,invoke-QPU,-2.3791790866200553,1,0
20,11,11,oracle,fallback,-0.18816806662629942,0,0
20,11,11,train-selected fixed,fallback,-0.18816806662629942,0,0
20,11,11,always invoke-QPU,invoke-QPU,-2.3791790866200553,1,0
20,11,11,always remote-sim,remote-sim,-4.0176226119885525,0,0
20,11,11,always local-sim,local-sim,-6.88231437967487,1,0
20,11,11,always fallback,fallback,-0.18816806662629942,0,0
20,11,12,P1,fallback,-0.18798185949555318,0,0
20,11,12,utility-only,fallback,-0.18798185949555318,0,0
20,11,12,logged-IPW,fallback,-0.18798185949555318,0,0
20,11,12,LinUCB,fallback,-0.18798185949555318,0,0
20,11,12,Pareto,remote-sim,-0.2925202745437093,0,0
20,11,12,oracle,fallback,-0.18798185949555318,0,0
20,11,12,train-selected fixed,fallback,-0.18798185949555318,0,0
20,11,12,always invoke-QPU,invoke-QPU,-2.136333404057238,1,0
20,11,12,always remote-sim,remote-sim,-0.2925202745437093,0,0
20,11,12,always local-sim,local-sim,-5.568834528769255,1,0
20,11,12,always fallback,fallback,-0.18798185949555318,0,0
20,11,13,P1,remote-sim,-0.15447817555259505,0,0
20,11,13,utility-only,remote-sim,-0.15447817555259505,0,0
20,11,13,logged-IPW,remote-sim,-0.15447817555259505,0,0
20,11,13,LinUCB,remote-sim,-0.15447817555259505,0,0
20,11,13,Pareto,remote-sim,-0.15447817555259505,0,0
20,11,13,oracle,invoke-QPU,-0.1178951818188769,0,0
20,11,13,train-selected fixed,fallback,-0.1915175603606017,0,0
20,11,13,always invoke-QPU,invoke-QPU,-0.1178951818188769,0,0
20,11,13,always remote-sim,remote-sim,-0.15447817555259505,0,0
20,11,13,always local-sim,local-sim,-6.4200111127316895,1,0
20,11,13,always fallback,fallback,-0.1915175603606017,0,0
20,11,14,P1,fallback,-0.2072954353828125,0,0
20,11,14,utility-only,fallback,-0.2072954353828125,0,0
20,11,14,logged-IPW,fallback,-0.2072954353828125,0,0
20,11,14,LinUCB,fallback,-0.2072954353828125,0,0
20,11,14,Pareto,invoke-QPU,-2.4833075066883468,1,0
20,11,14,oracle,fallback,-0.2072954353828125,0,0
20,11,14,train-selected fixed,fallback,-0.2072954353828125,0,0
20,11,14,always invoke-QPU,invoke-QPU,-2.4833075066883468,1,0
20,11,14,always remote-sim,remote-sim,-0.4184441458305747,0,0
20,11,14,always local-sim,local-sim,-8.367238701765784,1,0
20,11,14,always fallback,fallback,-0.2072954353828125,0,0
20,11,15,P1,fallback,-0.20226047203371914,0,0
20,11,15,utility-only,fallback,-0.20226047203371914,0,0
20,11,15,logged-IPW,fallback,-0.20226047203371914,0,0
20,11,15,LinUCB,fallback,-0.20226047203371914,0,0
20,11,15,Pareto,invoke-QPU,-2.2398150601118076,1,0
20,11,15,oracle,fallback,-0.20226047203371914,0,0
20,11,15,train-selected fixed,fallback,-0.20226047203371914,0,0
20,11,15,always invoke-QPU,invoke-QPU,-2.2398150601118076,1,0
20,11,15,always remote-sim,remote-sim,-8.940816715869301,1,0
20,11,15,always local-sim,local-sim,-4.753842229752779,1,0
20,11,15,always fallback,fallback,-0.20226047203371914,0,0
20,11,16,P1,fallback,-0.18411058111992562,0,0
20,11,16,utility-only,fallback,-0.18411058111992562,0,0
20,11,16,logged-IPW,fallback,-0.18411058111992562,0,0
20,11,16,LinUCB,fallback,-0.18411058111992562,0,0
20,11,16,Pareto,remote-sim,-5.204636106597986,0,1
20,11,16,oracle,fallback,-0.18411058111992562,0,0
20,11,16,train-selected fixed,fallback,-0.18411058111992562,0,0
20,11,16,always invoke-QPU,invoke-QPU,-2.609837494814946,1,0
20,11,16,always remote-sim,remote-sim,-5.204636106597986,0,1
20,11,16,always local-sim,local-sim,-7.557496916142611,1,0
20,11,16,always fallback,fallback,-0.18411058111992562,0,0
20,11,17,P1,fallback,-0.19211919612756959,0,0
20,11,17,utility-only,fallback,-0.19211919612756959,0,0
20,11,17,logged-IPW,fallback,-0.19211919612756959,0,0
20,11,17,LinUCB,fallback,-0.19211919612756959,0,0
20,11,17,Pareto,invoke-QPU,-3.0773383394398066,1,0
20,11,17,oracle,fallback,-0.19211919612756959,0,0
20,11,17,train-selected fixed,fallback,-0.19211919612756959,0,0
20,11,17,always invoke-QPU,invoke-QPU,-3.0773383394398066,1,0
20,11,17,always remote-sim,remote-sim,-10.739510982406022,1,0
20,11,17,always local-sim,local-sim,-8.982798933181217,1,0
20,11,17,always fallback,fallback,-0.19211919612756959,0,0
20,11,18,P1,remote-sim,-0.2072398024965415,0,0
20,11,18,utility-only,remote-sim,-0.2072398024965415,0,0
20,11,18,logged-IPW,fallback,-0.21280952496134575,0,0
20,11,18,LinUCB,fallback,-0.21280952496134575,0,0
20,11,18,Pareto,remote-sim,-0.2072398024965415,0,0
20,11,18,oracle,remote-sim,-0.2072398024965415,0,0
20,11,18,train-selected fixed,fallback,-0.21280952496134575,0,0
20,11,18,always invoke-QPU,invoke-QPU,-2.189814924242714,1,0
20,11,18,always remote-sim,remote-sim,-0.2072398024965415,0,0
20,11,18,always local-sim,local-sim,-7.441254314210107,1,0
20,11,18,always fallback,fallback,-0.21280952496134575,0,0
20,11,19,P1,remote-sim,-0.12319136547240897,0,0
20,11,19,utility-only,remote-sim,-0.12319136547240897,0,0
20,11,19,logged-IPW,fallback,-0.20922737092021923,0,0
20,11,19,LinUCB,invoke-QPU,-0.16005674924028124,0,0
20,11,19,Pareto,remote-sim,-0.12319136547240897,0,0
20,11,19,oracle,remote-sim,-0.12319136547240897,0,0
20,11,19,train-selected fixed,fallback,-0.20922737092021923,0,0
20,11,19,always invoke-QPU,invoke-QPU,-0.16005674924028124,0,0
20,11,19,always remote-sim,remote-sim,-0.12319136547240897,0,0
20,11,19,always local-sim,local-sim,-5.674498351516903,1,0
20,11,19,always fallback,fallback,-0.20922737092021923,0,0
20,11,20,P1,fallback,-0.19960648925738925,0,0
20,11,20,utility-only,fallback,-0.19960648925738925,0,0
20,11,20,logged-IPW,fallback,-0.19960648925738925,0,0
20,11,20,LinUCB,remote-sim,-0.29101900862031815,0,0
20,11,20,Pareto,remote-sim,-0.29101900862031815,0,0
20,11,20,oracle,fallback,-0.19960648925738925,0,0
20,11,20,train-selected fixed,fallback,-0.19960648925738925,0,0
20,11,20,always invoke-QPU,invoke-QPU,-2.1737239878115733,1,0
20,11,20,always remote-sim,remote-sim,-0.29101900862031815,0,0
20,11,20,always local-sim,local-sim,-8.282659792009941,1,0
20,11,20,always fallback,fallback,-0.19960648925738925,0,0
20,11,21,P1,remote-sim,-0.13956579341599185,0,0
20,11,21,utility-only,remote-sim,-0.13956579341599185,0,0
20,11,21,logged-IPW,fallback,-0.19279759416393985,0,0
20,11,21,LinUCB,remote-sim,-0.13956579341599185,0,0
20,11,21,Pareto,remote-sim,-0.13956579341599185,0,0
20,11,21,oracle,remote-sim,-0.13956579341599185,0,0
20,11,21,train-selected fixed,fallback,-0.19279759416393985,0,0
20,11,21,always invoke-QPU,invoke-QPU,-0.16813060149796016,0,0
20,11,21,always remote-sim,remote-sim,-0.13956579341599185,0,0
20,11,21,always local-sim,local-sim,-7.677740381305146,1,0
20,11,21,always fallback,fallback,-0.19279759416393985,0,0
20,11,22,P1,fallback,-0.19453358124518663,0,0
20,11,22,utility-only,fallback,-0.19453358124518663,0,0
20,11,22,logged-IPW,fallback,-0.19453358124518663,0,0
20,11,22,LinUCB,fallback,-0.19453358124518663,0,0
20,11,22,Pareto,invoke-QPU,-7.81436354712756,1,1
20,11,22,oracle,fallback,-0.19453358124518663,0,0
20,11,22,train-selected fixed,fallback,-0.19453358124518663,0,0
20,11,22,always invoke-QPU,invoke-QPU,-7.81436354712756,1,1
20,11,22,always remote-sim,remote-sim,-14.321634400032394,1,1
20,11,22,always local-sim,local-sim,-8.145447188546317,1,0
20,11,22,always fallback,fallback,-0.19453358124518663,0,0
20,11,23,P1,fallback,-0.18758205001254824,0,0
20,11,23,utility-only,fallback,-0.18758205001254824,0,0
20,11,23,logged-IPW,fallback,-0.18758205001254824,0,0
20,11,23,LinUCB,fallback,-0.18758205001254824,0,0
20,11,23,Pareto,invoke-QPU,-0.1268928971073436,0,0
20,11,23,oracle,invoke-QPU,-0.1268928971073436,0,0
20,11,23,train-selected fixed,fallback,-0.18758205001254824,0,0
20,11,23,always invoke-QPU,invoke-QPU,-0.1268928971073436,0,0
20,11,23,always remote-sim,remote-sim,-2.006653263505704,0,0
20,11,23,always local-sim,local-sim,-4.530666458451,1,0
20,11,23,always fallback,fallback,-0.18758205001254824,0,0
20,11,24,P1,fallback,-0.2089609942425159,0,0
20,11,24,utility-only,fallback,-0.2089609942425159,0,0
20,11,24,logged-IPW,fallback,-0.2089609942425159,0,0
20,11,24,LinUCB,fallback,-0.2089609942425159,0,0
20,11,24,Pareto,invoke-QPU,-7.7888961217673245,1,1
20,11,24,oracle,fallback,-0.2089609942425159,0,0
20,11,24,train-selected fixed,fallback,-0.2089609942425159,0,0
20,11,24,always invoke-QPU,invoke-QPU,-7.7888961217673245,1,1
20,11,24,always remote-sim,remote-sim,-12.125417706524324,0,1
20,11,24,always local-sim,local-sim,-8.072019921289552,1,0
20,11,24,always fallback,fallback,-0.2089609942425159,0,0
20,11,25,P1,fallback,-0.20445427999825255,0,0
20,11,25,utility-only,fallback,-0.20445427999825255,0,0
20,11,25,logged-IPW,fallback,-0.20445427999825255,0,0
20,11,25,LinUCB,fallback,-0.20445427999825255,0,0
20,11,25,Pareto,fallback,-0.20445427999825255,0,0
20,11,25,oracle,fallback,-0.20445427999825255,0,0
20,11,25,train-selected fixed,fallback,-0.20445427999825255,0,0
20,11,25,always invoke-QPU,invoke-QPU,-7.32711738899185,1,1
20,11,25,always remote-sim,remote-sim,-3.65957747960545,0,0
20,11,25,always local-sim,local-sim,-6.2154373265002185,1,0
20,11,25,always fallback,fallback,-0.20445427999825255,0,0
20,11,26,P1,fallback,-0.18527830377325424,0,0
20,11,26,utility-only,fallback,-0.18527830377325424,0,0
20,11,26,logged-IPW,fallback,-0.18527830377325424,0,0
20,11,26,LinUCB,fallback,-0.18527830377325424,0,0
20,11,26,Pareto,invoke-QPU,-7.857128349413711,1,1
20,11,26,oracle,fallback,-0.18527830377325424,0,0
20,11,26,train-selected fixed,fallback,-0.18527830377325424,0,0
20,11,26,always invoke-QPU,invoke-QPU,-7.857128349413711,1,1
20,11,26,always remote-sim,remote-sim,-15.596627736159459,1,1
20,11,26,always local-sim,local-sim,-7.872753398653542,1,0
20,11,26,always fallback,fallback,-0.18527830377325424,0,0
20,11,27,P1,fallback,-0.20074805586409394,0,0
20,11,27,utility-only,fallback,-0.20074805586409394,0,0
20,11,27,logged-IPW,fallback,-0.20074805586409394,0,0
20,11,27,LinUCB,fallback,-0.20074805586409394,0,0
20,11,27,Pareto,fallback,-0.20074805586409394,0,0
20,11,27,oracle,fallback,-0.20074805586409394,0,0
20,11,27,train-selected fixed,fallback,-0.20074805586409394,0,0
20,11,27,always invoke-QPU,invoke-QPU,-7.419536092120319,1,1
20,11,27,always remote-sim,remote-sim,-16.834173769535504,1,0
20,11,27,always local-sim,local-sim,-4.999096109606054,1,0
20,11,27,always fallback,fallback,-0.20074805586409394,0,0
20,11,28,P1,remote-sim,-0.1517869537401714,0,0
20,11,28,utility-only,remote-sim,-0.1517869537401714,0,0
20,11,28,logged-IPW,fallback,-0.19539892404429854,0,0
20,11,28,LinUCB,remote-sim,-0.1517869537401714,0,0
20,11,28,Pareto,remote-sim,-0.1517869537401714,0,0
20,11,28,oracle,invoke-QPU,-0.150328987851852,0,0
20,11,28,train-selected fixed,fallback,-0.19539892404429854,0,0
20,11,28,always invoke-QPU,invoke-QPU,-0.150328987851852,0,0
20,11,28,always remote-sim,remote-sim,-0.1517869537401714,0,0
20,11,28,always local-sim,local-sim,-9.109578600637949,1,0
20,11,28,always fallback,fallback,-0.19539892404429854,0,0
20,11,29,P1,invoke-QPU,-0.12473679020889575,0,0
20,11,29,utility-only,invoke-QPU,-0.12473679020889575,0,0
20,11,29,logged-IPW,invoke-QPU,-0.12473679020889575,0,0
20,11,29,LinUCB,fallback,-0.21756426163063416,0,0
20,11,29,Pareto,remote-sim,-0.21387509975678015,0,0
20,11,29,oracle,invoke-QPU,-0.12473679020889575,0,0
20,11,29,train-selected fixed,fallback,-0.21756426163063416,0,0
20,11,29,always invoke-QPU,invoke-QPU,-0.12473679020889575,0,0
20,11,29,always remote-sim,remote-sim,-0.21387509975678015,0,0
20,11,29,always local-sim,local-sim,-4.5353900883186675,1,0
20,11,29,always fallback,fallback,-0.21756426163063416,0,0
20,12,0,P1,fallback,-0.19836493311267633,0,0
20,12,0,utility-only,fallback,-0.19836493311267633,0,0
20,12,0,logged-IPW,invoke-QPU,-0.14529034560767187,0,0
20,12,0,LinUCB,invoke-QPU,-0.14529034560767187,0,0
20,12,0,Pareto,remote-sim,-0.2883809523880417,0,0
20,12,0,oracle,invoke-QPU,-0.14529034560767187,0,0
20,12,0,train-selected fixed,fallback,-0.19836493311267633,0,0
20,12,0,always invoke-QPU,invoke-QPU,-0.14529034560767187,0,0
20,12,0,always remote-sim,remote-sim,-0.2883809523880417,0,0
20,12,0,always local-sim,local-sim,-6.778359280243267,1,0
20,12,0,always fallback,fallback,-0.19836493311267633,0,0
20,12,1,P1,invoke-QPU,-0.17169129273060035,0,0
20,12,1,utility-only,invoke-QPU,-0.17169129273060035,0,0
20,12,1,logged-IPW,fallback,-0.2016888675452425,0,0
20,12,1,LinUCB,fallback,-0.2016888675452425,0,0
20,12,1,Pareto,remote-sim,-0.3015817442940245,0,0
20,12,1,oracle,invoke-QPU,-0.17169129273060035,0,0
20,12,1,train-selected fixed,fallback,-0.2016888675452425,0,0
20,12,1,always invoke-QPU,invoke-QPU,-0.17169129273060035,0,0
20,12,1,always remote-sim,remote-sim,-0.3015817442940245,0,0
20,12,1,always local-sim,local-sim,-7.469778730234294,1,0
20,12,1,always fallback,fallback,-0.2016888675452425,0,0
20,12,2,P1,remote-sim,-0.1596832296852819,0,0
20,12,2,utility-only,remote-sim,-0.1596832296852819,0,0
20,12,2,logged-IPW,fallback,-0.21206176327767853,0,0
20,12,2,LinUCB,remote-sim,-0.1596832296852819,0,0
20,12,2,Pareto,remote-sim,-0.1596832296852819,0,0
20,12,2,oracle,invoke-QPU,-0.1489732448737,0,0
20,12,2,train-selected fixed,fallback,-0.21206176327767853,0,0
20,12,2,always invoke-QPU,invoke-QPU,-0.1489732448737,0,0
20,12,2,always remote-sim,remote-sim,-0.1596832296852819,0,0
20,12,2,always local-sim,local-sim,-5.939943830782683,1,0
20,12,2,always fallback,fallback,-0.21206176327767853,0,0
20,12,3,P1,fallback,-0.19749504229150008,0,0
20,12,3,utility-only,fallback,-0.19749504229150008,0,0
20,12,3,logged-IPW,fallback,-0.19749504229150008,0,0
20,12,3,LinUCB,fallback,-0.19749504229150008,0,0
20,12,3,Pareto,invoke-QPU,-2.743753752679812,1,0
20,12,3,oracle,fallback,-0.19749504229150008,0,0
20,12,3,train-selected fixed,fallback,-0.19749504229150008,0,0
20,12,3,always invoke-QPU,invoke-QPU,-2.743753752679812,1,0
20,12,3,always remote-sim,remote-sim,-5.916066658284905,1,0
20,12,3,always local-sim,local-sim,-8.70641744222175,1,0
20,12,3,always fallback,fallback,-0.19749504229150008,0,0
20,12,4,P1,invoke-QPU,-0.132495703439435,0,0
20,12,4,utility-only,invoke-QPU,-0.132495703439435,0,0
20,12,4,logged-IPW,fallback,-0.20049435856884024,0,0
20,12,4,LinUCB,fallback,-0.20049435856884024,0,0
20,12,4,Pareto,remote-sim,-0.2722570339497994,0,0
20,12,4,oracle,invoke-QPU,-0.132495703439435,0,0
20,12,4,train-selected fixed,fallback,-0.20049435856884024,0,0
20,12,4,always invoke-QPU,invoke-QPU,-0.132495703439435,0,0
20,12,4,always remote-sim,remote-sim,-0.2722570339497994,0,0
20,12,4,always local-sim,local-sim,-5.746755767259637,1,0
20,12,4,always fallback,fallback,-0.20049435856884024,0,0
20,12,5,P1,invoke-QPU,-0.1433244101794796,0,0
20,12,5,utility-only,invoke-QPU,-0.1433244101794796,0,0
20,12,5,logged-IPW,invoke-QPU,-0.1433244101794796,0,0
20,12,5,LinUCB,remote-sim,-0.1859704999104172,0,0
20,12,5,Pareto,remote-sim,-0.1859704999104172,0,0
20,12,5,oracle,invoke-QPU,-0.1433244101794796,0,0
20,12,5,train-selected fixed,fallback,-0.18932177429419236,0,0
20,12,5,always invoke-QPU,invoke-QPU,-0.1433244101794796,0,0
20,12,5,always remote-sim,remote-sim,-0.1859704999104172,0,0
20,12,5,always local-sim,local-sim,-7.542741430789662,1,0
20,12,5,always fallback,fallback,-0.18932177429419236,0,0
20,12,6,P1,fallback,-0.2000248386398437,0,0
20,12,6,utility-only,fallback,-0.2000248386398437,0,0
20,12,6,logged-IPW,fallback,-0.2000248386398437,0,0
20,12,6,LinUCB,remote-sim,-0.30052986567444745,0,0
20,12,6,Pareto,remote-sim,-0.30052986567444745,0,0
20,12,6,oracle,invoke-QPU,-0.16206070263043815,0,0
20,12,6,train-selected fixed,fallback,-0.2000248386398437,0,0
20,12,6,always invoke-QPU,invoke-QPU,-0.16206070263043815,0,0
20,12,6,always remote-sim,remote-sim,-0.30052986567444745,0,0
20,12,6,always local-sim,local-sim,-8.559336022023732,1,0
20,12,6,always fallback,fallback,-0.2000248386398437,0,0
20,12,7,P1,fallback,-0.2019542221949553,0,0
20,12,7,utility-only,fallback,-0.2019542221949553,0,0
20,12,7,logged-IPW,fallback,-0.2019542221949553,0,0
20,12,7,LinUCB,fallback,-0.2019542221949553,0,0
20,12,7,Pareto,fallback,-0.2019542221949553,0,0
20,12,7,oracle,fallback,-0.2019542221949553,0,0
20,12,7,train-selected fixed,fallback,-0.2019542221949553,0,0
20,12,7,always invoke-QPU,invoke-QPU,-7.359354792164503,1,1
20,12,7,always remote-sim,remote-sim,-12.282695557123088,1,1
20,12,7,always local-sim,local-sim,-5.952958515518141,1,0
20,12,7,always fallback,fallback,-0.2019542221949553,0,0
20,12,8,P1,invoke-QPU,-0.11447649212583157,0,0
20,12,8,utility-only,invoke-QPU,-0.11447649212583157,0,0
20,12,8,logged-IPW,remote-sim,-0.14212574544481954,0,0
20,12,8,LinUCB,remote-sim,-0.14212574544481954,0,0
20,12,8,Pareto,remote-sim,-0.14212574544481954,0,0
20,12,8,oracle,invoke-QPU,-0.11447649212583157,0,0
20,12,8,train-selected fixed,fallback,-0.19308669152135655,0,0
20,12,8,always invoke-QPU,invoke-QPU,-0.11447649212583157,0,0
20,12,8,always remote-sim,remote-sim,-0.14212574544481954,0,0
20,12,8,always local-sim,local-sim,-5.09731782132576,1,0
20,12,8,always fallback,fallback,-0.19308669152135655,0,0
20,12,9,P1,fallback,-0.20415667762701367,0,0
20,12,9,utility-only,fallback,-0.20415667762701367,0,0
20,12,9,logged-IPW,fallback,-0.20415667762701367,0,0
20,12,9,LinUCB,invoke-QPU,-0.15276587536514863,0,0
20,12,9,Pareto,remote-sim,-0.13547295657304714,0,0
20,12,9,oracle,remote-sim,-0.13547295657304714,0,0
20,12,9,train-selected fixed,fallback,-0.20415667762701367,0,0
20,12,9,always invoke-QPU,invoke-QPU,-0.15276587536514863,0,0
20,12,9,always remote-sim,remote-sim,-0.13547295657304714,0,0
20,12,9,always local-sim,local-sim,-7.880794580335007,1,0
20,12,9,always fallback,fallback,-0.20415667762701367,0,0
20,12,10,P1,fallback,-0.1964102496965454,0,0
20,12,10,utility-only,fallback,-0.1964102496965454,0,0
20,12,10,logged-IPW,remote-sim,-0.21234960003301723,0,0
20,12,10,LinUCB,remote-sim,-0.21234960003301723,0,0
20,12,10,Pareto,remote-sim,-0.21234960003301723,0,0
20,12,10,oracle,fallback,-0.1964102496965454,0,0
20,12,10,train-selected fixed,fallback,-0.1964102496965454,0,0
20,12,10,always invoke-QPU,invoke-QPU,-2.1210067112555113,1,0
20,12,10,always remote-sim,remote-sim,-0.21234960003301723,0,0
20,12,10,always local-sim,local-sim,-5.370123203431172,1,0
20,12,10,always fallback,fallback,-0.1964102496965454,0,0
20,12,11,P1,invoke-QPU,-0.12554179191798762,0,0
20,12,11,utility-only,invoke-QPU,-0.12554179191798762,0,0
20,12,11,logged-IPW,invoke-QPU,-0.12554179191798762,0,0
20,12,11,LinUCB,invoke-QPU,-0.12554179191798762,0,0
20,12,11,Pareto,remote-sim,-0.19101725720040386,0,0
20,12,11,oracle,invoke-QPU,-0.12554179191798762,0,0
20,12,11,train-selected fixed,fallback,-0.19454159767948712,0,0
20,12,11,always invoke-QPU,invoke-QPU,-0.12554179191798762,0,0
20,12,11,always remote-sim,remote-sim,-0.19101725720040386,0,0
20,12,11,always local-sim,local-sim,-6.31494890934005,1,0
20,12,11,always fallback,fallback,-0.19454159767948712,0,0
20,12,12,P1,invoke-QPU,-0.13807380843520645,0,0
20,12,12,utility-only,invoke-QPU,-0.13807380843520645,0,0
20,12,12,logged-IPW,fallback,-0.19101274040646574,0,0
20,12,12,LinUCB,remote-sim,-0.2005297999156913,0,0
20,12,12,Pareto,remote-sim,-0.2005297999156913,0,0
20,12,12,oracle,invoke-QPU,-0.13807380843520645,0,0
20,12,12,train-selected fixed,fallback,-0.19101274040646574,0,0
20,12,12,always invoke-QPU,invoke-QPU,-0.13807380843520645,0,0
20,12,12,always remote-sim,remote-sim,-0.2005297999156913,0,0
20,12,12,always local-sim,local-sim,-5.929279208749449,1,0
20,12,12,always fallback,fallback,-0.19101274040646574,0,0
20,12,13,P1,fallback,-0.2094368315097118,0,0
20,12,13,utility-only,fallback,-0.2094368315097118,0,0
20,12,13,logged-IPW,fallback,-0.2094368315097118,0,0
20,12,13,LinUCB,fallback,-0.2094368315097118,0,0
20,12,13,Pareto,remote-sim,-0.36035460787472795,0,0
20,12,13,oracle,invoke-QPU,-0.13185989001522946,0,0
20,12,13,train-selected fixed,fallback,-0.2094368315097118,0,0
20,12,13,always invoke-QPU,invoke-QPU,-0.13185989001522946,0,0
20,12,13,always remote-sim,remote-sim,-0.36035460787472795,0,0
20,12,13,always local-sim,local-sim,-6.772960780000934,1,0
20,12,13,always fallback,fallback,-0.2094368315097118,0,0
20,12,14,P1,fallback,-0.19311553398289344,0,0
20,12,14,utility-only,fallback,-0.19311553398289344,0,0
20,12,14,logged-IPW,fallback,-0.19311553398289344,0,0
20,12,14,LinUCB,fallback,-0.19311553398289344,0,0
20,12,14,Pareto,fallback,-0.19311553398289344,0,0
20,12,14,oracle,fallback,-0.19311553398289344,0,0
20,12,14,train-selected fixed,fallback,-0.19311553398289344,0,0
20,12,14,always invoke-QPU,invoke-QPU,-2.575364949908586,1,0
20,12,14,always remote-sim,remote-sim,-7.18046974302505,1,0
20,12,14,always local-sim,local-sim,-7.8939574412091815,1,0
20,12,14,always fallback,fallback,-0.19311553398289344,0,0
20,12,15,P1,fallback,-0.20029403397209375,0,0
20,12,15,utility-only,fallback,-0.20029403397209375,0,0
20,12,15,logged-IPW,fallback,-0.20029403397209375,0,0
20,12,15,LinUCB,fallback,-0.20029403397209375,0,0
20,12,15,Pareto,remote-sim,-0.2222798246226929,0,0
20,12,15,oracle,invoke-QPU,-0.19872945418486193,0,0
20,12,15,train-selected fixed,fallback,-0.20029403397209375,0,0
20,12,15,always invoke-QPU,invoke-QPU,-0.19872945418486193,0,0
20,12,15,always remote-sim,remote-sim,-0.2222798246226929,0,0
20,12,15,always local-sim,local-sim,-7.59007514710073,1,0
20,12,15,always fallback,fallback,-0.20029403397209375,0,0
20,12,16,P1,fallback,-0.21593102703100267,0,0
20,12,16,utility-only,fallback,-0.21593102703100267,0,0
20,12,16,logged-IPW,fallback,-0.21593102703100267,0,0
20,12,16,LinUCB,fallback,-0.21593102703100267,0,0
20,12,16,Pareto,remote-sim,-0.30086792060729217,0,0
20,12,16,oracle,invoke-QPU,-0.17145093800111233,0,0
20,12,16,train-selected fixed,fallback,-0.21593102703100267,0,0
20,12,16,always invoke-QPU,invoke-QPU,-0.17145093800111233,0,0
20,12,16,always remote-sim,remote-sim,-0.30086792060729217,0,0
20,12,16,always local-sim,local-sim,-8.224213882286806,1,0
20,12,16,always fallback,fallback,-0.21593102703100267,0,0
20,12,17,P1,remote-sim,-0.15798406899577322,0,0
20,12,17,utility-only,remote-sim,-0.15798406899577322,0,0
20,12,17,logged-IPW,fallback,-0.19514134799728644,0,0
20,12,17,LinUCB,remote-sim,-0.15798406899577322,0,0
20,12,17,Pareto,remote-sim,-0.15798406899577322,0,0
20,12,17,oracle,invoke-QPU,-0.12244533213274186,0,0
20,12,17,train-selected fixed,fallback,-0.19514134799728644,0,0
20,12,17,always invoke-QPU,invoke-QPU,-0.12244533213274186,0,0
20,12,17,always remote-sim,remote-sim,-0.15798406899577322,0,0
20,12,17,always local-sim,local-sim,-6.044131788437076,1,0
20,12,17,always fallback,fallback,-0.19514134799728644,0,0
20,12,18,P1,remote-sim,-0.18192221250425952,0,0
20,12,18,utility-only,remote-sim,-0.18192221250425952,0,0
20,12,18,logged-IPW,remote-sim,-0.18192221250425952,0,0
20,12,18,LinUCB,fallback,-0.20026715484958466,0,0
20,12,18,Pareto,remote-sim,-0.18192221250425952,0,0
20,12,18,oracle,invoke-QPU,-0.15802418943666502,0,0
20,12,18,train-selected fixed,fallback,-0.20026715484958466,0,0
20,12,18,always invoke-QPU,invoke-QPU,-0.15802418943666502,0,0
20,12,18,always remote-sim,remote-sim,-0.18192221250425952,0,0
20,12,18,always local-sim,local-sim,-7.001953043489834,1,0
20,12,18,always fallback,fallback,-0.20026715484958466,0,0
20,12,19,P1,fallback,-0.2168222066998791,0,0
20,12,19,utility-only,fallback,-0.2168222066998791,0,0
20,12,19,logged-IPW,fallback,-0.2168222066998791,0,0
20,12,19,LinUCB,fallback,-0.2168222066998791,0,0
20,12,19,Pareto,invoke-QPU,-7.541883781698229,1,1
20,12,19,oracle,fallback,-0.2168222066998791,0,0
20,12,19,train-selected fixed,fallback,-0.2168222066998791,0,0
20,12,19,always invoke-QPU,invoke-QPU,-7.541883781698229,1,1
20,12,19,always remote-sim,remote-sim,-9.9358870653068,1,0
20,12,19,always local-sim,local-sim,-6.396914865463968,1,0
20,12,19,always fallback,fallback,-0.2168222066998791,0,0
20,12,20,P1,remote-sim,-0.1718193685190607,0,0
20,12,20,utility-only,remote-sim,-0.1718193685190607,0,0
20,12,20,logged-IPW,invoke-QPU,-0.16256636045380507,0,0
20,12,20,LinUCB,fallback,-0.2187347608853773,0,0
20,12,20,Pareto,remote-sim,-0.1718193685190607,0,0
20,12,20,oracle,invoke-QPU,-0.16256636045380507,0,0
20,12,20,train-selected fixed,fallback,-0.2187347608853773,0,0
20,12,20,always invoke-QPU,invoke-QPU,-0.16256636045380507,0,0
20,12,20,always remote-sim,remote-sim,-0.1718193685190607,0,0
20,12,20,always local-sim,local-sim,-8.265320131945765,1,0
20,12,20,always fallback,fallback,-0.2187347608853773,0,0
20,12,21,P1,invoke-QPU,-0.1401800047772984,0,0
20,12,21,utility-only,invoke-QPU,-0.1401800047772984,0,0
20,12,21,logged-IPW,fallback,-0.19550406348836094,0,0
20,12,21,LinUCB,remote-sim,-0.2226160776960554,0,0
20,12,21,Pareto,remote-sim,-0.2226160776960554,0,0
20,12,21,oracle,invoke-QPU,-0.1401800047772984,0,0
20,12,21,train-selected fixed,fallback,-0.19550406348836094,0,0
20,12,21,always invoke-QPU,invoke-QPU,-0.1401800047772984,0,0
20,12,21,always remote-sim,remote-sim,-0.2226160776960554,0,0
20,12,21,always local-sim,local-sim,-7.552720502445754,1,0
20,12,21,always fallback,fallback,-0.19550406348836094,0,0
20,12,22,P1,fallback,-0.20228476965642506,0,0
20,12,22,utility-only,fallback,-0.20228476965642506,0,0
20,12,22,logged-IPW,fallback,-0.20228476965642506,0,0
20,12,22,LinUCB,fallback,-0.20228476965642506,0,0
20,12,22,Pareto,fallback,-0.20228476965642506,0,0
20,12,22,oracle,fallback,-0.20228476965642506,0,0
20,12,22,train-selected fixed,fallback,-0.20228476965642506,0,0
20,12,22,always invoke-QPU,invoke-QPU,-7.313318969661324,1,1
20,12,22,always remote-sim,remote-sim,-4.872404838130097,1,0
20,12,22,always local-sim,local-sim,-6.915410737779672,1,0
20,12,22,always fallback,fallback,-0.20228476965642506,0,0
20,12,23,P1,invoke-QPU,-0.14730821770309493,0,0
20,12,23,utility-only,invoke-QPU,-0.14730821770309493,0,0
20,12,23,logged-IPW,fallback,-0.18589170718968992,0,0
20,12,23,LinUCB,remote-sim,-0.1937588393508196,0,0
20,12,23,Pareto,remote-sim,-0.1937588393508196,0,0
20,12,23,oracle,invoke-QPU,-0.14730821770309493,0,0
20,12,23,train-selected fixed,fallback,-0.18589170718968992,0,0
20,12,23,always invoke-QPU,invoke-QPU,-0.14730821770309493,0,0
20,12,23,always remote-sim,remote-sim,-0.1937588393508196,0,0
20,12,23,always local-sim,local-sim,-7.739921930232024,1,0
20,12,23,always fallback,fallback,-0.18589170718968992,0,0
20,12,24,P1,invoke-QPU,-0.16409487738110617,0,0
20,12,24,utility-only,invoke-QPU,-0.16409487738110617,0,0
20,12,24,logged-IPW,fallback,-0.18555194195983868,0,0
20,12,24,LinUCB,fallback,-0.18555194195983868,0,0
20,12,24,Pareto,remote-sim,-0.2420714347591847,0,0
20,12,24,oracle,invoke-QPU,-0.16409487738110617,0,0
20,12,24,train-selected fixed,fallback,-0.18555194195983868,0,0
20,12,24,always invoke-QPU,invoke-QPU,-0.16409487738110617,0,0
20,12,24,always remote-sim,remote-sim,-0.2420714347591847,0,0
20,12,24,always local-sim,local-sim,-7.105609091789182,1,0
20,12,24,always fallback,fallback,-0.18555194195983868,0,0
20,12,25,P1,remote-sim,-0.21434149450474507,0,0
20,12,25,utility-only,remote-sim,-0.21434149450474507,0,0
20,12,25,logged-IPW,fallback,-0.21972169069073186,0,0
20,12,25,LinUCB,fallback,-0.21972169069073186,0,0
20,12,25,Pareto,remote-sim,-0.21434149450474507,0,0
20,12,25,oracle,remote-sim,-0.21434149450474507,0,0
20,12,25,train-selected fixed,fallback,-0.21972169069073186,0,0
20,12,25,always invoke-QPU,invoke-QPU,-2.251766872849698,1,0
20,12,25,always remote-sim,remote-sim,-0.21434149450474507,0,0
20,12,25,always local-sim,local-sim,-8.920263076734845,1,0
20,12,25,always fallback,fallback,-0.21972169069073186,0,0
20,12,26,P1,fallback,-0.20286143145334304,0,0
20,12,26,utility-only,fallback,-0.20286143145334304,0,0
20,12,26,logged-IPW,remote-sim,-0.18600758510194643,0,0
20,12,26,LinUCB,fallback,-0.20286143145334304,0,0
20,12,26,Pareto,remote-sim,-0.18600758510194643,0,0
20,12,26,oracle,invoke-QPU,-0.1439530962607778,0,0
20,12,26,train-selected fixed,fallback,-0.20286143145334304,0,0
20,12,26,always invoke-QPU,invoke-QPU,-0.1439530962607778,0,0
20,12,26,always remote-sim,remote-sim,-0.18600758510194643,0,0
20,12,26,always local-sim,local-sim,-6.2683680565289155,1,0
20,12,26,always fallback,fallback,-0.20286143145334304,0,0
20,12,27,P1,fallback,-0.18831292671358985,0,0
20,12,27,utility-only,fallback,-0.18831292671358985,0,0
20,12,27,logged-IPW,fallback,-0.18831292671358985,0,0
20,12,27,LinUCB,remote-sim,-0.20257430432526236,0,0
20,12,27,Pareto,remote-sim,-0.20257430432526236,0,0
20,12,27,oracle,invoke-QPU,-0.12205340853086839,0,0
20,12,27,train-selected fixed,fallback,-0.18831292671358985,0,0
20,12,27,always invoke-QPU,invoke-QPU,-0.12205340853086839,0,0
20,12,27,always remote-sim,remote-sim,-0.20257430432526236,0,0
20,12,27,always local-sim,local-sim,-6.272601051486868,1,0
20,12,27,always fallback,fallback,-0.18831292671358985,0,0
20,12,28,P1,fallback,-0.20948998478779612,0,0
20,12,28,utility-only,fallback,-0.20948998478779612,0,0
20,12,28,logged-IPW,fallback,-0.20948998478779612,0,0
20,12,28,LinUCB,fallback,-0.20948998478779612,0,0
20,12,28,Pareto,invoke-QPU,-2.8912110818798453,1,0
20,12,28,oracle,fallback,-0.20948998478779612,0,0
20,12,28,train-selected fixed,fallback,-0.20948998478779612,0,0
20,12,28,always invoke-QPU,invoke-QPU,-2.8912110818798453,1,0
20,12,28,always remote-sim,remote-sim,-10.942390598122929,1,0
20,12,28,always local-sim,local-sim,-7.892511182353763,1,0
20,12,28,always fallback,fallback,-0.20948998478779612,0,0
20,12,29,P1,fallback,-0.19955267929479573,0,0
20,12,29,utility-only,fallback,-0.19955267929479573,0,0
20,12,29,logged-IPW,fallback,-0.19955267929479573,0,0
20,12,29,LinUCB,fallback,-0.19955267929479573,0,0
20,12,29,Pareto,invoke-QPU,-7.231477536757085,1,1
20,12,29,oracle,fallback,-0.19955267929479573,0,0
20,12,29,train-selected fixed,fallback,-0.19955267929479573,0,0
20,12,29,always invoke-QPU,invoke-QPU,-7.231477536757085,1,1
20,12,29,always remote-sim,remote-sim,-11.2957054368238,1,1
20,12,29,always local-sim,local-sim,-5.010109676920301,1,0
20,12,29,always fallback,fallback,-0.19955267929479573,0,0
20,13,0,P1,fallback,-0.2164411892312924,0,0
20,13,0,utility-only,fallback,-0.2164411892312924,0,0
20,13,0,logged-IPW,fallback,-0.2164411892312924,0,0
20,13,0,LinUCB,fallback,-0.2164411892312924,0,0
20,13,0,Pareto,remote-sim,-0.4409953314014453,0,0
20,13,0,oracle,invoke-QPU,-0.13868958155365302,0,0
20,13,0,train-selected fixed,fallback,-0.2164411892312924,0,0
20,13,0,always invoke-QPU,invoke-QPU,-0.13868958155365302,0,0
20,13,0,always remote-sim,remote-sim,-0.4409953314014453,0,0
20,13,0,always local-sim,local-sim,-5.323732834144604,1,0
20,13,0,always fallback,fallback,-0.2164411892312924,0,0
20,13,1,P1,fallback,-0.22325412603954492,0,0
20,13,1,utility-only,fallback,-0.22325412603954492,0,0
20,13,1,logged-IPW,fallback,-0.22325412603954492,0,0
20,13,1,LinUCB,fallback,-0.22325412603954492,0,0
20,13,1,Pareto,remote-sim,-0.25936506704517837,0,0
20,13,1,oracle,fallback,-0.22325412603954492,0,0
20,13,1,train-selected fixed,fallback,-0.22325412603954492,0,0
20,13,1,always invoke-QPU,invoke-QPU,-2.2976799918680335,1,0
20,13,1,always remote-sim,remote-sim,-0.25936506704517837,0,0
20,13,1,always local-sim,local-sim,-8.302852374872371,1,0
20,13,1,always fallback,fallback,-0.22325412603954492,0,0
20,13,2,P1,fallback,-0.19222428700492197,0,0
20,13,2,utility-only,fallback,-0.19222428700492197,0,0
20,13,2,logged-IPW,fallback,-0.19222428700492197,0,0
20,13,2,LinUCB,invoke-QPU,-0.18848961335731867,0,0
20,13,2,Pareto,remote-sim,-0.3012618251692598,0,0
20,13,2,oracle,invoke-QPU,-0.18848961335731867,0,0
20,13,2,train-selected fixed,fallback,-0.19222428700492197,0,0
20,13,2,always invoke-QPU,invoke-QPU,-0.18848961335731867,0,0
20,13,2,always remote-sim,remote-sim,-0.3012618251692598,0,0
20,13,2,always local-sim,local-sim,-8.748240372500266,1,0
20,13,2,always fallback,fallback,-0.19222428700492197,0,0
20,13,3,P1,remote-sim,-0.191239448417597,0,0
20,13,3,utility-only,remote-sim,-0.191239448417597,0,0
20,13,3,logged-IPW,invoke-QPU,-0.132299283005197,0,0
20,13,3,LinUCB,fallback,-0.2063186743384372,0,0
20,13,3,Pareto,remote-sim,-0.191239448417597,0,0
20,13,3,oracle,invoke-QPU,-0.132299283005197,0,0
20,13,3,train-selected fixed,fallback,-0.2063186743384372,0,0
20,13,3,always invoke-QPU,invoke-QPU,-0.132299283005197,0,0
20,13,3,always remote-sim,remote-sim,-0.191239448417597,0,0
20,13,3,always local-sim,local-sim,-6.234158416859322,1,0
20,13,3,always fallback,fallback,-0.2063186743384372,0,0
20,13,4,P1,fallback,-0.1977313596346159,0,0
20,13,4,utility-only,fallback,-0.1977313596346159,0,0
20,13,4,logged-IPW,fallback,-0.1977313596346159,0,0
20,13,4,LinUCB,fallback,-0.1977313596346159,0,0
20,13,4,Pareto,fallback,-0.1977313596346159,0,0
20,13,4,oracle,fallback,-0.1977313596346159,0,0
20,13,4,train-selected fixed,fallback,-0.1977313596346159,0,0
20,13,4,always invoke-QPU,invoke-QPU,-7.668422297977028,1,1
20,13,4,always remote-sim,remote-sim,-21.135037483468174,1,1
20,13,4,always local-sim,local-sim,-5.760159544783244,1,0
20,13,4,always fallback,fallback,-0.1977313596346159,0,0
20,13,5,P1,fallback,-0.19715746957848285,0,0
20,13,5,utility-only,fallback,-0.19715746957848285,0,0
20,13,5,logged-IPW,fallback,-0.19715746957848285,0,0
20,13,5,LinUCB,remote-sim,-0.1958582163159151,0,0
20,13,5,Pareto,invoke-QPU,-2.207585837199727,1,0
20,13,5,oracle,remote-sim,-0.1958582163159151,0,0
20,13,5,train-selected fixed,fallback,-0.19715746957848285,0,0
20,13,5,always invoke-QPU,invoke-QPU,-2.207585837199727,1,0
20,13,5,always remote-sim,remote-sim,-0.1958582163159151,0,0
20,13,5,always local-sim,local-sim,-7.378011499214415,1,0
20,13,5,always fallback,fallback,-0.19715746957848285,0,0
20,13,6,P1,invoke-QPU,-0.11468589970944155,0,0
20,13,6,utility-only,invoke-QPU,-0.11468589970944155,0,0
20,13,6,logged-IPW,invoke-QPU,-0.11468589970944155,0,0
20,13,6,LinUCB,invoke-QPU,-0.11468589970944155,0,0
20,13,6,Pareto,remote-sim,-0.16601152047519535,0,0
20,13,6,oracle,invoke-QPU,-0.11468589970944155,0,0
20,13,6,train-selected fixed,fallback,-0.20388110362448783,0,0
20,13,6,always invoke-QPU,invoke-QPU,-0.11468589970944155,0,0
20,13,6,always remote-sim,remote-sim,-0.16601152047519535,0,0
20,13,6,always local-sim,local-sim,-4.896304283004259,1,0
20,13,6,always fallback,fallback,-0.20388110362448783,0,0
20,13,7,P1,remote-sim,-0.20072618072731793,0,0
20,13,7,utility-only,remote-sim,-0.20072618072731793,0,0
20,13,7,logged-IPW,fallback,-0.2116999419097479,0,0
20,13,7,LinUCB,fallback,-0.2116999419097479,0,0
20,13,7,Pareto,remote-sim,-0.20072618072731793,0,0
20,13,7,oracle,remote-sim,-0.20072618072731793,0,0
20,13,7,train-selected fixed,fallback,-0.2116999419097479,0,0
20,13,7,always invoke-QPU,invoke-QPU,-0.21165090988722884,0,0
20,13,7,always remote-sim,remote-sim,-0.20072618072731793,0,0
20,13,7,always local-sim,local-sim,-6.7585562146126685,1,0
20,13,7,always fallback,fallback,-0.2116999419097479,0,0
20,13,8,P1,remote-sim,-0.19442806311358973,0,0
20,13,8,utility-only,remote-sim,-0.19442806311358973,0,0
20,13,8,logged-IPW,fallback,-0.22161239420127118,0,0
20,13,8,LinUCB,fallback,-0.22161239420127118,0,0
20,13,8,Pareto,remote-sim,-0.19442806311358973,0,0
20,13,8,oracle,remote-sim,-0.19442806311358973,0,0
20,13,8,train-selected fixed,fallback,-0.22161239420127118,0,0
20,13,8,always invoke-QPU,invoke-QPU,-0.24457798460120134,0,0
20,13,8,always remote-sim,remote-sim,-0.19442806311358973,0,0
20,13,8,always local-sim,local-sim,-7.524842287398898,1,0
20,13,8,always fallback,fallback,-0.22161239420127118,0,0
20,13,9,P1,fallback,-0.20958593868197342,0,0
20,13,9,utility-only,fallback,-0.20958593868197342,0,0
20,13,9,logged-IPW,fallback,-0.20958593868197342,0,0
20,13,9,LinUCB,fallback,-0.20958593868197342,0,0
20,13,9,Pareto,invoke-QPU,-7.452383660492499,1,1
20,13,9,oracle,fallback,-0.20958593868197342,0,0
20,13,9,train-selected fixed,fallback,-0.20958593868197342,0,0
20,13,9,always invoke-QPU,invoke-QPU,-7.452383660492499,1,1
20,13,9,always remote-sim,remote-sim,-11.317805870590222,1,1
20,13,9,always local-sim,local-sim,-7.59697153545984,1,0
20,13,9,always fallback,fallback,-0.20958593868197342,0,0
20,13,10,P1,fallback,-0.2071846454073251,0,0
20,13,10,utility-only,fallback,-0.2071846454073251,0,0
20,13,10,logged-IPW,fallback,-0.2071846454073251,0,0
20,13,10,LinUCB,fallback,-0.2071846454073251,0,0
20,13,10,Pareto,remote-sim,-0.33684183802999246,0,0
20,13,10,oracle,invoke-QPU,-0.14792098079347635,0,0
20,13,10,train-selected fixed,fallback,-0.2071846454073251,0,0
20,13,10,always invoke-QPU,invoke-QPU,-0.14792098079347635,0,0
20,13,10,always remote-sim,remote-sim,-0.33684183802999246,0,0
20,13,10,always local-sim,local-sim,-6.256459679310275,1,0
20,13,10,always fallback,fallback,-0.2071846454073251,0,0
20,13,11,P1,fallback,-0.1840002587376758,0,0
20,13,11,utility-only,fallback,-0.1840002587376758,0,0
20,13,11,logged-IPW,fallback,-0.1840002587376758,0,0
20,13,11,LinUCB,fallback,-0.1840002587376758,0,0
20,13,11,Pareto,invoke-QPU,-2.54252809503902,1,0
20,13,11,oracle,fallback,-0.1840002587376758,0,0
20,13,11,train-selected fixed,fallback,-0.1840002587376758,0,0
20,13,11,always invoke-QPU,invoke-QPU,-2.54252809503902,1,0
20,13,11,always remote-sim,remote-sim,-7.714704991893093,0,1
20,13,11,always local-sim,local-sim,-8.180106871293429,1,0
20,13,11,always fallback,fallback,-0.1840002587376758,0,0
20,13,12,P1,fallback,-0.18150277798948325,0,0
20,13,12,utility-only,fallback,-0.18150277798948325,0,0
20,13,12,logged-IPW,fallback,-0.18150277798948325,0,0
20,13,12,LinUCB,fallback,-0.18150277798948325,0,0
20,13,12,Pareto,invoke-QPU,-2.2143515679187704,1,0
20,13,12,oracle,fallback,-0.18150277798948325,0,0
20,13,12,train-selected fixed,fallback,-0.18150277798948325,0,0
20,13,12,always invoke-QPU,invoke-QPU,-2.2143515679187704,1,0
20,13,12,always remote-sim,remote-sim,-5.831510306066937,1,0
20,13,12,always local-sim,local-sim,-5.183264699452088,1,0
20,13,12,always fallback,fallback,-0.18150277798948325,0,0
20,13,13,P1,invoke-QPU,-0.16341112745628256,0,0
20,13,13,utility-only,invoke-QPU,-0.16341112745628256,0,0
20,13,13,logged-IPW,fallback,-0.20231077541100279,0,0
20,13,13,LinUCB,invoke-QPU,-0.16341112745628256,0,0
20,13,13,Pareto,remote-sim,-0.19561951632309288,0,0
20,13,13,oracle,invoke-QPU,-0.16341112745628256,0,0
20,13,13,train-selected fixed,fallback,-0.20231077541100279,0,0
20,13,13,always invoke-QPU,invoke-QPU,-0.16341112745628256,0,0
20,13,13,always remote-sim,remote-sim,-0.19561951632309288,0,0
20,13,13,always local-sim,local-sim,-8.431700334639977,1,0
20,13,13,always fallback,fallback,-0.20231077541100279,0,0
20,13,14,P1,fallback,-0.1950264391685985,0,0
20,13,14,utility-only,fallback,-0.1950264391685985,0,0
20,13,14,logged-IPW,fallback,-0.1950264391685985,0,0
20,13,14,LinUCB,remote-sim,-0.19941851249694675,0,0
20,13,14,Pareto,remote-sim,-0.19941851249694675,0,0
20,13,14,oracle,invoke-QPU,-0.14151566667702634,0,0
20,13,14,train-selected fixed,fallback,-0.1950264391685985,0,0
20,13,14,always invoke-QPU,invoke-QPU,-0.14151566667702634,0,0
20,13,14,always remote-sim,remote-sim,-0.19941851249694675,0,0
20,13,14,always local-sim,local-sim,-6.790179153630116,1,0
20,13,14,always fallback,fallback,-0.1950264391685985,0,0
20,13,15,P1,fallback,-0.19183868577487048,0,0
20,13,15,utility-only,fallback,-0.19183868577487048,0,0
20,13,15,logged-IPW,remote-sim,-0.2034348173847485,0,0
20,13,15,LinUCB,remote-sim,-0.2034348173847485,0,0
20,13,15,Pareto,remote-sim,-0.2034348173847485,0,0
20,13,15,oracle,fallback,-0.19183868577487048,0,0
20,13,15,train-selected fixed,fallback,-0.19183868577487048,0,0
20,13,15,always invoke-QPU,invoke-QPU,-0.19531899811226833,0,0
20,13,15,always remote-sim,remote-sim,-0.2034348173847485,0,0
20,13,15,always local-sim,local-sim,-7.527641599844831,1,0
20,13,15,always fallback,fallback,-0.19183868577487048,0,0
20,13,16,P1,fallback,-0.20659883258718284,0,0
20,13,16,utility-only,fallback,-0.20659883258718284,0,0
20,13,16,logged-IPW,fallback,-0.20659883258718284,0,0
20,13,16,LinUCB,fallback,-0.20659883258718284,0,0
20,13,16,Pareto,fallback,-0.20659883258718284,0,0
20,13,16,oracle,fallback,-0.20659883258718284,0,0
20,13,16,train-selected fixed,fallback,-0.20659883258718284,0,0
20,13,16,always invoke-QPU,invoke-QPU,-7.914112217602032,1,1
20,13,16,always remote-sim,remote-sim,-23.880347204633246,1,1
20,13,16,always local-sim,local-sim,-6.1200739604567,1,0
20,13,16,always fallback,fallback,-0.20659883258718284,0,0
20,13,17,P1,invoke-QPU,-0.11669335094743705,0,0
20,13,17,utility-only,invoke-QPU,-0.11669335094743705,0,0
20,13,17,logged-IPW,invoke-QPU,-0.11669335094743705,0,0
20,13,17,LinUCB,invoke-QPU,-0.11669335094743705,0,0
20,13,17,Pareto,remote-sim,-0.16262643330391574,0,0
20,13,17,oracle,invoke-QPU,-0.11669335094743705,0,0
20,13,17,train-selected fixed,fallback,-0.21079875148452304,0,0
20,13,17,always invoke-QPU,invoke-QPU,-0.11669335094743705,0,0
20,13,17,always remote-sim,remote-sim,-0.16262643330391574,0,0
20,13,17,always local-sim,local-sim,-5.6180738220893325,1,0
20,13,17,always fallback,fallback,-0.21079875148452304,0,0
20,13,18,P1,fallback,-0.21788588144372067,0,0
20,13,18,utility-only,fallback,-0.21788588144372067,0,0
20,13,18,logged-IPW,fallback,-0.21788588144372067,0,0
20,13,18,LinUCB,fallback,-0.21788588144372067,0,0
20,13,18,Pareto,invoke-QPU,-2.551821538540774,1,0
20,13,18,oracle,fallback,-0.21788588144372067,0,0
20,13,18,train-selected fixed,fallback,-0.21788588144372067,0,0
20,13,18,always invoke-QPU,invoke-QPU,-2.551821538540774,1,0
20,13,18,always remote-sim,remote-sim,-11.142822622704157,1,1
20,13,18,always local-sim,local-sim,-8.5623439236994,1,0
20,13,18,always fallback,fallback,-0.21788588144372067,0,0
20,13,19,P1,fallback,-0.21382334300699266,0,0
20,13,19,utility-only,fallback,-0.21382334300699266,0,0
20,13,19,logged-IPW,fallback,-0.21382334300699266,0,0
20,13,19,LinUCB,fallback,-0.21382334300699266,0,0
20,13,19,Pareto,remote-sim,-0.26343400549792295,0,0
20,13,19,oracle,fallback,-0.21382334300699266,0,0
20,13,19,train-selected fixed,fallback,-0.21382334300699266,0,0
20,13,19,always invoke-QPU,invoke-QPU,-2.270865524077363,1,0
20,13,19,always remote-sim,remote-sim,-0.26343400549792295,0,0
20,13,19,always local-sim,local-sim,-8.95500993740828,1,0
20,13,19,always fallback,fallback,-0.21382334300699266,0,0
20,13,20,P1,fallback,-0.2128902851860758,0,0
20,13,20,utility-only,fallback,-0.2128902851860758,0,0
20,13,20,logged-IPW,fallback,-0.2128902851860758,0,0
20,13,20,LinUCB,fallback,-0.2128902851860758,0,0
20,13,20,Pareto,invoke-QPU,-0.14377444535555411,0,0
20,13,20,oracle,invoke-QPU,-0.14377444535555411,0,0
20,13,20,train-selected fixed,fallback,-0.2128902851860758,0,0
20,13,20,always invoke-QPU,invoke-QPU,-0.14377444535555411,0,0
20,13,20,always remote-sim,remote-sim,-0.35197323480233644,0,0
20,13,20,always local-sim,local-sim,-4.998016500622887,1,0
20,13,20,always fallback,fallback,-0.2128902851860758,0,0
20,13,21,P1,invoke-QPU,-0.1467568546972248,0,0
20,13,21,utility-only,invoke-QPU,-0.1467568546972248,0,0
20,13,21,logged-IPW,fallback,-0.19563498031400062,0,0
20,13,21,LinUCB,fallback,-0.19563498031400062,0,0
20,13,21,Pareto,remote-sim,-0.3010122873693529,0,0
20,13,21,oracle,invoke-QPU,-0.1467568546972248,0,0
20,13,21,train-selected fixed,fallback,-0.19563498031400062,0,0
20,13,21,always invoke-QPU,invoke-QPU,-0.1467568546972248,0,0
20,13,21,always remote-sim,remote-sim,-0.3010122873693529,0,0
20,13,21,always local-sim,local-sim,-8.097776339578,1,0
20,13,21,always fallback,fallback,-0.19563498031400062,0,0
20,13,22,P1,fallback,-0.21580080692720216,0,0
20,13,22,utility-only,fallback,-0.21580080692720216,0,0
20,13,22,logged-IPW,fallback,-0.21580080692720216,0,0
20,13,22,LinUCB,fallback,-0.21580080692720216,0,0
20,13,22,Pareto,invoke-QPU,-7.399854898825113,1,1
20,13,22,oracle,fallback,-0.21580080692720216,0,0
20,13,22,train-selected fixed,fallback,-0.21580080692720216,0,0
20,13,22,always invoke-QPU,invoke-QPU,-7.399854898825113,1,1
20,13,22,always remote-sim,remote-sim,-8.776262188490072,1,0
20,13,22,always local-sim,local-sim,-5.5830690619664205,1,0
20,13,22,always fallback,fallback,-0.21580080692720216,0,0
20,13,23,P1,fallback,-0.20716257966719084,0,0
20,13,23,utility-only,fallback,-0.20716257966719084,0,0
20,13,23,logged-IPW,fallback,-0.20716257966719084,0,0
20,13,23,LinUCB,fallback,-0.20716257966719084,0,0
20,13,23,Pareto,fallback,-0.20716257966719084,0,0
20,13,23,oracle,fallback,-0.20716257966719084,0,0
20,13,23,train-selected fixed,fallback,-0.20716257966719084,0,0
20,13,23,always invoke-QPU,invoke-QPU,-7.772277588989725,1,1
20,13,23,always remote-sim,remote-sim,-16.509998325666754,1,1
20,13,23,always local-sim,local-sim,-7.049805283588491,1,0
20,13,23,always fallback,fallback,-0.20716257966719084,0,0
20,13,24,P1,remote-sim,-0.185141173593854,0,0
20,13,24,utility-only,remote-sim,-0.185141173593854,0,0
20,13,24,logged-IPW,fallback,-0.20088397345903797,0,0
20,13,24,LinUCB,fallback,-0.20088397345903797,0,0
20,13,24,Pareto,remote-sim,-0.185141173593854,0,0
20,13,24,oracle,remote-sim,-0.185141173593854,0,0
20,13,24,train-selected fixed,fallback,-0.20088397345903797,0,0
20,13,24,always invoke-QPU,invoke-QPU,-0.1893936926883487,0,0
20,13,24,always remote-sim,remote-sim,-0.185141173593854,0,0
20,13,24,always local-sim,local-sim,-8.081828667492559,1,0
20,13,24,always fallback,fallback,-0.20088397345903797,0,0
20,13,25,P1,fallback,-0.20289334490235977,0,0
20,13,25,utility-only,fallback,-0.20289334490235977,0,0
20,13,25,logged-IPW,fallback,-0.20289334490235977,0,0
20,13,25,LinUCB,fallback,-0.20289334490235977,0,0
20,13,25,Pareto,remote-sim,-0.31170418079121487,0,0
20,13,25,oracle,fallback,-0.20289334490235977,0,0
20,13,25,train-selected fixed,fallback,-0.20289334490235977,0,0
20,13,25,always invoke-QPU,invoke-QPU,-2.286154856152684,1,0
20,13,25,always remote-sim,remote-sim,-0.31170418079121487,0,0
20,13,25,always local-sim,local-sim,-9.128273098966401,1,0
20,13,25,always fallback,fallback,-0.20289334490235977,0,0
20,13,26,P1,fallback,-0.21952838997058763,0,0
20,13,26,utility-only,fallback,-0.21952838997058763,0,0
20,13,26,logged-IPW,fallback,-0.21952838997058763,0,0
20,13,26,LinUCB,fallback,-0.21952838997058763,0,0
20,13,26,Pareto,invoke-QPU,-2.671612962527301,1,0
20,13,26,oracle,fallback,-0.21952838997058763,0,0
20,13,26,train-selected fixed,fallback,-0.21952838997058763,0,0
20,13,26,always invoke-QPU,invoke-QPU,-2.671612962527301,1,0
20,13,26,always remote-sim,remote-sim,-5.949411385414949,1,0
20,13,26,always local-sim,local-sim,-8.935938115368774,1,0
20,13,26,always fallback,fallback,-0.21952838997058763,0,0
20,13,27,P1,invoke-QPU,-0.12062700762935101,0,0
20,13,27,utility-only,invoke-QPU,-0.12062700762935101,0,0
20,13,27,logged-IPW,fallback,-0.20427293664505605,0,0
20,13,27,LinUCB,remote-sim,-0.17728287592736394,0,0
20,13,27,Pareto,remote-sim,-0.17728287592736394,0,0
20,13,27,oracle,invoke-QPU,-0.12062700762935101,0,0
20,13,27,train-selected fixed,fallback,-0.20427293664505605,0,0
20,13,27,always invoke-QPU,invoke-QPU,-0.12062700762935101,0,0
20,13,27,always remote-sim,remote-sim,-0.17728287592736394,0,0
20,13,27,always local-sim,local-sim,-5.562205343347138,1,0
20,13,27,always fallback,fallback,-0.20427293664505605,0,0
20,13,28,P1,invoke-QPU,-0.15425281503777338,0,0
20,13,28,utility-only,invoke-QPU,-0.15425281503777338,0,0
20,13,28,logged-IPW,fallback,-0.20649055890322557,0,0
20,13,28,LinUCB,fallback,-0.20649055890322557,0,0
20,13,28,Pareto,remote-sim,-0.16490117648454966,0,0
20,13,28,oracle,invoke-QPU,-0.15425281503777338,0,0
20,13,28,train-selected fixed,fallback,-0.20649055890322557,0,0
20,13,28,always invoke-QPU,invoke-QPU,-0.15425281503777338,0,0
20,13,28,always remote-sim,remote-sim,-0.16490117648454966,0,0
20,13,28,always local-sim,local-sim,-5.916110405705272,1,0
20,13,28,always fallback,fallback,-0.20649055890322557,0,0
20,13,29,P1,fallback,-0.1878651790985864,0,0
20,13,29,utility-only,fallback,-0.1878651790985864,0,0
20,13,29,logged-IPW,fallback,-0.1878651790985864,0,0
20,13,29,LinUCB,fallback,-0.1878651790985864,0,0
20,13,29,Pareto,invoke-QPU,-2.339229034917971,1,0
20,13,29,oracle,fallback,-0.1878651790985864,0,0
20,13,29,train-selected fixed,fallback,-0.1878651790985864,0,0
20,13,29,always invoke-QPU,invoke-QPU,-2.339229034917971,1,0
20,13,29,always remote-sim,remote-sim,-9.59894323730773,1,1
20,13,29,always local-sim,local-sim,-7.1975592806862245,1,0
20,13,29,always fallback,fallback,-0.1878651790985864,0,0
20,14,0,P1,fallback,-0.20886593282132648,0,0
20,14,0,utility-only,fallback,-0.20886593282132648,0,0
20,14,0,logged-IPW,fallback,-0.20886593282132648,0,0
20,14,0,LinUCB,fallback,-0.20886593282132648,0,0
20,14,0,Pareto,fallback,-0.20886593282132648,0,0
20,14,0,oracle,fallback,-0.20886593282132648,0,0
20,14,0,train-selected fixed,fallback,-0.20886593282132648,0,0
20,14,0,always invoke-QPU,invoke-QPU,-7.328491256267581,1,1
20,14,0,always remote-sim,remote-sim,-10.333633032974133,1,1
20,14,0,always local-sim,local-sim,-6.609701867849493,1,0
20,14,0,always fallback,fallback,-0.20886593282132648,0,0
20,14,1,P1,fallback,-0.19241776297307742,0,0
20,14,1,utility-only,fallback,-0.19241776297307742,0,0
20,14,1,logged-IPW,remote-sim,-0.22393277303041634,0,0
20,14,1,LinUCB,remote-sim,-0.22393277303041634,0,0
20,14,1,Pareto,remote-sim,-0.22393277303041634,0,0
20,14,1,oracle,invoke-QPU,-0.12852823634347726,0,0
20,14,1,train-selected fixed,fallback,-0.19241776297307742,0,0
20,14,1,always invoke-QPU,invoke-QPU,-0.12852823634347726,0,0
20,14,1,always remote-sim,remote-sim,-0.22393277303041634,0,0
20,14,1,always local-sim,local-sim,-5.488211327150831,1,0
20,14,1,always fallback,fallback,-0.19241776297307742,0,0
20,14,2,P1,fallback,-0.2051396880592535,0,0
20,14,2,utility-only,fallback,-0.2051396880592535,0,0
20,14,2,logged-IPW,fallback,-0.2051396880592535,0,0
20,14,2,LinUCB,fallback,-0.2051396880592535,0,0
20,14,2,Pareto,remote-sim,-0.21564464720494592,0,0
20,14,2,oracle,invoke-QPU,-0.1117463867254983,0,0
20,14,2,train-selected fixed,fallback,-0.2051396880592535,0,0
20,14,2,always invoke-QPU,invoke-QPU,-0.1117463867254983,0,0
20,14,2,always remote-sim,remote-sim,-0.21564464720494592,0,0
20,14,2,always local-sim,local-sim,-5.8463004760772215,1,0
20,14,2,always fallback,fallback,-0.2051396880592535,0,0
20,14,3,P1,remote-sim,-0.1732931951814734,0,0
20,14,3,utility-only,remote-sim,-0.1732931951814734,0,0
20,14,3,logged-IPW,fallback,-0.20589346669099745,0,0
20,14,3,LinUCB,remote-sim,-0.1732931951814734,0,0
20,14,3,Pareto,remote-sim,-0.1732931951814734,0,0
20,14,3,oracle,invoke-QPU,-0.144629548218348,0,0
20,14,3,train-selected fixed,fallback,-0.20589346669099745,0,0
20,14,3,always invoke-QPU,invoke-QPU,-0.144629548218348,0,0
20,14,3,always remote-sim,remote-sim,-0.1732931951814734,0,0
20,14,3,always local-sim,local-sim,-6.271613634702693,1,0
20,14,3,always fallback,fallback,-0.20589346669099745,0,0
20,14,4,P1,invoke-QPU,-0.1344872491419185,0,0
20,14,4,utility-only,invoke-QPU,-0.1344872491419185,0,0
20,14,4,logged-IPW,fallback,-0.183045911611501,0,0
20,14,4,LinUCB,remote-sim,-0.19676808716028754,0,0
20,14,4,Pareto,remote-sim,-0.19676808716028754,0,0
20,14,4,oracle,invoke-QPU,-0.1344872491419185,0,0
20,14,4,train-selected fixed,fallback,-0.183045911611501,0,0
20,14,4,always invoke-QPU,invoke-QPU,-0.1344872491419185,0,0
20,14,4,always remote-sim,remote-sim,-0.19676808716028754,0,0
20,14,4,always local-sim,local-sim,-5.625899430492062,1,0
20,14,4,always fallback,fallback,-0.183045911611501,0,0
20,14,5,P1,invoke-QPU,-0.18317630894159914,0,0
20,14,5,utility-only,invoke-QPU,-0.18317630894159914,0,0
20,14,5,logged-IPW,fallback,-0.19261981207468948,0,0
20,14,5,LinUCB,fallback,-0.19261981207468948,0,0
20,14,5,Pareto,remote-sim,-0.20912941887129527,0,0
20,14,5,oracle,invoke-QPU,-0.18317630894159914,0,0
20,14,5,train-selected fixed,fallback,-0.19261981207468948,0,0
20,14,5,always invoke-QPU,invoke-QPU,-0.18317630894159914,0,0
20,14,5,always remote-sim,remote-sim,-0.20912941887129527,0,0
20,14,5,always local-sim,local-sim,-7.232476635256376,1,0
20,14,5,always fallback,fallback,-0.19261981207468948,0,0
20,14,6,P1,remote-sim,-0.14972703042987873,0,0
20,14,6,utility-only,remote-sim,-0.14972703042987873,0,0
20,14,6,logged-IPW,fallback,-0.21641659796313653,0,0
20,14,6,LinUCB,fallback,-0.21641659796313653,0,0
20,14,6,Pareto,remote-sim,-0.14972703042987873,0,0
20,14,6,oracle,invoke-QPU,-0.1212016208987436,0,0
20,14,6,train-selected fixed,fallback,-0.21641659796313653,0,0
20,14,6,always invoke-QPU,invoke-QPU,-0.1212016208987436,0,0
20,14,6,always remote-sim,remote-sim,-0.14972703042987873,0,0
20,14,6,always local-sim,local-sim,-4.890809588392093,1,0
20,14,6,always fallback,fallback,-0.21641659796313653,0,0
20,14,7,P1,invoke-QPU,-0.1137071691827466,0,0
20,14,7,utility-only,invoke-QPU,-0.1137071691827466,0,0
20,14,7,logged-IPW,invoke-QPU,-0.1137071691827466,0,0
20,14,7,LinUCB,remote-sim,-0.18877602848134584,0,0
20,14,7,Pareto,remote-sim,-0.18877602848134584,0,0
20,14,7,oracle,invoke-QPU,-0.1137071691827466,0,0
20,14,7,train-selected fixed,fallback,-0.20030942009673752,0,0
20,14,7,always invoke-QPU,invoke-QPU,-0.1137071691827466,0,0
20,14,7,always remote-sim,remote-sim,-0.18877602848134584,0,0
20,14,7,always local-sim,local-sim,-5.0384087529987145,1,0
20,14,7,always fallback,fallback,-0.20030942009673752,0,0
20,14,8,P1,invoke-QPU,-0.16553200994484074,0,0
20,14,8,utility-only,invoke-QPU,-0.16553200994484074,0,0
20,14,8,logged-IPW,invoke-QPU,-0.16553200994484074,0,0
20,14,8,LinUCB,invoke-QPU,-0.16553200994484074,0,0
20,14,8,Pareto,remote-sim,-0.17601530475275884,0,0
20,14,8,oracle,invoke-QPU,-0.16553200994484074,0,0
20,14,8,train-selected fixed,fallback,-0.2162381694611588,0,0
20,14,8,always invoke-QPU,invoke-QPU,-0.16553200994484074,0,0
20,14,8,always remote-sim,remote-sim,-0.17601530475275884,0,0
20,14,8,always local-sim,local-sim,-6.968389473143437,1,0
20,14,8,always fallback,fallback,-0.2162381694611588,0,0
20,14,9,P1,fallback,-0.21019664886590397,0,0
20,14,9,utility-only,fallback,-0.21019664886590397,0,0
20,14,9,logged-IPW,fallback,-0.21019664886590397,0,0
20,14,9,LinUCB,fallback,-0.21019664886590397,0,0
20,14,9,Pareto,remote-sim,-0.26224833650489465,0,0
20,14,9,oracle,fallback,-0.21019664886590397,0,0
20,14,9,train-selected fixed,fallback,-0.21019664886590397,0,0
20,14,9,always invoke-QPU,invoke-QPU,-2.199899761611611,1,0
20,14,9,always remote-sim,remote-sim,-0.26224833650489465,0,0
20,14,9,always local-sim,local-sim,-5.32566976131185,1,0
20,14,9,always fallback,fallback,-0.21019664886590397,0,0
20,14,10,P1,fallback,-0.18417584548965735,0,0
20,14,10,utility-only,fallback,-0.18417584548965735,0,0
20,14,10,logged-IPW,fallback,-0.18417584548965735,0,0
20,14,10,LinUCB,fallback,-0.18417584548965735,0,0
20,14,10,Pareto,invoke-QPU,-7.392512855418384,1,1
20,14,10,oracle,fallback,-0.18417584548965735,0,0
20,14,10,train-selected fixed,fallback,-0.18417584548965735,0,0
20,14,10,always invoke-QPU,invoke-QPU,-7.392512855418384,1,1
20,14,10,always remote-sim,remote-sim,-4.209517017155812,0,0
20,14,10,always local-sim,local-sim,-6.806759365991756,1,0
20,14,10,always fallback,fallback,-0.18417584548965735,0,0
20,14,11,P1,invoke-QPU,-0.16714574438942847,0,0
20,14,11,utility-only,invoke-QPU,-0.16714574438942847,0,0
20,14,11,logged-IPW,fallback,-0.1928693786619397,0,0
20,14,11,LinUCB,fallback,-0.1928693786619397,0,0
20,14,11,Pareto,remote-sim,-0.19023926871264665,0,0
20,14,11,oracle,invoke-QPU,-0.16714574438942847,0,0
20,14,11,train-selected fixed,fallback,-0.1928693786619397,0,0
20,14,11,always invoke-QPU,invoke-QPU,-0.16714574438942847,0,0
20,14,11,always remote-sim,remote-sim,-0.19023926871264665,0,0
20,14,11,always local-sim,local-sim,-6.29308507558133,1,0
20,14,11,always fallback,fallback,-0.1928693786619397,0,0
20,14,12,P1,fallback,-0.22406347027394283,0,0
20,14,12,utility-only,fallback,-0.22406347027394283,0,0
20,14,12,logged-IPW,fallback,-0.22406347027394283,0,0
20,14,12,LinUCB,fallback,-0.22406347027394283,0,0
20,14,12,Pareto,invoke-QPU,-7.569262974213201,1,1
20,14,12,oracle,fallback,-0.22406347027394283,0,0
20,14,12,train-selected fixed,fallback,-0.22406347027394283,0,0
20,14,12,always invoke-QPU,invoke-QPU,-7.569262974213201,1,1
20,14,12,always remote-sim,remote-sim,-4.429852662057307,1,0
20,14,12,always local-sim,local-sim,-7.804808103967221,1,0
20,14,12,always fallback,fallback,-0.22406347027394283,0,0
20,14,13,P1,remote-sim,-0.17951177330330026,0,0
20,14,13,utility-only,remote-sim,-0.17951177330330026,0,0
20,14,13,logged-IPW,fallback,-0.18628884883541505,0,0
20,14,13,LinUCB,remote-sim,-0.17951177330330026,0,0
20,14,13,Pareto,remote-sim,-0.17951177330330026,0,0
20,14,13,oracle,remote-sim,-0.17951177330330026,0,0
20,14,13,train-selected fixed,fallback,-0.18628884883541505,0,0
20,14,13,always invoke-QPU,invoke-QPU,-2.1218361908071808,1,0
20,14,13,always remote-sim,remote-sim,-0.17951177330330026,0,0
20,14,13,always local-sim,local-sim,-4.596097625923669,1,0
20,14,13,always fallback,fallback,-0.18628884883541505,0,0
20,14,14,P1,fallback,-0.2126446771366543,0,0
20,14,14,utility-only,fallback,-0.2126446771366543,0,0
20,14,14,logged-IPW,fallback,-0.2126446771366543,0,0
20,14,14,LinUCB,fallback,-0.2126446771366543,0,0
20,14,14,Pareto,remote-sim,-0.19742349261627393,0,0
20,14,14,oracle,invoke-QPU,-0.18640246969298613,0,0
20,14,14,train-selected fixed,fallback,-0.2126446771366543,0,0
20,14,14,always invoke-QPU,invoke-QPU,-0.18640246969298613,0,0
20,14,14,always remote-sim,remote-sim,-0.19742349261627393,0,0
20,14,14,always local-sim,local-sim,-7.042608693297094,1,0
20,14,14,always fallback,fallback,-0.2126446771366543,0,0
20,14,15,P1,remote-sim,-0.17939918317108042,0,0
20,14,15,utility-only,remote-sim,-0.17939918317108042,0,0
20,14,15,logged-IPW,fallback,-0.22015299453474402,0,0
20,14,15,LinUCB,fallback,-0.22015299453474402,0,0
20,14,15,Pareto,remote-sim,-0.17939918317108042,0,0
20,14,15,oracle,remote-sim,-0.17939918317108042,0,0
20,14,15,train-selected fixed,fallback,-0.22015299453474402,0,0
20,14,15,always invoke-QPU,invoke-QPU,-2.2026434544501936,1,0
20,14,15,always remote-sim,remote-sim,-0.17939918317108042,0,0
20,14,15,always local-sim,local-sim,-8.070225384599427,1,0
20,14,15,always fallback,fallback,-0.22015299453474402,0,0
20,14,16,P1,fallback,-0.2131159490292507,0,0
20,14,16,utility-only,fallback,-0.2131159490292507,0,0
20,14,16,logged-IPW,fallback,-0.2131159490292507,0,0
20,14,16,LinUCB,fallback,-0.2131159490292507,0,0
20,14,16,Pareto,remote-sim,-0.23562390911644307,0,0
20,14,16,oracle,invoke-QPU,-0.20856932057564026,0,0
20,14,16,train-selected fixed,fallback,-0.2131159490292507,0,0
20,14,16,always invoke-QPU,invoke-QPU,-0.20856932057564026,0,0
20,14,16,always remote-sim,remote-sim,-0.23562390911644307,0,0
20,14,16,always local-sim,local-sim,-6.586428468990036,1,0
20,14,16,always fallback,fallback,-0.2131159490292507,0,0
20,14,17,P1,fallback,-0.205498452245476,0,0
20,14,17,utility-only,fallback,-0.205498452245476,0,0
20,14,17,logged-IPW,remote-sim,-0.25844159516754084,0,0
20,14,17,LinUCB,fallback,-0.205498452245476,0,0
20,14,17,Pareto,remote-sim,-0.25844159516754084,0,0
20,14,17,oracle,fallback,-0.205498452245476,0,0
20,14,17,train-selected fixed,fallback,-0.205498452245476,0,0
20,14,17,always invoke-QPU,invoke-QPU,-2.1643849954150287,1,0
20,14,17,always remote-sim,remote-sim,-0.25844159516754084,0,0
20,14,17,always local-sim,local-sim,-5.733933991013645,1,0
20,14,17,always fallback,fallback,-0.205498452245476,0,0
20,14,18,P1,fallback,-0.20502468381332262,0,0
20,14,18,utility-only,fallback,-0.20502468381332262,0,0
20,14,18,logged-IPW,fallback,-0.20502468381332262,0,0
20,14,18,LinUCB,fallback,-0.20502468381332262,0,0
20,14,18,Pareto,invoke-QPU,-7.43899153532743,1,1
20,14,18,oracle,fallback,-0.20502468381332262,0,0
20,14,18,train-selected fixed,fallback,-0.20502468381332262,0,0
20,14,18,always invoke-QPU,invoke-QPU,-7.43899153532743,1,1
20,14,18,always remote-sim,remote-sim,-14.52905389055758,1,1
20,14,18,always local-sim,local-sim,-5.85028864316396,1,0
20,14,18,always fallback,fallback,-0.20502468381332262,0,0
20,14,19,P1,remote-sim,-0.148650195654226,0,0
20,14,19,utility-only,remote-sim,-0.148650195654226,0,0
20,14,19,logged-IPW,fallback,-0.22192243516915544,0,0
20,14,19,LinUCB,fallback,-0.22192243516915544,0,0
20,14,19,Pareto,remote-sim,-0.148650195654226,0,0
20,14,19,oracle,remote-sim,-0.148650195654226,0,0
20,14,19,train-selected fixed,fallback,-0.22192243516915544,0,0
20,14,19,always invoke-QPU,invoke-QPU,-2.2754688908985155,1,0
20,14,19,always remote-sim,remote-sim,-0.148650195654226,0,0
20,14,19,always local-sim,local-sim,-7.102680061222527,1,0
20,14,19,always fallback,fallback,-0.22192243516915544,0,0
20,14,20,P1,invoke-QPU,-0.18003964374601356,0,0
20,14,20,utility-only,invoke-QPU,-0.18003964374601356,0,0
20,14,20,logged-IPW,fallback,-0.20794292743810683,0,0
20,14,20,LinUCB,remote-sim,-0.19315174599132467,0,0
20,14,20,Pareto,remote-sim,-0.19315174599132467,0,0
20,14,20,oracle,invoke-QPU,-0.18003964374601356,0,0
20,14,20,train-selected fixed,fallback,-0.20794292743810683,0,0
20,14,20,always invoke-QPU,invoke-QPU,-0.18003964374601356,0,0
20,14,20,always remote-sim,remote-sim,-0.19315174599132467,0,0
20,14,20,always local-sim,local-sim,-8.450437684215474,1,0
20,14,20,always fallback,fallback,-0.20794292743810683,0,0
20,14,21,P1,fallback,-0.1892134895326051,0,0
20,14,21,utility-only,fallback,-0.1892134895326051,0,0
20,14,21,logged-IPW,fallback,-0.1892134895326051,0,0
20,14,21,LinUCB,fallback,-0.1892134895326051,0,0
20,14,21,Pareto,fallback,-0.1892134895326051,0,0
20,14,21,oracle,fallback,-0.1892134895326051,0,0
20,14,21,train-selected fixed,fallback,-0.1892134895326051,0,0
20,14,21,always invoke-QPU,invoke-QPU,-8.123343064692746,1,1
20,14,21,always remote-sim,remote-sim,-17.13875488674948,1,1
20,14,21,always local-sim,local-sim,-8.540261115985775,1,0
20,14,21,always fallback,fallback,-0.1892134895326051,0,0
20,14,22,P1,fallback,-0.1993617674487047,0,0
20,14,22,utility-only,fallback,-0.1993617674487047,0,0
20,14,22,logged-IPW,fallback,-0.1993617674487047,0,0
20,14,22,LinUCB,fallback,-0.1993617674487047,0,0
20,14,22,Pareto,invoke-QPU,-0.15231391746527415,0,0
20,14,22,oracle,invoke-QPU,-0.15231391746527415,0,0
20,14,22,train-selected fixed,fallback,-0.1993617674487047,0,0
20,14,22,always invoke-QPU,invoke-QPU,-0.15231391746527415,0,0
20,14,22,always remote-sim,remote-sim,-0.16825356259532753,0,0
20,14,22,always local-sim,local-sim,-5.727730632243794,1,0
20,14,22,always fallback,fallback,-0.1993617674487047,0,0
20,14,23,P1,fallback,-0.2065301481771413,0,0
20,14,23,utility-only,fallback,-0.2065301481771413,0,0
20,14,23,logged-IPW,fallback,-0.2065301481771413,0,0
20,14,23,LinUCB,fallback,-0.2065301481771413,0,0
20,14,23,Pareto,remote-sim,-0.3241993723175513,0,0
20,14,23,oracle,fallback,-0.2065301481771413,0,0
20,14,23,train-selected fixed,fallback,-0.2065301481771413,0,0
20,14,23,always invoke-QPU,invoke-QPU,-2.2314945553885996,1,0
20,14,23,always remote-sim,remote-sim,-0.3241993723175513,0,0
20,14,23,always local-sim,local-sim,-8.623853688460349,1,0
20,14,23,always fallback,fallback,-0.2065301481771413,0,0
20,14,24,P1,invoke-QPU,-0.12430852128086838,0,0
20,14,24,utility-only,invoke-QPU,-0.12430852128086838,0,0
20,14,24,logged-IPW,invoke-QPU,-0.12430852128086838,0,0
20,14,24,LinUCB,remote-sim,-0.2269801273425851,0,0
20,14,24,Pareto,remote-sim,-0.2269801273425851,0,0
20,14,24,oracle,invoke-QPU,-0.12430852128086838,0,0
20,14,24,train-selected fixed,fallback,-0.21941924668167445,0,0
20,14,24,always invoke-QPU,invoke-QPU,-0.12430852128086838,0,0
20,14,24,always remote-sim,remote-sim,-0.2269801273425851,0,0
20,14,24,always local-sim,local-sim,-6.488583502319384,1,0
20,14,24,always fallback,fallback,-0.21941924668167445,0,0
20,14,25,P1,fallback,-0.1881892297791199,0,0
20,14,25,utility-only,fallback,-0.1881892297791199,0,0
20,14,25,logged-IPW,fallback,-0.1881892297791199,0,0
20,14,25,LinUCB,fallback,-0.1881892297791199,0,0
20,14,25,Pareto,fallback,-0.1881892297791199,0,0
20,14,25,oracle,fallback,-0.1881892297791199,0,0
20,14,25,train-selected fixed,fallback,-0.1881892297791199,0,0
20,14,25,always invoke-QPU,invoke-QPU,-7.728537590517293,1,1
20,14,25,always remote-sim,remote-sim,-12.627810129361935,1,0
20,14,25,always local-sim,local-sim,-6.654992432647783,1,0
20,14,25,always fallback,fallback,-0.1881892297791199,0,0
20,14,26,P1,fallback,-0.20980146877175793,0,0
20,14,26,utility-only,fallback,-0.20980146877175793,0,0
20,14,26,logged-IPW,fallback,-0.20980146877175793,0,0
20,14,26,LinUCB,fallback,-0.20980146877175793,0,0
20,14,26,Pareto,fallback,-0.20980146877175793,0,0
20,14,26,oracle,fallback,-0.20980146877175793,0,0
20,14,26,train-selected fixed,fallback,-0.20980146877175793,0,0
20,14,26,always invoke-QPU,invoke-QPU,-7.318385063051768,1,1
20,14,26,always remote-sim,remote-sim,-11.291058001471269,1,1
20,14,26,always local-sim,local-sim,-5.865791477818933,1,0
20,14,26,always fallback,fallback,-0.20980146877175793,0,0
20,14,27,P1,remote-sim,-0.22925087495032181,0,0
20,14,27,utility-only,remote-sim,-0.22925087495032181,0,0
20,14,27,logged-IPW,fallback,-0.2173285049598116,0,0
20,14,27,LinUCB,fallback,-0.2173285049598116,0,0
20,14,27,Pareto,remote-sim,-0.22925087495032181,0,0
20,14,27,oracle,invoke-QPU,-0.1796531499991581,0,0
20,14,27,train-selected fixed,fallback,-0.2173285049598116,0,0
20,14,27,always invoke-QPU,invoke-QPU,-0.1796531499991581,0,0
20,14,27,always remote-sim,remote-sim,-0.22925087495032181,0,0
20,14,27,always local-sim,local-sim,-6.334489277492177,1,0
20,14,27,always fallback,fallback,-0.2173285049598116,0,0
20,14,28,P1,invoke-QPU,-0.14729837619686176,0,0
20,14,28,utility-only,invoke-QPU,-0.14729837619686176,0,0
20,14,28,logged-IPW,fallback,-0.1968150021294733,0,0
20,14,28,LinUCB,remote-sim,-0.22905941371953573,0,0
20,14,28,Pareto,remote-sim,-0.22905941371953573,0,0
20,14,28,oracle,invoke-QPU,-0.14729837619686176,0,0
20,14,28,train-selected fixed,fallback,-0.1968150021294733,0,0
20,14,28,always invoke-QPU,invoke-QPU,-0.14729837619686176,0,0
20,14,28,always remote-sim,remote-sim,-0.22905941371953573,0,0
20,14,28,always local-sim,local-sim,-8.269837316987422,1,0
20,14,28,always fallback,fallback,-0.1968150021294733,0,0
20,14,29,P1,invoke-QPU,-0.13061379098134554,0,0
20,14,29,utility-only,invoke-QPU,-0.13061379098134554,0,0
20,14,29,logged-IPW,invoke-QPU,-0.13061379098134554,0,0
20,14,29,LinUCB,remote-sim,-0.19313130680171292,0,0
20,14,29,Pareto,remote-sim,-0.19313130680171292,0,0
20,14,29,oracle,invoke-QPU,-0.13061379098134554,0,0
20,14,29,train-selected fixed,fallback,-0.21922952846192592,0,0
20,14,29,always invoke-QPU,invoke-QPU,-0.13061379098134554,0,0
20,14,29,always remote-sim,remote-sim,-0.19313130680171292,0,0
20,14,29,always local-sim,local-sim,-5.381903744899086,1,0
20,14,29,always fallback,fallback,-0.21922952846192592,0,0
20,15,0,P1,remote-sim,-0.1381676319570025,0,0
20,15,0,utility-only,remote-sim,-0.1381676319570025,0,0
20,15,0,logged-IPW,fallback,-0.18254321867773468,0,0
20,15,0,LinUCB,fallback,-0.18254321867773468,0,0
20,15,0,Pareto,remote-sim,-0.1381676319570025,0,0
20,15,0,oracle,remote-sim,-0.1381676319570025,0,0
20,15,0,train-selected fixed,fallback,-0.18254321867773468,0,0
20,15,0,always invoke-QPU,invoke-QPU,-0.22613161773368956,0,0
20,15,0,always remote-sim,remote-sim,-0.1381676319570025,0,0
20,15,0,always local-sim,local-sim,-7.787313168610008,1,0
20,15,0,always fallback,fallback,-0.18254321867773468,0,0
20,15,1,P1,invoke-QPU,-0.12258260451931796,0,0
20,15,1,utility-only,invoke-QPU,-0.12258260451931796,0,0
20,15,1,logged-IPW,remote-sim,-0.16883947040069325,0,0
20,15,1,LinUCB,remote-sim,-0.16883947040069325,0,0
20,15,1,Pareto,remote-sim,-0.16883947040069325,0,0
20,15,1,oracle,invoke-QPU,-0.12258260451931796,0,0
20,15,1,train-selected fixed,fallback,-0.19908203030712582,0,0
20,15,1,always invoke-QPU,invoke-QPU,-0.12258260451931796,0,0
20,15,1,always remote-sim,remote-sim,-0.16883947040069325,0,0
20,15,1,always local-sim,local-sim,-6.326359382269652,1,0
20,15,1,always fallback,fallback,-0.19908203030712582,0,0
20,15,2,P1,fallback,-0.19677763770343148,0,0
20,15,2,utility-only,fallback,-0.19677763770343148,0,0
20,15,2,logged-IPW,invoke-QPU,-0.13861951167658962,0,0
20,15,2,LinUCB,invoke-QPU,-0.13861951167658962,0,0
20,15,2,Pareto,remote-sim,-0.2934983130600086,0,0
20,15,2,oracle,invoke-QPU,-0.13861951167658962,0,0
20,15,2,train-selected fixed,fallback,-0.19677763770343148,0,0
20,15,2,always invoke-QPU,invoke-QPU,-0.13861951167658962,0,0
20,15,2,always remote-sim,remote-sim,-0.2934983130600086,0,0
20,15,2,always local-sim,local-sim,-5.695775390622883,1,0
20,15,2,always fallback,fallback,-0.19677763770343148,0,0
20,15,3,P1,remote-sim,-0.1422706015867068,0,0
20,15,3,utility-only,remote-sim,-0.1422706015867068,0,0
20,15,3,logged-IPW,fallback,-0.1788937890407652,0,0
20,15,3,LinUCB,fallback,-0.1788937890407652,0,0
20,15,3,Pareto,remote-sim,-0.1422706015867068,0,0
20,15,3,oracle,remote-sim,-0.1422706015867068,0,0
20,15,3,train-selected fixed,fallback,-0.1788937890407652,0,0
20,15,3,always invoke-QPU,invoke-QPU,-0.15880622324049642,0,0
20,15,3,always remote-sim,remote-sim,-0.1422706015867068,0,0
20,15,3,always local-sim,local-sim,-4.931157943598344,1,0
20,15,3,always fallback,fallback,-0.1788937890407652,0,0
20,15,4,P1,fallback,-0.18854542827046195,0,0
20,15,4,utility-only,fallback,-0.18854542827046195,0,0
20,15,4,logged-IPW,fallback,-0.18854542827046195,0,0
20,15,4,LinUCB,fallback,-0.18854542827046195,0,0
20,15,4,Pareto,invoke-QPU,-7.404898873277402,1,1
20,15,4,oracle,fallback,-0.18854542827046195,0,0
20,15,4,train-selected fixed,fallback,-0.18854542827046195,0,0
20,15,4,always invoke-QPU,invoke-QPU,-7.404898873277402,1,1
20,15,4,always remote-sim,remote-sim,-8.968102534394676,1,0
20,15,4,always local-sim,local-sim,-5.574763459040044,1,0
20,15,4,always fallback,fallback,-0.18854542827046195,0,0
20,15,5,P1,invoke-QPU,-0.13437735140390836,0,0
20,15,5,utility-only,invoke-QPU,-0.13437735140390836,0,0
20,15,5,logged-IPW,fallback,-0.20492814867380643,0,0
20,15,5,LinUCB,fallback,-0.20492814867380643,0,0
20,15,5,Pareto,remote-sim,-0.1789468004426411,0,0
20,15,5,oracle,invoke-QPU,-0.13437735140390836,0,0
20,15,5,train-selected fixed,fallback,-0.20492814867380643,0,0
20,15,5,always invoke-QPU,invoke-QPU,-0.13437735140390836,0,0
20,15,5,always remote-sim,remote-sim,-0.1789468004426411,0,0
20,15,5,always local-sim,local-sim,-5.165555461293172,1,0
20,15,5,always fallback,fallback,-0.20492814867380643,0,0
20,15,6,P1,fallback,-0.20367183778957956,0,0
20,15,6,utility-only,fallback,-0.20367183778957956,0,0
20,15,6,logged-IPW,fallback,-0.20367183778957956,0,0
20,15,6,LinUCB,fallback,-0.20367183778957956,0,0
20,15,6,Pareto,fallback,-0.20367183778957956,0,0
20,15,6,oracle,fallback,-0.20367183778957956,0,0
20,15,6,train-selected fixed,fallback,-0.20367183778957956,0,0
20,15,6,always invoke-QPU,invoke-QPU,-2.180868923250947,1,0
20,15,6,always remote-sim,remote-sim,-3.4788141465707674,0,0
20,15,6,always local-sim,local-sim,-5.02400875119373,1,0
20,15,6,always fallback,fallback,-0.20367183778957956,0,0
20,15,7,P1,fallback,-0.20727059781197393,0,0
20,15,7,utility-only,fallback,-0.20727059781197393,0,0
20,15,7,logged-IPW,fallback,-0.20727059781197393,0,0
20,15,7,LinUCB,fallback,-0.20727059781197393,0,0
20,15,7,Pareto,invoke-QPU,-7.149211620006175,1,1
20,15,7,oracle,fallback,-0.20727059781197393,0,0
20,15,7,train-selected fixed,fallback,-0.20727059781197393,0,0
20,15,7,always invoke-QPU,invoke-QPU,-7.149211620006175,1,1
20,15,7,always remote-sim,remote-sim,-4.579714914215914,1,0
20,15,7,always local-sim,local-sim,-4.84918924225882,1,0
20,15,7,always fallback,fallback,-0.20727059781197393,0,0
20,15,8,P1,fallback,-0.2048805263192565,0,0
20,15,8,utility-only,fallback,-0.2048805263192565,0,0
20,15,8,logged-IPW,fallback,-0.2048805263192565,0,0
20,15,8,LinUCB,fallback,-0.2048805263192565,0,0
20,15,8,Pareto,remote-sim,-0.3524989283696613,0,0
20,15,8,oracle,invoke-QPU,-0.14389226953526252,0,0
20,15,8,train-selected fixed,fallback,-0.2048805263192565,0,0
20,15,8,always invoke-QPU,invoke-QPU,-0.14389226953526252,0,0
20,15,8,always remote-sim,remote-sim,-0.3524989283696613,0,0
20,15,8,always local-sim,local-sim,-6.582823265646346,1,0
20,15,8,always fallback,fallback,-0.2048805263192565,0,0
20,15,9,P1,remote-sim,-0.1389228558506565,0,0
20,15,9,utility-only,remote-sim,-0.1389228558506565,0,0
20,15,9,logged-IPW,fallback,-0.20601304682573252,0,0
20,15,9,LinUCB,remote-sim,-0.1389228558506565,0,0
20,15,9,Pareto,remote-sim,-0.1389228558506565,0,0
20,15,9,oracle,remote-sim,-0.1389228558506565,0,0
20,15,9,train-selected fixed,fallback,-0.20601304682573252,0,0
20,15,9,always invoke-QPU,invoke-QPU,-0.15956460732439232,0,0
20,15,9,always remote-sim,remote-sim,-0.1389228558506565,0,0
20,15,9,always local-sim,local-sim,-8.070890565183648,1,0
20,15,9,always fallback,fallback,-0.20601304682573252,0,0
20,15,10,P1,fallback,-0.18619576395162546,0,0
20,15,10,utility-only,fallback,-0.18619576395162546,0,0
20,15,10,logged-IPW,fallback,-0.18619576395162546,0,0
20,15,10,LinUCB,fallback,-0.18619576395162546,0,0
20,15,10,Pareto,fallback,-0.18619576395162546,0,0
20,15,10,oracle,fallback,-0.18619576395162546,0,0
20,15,10,train-selected fixed,fallback,-0.18619576395162546,0,0
20,15,10,always invoke-QPU,invoke-QPU,-7.261349083347175,1,1
20,15,10,always remote-sim,remote-sim,-6.877058183701519,1,0
20,15,10,always local-sim,local-sim,-5.215186771461143,1,0
20,15,10,always fallback,fallback,-0.18619576395162546,0,0
20,15,11,P1,remote-sim,-0.1804032151058018,0,0
20,15,11,utility-only,remote-sim,-0.1804032151058018,0,0
20,15,11,logged-IPW,fallback,-0.21547047926723187,0,0
20,15,11,LinUCB,fallback,-0.21547047926723187,0,0
20,15,11,Pareto,remote-sim,-0.1804032151058018,0,0
20,15,11,oracle,invoke-QPU,-0.17648617087920154,0,0
20,15,11,train-selected fixed,fallback,-0.21547047926723187,0,0
20,15,11,always invoke-QPU,invoke-QPU,-0.17648617087920154,0,0
20,15,11,always remote-sim,remote-sim,-0.1804032151058018,0,0
20,15,11,always local-sim,local-sim,-7.429405025287231,1,0
20,15,11,always fallback,fallback,-0.21547047926723187,0,0
20,15,12,P1,invoke-QPU,-0.1506283756355335,0,0
20,15,12,utility-only,invoke-QPU,-0.1506283756355335,0,0
20,15,12,logged-IPW,fallback,-0.1824895099573244,0,0
20,15,12,LinUCB,remote-sim,-0.17375911943919148,0,0
20,15,12,Pareto,remote-sim,-0.17375911943919148,0,0
20,15,12,oracle,invoke-QPU,-0.1506283756355335,0,0
20,15,12,train-selected fixed,fallback,-0.1824895099573244,0,0
20,15,12,always invoke-QPU,invoke-QPU,-0.1506283756355335,0,0
20,15,12,always remote-sim,remote-sim,-0.17375911943919148,0,0
20,15,12,always local-sim,local-sim,-8.625788434503399,1,0
20,15,12,always fallback,fallback,-0.1824895099573244,0,0
20,15,13,P1,fallback,-0.20049625766517354,0,0
20,15,13,utility-only,fallback,-0.20049625766517354,0,0
20,15,13,logged-IPW,fallback,-0.20049625766517354,0,0
20,15,13,LinUCB,fallback,-0.20049625766517354,0,0
20,15,13,Pareto,remote-sim,-0.2923600788205926,0,0
20,15,13,oracle,invoke-QPU,-0.19690691586194892,0,0
20,15,13,train-selected fixed,fallback,-0.20049625766517354,0,0
20,15,13,always invoke-QPU,invoke-QPU,-0.19690691586194892,0,0
20,15,13,always remote-sim,remote-sim,-0.2923600788205926,0,0
20,15,13,always local-sim,local-sim,-6.761672579816431,1,0
20,15,13,always fallback,fallback,-0.20049625766517354,0,0
20,15,14,P1,remote-sim,-0.15799370488018175,0,0
20,15,14,utility-only,remote-sim,-0.15799370488018175,0,0
20,15,14,logged-IPW,fallback,-0.18203819640768476,0,0
20,15,14,LinUCB,remote-sim,-0.15799370488018175,0,0
20,15,14,Pareto,remote-sim,-0.15799370488018175,0,0
20,15,14,oracle,remote-sim,-0.15799370488018175,0,0
20,15,14,train-selected fixed,fallback,-0.18203819640768476,0,0
20,15,14,always invoke-QPU,invoke-QPU,-2.1160272387237606,1,0
20,15,14,always remote-sim,remote-sim,-0.15799370488018175,0,0
20,15,14,always local-sim,local-sim,-4.695592028469301,1,0
20,15,14,always fallback,fallback,-0.18203819640768476,0,0
20,15,15,P1,remote-sim,-0.1413329943780337,0,0
20,15,15,utility-only,remote-sim,-0.1413329943780337,0,0
20,15,15,logged-IPW,fallback,-0.20137113195860215,0,0
20,15,15,LinUCB,fallback,-0.20137113195860215,0,0
20,15,15,Pareto,remote-sim,-0.1413329943780337,0,0
20,15,15,oracle,remote-sim,-0.1413329943780337,0,0
20,15,15,train-selected fixed,fallback,-0.20137113195860215,0,0
20,15,15,always invoke-QPU,invoke-QPU,-0.16500678742307912,0,0
20,15,15,always remote-sim,remote-sim,-0.1413329943780337,0,0
20,15,15,always local-sim,local-sim,-8.083670503944681,1,0
20,15,15,always fallback,fallback,-0.20137113195860215,0,0
20,15,16,P1,remote-sim,-0.20216119653513487,0,0
20,15,16,utility-only,remote-sim,-0.20216119653513487,0,0
20,15,16,logged-IPW,fallback,-0.2226439136107927,0,0
20,15,16,LinUCB,fallback,-0.2226439136107927,0,0
20,15,16,Pareto,remote-sim,-0.20216119653513487,0,0
20,15,16,oracle,invoke-QPU,-0.12396507254049677,0,0
20,15,16,train-selected fixed,fallback,-0.2226439136107927,0,0
20,15,16,always invoke-QPU,invoke-QPU,-0.12396507254049677,0,0
20,15,16,always remote-sim,remote-sim,-0.20216119653513487,0,0
20,15,16,always local-sim,local-sim,-5.286809557579151,1,0
20,15,16,always fallback,fallback,-0.2226439136107927,0,0
20,15,17,P1,fallback,-0.18949175255631537,0,0
20,15,17,utility-only,fallback,-0.18949175255631537,0,0
20,15,17,logged-IPW,fallback,-0.18949175255631537,0,0
20,15,17,LinUCB,fallback,-0.18949175255631537,0,0
20,15,17,Pareto,invoke-QPU,-0.13297204677376254,0,0
20,15,17,oracle,invoke-QPU,-0.13297204677376254,0,0
20,15,17,train-selected fixed,fallback,-0.18949175255631537,0,0
20,15,17,always invoke-QPU,invoke-QPU,-0.13297204677376254,0,0
20,15,17,always remote-sim,remote-sim,-0.33737255902179447,0,0
20,15,17,always local-sim,local-sim,-5.086614432477139,1,0
20,15,17,always fallback,fallback,-0.18949175255631537,0,0
20,15,18,P1,fallback,-0.21249333334458942,0,0
20,15,18,utility-only,fallback,-0.21249333334458942,0,0
20,15,18,logged-IPW,fallback,-0.21249333334458942,0,0
20,15,18,LinUCB,fallback,-0.21249333334458942,0,0
20,15,18,Pareto,fallback,-0.21249333334458942,0,0
20,15,18,oracle,fallback,-0.21249333334458942,0,0
20,15,18,train-selected fixed,fallback,-0.21249333334458942,0,0
20,15,18,always invoke-QPU,invoke-QPU,-2.427231962623844,1,0
20,15,18,always remote-sim,remote-sim,-5.766404550534462,1,0
20,15,18,always local-sim,local-sim,-7.568739733910887,1,0
20,15,18,always fallback,fallback,-0.21249333334458942,0,0
20,15,19,P1,invoke-QPU,-0.12936456864091198,0,0
20,15,19,utility-only,invoke-QPU,-0.12936456864091198,0,0
20,15,19,logged-IPW,fallback,-0.18816312324667456,0,0
20,15,19,LinUCB,fallback,-0.18816312324667456,0,0
20,15,19,Pareto,remote-sim,-0.24383480817609005,0,0
20,15,19,oracle,invoke-QPU,-0.12936456864091198,0,0
20,15,19,train-selected fixed,fallback,-0.18816312324667456,0,0
20,15,19,always invoke-QPU,invoke-QPU,-0.12936456864091198,0,0
20,15,19,always remote-sim,remote-sim,-0.24383480817609005,0,0
20,15,19,always local-sim,local-sim,-6.764959150576894,1,0
20,15,19,always fallback,fallback,-0.18816312324667456,0,0
20,15,20,P1,fallback,-0.20944074521012168,0,0
20,15,20,utility-only,fallback,-0.20944074521012168,0,0
20,15,20,logged-IPW,fallback,-0.20944074521012168,0,0
20,15,20,LinUCB,remote-sim,-0.31298678367349264,0,0
20,15,20,Pareto,remote-sim,-0.31298678367349264,0,0
20,15,20,oracle,invoke-QPU,-0.15253147437713355,0,0
20,15,20,train-selected fixed,fallback,-0.20944074521012168,0,0
20,15,20,always invoke-QPU,invoke-QPU,-0.15253147437713355,0,0
20,15,20,always remote-sim,remote-sim,-0.31298678367349264,0,0
20,15,20,always local-sim,local-sim,-7.1918102428592245,1,0
20,15,20,always fallback,fallback,-0.20944074521012168,0,0
20,15,21,P1,fallback,-0.2150051449779565,0,0
20,15,21,utility-only,fallback,-0.2150051449779565,0,0
20,15,21,logged-IPW,fallback,-0.2150051449779565,0,0
20,15,21,LinUCB,fallback,-0.2150051449779565,0,0
20,15,21,Pareto,fallback,-0.2150051449779565,0,0
20,15,21,oracle,fallback,-0.2150051449779565,0,0
20,15,21,train-selected fixed,fallback,-0.2150051449779565,0,0
20,15,21,always invoke-QPU,invoke-QPU,-7.4092635596433265,1,1
20,15,21,always remote-sim,remote-sim,-10.621044513637202,1,1
20,15,21,always local-sim,local-sim,-7.231940051130405,1,0
20,15,21,always fallback,fallback,-0.2150051449779565,0,0
20,15,22,P1,invoke-QPU,-0.11729696594357422,0,0
20,15,22,utility-only,invoke-QPU,-0.11729696594357422,0,0
20,15,22,logged-IPW,fallback,-0.1891762926624865,0,0
20,15,22,LinUCB,remote-sim,-0.16624834365638697,0,0
20,15,22,Pareto,remote-sim,-0.16624834365638697,0,0
20,15,22,oracle,invoke-QPU,-0.11729696594357422,0,0
20,15,22,train-selected fixed,fallback,-0.1891762926624865,0,0
20,15,22,always invoke-QPU,invoke-QPU,-0.11729696594357422,0,0
20,15,22,always remote-sim,remote-sim,-0.16624834365638697,0,0
20,15,22,always local-sim,local-sim,-4.982774608995009,1,0
20,15,22,always fallback,fallback,-0.1891762926624865,0,0
20,15,23,P1,fallback,-0.20014213642516826,0,0
20,15,23,utility-only,fallback,-0.20014213642516826,0,0
20,15,23,logged-IPW,fallback,-0.20014213642516826,0,0
20,15,23,LinUCB,fallback,-0.20014213642516826,0,0
20,15,23,Pareto,invoke-QPU,-2.1467659197312865,1,0
20,15,23,oracle,fallback,-0.20014213642516826,0,0
20,15,23,train-selected fixed,fallback,-0.20014213642516826,0,0
20,15,23,always invoke-QPU,invoke-QPU,-2.1467659197312865,1,0
20,15,23,always remote-sim,remote-sim,-5.354340255849182,1,0
20,15,23,always local-sim,local-sim,-4.533648764055641,1,0
20,15,23,always fallback,fallback,-0.20014213642516826,0,0
20,15,24,P1,invoke-QPU,-0.1557350505327083,0,0
20,15,24,utility-only,invoke-QPU,-0.1557350505327083,0,0
20,15,24,logged-IPW,fallback,-0.22529551671607795,0,0
20,15,24,LinUCB,fallback,-0.22529551671607795,0,0
20,15,24,Pareto,remote-sim,-0.16110033583576497,0,0
20,15,24,oracle,invoke-QPU,-0.1557350505327083,0,0
20,15,24,train-selected fixed,fallback,-0.22529551671607795,0,0
20,15,24,always invoke-QPU,invoke-QPU,-0.1557350505327083,0,0
20,15,24,always remote-sim,remote-sim,-0.16110033583576497,0,0
20,15,24,always local-sim,local-sim,-7.533168803355068,1,0
20,15,24,always fallback,fallback,-0.22529551671607795,0,0
20,15,25,P1,fallback,-0.2181492336215614,0,0
20,15,25,utility-only,fallback,-0.2181492336215614,0,0
20,15,25,logged-IPW,fallback,-0.2181492336215614,0,0
20,15,25,LinUCB,fallback,-0.2181492336215614,0,0
20,15,25,Pareto,invoke-QPU,-7.903363615384872,1,1
20,15,25,oracle,fallback,-0.2181492336215614,0,0
20,15,25,train-selected fixed,fallback,-0.2181492336215614,0,0
20,15,25,always invoke-QPU,invoke-QPU,-7.903363615384872,1,1
20,15,25,always remote-sim,remote-sim,-15.938698146542272,1,1
20,15,25,always local-sim,local-sim,-7.786333242415049,1,0
20,15,25,always fallback,fallback,-0.2181492336215614,0,0
20,15,26,P1,invoke-QPU,-0.15500695437300901,0,0
20,15,26,utility-only,invoke-QPU,-0.15500695437300901,0,0
20,15,26,logged-IPW,fallback,-0.20139275035650034,0,0
20,15,26,LinUCB,remote-sim,-0.18294838537510677,0,0
20,15,26,Pareto,remote-sim,-0.18294838537510677,0,0
20,15,26,oracle,invoke-QPU,-0.15500695437300901,0,0
20,15,26,train-selected fixed,fallback,-0.20139275035650034,0,0
20,15,26,always invoke-QPU,invoke-QPU,-0.15500695437300901,0,0
20,15,26,always remote-sim,remote-sim,-0.18294838537510677,0,0
20,15,26,always local-sim,local-sim,-7.74061011906288,1,0
20,15,26,always fallback,fallback,-0.20139275035650034,0,0
20,15,27,P1,invoke-QPU,-0.1375851933519422,0,0
20,15,27,utility-only,invoke-QPU,-0.1375851933519422,0,0
20,15,27,logged-IPW,invoke-QPU,-0.1375851933519422,0,0
20,15,27,LinUCB,fallback,-0.21093673391720902,0,0
20,15,27,Pareto,remote-sim,-0.22774695900541503,0,0
20,15,27,oracle,invoke-QPU,-0.1375851933519422,0,0
20,15,27,train-selected fixed,fallback,-0.21093673391720902,0,0
20,15,27,always invoke-QPU,invoke-QPU,-0.1375851933519422,0,0
20,15,27,always remote-sim,remote-sim,-0.22774695900541503,0,0
20,15,27,always local-sim,local-sim,-6.216522086577108,1,0
20,15,27,always fallback,fallback,-0.21093673391720902,0,0
20,15,28,P1,invoke-QPU,-0.13387652491471552,0,0
20,15,28,utility-only,invoke-QPU,-0.13387652491471552,0,0
20,15,28,logged-IPW,fallback,-0.1829214011130818,0,0
20,15,28,LinUCB,remote-sim,-0.2590306273423127,0,0
20,15,28,Pareto,remote-sim,-0.2590306273423127,0,0
20,15,28,oracle,invoke-QPU,-0.13387652491471552,0,0
20,15,28,train-selected fixed,fallback,-0.1829214011130818,0,0
20,15,28,always invoke-QPU,invoke-QPU,-0.13387652491471552,0,0
20,15,28,always remote-sim,remote-sim,-0.2590306273423127,0,0
20,15,28,always local-sim,local-sim,-5.962277258726724,1,0
20,15,28,always fallback,fallback,-0.1829214011130818,0,0
20,15,29,P1,fallback,-0.2133615236424328,0,0
20,15,29,utility-only,fallback,-0.2133615236424328,0,0
20,15,29,logged-IPW,fallback,-0.2133615236424328,0,0
20,15,29,LinUCB,fallback,-0.2133615236424328,0,0
20,15,29,Pareto,remote-sim,-0.3094200461682608,0,0
20,15,29,oracle,fallback,-0.2133615236424328,0,0
20,15,29,train-selected fixed,fallback,-0.2133615236424328,0,0
20,15,29,always invoke-QPU,invoke-QPU,-2.18876318647018,1,0
20,15,29,always remote-sim,remote-sim,-0.3094200461682608,0,0
20,15,29,always local-sim,local-sim,-7.252142334146205,1,0
20,15,29,always fallback,fallback,-0.2133615236424328,0,0
20,16,0,P1,fallback,-0.19072361874266264,0,0
20,16,0,utility-only,fallback,-0.19072361874266264,0,0
20,16,0,logged-IPW,fallback,-0.19072361874266264,0,0
20,16,0,LinUCB,fallback,-0.19072361874266264,0,0
20,16,0,Pareto,fallback,-0.19072361874266264,0,0
20,16,0,oracle,fallback,-0.19072361874266264,0,0
20,16,0,train-selected fixed,fallback,-0.19072361874266264,0,0
20,16,0,always invoke-QPU,invoke-QPU,-8.178765501304532,1,1
20,16,0,always remote-sim,remote-sim,-18.88022648874119,1,1
20,16,0,always local-sim,local-sim,-7.77061517963076,1,0
20,16,0,always fallback,fallback,-0.19072361874266264,0,0
20,16,1,P1,fallback,-0.20336153093383155,0,0
20,16,1,utility-only,fallback,-0.20336153093383155,0,0
20,16,1,logged-IPW,fallback,-0.20336153093383155,0,0
20,16,1,LinUCB,fallback,-0.20336153093383155,0,0
20,16,1,Pareto,invoke-QPU,-2.8835466336476316,1,0
20,16,1,oracle,fallback,-0.20336153093383155,0,0
20,16,1,train-selected fixed,fallback,-0.20336153093383155,0,0
20,16,1,always invoke-QPU,invoke-QPU,-2.8835466336476316,1,0
20,16,1,always remote-sim,remote-sim,-8.858480405035909,1,0
20,16,1,always local-sim,local-sim,-9.011639808157959,1,0
20,16,1,always fallback,fallback,-0.20336153093383155,0,0
20,16,2,P1,fallback,-0.2089230321154771,0,0
20,16,2,utility-only,fallback,-0.2089230321154771,0,0
20,16,2,logged-IPW,fallback,-0.2089230321154771,0,0
20,16,2,LinUCB,fallback,-0.2089230321154771,0,0
20,16,2,Pareto,invoke-QPU,-7.487144070340088,1,1
20,16,2,oracle,fallback,-0.2089230321154771,0,0
20,16,2,train-selected fixed,fallback,-0.2089230321154771,0,0
20,16,2,always invoke-QPU,invoke-QPU,-7.487144070340088,1,1
20,16,2,always remote-sim,remote-sim,-6.64533918102855,1,0
20,16,2,always local-sim,local-sim,-7.254228014933512,1,0
20,16,2,always fallback,fallback,-0.2089230321154771,0,0
20,16,3,P1,fallback,-0.193356329599569,0,0
20,16,3,utility-only,fallback,-0.193356329599569,0,0
20,16,3,logged-IPW,fallback,-0.193356329599569,0,0
20,16,3,LinUCB,fallback,-0.193356329599569,0,0
20,16,3,Pareto,invoke-QPU,-7.319790959076036,1,1
20,16,3,oracle,fallback,-0.193356329599569,0,0
20,16,3,train-selected fixed,fallback,-0.193356329599569,0,0
20,16,3,always invoke-QPU,invoke-QPU,-7.319790959076036,1,1
20,16,3,always remote-sim,remote-sim,-11.010896154573656,1,1
20,16,3,always local-sim,local-sim,-6.241294052344987,1,0
20,16,3,always fallback,fallback,-0.193356329599569,0,0
20,16,4,P1,fallback,-0.1969038724419237,0,0
20,16,4,utility-only,fallback,-0.1969038724419237,0,0
20,16,4,logged-IPW,fallback,-0.1969038724419237,0,0
20,16,4,LinUCB,fallback,-0.1969038724419237,0,0
20,16,4,Pareto,fallback,-0.1969038724419237,0,0
20,16,4,oracle,fallback,-0.1969038724419237,0,0
20,16,4,train-selected fixed,fallback,-0.1969038724419237,0,0
20,16,4,always invoke-QPU,invoke-QPU,-7.381096651640062,1,1
20,16,4,always remote-sim,remote-sim,-12.404346147911928,1,1
20,16,4,always local-sim,local-sim,-6.174791386408462,1,0
20,16,4,always fallback,fallback,-0.1969038724419237,0,0
20,16,5,P1,remote-sim,-0.10630586420472293,0,0
20,16,5,utility-only,remote-sim,-0.10630586420472293,0,0
20,16,5,logged-IPW,fallback,-0.19798809454632646,0,0
20,16,5,LinUCB,remote-sim,-0.10630586420472293,0,0
20,16,5,Pareto,remote-sim,-0.10630586420472293,0,0
20,16,5,oracle,remote-sim,-0.10630586420472293,0,0
20,16,5,train-selected fixed,fallback,-0.19798809454632646,0,0
20,16,5,always invoke-QPU,invoke-QPU,-0.15322484623118027,0,0
20,16,5,always remote-sim,remote-sim,-0.10630586420472293,0,0
20,16,5,always local-sim,local-sim,-8.016833817093815,1,0
20,16,5,always fallback,fallback,-0.19798809454632646,0,0
20,16,6,P1,invoke-QPU,-0.13784378231106897,0,0
20,16,6,utility-only,invoke-QPU,-0.13784378231106897,0,0
20,16,6,logged-IPW,fallback,-0.2058347044825596,0,0
20,16,6,LinUCB,fallback,-0.2058347044825596,0,0
20,16,6,Pareto,remote-sim,-0.2102449375262534,0,0
20,16,6,oracle,invoke-QPU,-0.13784378231106897,0,0
20,16,6,train-selected fixed,fallback,-0.2058347044825596,0,0
20,16,6,always invoke-QPU,invoke-QPU,-0.13784378231106897,0,0
20,16,6,always remote-sim,remote-sim,-0.2102449375262534,0,0
20,16,6,always local-sim,local-sim,-5.8496799556671135,1,0
20,16,6,always fallback,fallback,-0.2058347044825596,0,0
20,16,7,P1,remote-sim,-0.224112236566598,0,0
20,16,7,utility-only,remote-sim,-0.224112236566598,0,0
20,16,7,logged-IPW,fallback,-0.21448080893027371,0,0
20,16,7,LinUCB,fallback,-0.21448080893027371,0,0
20,16,7,Pareto,remote-sim,-0.224112236566598,0,0
20,16,7,oracle,invoke-QPU,-0.1570598795189555,0,0
20,16,7,train-selected fixed,fallback,-0.21448080893027371,0,0
20,16,7,always invoke-QPU,invoke-QPU,-0.1570598795189555,0,0
20,16,7,always remote-sim,remote-sim,-0.224112236566598,0,0
20,16,7,always local-sim,local-sim,-8.253401563139718,1,0
20,16,7,always fallback,fallback,-0.21448080893027371,0,0
20,16,8,P1,fallback,-0.1955393578273255,0,0
20,16,8,utility-only,fallback,-0.1955393578273255,0,0
20,16,8,logged-IPW,fallback,-0.1955393578273255,0,0
20,16,8,LinUCB,fallback,-0.1955393578273255,0,0
20,16,8,Pareto,remote-sim,-0.2725306618895336,0,0
20,16,8,oracle,fallback,-0.1955393578273255,0,0
20,16,8,train-selected fixed,fallback,-0.1955393578273255,0,0
20,16,8,always invoke-QPU,invoke-QPU,-0.21288958455470375,0,0
20,16,8,always remote-sim,remote-sim,-0.2725306618895336,0,0
20,16,8,always local-sim,local-sim,-8.88804986609712,1,0
20,16,8,always fallback,fallback,-0.1955393578273255,0,0
20,16,9,P1,fallback,-0.19429337700866017,0,0
20,16,9,utility-only,fallback,-0.19429337700866017,0,0
20,16,9,logged-IPW,fallback,-0.19429337700866017,0,0
20,16,9,LinUCB,fallback,-0.19429337700866017,0,0
20,16,9,Pareto,remote-sim,-0.29809263014404064,0,0
20,16,9,oracle,fallback,-0.19429337700866017,0,0
20,16,9,train-selected fixed,fallback,-0.19429337700866017,0,0
20,16,9,always invoke-QPU,invoke-QPU,-2.1689069478849197,1,0
20,16,9,always remote-sim,remote-sim,-0.29809263014404064,0,0
20,16,9,always local-sim,local-sim,-6.573279142229805,1,0
20,16,9,always fallback,fallback,-0.19429337700866017,0,0
20,16,10,P1,fallback,-0.21063674987762843,0,0
20,16,10,utility-only,fallback,-0.21063674987762843,0,0
20,16,10,logged-IPW,fallback,-0.21063674987762843,0,0
20,16,10,LinUCB,fallback,-0.21063674987762843,0,0
20,16,10,Pareto,invoke-QPU,-5.253738569139548,0,1
20,16,10,oracle,fallback,-0.21063674987762843,0,0
20,16,10,train-selected fixed,fallback,-0.21063674987762843,0,0
20,16,10,always invoke-QPU,invoke-QPU,-5.253738569139548,0,1
20,16,10,always remote-sim,remote-sim,-3.181125680027406,0,0
20,16,10,always local-sim,local-sim,-6.12732943411449,1,0
20,16,10,always fallback,fallback,-0.21063674987762843,0,0
20,16,11,P1,invoke-QPU,-0.13856442758569792,0,0
20,16,11,utility-only,invoke-QPU,-0.13856442758569792,0,0
20,16,11,logged-IPW,fallback,-0.20618247532921974,0,0
20,16,11,LinUCB,fallback,-0.20618247532921974,0,0
20,16,11,Pareto,remote-sim,-0.29855319287530235,0,0
20,16,11,oracle,invoke-QPU,-0.13856442758569792,0,0
20,16,11,train-selected fixed,fallback,-0.20618247532921974,0,0
20,16,11,always invoke-QPU,invoke-QPU,-0.13856442758569792,0,0
20,16,11,always remote-sim,remote-sim,-0.29855319287530235,0,0
20,16,11,always local-sim,local-sim,-7.064821372798028,1,0
20,16,11,always fallback,fallback,-0.20618247532921974,0,0
20,16,12,P1,remote-sim,-0.15662147781203278,0,0
20,16,12,utility-only,remote-sim,-0.15662147781203278,0,0
20,16,12,logged-IPW,remote-sim,-0.15662147781203278,0,0
20,16,12,LinUCB,fallback,-0.20682112968641908,0,0
20,16,12,Pareto,remote-sim,-0.15662147781203278,0,0
20,16,12,oracle,remote-sim,-0.15662147781203278,0,0
20,16,12,train-selected fixed,fallback,-0.20682112968641908,0,0
20,16,12,always invoke-QPU,invoke-QPU,-2.3367398499604883,1,0
20,16,12,always remote-sim,remote-sim,-0.15662147781203278,0,0
20,16,12,always local-sim,local-sim,-8.178107684901704,1,0
20,16,12,always fallback,fallback,-0.20682112968641908,0,0
20,16,13,P1,fallback,-0.21541881775144875,0,0
20,16,13,utility-only,fallback,-0.21541881775144875,0,0
20,16,13,logged-IPW,fallback,-0.21541881775144875,0,0
20,16,13,LinUCB,fallback,-0.21541881775144875,0,0
20,16,13,Pareto,fallback,-0.21541881775144875,0,0
20,16,13,oracle,fallback,-0.21541881775144875,0,0
20,16,13,train-selected fixed,fallback,-0.21541881775144875,0,0
20,16,13,always invoke-QPU,invoke-QPU,-2.2361321545460506,1,0
20,16,13,always remote-sim,remote-sim,-9.907641906925369,0,1
20,16,13,always local-sim,local-sim,-5.102651215822541,1,0
20,16,13,always fallback,fallback,-0.21541881775144875,0,0
20,16,14,P1,fallback,-0.20185475601425887,0,0
20,16,14,utility-only,fallback,-0.20185475601425887,0,0
20,16,14,logged-IPW,fallback,-0.20185475601425887,0,0
20,16,14,LinUCB,fallback,-0.20185475601425887,0,0
20,16,14,Pareto,invoke-QPU,-2.205759448087721,1,0
20,16,14,oracle,fallback,-0.20185475601425887,0,0
20,16,14,train-selected fixed,fallback,-0.20185475601425887,0,0
20,16,14,always invoke-QPU,invoke-QPU,-2.205759448087721,1,0
20,16,14,always remote-sim,remote-sim,-5.921333880094829,1,0
20,16,14,always local-sim,local-sim,-5.0096309111503725,1,0
20,16,14,always fallback,fallback,-0.20185475601425887,0,0
20,16,15,P1,fallback,-0.19527910236716362,0,0
20,16,15,utility-only,fallback,-0.19527910236716362,0,0
20,16,15,logged-IPW,fallback,-0.19527910236716362,0,0
20,16,15,LinUCB,fallback,-0.19527910236716362,0,0
20,16,15,Pareto,remote-sim,-0.22319667513883623,0,0
20,16,15,oracle,fallback,-0.19527910236716362,0,0
20,16,15,train-selected fixed,fallback,-0.19527910236716362,0,0
20,16,15,always invoke-QPU,invoke-QPU,-0.2461841411063343,0,0
20,16,15,always remote-sim,remote-sim,-0.22319667513883623,0,0
20,16,15,always local-sim,local-sim,-7.600766546701685,1,0
20,16,15,always fallback,fallback,-0.19527910236716362,0,0
20,16,16,P1,invoke-QPU,-0.11416993925617945,0,0
20,16,16,utility-only,invoke-QPU,-0.11416993925617945,0,0
20,16,16,logged-IPW,fallback,-0.19949300258371602,0,0
20,16,16,LinUCB,remote-sim,-0.2624224334258778,0,0
20,16,16,Pareto,remote-sim,-0.2624224334258778,0,0
20,16,16,oracle,invoke-QPU,-0.11416993925617945,0,0
20,16,16,train-selected fixed,fallback,-0.19949300258371602,0,0
20,16,16,always invoke-QPU,invoke-QPU,-0.11416993925617945,0,0
20,16,16,always remote-sim,remote-sim,-0.2624224334258778,0,0
20,16,16,always local-sim,local-sim,-4.660786566169228,1,0
20,16,16,always fallback,fallback,-0.19949300258371602,0,0
20,16,17,P1,remote-sim,-0.13282376494686485,0,0
20,16,17,utility-only,remote-sim,-0.13282376494686485,0,0
20,16,17,logged-IPW,fallback,-0.20079888831221174,0,0
20,16,17,LinUCB,remote-sim,-0.13282376494686485,0,0
20,16,17,Pareto,remote-sim,-0.13282376494686485,0,0
20,16,17,oracle,invoke-QPU,-0.12659761350532994,0,0
20,16,17,train-selected fixed,fallback,-0.20079888831221174,0,0
20,16,17,always invoke-QPU,invoke-QPU,-0.12659761350532994,0,0
20,16,17,always remote-sim,remote-sim,-0.13282376494686485,0,0
20,16,17,always local-sim,local-sim,-5.0473512062156125,1,0
20,16,17,always fallback,fallback,-0.20079888831221174,0,0
20,16,18,P1,remote-sim,-0.1708566842328343,0,0
20,16,18,utility-only,remote-sim,-0.1708566842328343,0,0
20,16,18,logged-IPW,fallback,-0.19908120295183676,0,0
20,16,18,LinUCB,remote-sim,-0.1708566842328343,0,0
20,16,18,Pareto,remote-sim,-0.1708566842328343,0,0
20,16,18,oracle,remote-sim,-0.1708566842328343,0,0
20,16,18,train-selected fixed,fallback,-0.19908120295183676,0,0
20,16,18,always invoke-QPU,invoke-QPU,-2.117127278917612,1,0
20,16,18,always remote-sim,remote-sim,-0.1708566842328343,0,0
20,16,18,always local-sim,local-sim,-5.097189766044547,1,0
20,16,18,always fallback,fallback,-0.19908120295183676,0,0
20,16,19,P1,fallback,-0.20559137847117293,0,0
20,16,19,utility-only,fallback,-0.20559137847117293,0,0
20,16,19,logged-IPW,fallback,-0.20559137847117293,0,0
20,16,19,LinUCB,fallback,-0.20559137847117293,0,0
20,16,19,Pareto,remote-sim,-0.27423108205443014,0,0
20,16,19,oracle,fallback,-0.20559137847117293,0,0
20,16,19,train-selected fixed,fallback,-0.20559137847117293,0,0
20,16,19,always invoke-QPU,invoke-QPU,-2.130236753536486,1,0
20,16,19,always remote-sim,remote-sim,-0.27423108205443014,0,0
20,16,19,always local-sim,local-sim,-5.504207832447489,1,0
20,16,19,always fallback,fallback,-0.20559137847117293,0,0
20,16,20,P1,fallback,-0.18992193022455015,0,0
20,16,20,utility-only,fallback,-0.18992193022455015,0,0
20,16,20,logged-IPW,fallback,-0.18992193022455015,0,0
20,16,20,LinUCB,remote-sim,-0.22190785663553222,0,0
20,16,20,Pareto,remote-sim,-0.22190785663553222,0,0
20,16,20,oracle,fallback,-0.18992193022455015,0,0
20,16,20,train-selected fixed,fallback,-0.18992193022455015,0,0
20,16,20,always invoke-QPU,invoke-QPU,-2.1554270566290006,1,0
20,16,20,always remote-sim,remote-sim,-0.22190785663553222,0,0
20,16,20,always local-sim,local-sim,-8.790175648586718,1,0
20,16,20,always fallback,fallback,-0.18992193022455015,0,0
20,16,21,P1,fallback,-0.1887750822023827,0,0
20,16,21,utility-only,fallback,-0.1887750822023827,0,0
20,16,21,logged-IPW,fallback,-0.1887750822023827,0,0
20,16,21,LinUCB,fallback,-0.1887750822023827,0,0
20,16,21,Pareto,remote-sim,-0.23099054557240056,0,0
20,16,21,oracle,fallback,-0.1887750822023827,0,0
20,16,21,train-selected fixed,fallback,-0.1887750822023827,0,0
20,16,21,always invoke-QPU,invoke-QPU,-0.24611991379272874,0,0
20,16,21,always remote-sim,remote-sim,-0.23099054557240056,0,0
20,16,21,always local-sim,local-sim,-7.882673305637625,1,0
20,16,21,always fallback,fallback,-0.1887750822023827,0,0
20,16,22,P1,fallback,-0.1916617774382704,0,0
20,16,22,utility-only,fallback,-0.1916617774382704,0,0
20,16,22,logged-IPW,fallback,-0.1916617774382704,0,0
20,16,22,LinUCB,fallback,-0.1916617774382704,0,0
20,16,22,Pareto,invoke-QPU,-2.1959553055059726,1,0
20,16,22,oracle,fallback,-0.1916617774382704,0,0
20,16,22,train-selected fixed,fallback,-0.1916617774382704,0,0
20,16,22,always invoke-QPU,invoke-QPU,-2.1959553055059726,1,0
20,16,22,always remote-sim,remote-sim,-9.652131352277692,1,1
20,16,22,always local-sim,local-sim,-5.18581203545048,1,0
20,16,22,always fallback,fallback,-0.1916617774382704,0,0
20,16,23,P1,remote-sim,-0.14312845467238866,0,0
20,16,23,utility-only,remote-sim,-0.14312845467238866,0,0
20,16,23,logged-IPW,fallback,-0.18300774608712364,0,0
20,16,23,LinUCB,remote-sim,-0.14312845467238866,0,0
20,16,23,Pareto,remote-sim,-0.14312845467238866,0,0
20,16,23,oracle,remote-sim,-0.14312845467238866,0,0
20,16,23,train-selected fixed,fallback,-0.18300774608712364,0,0
20,16,23,always invoke-QPU,invoke-QPU,-0.155702409626784,0,0
20,16,23,always remote-sim,remote-sim,-0.14312845467238866,0,0
20,16,23,always local-sim,local-sim,-7.599900453350771,1,0
20,16,23,always fallback,fallback,-0.18300774608712364,0,0
20,16,24,P1,fallback,-0.19450724288011723,0,0
20,16,24,utility-only,fallback,-0.19450724288011723,0,0
20,16,24,logged-IPW,fallback,-0.19450724288011723,0,0
20,16,24,LinUCB,remote-sim,-0.22152335896300385,0,0
20,16,24,Pareto,remote-sim,-0.22152335896300385,0,0
20,16,24,oracle,fallback,-0.19450724288011723,0,0
20,16,24,train-selected fixed,fallback,-0.19450724288011723,0,0
20,16,24,always invoke-QPU,invoke-QPU,-2.192411315077167,1,0
20,16,24,always remote-sim,remote-sim,-0.22152335896300385,0,0
20,16,24,always local-sim,local-sim,-8.725865811971365,1,0
20,16,24,always fallback,fallback,-0.19450724288011723,0,0
20,16,25,P1,invoke-QPU,-0.1649029107748065,0,0
20,16,25,utility-only,invoke-QPU,-0.1649029107748065,0,0
20,16,25,logged-IPW,fallback,-0.1998225706810469,0,0
20,16,25,LinUCB,fallback,-0.1998225706810469,0,0
20,16,25,Pareto,remote-sim,-0.2455217252293289,0,0
20,16,25,oracle,invoke-QPU,-0.1649029107748065,0,0
20,16,25,train-selected fixed,fallback,-0.1998225706810469,0,0
20,16,25,always invoke-QPU,invoke-QPU,-0.1649029107748065,0,0
20,16,25,always remote-sim,remote-sim,-0.2455217252293289,0,0
20,16,25,always local-sim,local-sim,-5.598335071875993,1,0
20,16,25,always fallback,fallback,-0.1998225706810469,0,0
20,16,26,P1,fallback,-0.19424147507859693,0,0
20,16,26,utility-only,fallback,-0.19424147507859693,0,0
20,16,26,logged-IPW,fallback,-0.19424147507859693,0,0
20,16,26,LinUCB,fallback,-0.19424147507859693,0,0
20,16,26,Pareto,invoke-QPU,-0.3635728446070738,0,0
20,16,26,oracle,fallback,-0.19424147507859693,0,0
20,16,26,train-selected fixed,fallback,-0.19424147507859693,0,0
20,16,26,always invoke-QPU,invoke-QPU,-0.3635728446070738,0,0
20,16,26,always remote-sim,remote-sim,-7.128276624655546,0,1
20,16,26,always local-sim,local-sim,-7.63482303859042,1,0
20,16,26,always fallback,fallback,-0.19424147507859693,0,0
20,16,27,P1,invoke-QPU,-0.14594510823907875,0,0
20,16,27,utility-only,invoke-QPU,-0.14594510823907875,0,0
20,16,27,logged-IPW,fallback,-0.1994254431819022,0,0
20,16,27,LinUCB,remote-sim,-0.19593110402323688,0,0
20,16,27,Pareto,remote-sim,-0.19593110402323688,0,0
20,16,27,oracle,invoke-QPU,-0.14594510823907875,0,0
20,16,27,train-selected fixed,fallback,-0.1994254431819022,0,0
20,16,27,always invoke-QPU,invoke-QPU,-0.14594510823907875,0,0
20,16,27,always remote-sim,remote-sim,-0.19593110402323688,0,0
20,16,27,always local-sim,local-sim,-7.041690068083238,1,0
20,16,27,always fallback,fallback,-0.1994254431819022,0,0
20,16,28,P1,invoke-QPU,-0.12265344113241308,0,0
20,16,28,utility-only,invoke-QPU,-0.12265344113241308,0,0
20,16,28,logged-IPW,invoke-QPU,-0.12265344113241308,0,0
20,16,28,LinUCB,remote-sim,-0.2218426589238873,0,0
20,16,28,Pareto,remote-sim,-0.2218426589238873,0,0
20,16,28,oracle,invoke-QPU,-0.12265344113241308,0,0
20,16,28,train-selected fixed,fallback,-0.20331930345310859,0,0
20,16,28,always invoke-QPU,invoke-QPU,-0.12265344113241308,0,0
20,16,28,always remote-sim,remote-sim,-0.2218426589238873,0,0
20,16,28,always local-sim,local-sim,-6.022847229094366,1,0
20,16,28,always fallback,fallback,-0.20331930345310859,0,0
20,16,29,P1,invoke-QPU,-0.15762009576587244,0,0
20,16,29,utility-only,invoke-QPU,-0.15762009576587244,0,0
20,16,29,logged-IPW,fallback,-0.2044448213242051,0,0
20,16,29,LinUCB,invoke-QPU,-0.15762009576587244,0,0
20,16,29,Pareto,remote-sim,-0.204745386766228,0,0
20,16,29,oracle,invoke-QPU,-0.15762009576587244,0,0
20,16,29,train-selected fixed,fallback,-0.2044448213242051,0,0
20,16,29,always invoke-QPU,invoke-QPU,-0.15762009576587244,0,0
20,16,29,always remote-sim,remote-sim,-0.204745386766228,0,0
20,16,29,always local-sim,local-sim,-6.012131722379244,1,0
20,16,29,always fallback,fallback,-0.2044448213242051,0,0
20,17,0,P1,remote-sim,-0.1499705398252107,0,0
20,17,0,utility-only,remote-sim,-0.1499705398252107,0,0
20,17,0,logged-IPW,fallback,-0.20081710540164496,0,0
20,17,0,LinUCB,fallback,-0.20081710540164496,0,0
20,17,0,Pareto,remote-sim,-0.1499705398252107,0,0
20,17,0,oracle,remote-sim,-0.1499705398252107,0,0
20,17,0,train-selected fixed,fallback,-0.20081710540164496,0,0
20,17,0,always invoke-QPU,invoke-QPU,-0.17399372325458712,0,0
20,17,0,always remote-sim,remote-sim,-0.1499705398252107,0,0
20,17,0,always local-sim,local-sim,-7.679454899716642,1,0
20,17,0,always fallback,fallback,-0.20081710540164496,0,0
20,17,1,P1,invoke-QPU,-0.1422287874455063,0,0
20,17,1,utility-only,invoke-QPU,-0.1422287874455063,0,0
20,17,1,logged-IPW,fallback,-0.19059032004472315,0,0
20,17,1,LinUCB,remote-sim,-0.14132914906857097,0,0
20,17,1,Pareto,remote-sim,-0.14132914906857097,0,0
20,17,1,oracle,remote-sim,-0.14132914906857097,0,0
20,17,1,train-selected fixed,fallback,-0.19059032004472315,0,0
20,17,1,always invoke-QPU,invoke-QPU,-0.1422287874455063,0,0
20,17,1,always remote-sim,remote-sim,-0.14132914906857097,0,0
20,17,1,always local-sim,local-sim,-5.6018629144604,1,0
20,17,1,always fallback,fallback,-0.19059032004472315,0,0
20,17,2,P1,invoke-QPU,-0.12046104815445381,0,0
20,17,2,utility-only,invoke-QPU,-0.12046104815445381,0,0
20,17,2,logged-IPW,fallback,-0.1897262183202923,0,0
20,17,2,LinUCB,remote-sim,-0.13341972713909,0,0
20,17,2,Pareto,remote-sim,-0.13341972713909,0,0
20,17,2,oracle,invoke-QPU,-0.12046104815445381,0,0
20,17,2,train-selected fixed,fallback,-0.1897262183202923,0,0
20,17,2,always invoke-QPU,invoke-QPU,-0.12046104815445381,0,0
20,17,2,always remote-sim,remote-sim,-0.13341972713909,0,0
20,17,2,always local-sim,local-sim,-7.017941454389954,1,0
20,17,2,always fallback,fallback,-0.1897262183202923,0,0
20,17,3,P1,fallback,-0.22486181410099523,0,0
20,17,3,utility-only,fallback,-0.22486181410099523,0,0
20,17,3,logged-IPW,fallback,-0.22486181410099523,0,0
20,17,3,LinUCB,invoke-QPU,-0.19311195400885173,0,0
20,17,3,Pareto,remote-sim,-0.28383449189629806,0,0
20,17,3,oracle,invoke-QPU,-0.19311195400885173,0,0
20,17,3,train-selected fixed,fallback,-0.22486181410099523,0,0
20,17,3,always invoke-QPU,invoke-QPU,-0.19311195400885173,0,0
20,17,3,always remote-sim,remote-sim,-0.28383449189629806,0,0
20,17,3,always local-sim,local-sim,-7.966747938541234,1,0
20,17,3,always fallback,fallback,-0.22486181410099523,0,0
20,17,4,P1,invoke-QPU,-0.13219779344306506,0,0
20,17,4,utility-only,invoke-QPU,-0.13219779344306506,0,0
20,17,4,logged-IPW,invoke-QPU,-0.13219779344306506,0,0
20,17,4,LinUCB,fallback,-0.22405977362952498,0,0
20,17,4,Pareto,remote-sim,-0.21950327332269107,0,0
20,17,4,oracle,invoke-QPU,-0.13219779344306506,0,0
20,17,4,train-selected fixed,fallback,-0.22405977362952498,0,0
20,17,4,always invoke-QPU,invoke-QPU,-0.13219779344306506,0,0
20,17,4,always remote-sim,remote-sim,-0.21950327332269107,0,0
20,17,4,always local-sim,local-sim,-8.073765889587486,1,0
20,17,4,always fallback,fallback,-0.22405977362952498,0,0
20,17,5,P1,remote-sim,-0.17234482683005659,0,0
20,17,5,utility-only,remote-sim,-0.17234482683005659,0,0
20,17,5,logged-IPW,fallback,-0.18854653707285243,0,0
20,17,5,LinUCB,fallback,-0.18854653707285243,0,0
20,17,5,Pareto,remote-sim,-0.17234482683005659,0,0
20,17,5,oracle,remote-sim,-0.17234482683005659,0,0
20,17,5,train-selected fixed,fallback,-0.18854653707285243,0,0
20,17,5,always invoke-QPU,invoke-QPU,-0.1965657337504349,0,0
20,17,5,always remote-sim,remote-sim,-0.17234482683005659,0,0
20,17,5,always local-sim,local-sim,-7.089167827315022,1,0
20,17,5,always fallback,fallback,-0.18854653707285243,0,0
20,17,6,P1,fallback,-0.19055222693364557,0,0
20,17,6,utility-only,fallback,-0.19055222693364557,0,0
20,17,6,logged-IPW,fallback,-0.19055222693364557,0,0
20,17,6,LinUCB,fallback,-0.19055222693364557,0,0
20,17,6,Pareto,remote-sim,-0.3157690968071938,0,0
20,17,6,oracle,fallback,-0.19055222693364557,0,0
20,17,6,train-selected fixed,fallback,-0.19055222693364557,0,0
20,17,6,always invoke-QPU,invoke-QPU,-2.2999566696970613,1,0
20,17,6,always remote-sim,remote-sim,-0.3157690968071938,0,0
20,17,6,always local-sim,local-sim,-8.226459993404642,1,0
20,17,6,always fallback,fallback,-0.19055222693364557,0,0
20,17,7,P1,fallback,-0.1974192764212696,0,0
20,17,7,utility-only,fallback,-0.1974192764212696,0,0
20,17,7,logged-IPW,fallback,-0.1974192764212696,0,0
20,17,7,LinUCB,fallback,-0.1974192764212696,0,0
20,17,7,Pareto,remote-sim,-0.33129777213183753,0,0
20,17,7,oracle,fallback,-0.1974192764212696,0,0
20,17,7,train-selected fixed,fallback,-0.1974192764212696,0,0
20,17,7,always invoke-QPU,invoke-QPU,-2.149871847277884,1,0
20,17,7,always remote-sim,remote-sim,-0.33129777213183753,0,0
20,17,7,always local-sim,local-sim,-5.719831779899062,1,0
20,17,7,always fallback,fallback,-0.1974192764212696,0,0
20,17,8,P1,fallback,-0.1907501412161229,0,0
20,17,8,utility-only,fallback,-0.1907501412161229,0,0
20,17,8,logged-IPW,fallback,-0.1907501412161229,0,0
20,17,8,LinUCB,remote-sim,-0.24202204284510648,0,0
20,17,8,Pareto,remote-sim,-0.24202204284510648,0,0
20,17,8,oracle,fallback,-0.1907501412161229,0,0
20,17,8,train-selected fixed,fallback,-0.1907501412161229,0,0
20,17,8,always invoke-QPU,invoke-QPU,-2.123935095044511,1,0
20,17,8,always remote-sim,remote-sim,-0.24202204284510648,0,0
20,17,8,always local-sim,local-sim,-6.37016443486133,1,0
20,17,8,always fallback,fallback,-0.1907501412161229,0,0
20,17,9,P1,invoke-QPU,-0.11396629303098385,0,0
20,17,9,utility-only,invoke-QPU,-0.11396629303098385,0,0
20,17,9,logged-IPW,fallback,-0.1934103200135991,0,0
20,17,9,LinUCB,remote-sim,-0.3104351767105663,0,0
20,17,9,Pareto,remote-sim,-0.3104351767105663,0,0
20,17,9,oracle,invoke-QPU,-0.11396629303098385,0,0
20,17,9,train-selected fixed,fallback,-0.1934103200135991,0,0
20,17,9,always invoke-QPU,invoke-QPU,-0.11396629303098385,0,0
20,17,9,always remote-sim,remote-sim,-0.3104351767105663,0,0
20,17,9,always local-sim,local-sim,-4.598608366697132,1,0
20,17,9,always fallback,fallback,-0.1934103200135991,0,0
20,17,10,P1,fallback,-0.22242773758268078,0,0
20,17,10,utility-only,fallback,-0.22242773758268078,0,0
20,17,10,logged-IPW,fallback,-0.22242773758268078,0,0
20,17,10,LinUCB,fallback,-0.22242773758268078,0,0
20,17,10,Pareto,fallback,-0.22242773758268078,0,0
20,17,10,oracle,fallback,-0.22242773758268078,0,0
20,17,10,train-selected fixed,fallback,-0.22242773758268078,0,0
20,17,10,always invoke-QPU,invoke-QPU,-7.550520517494048,1,1
20,17,10,always remote-sim,remote-sim,-11.664554829045064,1,1
20,17,10,always local-sim,local-sim,-8.178332787588676,1,0
20,17,10,always fallback,fallback,-0.22242773758268078,0,0
20,17,11,P1,fallback,-0.1884426852432386,0,0
20,17,11,utility-only,fallback,-0.1884426852432386,0,0
20,17,11,logged-IPW,fallback,-0.1884426852432386,0,0
20,17,11,LinUCB,fallback,-0.1884426852432386,0,0
20,17,11,Pareto,invoke-QPU,-7.139126386673258,1,1
20,17,11,oracle,fallback,-0.1884426852432386,0,0
20,17,11,train-selected fixed,fallback,-0.1884426852432386,0,0
20,17,11,always invoke-QPU,invoke-QPU,-7.139126386673258,1,1
20,17,11,always remote-sim,remote-sim,-5.241047594783136,1,0
20,17,11,always local-sim,local-sim,-4.591981230653431,1,0
20,17,11,always fallback,fallback,-0.1884426852432386,0,0
20,17,12,P1,remote-sim,-0.12312592795544429,0,0
20,17,12,utility-only,remote-sim,-0.12312592795544429,0,0
20,17,12,logged-IPW,remote-sim,-0.12312592795544429,0,0
20,17,12,LinUCB,fallback,-0.21269508327098147,0,0
20,17,12,Pareto,remote-sim,-0.12312592795544429,0,0
20,17,12,oracle,remote-sim,-0.12312592795544429,0,0
20,17,12,train-selected fixed,fallback,-0.21269508327098147,0,0
20,17,12,always invoke-QPU,invoke-QPU,-0.13310505050274457,0,0
20,17,12,always remote-sim,remote-sim,-0.12312592795544429,0,0
20,17,12,always local-sim,local-sim,-7.142705553109008,1,0
20,17,12,always fallback,fallback,-0.21269508327098147,0,0
20,17,13,P1,fallback,-0.20204012962986226,0,0
20,17,13,utility-only,fallback,-0.20204012962986226,0,0
20,17,13,logged-IPW,fallback,-0.20204012962986226,0,0
20,17,13,LinUCB,remote-sim,-0.234776170356293,0,0
20,17,13,Pareto,remote-sim,-0.234776170356293,0,0
20,17,13,oracle,fallback,-0.20204012962986226,0,0
20,17,13,train-selected fixed,fallback,-0.20204012962986226,0,0
20,17,13,always invoke-QPU,invoke-QPU,-2.179692465207971,1,0
20,17,13,always remote-sim,remote-sim,-0.234776170356293,0,0
20,17,13,always local-sim,local-sim,-8.128912509523879,1,0
20,17,13,always fallback,fallback,-0.20204012962986226,0,0
20,17,14,P1,invoke-QPU,-0.1225270985461676,0,0
20,17,14,utility-only,invoke-QPU,-0.1225270985461676,0,0
20,17,14,logged-IPW,invoke-QPU,-0.1225270985461676,0,0
20,17,14,LinUCB,remote-sim,-0.1683881327869681,0,0
20,17,14,Pareto,remote-sim,-0.1683881327869681,0,0
20,17,14,oracle,invoke-QPU,-0.1225270985461676,0,0
20,17,14,train-selected fixed,fallback,-0.1909436933816564,0,0
20,17,14,always invoke-QPU,invoke-QPU,-0.1225270985461676,0,0
20,17,14,always remote-sim,remote-sim,-0.1683881327869681,0,0
20,17,14,always local-sim,local-sim,-6.951045916468427,1,0
20,17,14,always fallback,fallback,-0.1909436933816564,0,0
20,17,15,P1,remote-sim,-0.1627938834243265,0,0
20,17,15,utility-only,remote-sim,-0.1627938834243265,0,0
20,17,15,logged-IPW,fallback,-0.19870499907121975,0,0
20,17,15,LinUCB,fallback,-0.19870499907121975,0,0
20,17,15,Pareto,remote-sim,-0.1627938834243265,0,0
20,17,15,oracle,remote-sim,-0.1627938834243265,0,0
20,17,15,train-selected fixed,fallback,-0.19870499907121975,0,0
20,17,15,always invoke-QPU,invoke-QPU,-0.2069499543251928,0,0
20,17,15,always remote-sim,remote-sim,-0.1627938834243265,0,0
20,17,15,always local-sim,local-sim,-8.188886959697214,1,0
20,17,15,always fallback,fallback,-0.19870499907121975,0,0
20,17,16,P1,remote-sim,-0.19377058533830993,0,0
20,17,16,utility-only,remote-sim,-0.19377058533830993,0,0
20,17,16,logged-IPW,fallback,-0.22157758139431935,0,0
20,17,16,LinUCB,fallback,-0.22157758139431935,0,0
20,17,16,Pareto,remote-sim,-0.19377058533830993,0,0
20,17,16,oracle,invoke-QPU,-0.13599571385784537,0,0
20,17,16,train-selected fixed,fallback,-0.22157758139431935,0,0
20,17,16,always invoke-QPU,invoke-QPU,-0.13599571385784537,0,0
20,17,16,always remote-sim,remote-sim,-0.19377058533830993,0,0
20,17,16,always local-sim,local-sim,-5.1465368703692445,1,0
20,17,16,always fallback,fallback,-0.22157758139431935,0,0
20,17,17,P1,fallback,-0.18412574411558827,0,0
20,17,17,utility-only,fallback,-0.18412574411558827,0,0
20,17,17,logged-IPW,fallback,-0.18412574411558827,0,0
20,17,17,LinUCB,remote-sim,-0.2504306680404218,0,0
20,17,17,Pareto,remote-sim,-0.2504306680404218,0,0
20,17,17,oracle,invoke-QPU,-0.14764750109654143,0,0
20,17,17,train-selected fixed,fallback,-0.18412574411558827,0,0
20,17,17,always invoke-QPU,invoke-QPU,-0.14764750109654143,0,0
20,17,17,always remote-sim,remote-sim,-0.2504306680404218,0,0
20,17,17,always local-sim,local-sim,-5.8945850982683865,1,0
20,17,17,always fallback,fallback,-0.18412574411558827,0,0
20,17,18,P1,invoke-QPU,-0.1449745739755523,0,0
20,17,18,utility-only,invoke-QPU,-0.1449745739755523,0,0
20,17,18,logged-IPW,invoke-QPU,-0.1449745739755523,0,0
20,17,18,LinUCB,fallback,-0.21263604764988447,0,0
20,17,18,Pareto,remote-sim,-0.14402211709797014,0,0
20,17,18,oracle,remote-sim,-0.14402211709797014,0,0
20,17,18,train-selected fixed,fallback,-0.21263604764988447,0,0
20,17,18,always invoke-QPU,invoke-QPU,-0.1449745739755523,0,0
20,17,18,always remote-sim,remote-sim,-0.14402211709797014,0,0
20,17,18,always local-sim,local-sim,-6.958721614823959,1,0
20,17,18,always fallback,fallback,-0.21263604764988447,0,0
20,17,19,P1,fallback,-0.19344268392912453,0,0
20,17,19,utility-only,fallback,-0.19344268392912453,0,0
20,17,19,logged-IPW,fallback,-0.19344268392912453,0,0
20,17,19,LinUCB,invoke-QPU,-0.11795698695498437,0,0
20,17,19,Pareto,remote-sim,-0.38927776869460473,0,0
20,17,19,oracle,invoke-QPU,-0.11795698695498437,0,0
20,17,19,train-selected fixed,fallback,-0.19344268392912453,0,0
20,17,19,always invoke-QPU,invoke-QPU,-0.11795698695498437,0,0
20,17,19,always remote-sim,remote-sim,-0.38927776869460473,0,0
20,17,19,always local-sim,local-sim,-5.97319489258617,1,0
20,17,19,always fallback,fallback,-0.19344268392912453,0,0
20,17,20,P1,invoke-QPU,-0.11705609090209053,0,0
20,17,20,utility-only,invoke-QPU,-0.11705609090209053,0,0
20,17,20,logged-IPW,invoke-QPU,-0.11705609090209053,0,0
20,17,20,LinUCB,remote-sim,-0.21129848815930188,0,0
20,17,20,Pareto,remote-sim,-0.21129848815930188,0,0
20,17,20,oracle,invoke-QPU,-0.11705609090209053,0,0
20,17,20,train-selected fixed,fallback,-0.20917853583708274,0,0
20,17,20,always invoke-QPU,invoke-QPU,-0.11705609090209053,0,0
20,17,20,always remote-sim,remote-sim,-0.21129848815930188,0,0
20,17,20,always local-sim,local-sim,-4.817355788402988,1,0
20,17,20,always fallback,fallback,-0.20917853583708274,0,0
20,17,21,P1,remote-sim,-0.17714142937192093,0,0
20,17,21,utility-only,remote-sim,-0.17714142937192093,0,0
20,17,21,logged-IPW,remote-sim,-0.17714142937192093,0,0
20,17,21,LinUCB,fallback,-0.19963001869831062,0,0
20,17,21,Pareto,remote-sim,-0.17714142937192093,0,0
20,17,21,oracle,remote-sim,-0.17714142937192093,0,0
20,17,21,train-selected fixed,fallback,-0.19963001869831062,0,0
20,17,21,always invoke-QPU,invoke-QPU,-2.174129061493529,1,0
20,17,21,always remote-sim,remote-sim,-0.17714142937192093,0,0
20,17,21,always local-sim,local-sim,-7.743969548878704,1,0
20,17,21,always fallback,fallback,-0.19963001869831062,0,0
20,17,22,P1,fallback,-0.18644845570612,0,0
20,17,22,utility-only,fallback,-0.18644845570612,0,0
20,17,22,logged-IPW,fallback,-0.18644845570612,0,0
20,17,22,LinUCB,fallback,-0.18644845570612,0,0
20,17,22,Pareto,invoke-QPU,-2.5535324845119365,1,0
20,17,22,oracle,fallback,-0.18644845570612,0,0
20,17,22,train-selected fixed,fallback,-0.18644845570612,0,0
20,17,22,always invoke-QPU,invoke-QPU,-2.5535324845119365,1,0
20,17,22,always remote-sim,remote-sim,-6.70389179714635,0,0
20,17,22,always local-sim,local-sim,-7.007037444684795,1,0
20,17,22,always fallback,fallback,-0.18644845570612,0,0
20,17,23,P1,invoke-QPU,-0.16231156658464035,0,0
20,17,23,utility-only,invoke-QPU,-0.16231156658464035,0,0
20,17,23,logged-IPW,invoke-QPU,-0.16231156658464035,0,0
20,17,23,LinUCB,fallback,-0.20203175786957187,0,0
20,17,23,Pareto,remote-sim,-0.22623631847542894,0,0
20,17,23,oracle,invoke-QPU,-0.16231156658464035,0,0
20,17,23,train-selected fixed,fallback,-0.20203175786957187,0,0
20,17,23,always invoke-QPU,invoke-QPU,-0.16231156658464035,0,0
20,17,23,always remote-sim,remote-sim,-0.22623631847542894,0,0
20,17,23,always local-sim,local-sim,-6.6003370380266375,1,0
20,17,23,always fallback,fallback,-0.20203175786957187,0,0
20,17,24,P1,fallback,-0.21387570444733378,0,0
20,17,24,utility-only,fallback,-0.21387570444733378,0,0
20,17,24,logged-IPW,fallback,-0.21387570444733378,0,0
20,17,24,LinUCB,fallback,-0.21387570444733378,0,0
20,17,24,Pareto,fallback,-0.21387570444733378,0,0
20,17,24,oracle,fallback,-0.21387570444733378,0,0
20,17,24,train-selected fixed,fallback,-0.21387570444733378,0,0
20,17,24,always invoke-QPU,invoke-QPU,-7.238193140613285,1,1
20,17,24,always remote-sim,remote-sim,-10.111609572126733,1,1
20,17,24,always local-sim,local-sim,-5.235315928363758,1,0
20,17,24,always fallback,fallback,-0.21387570444733378,0,0
20,17,25,P1,invoke-QPU,-0.15086997096970942,0,0
20,17,25,utility-only,invoke-QPU,-0.15086997096970942,0,0
20,17,25,logged-IPW,fallback,-0.20193720902072912,0,0
20,17,25,LinUCB,fallback,-0.20193720902072912,0,0
20,17,25,Pareto,remote-sim,-0.277751178038837,0,0
20,17,25,oracle,invoke-QPU,-0.15086997096970942,0,0
20,17,25,train-selected fixed,fallback,-0.20193720902072912,0,0
20,17,25,always invoke-QPU,invoke-QPU,-0.15086997096970942,0,0
20,17,25,always remote-sim,remote-sim,-0.277751178038837,0,0
20,17,25,always local-sim,local-sim,-8.366623431683262,1,0
20,17,25,always fallback,fallback,-0.20193720902072912,0,0
20,17,26,P1,invoke-QPU,-0.1243716634107001,0,0
20,17,26,utility-only,invoke-QPU,-0.1243716634107001,0,0
20,17,26,logged-IPW,remote-sim,-0.1793447158723104,0,0
20,17,26,LinUCB,fallback,-0.2052684666641751,0,0
20,17,26,Pareto,remote-sim,-0.1793447158723104,0,0
20,17,26,oracle,invoke-QPU,-0.1243716634107001,0,0
20,17,26,train-selected fixed,fallback,-0.2052684666641751,0,0
20,17,26,always invoke-QPU,invoke-QPU,-0.1243716634107001,0,0
20,17,26,always remote-sim,remote-sim,-0.1793447158723104,0,0
20,17,26,always local-sim,local-sim,-5.729381689684617,1,0
20,17,26,always fallback,fallback,-0.2052684666641751,0,0
20,17,27,P1,fallback,-0.20800457810431772,0,0
20,17,27,utility-only,fallback,-0.20800457810431772,0,0
20,17,27,logged-IPW,fallback,-0.20800457810431772,0,0
20,17,27,LinUCB,fallback,-0.20800457810431772,0,0
20,17,27,Pareto,fallback,-0.20800457810431772,0,0
20,17,27,oracle,fallback,-0.20800457810431772,0,0
20,17,27,train-selected fixed,fallback,-0.20800457810431772,0,0
20,17,27,always invoke-QPU,invoke-QPU,-7.320087831987454,1,1
20,17,27,always remote-sim,remote-sim,-18.22988817044741,1,1
20,17,27,always local-sim,local-sim,-4.735317162886478,1,0
20,17,27,always fallback,fallback,-0.20800457810431772,0,0
20,17,28,P1,invoke-QPU,-0.12132512016191895,0,0
20,17,28,utility-only,invoke-QPU,-0.12132512016191895,0,0
20,17,28,logged-IPW,invoke-QPU,-0.12132512016191895,0,0
20,17,28,LinUCB,fallback,-0.21223594915805835,0,0
20,17,28,Pareto,remote-sim,-0.21049092809508926,0,0
20,17,28,oracle,invoke-QPU,-0.12132512016191895,0,0
20,17,28,train-selected fixed,fallback,-0.21223594915805835,0,0
20,17,28,always invoke-QPU,invoke-QPU,-0.12132512016191895,0,0
20,17,28,always remote-sim,remote-sim,-0.21049092809508926,0,0
20,17,28,always local-sim,local-sim,-4.660679142106638,1,0
20,17,28,always fallback,fallback,-0.21223594915805835,0,0
20,17,29,P1,invoke-QPU,-0.18513988205930965,0,0
20,17,29,utility-only,invoke-QPU,-0.18513988205930965,0,0
20,17,29,logged-IPW,fallback,-0.2272242656102732,0,0
20,17,29,LinUCB,fallback,-0.2272242656102732,0,0
20,17,29,Pareto,remote-sim,-0.19996577080666528,0,0
20,17,29,oracle,invoke-QPU,-0.18513988205930965,0,0
20,17,29,train-selected fixed,fallback,-0.2272242656102732,0,0
20,17,29,always invoke-QPU,invoke-QPU,-0.18513988205930965,0,0
20,17,29,always remote-sim,remote-sim,-0.19996577080666528,0,0
20,17,29,always local-sim,local-sim,-8.284241224184045,1,0
20,17,29,always fallback,fallback,-0.2272242656102732,0,0
20,18,0,P1,invoke-QPU,-0.15101782449050233,0,0
20,18,0,utility-only,invoke-QPU,-0.15101782449050233,0,0
20,18,0,logged-IPW,fallback,-0.21621984571791275,0,0
20,18,0,LinUCB,invoke-QPU,-0.15101782449050233,0,0
20,18,0,Pareto,remote-sim,-0.23269752626184048,0,0
20,18,0,oracle,invoke-QPU,-0.15101782449050233,0,0
20,18,0,train-selected fixed,fallback,-0.21621984571791275,0,0
20,18,0,always invoke-QPU,invoke-QPU,-0.15101782449050233,0,0
20,18,0,always remote-sim,remote-sim,-0.23269752626184048,0,0
20,18,0,always local-sim,local-sim,-5.505896009297543,1,0
20,18,0,always fallback,fallback,-0.21621984571791275,0,0
20,18,1,P1,remote-sim,-0.14459116957982604,0,0
20,18,1,utility-only,remote-sim,-0.14459116957982604,0,0
20,18,1,logged-IPW,fallback,-0.19268216386831089,0,0
20,18,1,LinUCB,fallback,-0.19268216386831089,0,0
20,18,1,Pareto,remote-sim,-0.14459116957982604,0,0
20,18,1,oracle,remote-sim,-0.14459116957982604,0,0
20,18,1,train-selected fixed,fallback,-0.19268216386831089,0,0
20,18,1,always invoke-QPU,invoke-QPU,-0.1926804143222986,0,0
20,18,1,always remote-sim,remote-sim,-0.14459116957982604,0,0
20,18,1,always local-sim,local-sim,-6.8209707786349405,1,0
20,18,1,always fallback,fallback,-0.19268216386831089,0,0
20,18,2,P1,fallback,-0.19756976049052605,0,0
20,18,2,utility-only,fallback,-0.19756976049052605,0,0
20,18,2,logged-IPW,fallback,-0.19756976049052605,0,0
20,18,2,LinUCB,fallback,-0.19756976049052605,0,0
20,18,2,Pareto,fallback,-0.19756976049052605,0,0
20,18,2,oracle,fallback,-0.19756976049052605,0,0
20,18,2,train-selected fixed,fallback,-0.19756976049052605,0,0
20,18,2,always invoke-QPU,invoke-QPU,-7.491437984274068,1,1
20,18,2,always remote-sim,remote-sim,-10.822130592703703,1,0
20,18,2,always local-sim,local-sim,-5.9342748926047335,1,0
20,18,2,always fallback,fallback,-0.19756976049052605,0,0
20,18,3,P1,invoke-QPU,-0.1402675016352833,0,0
20,18,3,utility-only,invoke-QPU,-0.1402675016352833,0,0
20,18,3,logged-IPW,invoke-QPU,-0.1402675016352833,0,0
20,18,3,LinUCB,fallback,-0.20327215295133927,0,0
20,18,3,Pareto,remote-sim,-0.19901088566967898,0,0
20,18,3,oracle,invoke-QPU,-0.1402675016352833,0,0
20,18,3,train-selected fixed,fallback,-0.20327215295133927,0,0
20,18,3,always invoke-QPU,invoke-QPU,-0.1402675016352833,0,0
20,18,3,always remote-sim,remote-sim,-0.19901088566967898,0,0
20,18,3,always local-sim,local-sim,-6.547900002760681,1,0
20,18,3,always fallback,fallback,-0.20327215295133927,0,0
20,18,4,P1,fallback,-0.19290031973810387,0,0
20,18,4,utility-only,fallback,-0.19290031973810387,0,0
20,18,4,logged-IPW,fallback,-0.19290031973810387,0,0
20,18,4,LinUCB,fallback,-0.19290031973810387,0,0
20,18,4,Pareto,fallback,-0.19290031973810387,0,0
20,18,4,oracle,fallback,-0.19290031973810387,0,0
20,18,4,train-selected fixed,fallback,-0.19290031973810387,0,0
20,18,4,always invoke-QPU,invoke-QPU,-7.696441644502341,1,1
20,18,4,always remote-sim,remote-sim,-10.713676930787704,0,1
20,18,4,always local-sim,local-sim,-8.556964351435946,1,0
20,18,4,always fallback,fallback,-0.19290031973810387,0,0
20,18,5,P1,fallback,-0.19232724134144016,0,0
20,18,5,utility-only,fallback,-0.19232724134144016,0,0
20,18,5,logged-IPW,fallback,-0.19232724134144016,0,0
20,18,5,LinUCB,fallback,-0.19232724134144016,0,0
20,18,5,Pareto,invoke-QPU,-2.382597408205704,1,0
20,18,5,oracle,fallback,-0.19232724134144016,0,0
20,18,5,train-selected fixed,fallback,-0.19232724134144016,0,0
20,18,5,always invoke-QPU,invoke-QPU,-2.382597408205704,1,0
20,18,5,always remote-sim,remote-sim,-9.347822061431938,1,0
20,18,5,always local-sim,local-sim,-5.590035424864377,1,0
20,18,5,always fallback,fallback,-0.19232724134144016,0,0
20,18,6,P1,fallback,-0.1999295860173539,0,0
20,18,6,utility-only,fallback,-0.1999295860173539,0,0
20,18,6,logged-IPW,fallback,-0.1999295860173539,0,0
20,18,6,LinUCB,fallback,-0.1999295860173539,0,0
20,18,6,Pareto,invoke-QPU,-7.245890582283788,1,1
20,18,6,oracle,fallback,-0.1999295860173539,0,0
20,18,6,train-selected fixed,fallback,-0.1999295860173539,0,0
20,18,6,always invoke-QPU,invoke-QPU,-7.245890582283788,1,1
20,18,6,always remote-sim,remote-sim,-7.474831916722566,0,1
20,18,6,always local-sim,local-sim,-5.4312670068456494,1,0
20,18,6,always fallback,fallback,-0.1999295860173539,0,0
20,18,7,P1,invoke-QPU,-0.17877953235553656,0,0
20,18,7,utility-only,invoke-QPU,-0.17877953235553656,0,0
20,18,7,logged-IPW,fallback,-0.21322472789830282,0,0
20,18,7,LinUCB,fallback,-0.21322472789830282,0,0
20,18,7,Pareto,remote-sim,-0.20107051316409305,0,0
20,18,7,oracle,invoke-QPU,-0.17877953235553656,0,0
20,18,7,train-selected fixed,fallback,-0.21322472789830282,0,0
20,18,7,always invoke-QPU,invoke-QPU,-0.17877953235553656,0,0
20,18,7,always remote-sim,remote-sim,-0.20107051316409305,0,0
20,18,7,always local-sim,local-sim,-7.729651516229597,1,0
20,18,7,always fallback,fallback,-0.21322472789830282,0,0
20,18,8,P1,fallback,-0.20089121393425416,0,0
20,18,8,utility-only,fallback,-0.20089121393425416,0,0
20,18,8,logged-IPW,fallback,-0.20089121393425416,0,0
20,18,8,LinUCB,remote-sim,-0.22499298037356047,0,0
20,18,8,Pareto,remote-sim,-0.22499298037356047,0,0
20,18,8,oracle,invoke-QPU,-0.10353712129773536,0,0
20,18,8,train-selected fixed,fallback,-0.20089121393425416,0,0
20,18,8,always invoke-QPU,invoke-QPU,-0.10353712129773536,0,0
20,18,8,always remote-sim,remote-sim,-0.22499298037356047,0,0
20,18,8,always local-sim,local-sim,-4.547881855679295,1,0
20,18,8,always fallback,fallback,-0.20089121393425416,0,0
20,18,9,P1,invoke-QPU,-0.16718369701538233,0,0
20,18,9,utility-only,invoke-QPU,-0.16718369701538233,0,0
20,18,9,logged-IPW,fallback,-0.2098427978187566,0,0
20,18,9,LinUCB,fallback,-0.2098427978187566,0,0
20,18,9,Pareto,remote-sim,-0.18218789380250022,0,0
20,18,9,oracle,invoke-QPU,-0.16718369701538233,0,0
20,18,9,train-selected fixed,fallback,-0.2098427978187566,0,0
20,18,9,always invoke-QPU,invoke-QPU,-0.16718369701538233,0,0
20,18,9,always remote-sim,remote-sim,-0.18218789380250022,0,0
20,18,9,always local-sim,local-sim,-7.934325386168288,1,0
20,18,9,always fallback,fallback,-0.2098427978187566,0,0
20,18,10,P1,fallback,-0.20840462177072394,0,0
20,18,10,utility-only,fallback,-0.20840462177072394,0,0
20,18,10,logged-IPW,fallback,-0.20840462177072394,0,0
20,18,10,LinUCB,fallback,-0.20840462177072394,0,0
20,18,10,Pareto,fallback,-0.20840462177072394,0,0
20,18,10,oracle,fallback,-0.20840462177072394,0,0
20,18,10,train-selected fixed,fallback,-0.20840462177072394,0,0
20,18,10,always invoke-QPU,invoke-QPU,-7.4868090330211485,1,1
20,18,10,always remote-sim,remote-sim,-11.82392375006441,1,1
20,18,10,always local-sim,local-sim,-6.687908940319932,1,0
20,18,10,always fallback,fallback,-0.20840462177072394,0,0
20,18,11,P1,fallback,-0.2248421792027206,0,0
20,18,11,utility-only,fallback,-0.2248421792027206,0,0
20,18,11,logged-IPW,fallback,-0.2248421792027206,0,0
20,18,11,LinUCB,fallback,-0.2248421792027206,0,0
20,18,11,Pareto,fallback,-0.2248421792027206,0,0
20,18,11,oracle,fallback,-0.2248421792027206,0,0
20,18,11,train-selected fixed,fallback,-0.2248421792027206,0,0
20,18,11,always invoke-QPU,invoke-QPU,-7.663306969473204,1,1
20,18,11,always remote-sim,remote-sim,-6.776273675840374,1,0
20,18,11,always local-sim,local-sim,-9.054765463030382,1,0
20,18,11,always fallback,fallback,-0.2248421792027206,0,0
20,18,12,P1,fallback,-0.18781796274878676,0,0
20,18,12,utility-only,fallback,-0.18781796274878676,0,0
20,18,12,logged-IPW,fallback,-0.18781796274878676,0,0
20,18,12,LinUCB,remote-sim,-0.2652717854067451,0,0
20,18,12,Pareto,remote-sim,-0.2652717854067451,0,0
20,18,12,oracle,invoke-QPU,-0.15234889088900472,0,0
20,18,12,train-selected fixed,fallback,-0.18781796274878676,0,0
20,18,12,always invoke-QPU,invoke-QPU,-0.15234889088900472,0,0
20,18,12,always remote-sim,remote-sim,-0.2652717854067451,0,0
20,18,12,always local-sim,local-sim,-7.498765501856672,1,0
20,18,12,always fallback,fallback,-0.18781796274878676,0,0
20,18,13,P1,invoke-QPU,-0.14568545006623868,0,0
20,18,13,utility-only,invoke-QPU,-0.14568545006623868,0,0
20,18,13,logged-IPW,fallback,-0.1946257315310039,0,0
20,18,13,LinUCB,remote-sim,-0.1876604608748458,0,0
20,18,13,Pareto,remote-sim,-0.1876604608748458,0,0
20,18,13,oracle,invoke-QPU,-0.14568545006623868,0,0
20,18,13,train-selected fixed,fallback,-0.1946257315310039,0,0
20,18,13,always invoke-QPU,invoke-QPU,-0.14568545006623868,0,0
20,18,13,always remote-sim,remote-sim,-0.1876604608748458,0,0
20,18,13,always local-sim,local-sim,-8.701692307240013,1,0
20,18,13,always fallback,fallback,-0.1946257315310039,0,0
20,18,14,P1,fallback,-0.18981539114297283,0,0
20,18,14,utility-only,fallback,-0.18981539114297283,0,0
20,18,14,logged-IPW,fallback,-0.18981539114297283,0,0
20,18,14,LinUCB,fallback,-0.18981539114297283,0,0
20,18,14,Pareto,invoke-QPU,-7.274097196175186,1,1
20,18,14,oracle,fallback,-0.18981539114297283,0,0
20,18,14,train-selected fixed,fallback,-0.18981539114297283,0,0
20,18,14,always invoke-QPU,invoke-QPU,-7.274097196175186,1,1
20,18,14,always remote-sim,remote-sim,-5.453679265922328,1,0
20,18,14,always local-sim,local-sim,-5.664122069801719,1,0
20,18,14,always fallback,fallback,-0.18981539114297283,0,0
20,18,15,P1,fallback,-0.204354590682388,0,0
20,18,15,utility-only,fallback,-0.204354590682388,0,0
20,18,15,logged-IPW,fallback,-0.204354590682388,0,0
20,18,15,LinUCB,fallback,-0.204354590682388,0,0
20,18,15,Pareto,fallback,-0.204354590682388,0,0
20,18,15,oracle,fallback,-0.204354590682388,0,0
20,18,15,train-selected fixed,fallback,-0.204354590682388,0,0
20,18,15,always invoke-QPU,invoke-QPU,-7.179236637872034,1,1
20,18,15,always remote-sim,remote-sim,-12.660807703189928,1,1
20,18,15,always local-sim,local-sim,-4.577571045534821,1,0
20,18,15,always fallback,fallback,-0.204354590682388,0,0
20,18,16,P1,invoke-QPU,-0.13379218905150975,0,0
20,18,16,utility-only,invoke-QPU,-0.13379218905150975,0,0
20,18,16,logged-IPW,fallback,-0.182579159487846,0,0
20,18,16,LinUCB,remote-sim,-0.26394059330046454,0,0
20,18,16,Pareto,remote-sim,-0.26394059330046454,0,0
20,18,16,oracle,invoke-QPU,-0.13379218905150975,0,0
20,18,16,train-selected fixed,fallback,-0.182579159487846,0,0
20,18,16,always invoke-QPU,invoke-QPU,-0.13379218905150975,0,0
20,18,16,always remote-sim,remote-sim,-0.26394059330046454,0,0
20,18,16,always local-sim,local-sim,-5.688074227470489,1,0
20,18,16,always fallback,fallback,-0.182579159487846,0,0
20,18,17,P1,fallback,-0.2037511244737827,0,0
20,18,17,utility-only,fallback,-0.2037511244737827,0,0
20,18,17,logged-IPW,fallback,-0.2037511244737827,0,0
20,18,17,LinUCB,fallback,-0.2037511244737827,0,0
20,18,17,Pareto,invoke-QPU,-7.262128630755571,1,1
20,18,17,oracle,fallback,-0.2037511244737827,0,0
20,18,17,train-selected fixed,fallback,-0.2037511244737827,0,0
20,18,17,always invoke-QPU,invoke-QPU,-7.262128630755571,1,1
20,18,17,always remote-sim,remote-sim,-8.538233600323181,1,0
20,18,17,always local-sim,local-sim,-5.0204037606246015,1,0
20,18,17,always fallback,fallback,-0.2037511244737827,0,0
20,18,18,P1,fallback,-0.17917683272231136,0,0
20,18,18,utility-only,fallback,-0.17917683272231136,0,0
20,18,18,logged-IPW,fallback,-0.17917683272231136,0,0
20,18,18,LinUCB,fallback,-0.17917683272231136,0,0
20,18,18,Pareto,invoke-QPU,-7.311834534150526,1,1
20,18,18,oracle,fallback,-0.17917683272231136,0,0
20,18,18,train-selected fixed,fallback,-0.17917683272231136,0,0
20,18,18,always invoke-QPU,invoke-QPU,-7.311834534150526,1,1
20,18,18,always remote-sim,remote-sim,-8.352061478738944,1,0
20,18,18,always local-sim,local-sim,-5.485984873590425,1,0
20,18,18,always fallback,fallback,-0.17917683272231136,0,0
20,18,19,P1,fallback,-0.18452341053872343,0,0
20,18,19,utility-only,fallback,-0.18452341053872343,0,0
20,18,19,logged-IPW,fallback,-0.18452341053872343,0,0
20,18,19,LinUCB,fallback,-0.18452341053872343,0,0
20,18,19,Pareto,fallback,-0.18452341053872343,0,0
20,18,19,oracle,fallback,-0.18452341053872343,0,0
20,18,19,train-selected fixed,fallback,-0.18452341053872343,0,0
20,18,19,always invoke-QPU,invoke-QPU,-5.36784339921297,0,1
20,18,19,always remote-sim,remote-sim,-4.942210916818553,0,0
20,18,19,always local-sim,local-sim,-6.189722374142269,1,0
20,18,19,always fallback,fallback,-0.18452341053872343,0,0
20,18,20,P1,invoke-QPU,-0.1333357759319867,0,0
20,18,20,utility-only,invoke-QPU,-0.1333357759319867,0,0
20,18,20,logged-IPW,fallback,-0.19236583381925548,0,0
20,18,20,LinUCB,remote-sim,-0.13645696282300598,0,0
20,18,20,Pareto,remote-sim,-0.13645696282300598,0,0
20,18,20,oracle,invoke-QPU,-0.1333357759319867,0,0
20,18,20,train-selected fixed,fallback,-0.19236583381925548,0,0
20,18,20,always invoke-QPU,invoke-QPU,-0.1333357759319867,0,0
20,18,20,always remote-sim,remote-sim,-0.13645696282300598,0,0
20,18,20,always local-sim,local-sim,-7.458297927337696,1,0
20,18,20,always fallback,fallback,-0.19236583381925548,0,0
20,18,21,P1,remote-sim,-0.17819109414019188,0,0
20,18,21,utility-only,remote-sim,-0.17819109414019188,0,0
20,18,21,logged-IPW,fallback,-0.20196573677973234,0,0
20,18,21,LinUCB,remote-sim,-0.17819109414019188,0,0
20,18,21,Pareto,remote-sim,-0.17819109414019188,0,0
20,18,21,oracle,remote-sim,-0.17819109414019188,0,0
20,18,21,train-selected fixed,fallback,-0.20196573677973234,0,0
20,18,21,always invoke-QPU,invoke-QPU,-2.11265524775752,1,0
20,18,21,always remote-sim,remote-sim,-0.17819109414019188,0,0
20,18,21,always local-sim,local-sim,-4.87279531310277,1,0
20,18,21,always fallback,fallback,-0.20196573677973234,0,0
20,18,22,P1,fallback,-0.1922454255191256,0,0
20,18,22,utility-only,fallback,-0.1922454255191256,0,0
20,18,22,logged-IPW,fallback,-0.1922454255191256,0,0
20,18,22,LinUCB,fallback,-0.1922454255191256,0,0
20,18,22,Pareto,remote-sim,-0.5023239378111246,0,0
20,18,22,oracle,invoke-QPU,-0.12017532551228767,0,0
20,18,22,train-selected fixed,fallback,-0.1922454255191256,0,0
20,18,22,always invoke-QPU,invoke-QPU,-0.12017532551228767,0,0
20,18,22,always remote-sim,remote-sim,-0.5023239378111246,0,0
20,18,22,always local-sim,local-sim,-4.780767260566745,1,0
20,18,22,always fallback,fallback,-0.1922454255191256,0,0
20,18,23,P1,fallback,-0.20835982360203503,0,0
20,18,23,utility-only,fallback,-0.20835982360203503,0,0
20,18,23,logged-IPW,fallback,-0.20835982360203503,0,0
20,18,23,LinUCB,fallback,-0.20835982360203503,0,0
20,18,23,Pareto,fallback,-0.20835982360203503,0,0
20,18,23,oracle,fallback,-0.20835982360203503,0,0
20,18,23,train-selected fixed,fallback,-0.20835982360203503,0,0
20,18,23,always invoke-QPU,invoke-QPU,-8.58125243243068,1,1
20,18,23,always remote-sim,remote-sim,-19.999248650771158,1,1
20,18,23,always local-sim,local-sim,-9.133268155020374,1,0
20,18,23,always fallback,fallback,-0.20835982360203503,0,0
20,18,24,P1,fallback,-0.20567666992366027,0,0
20,18,24,utility-only,fallback,-0.20567666992366027,0,0
20,18,24,logged-IPW,fallback,-0.20567666992366027,0,0
20,18,24,LinUCB,remote-sim,-0.20976765870830072,0,0
20,18,24,Pareto,remote-sim,-0.20976765870830072,0,0
20,18,24,oracle,fallback,-0.20567666992366027,0,0
20,18,24,train-selected fixed,fallback,-0.20567666992366027,0,0
20,18,24,always invoke-QPU,invoke-QPU,-2.1592125600805487,1,0
20,18,24,always remote-sim,remote-sim,-0.20976765870830072,0,0
20,18,24,always local-sim,local-sim,-5.972398075834455,1,0
20,18,24,always fallback,fallback,-0.20567666992366027,0,0
20,18,25,P1,invoke-QPU,-0.129200553712633,0,0
20,18,25,utility-only,invoke-QPU,-0.129200553712633,0,0
20,18,25,logged-IPW,fallback,-0.1937377660263164,0,0
20,18,25,LinUCB,remote-sim,-0.15595430483486722,0,0
20,18,25,Pareto,remote-sim,-0.15595430483486722,0,0
20,18,25,oracle,invoke-QPU,-0.129200553712633,0,0
20,18,25,train-selected fixed,fallback,-0.1937377660263164,0,0
20,18,25,always invoke-QPU,invoke-QPU,-0.129200553712633,0,0
20,18,25,always remote-sim,remote-sim,-0.15595430483486722,0,0
20,18,25,always local-sim,local-sim,-6.4341651899881205,1,0
20,18,25,always fallback,fallback,-0.1937377660263164,0,0
20,18,26,P1,fallback,-0.19171945582350794,0,0
20,18,26,utility-only,fallback,-0.19171945582350794,0,0
20,18,26,logged-IPW,fallback,-0.19171945582350794,0,0
20,18,26,LinUCB,fallback,-0.19171945582350794,0,0
20,18,26,Pareto,invoke-QPU,-7.215097442044082,1,1
20,18,26,oracle,fallback,-0.19171945582350794,0,0
20,18,26,train-selected fixed,fallback,-0.19171945582350794,0,0
20,18,26,always invoke-QPU,invoke-QPU,-7.215097442044082,1,1
20,18,26,always remote-sim,remote-sim,-12.558171412299833,1,1
20,18,26,always local-sim,local-sim,-4.891521596150886,1,0
20,18,26,always fallback,fallback,-0.19171945582350794,0,0
20,18,27,P1,fallback,-0.21725586673388586,0,0
20,18,27,utility-only,fallback,-0.21725586673388586,0,0
20,18,27,logged-IPW,fallback,-0.21725586673388586,0,0
20,18,27,LinUCB,fallback,-0.21725586673388586,0,0
20,18,27,Pareto,invoke-QPU,-2.301481104297854,1,0
20,18,27,oracle,fallback,-0.21725586673388586,0,0
20,18,27,train-selected fixed,fallback,-0.21725586673388586,0,0
20,18,27,always invoke-QPU,invoke-QPU,-2.301481104297854,1,0
20,18,27,always remote-sim,remote-sim,-3.4727862218058543,0,0
20,18,27,always local-sim,local-sim,-6.111245339527239,1,0
20,18,27,always fallback,fallback,-0.21725586673388586,0,0
20,18,28,P1,fallback,-0.20006460013951852,0,0
20,18,28,utility-only,fallback,-0.20006460013951852,0,0
20,18,28,logged-IPW,fallback,-0.20006460013951852,0,0
20,18,28,LinUCB,fallback,-0.20006460013951852,0,0
20,18,28,Pareto,invoke-QPU,-2.145931004986908,1,0
20,18,28,oracle,fallback,-0.20006460013951852,0,0
20,18,28,train-selected fixed,fallback,-0.20006460013951852,0,0
20,18,28,always invoke-QPU,invoke-QPU,-2.145931004986908,1,0
20,18,28,always remote-sim,remote-sim,-2.1994771846687526,1,0
20,18,28,always local-sim,local-sim,-5.350862257818154,1,0
20,18,28,always fallback,fallback,-0.20006460013951852,0,0
20,18,29,P1,remote-sim,-0.19224439900441326,0,0
20,18,29,utility-only,remote-sim,-0.19224439900441326,0,0
20,18,29,logged-IPW,remote-sim,-0.19224439900441326,0,0
20,18,29,LinUCB,fallback,-0.1962053476871361,0,0
20,18,29,Pareto,remote-sim,-0.19224439900441326,0,0
20,18,29,oracle,remote-sim,-0.19224439900441326,0,0
20,18,29,train-selected fixed,fallback,-0.1962053476871361,0,0
20,18,29,always invoke-QPU,invoke-QPU,-2.198133233046234,1,0
20,18,29,always remote-sim,remote-sim,-0.19224439900441326,0,0
20,18,29,always local-sim,local-sim,-7.154105297283984,1,0
20,18,29,always fallback,fallback,-0.1962053476871361,0,0
20,19,0,P1,fallback,-0.18598909363482485,0,0
20,19,0,utility-only,fallback,-0.18598909363482485,0,0
20,19,0,logged-IPW,fallback,-0.18598909363482485,0,0
20,19,0,LinUCB,fallback,-0.18598909363482485,0,0
20,19,0,Pareto,invoke-QPU,-7.77206424493361,1,1
20,19,0,oracle,fallback,-0.18598909363482485,0,0
20,19,0,train-selected fixed,fallback,-0.18598909363482485,0,0
20,19,0,always invoke-QPU,invoke-QPU,-7.77206424493361,1,1
20,19,0,always remote-sim,remote-sim,-14.06615576219654,1,1
20,19,0,always local-sim,local-sim,-8.173397633672023,1,0
20,19,0,always fallback,fallback,-0.18598909363482485,0,0
20,19,1,P1,fallback,-0.20150776516861424,0,0
20,19,1,utility-only,fallback,-0.20150776516861424,0,0
20,19,1,logged-IPW,fallback,-0.20150776516861424,0,0
20,19,1,LinUCB,fallback,-0.20150776516861424,0,0
20,19,1,Pareto,invoke-QPU,-7.3912962986321045,1,1
20,19,1,oracle,fallback,-0.20150776516861424,0,0
20,19,1,train-selected fixed,fallback,-0.20150776516861424,0,0
20,19,1,always invoke-QPU,invoke-QPU,-7.3912962986321045,1,1
20,19,1,always remote-sim,remote-sim,-3.950450961153135,1,0
20,19,1,always local-sim,local-sim,-8.680493935816417,1,0
20,19,1,always fallback,fallback,-0.20150776516861424,0,0
20,19,2,P1,fallback,-0.20934728850286843,0,0
20,19,2,utility-only,fallback,-0.20934728850286843,0,0
20,19,2,logged-IPW,fallback,-0.20934728850286843,0,0
20,19,2,LinUCB,fallback,-0.20934728850286843,0,0
20,19,2,Pareto,remote-sim,-0.35449323851649495,0,0
20,19,2,oracle,invoke-QPU,-0.151381577610385,0,0
20,19,2,train-selected fixed,fallback,-0.20934728850286843,0,0
20,19,2,always invoke-QPU,invoke-QPU,-0.151381577610385,0,0
20,19,2,always remote-sim,remote-sim,-0.35449323851649495,0,0
20,19,2,always local-sim,local-sim,-8.280299455991269,1,0
20,19,2,always fallback,fallback,-0.20934728850286843,0,0
20,19,3,P1,fallback,-0.22167027332405567,0,0
20,19,3,utility-only,fallback,-0.22167027332405567,0,0
20,19,3,logged-IPW,fallback,-0.22167027332405567,0,0
20,19,3,LinUCB,fallback,-0.22167027332405567,0,0
20,19,3,Pareto,remote-sim,-0.2462859793219836,0,0
20,19,3,oracle,fallback,-0.22167027332405567,0,0
20,19,3,train-selected fixed,fallback,-0.22167027332405567,0,0
20,19,3,always invoke-QPU,invoke-QPU,-2.148339708480914,1,0
20,19,3,always remote-sim,remote-sim,-0.2462859793219836,0,0
20,19,3,always local-sim,local-sim,-5.786648858721847,1,0
20,19,3,always fallback,fallback,-0.22167027332405567,0,0
20,19,4,P1,invoke-QPU,-0.15013801692416823,0,0
20,19,4,utility-only,invoke-QPU,-0.15013801692416823,0,0
20,19,4,logged-IPW,invoke-QPU,-0.15013801692416823,0,0
20,19,4,LinUCB,fallback,-0.21156617000221029,0,0
20,19,4,Pareto,remote-sim,-0.21227674807384958,0,0
20,19,4,oracle,invoke-QPU,-0.15013801692416823,0,0
20,19,4,train-selected fixed,fallback,-0.21156617000221029,0,0
20,19,4,always invoke-QPU,invoke-QPU,-0.15013801692416823,0,0
20,19,4,always remote-sim,remote-sim,-0.21227674807384958,0,0
20,19,4,always local-sim,local-sim,-8.916591030666002,1,0
20,19,4,always fallback,fallback,-0.21156617000221029,0,0
20,19,5,P1,invoke-QPU,-0.18703993859951312,0,0
20,19,5,utility-only,invoke-QPU,-0.18703993859951312,0,0
20,19,5,logged-IPW,fallback,-0.2215186957322722,0,0
20,19,5,LinUCB,fallback,-0.2215186957322722,0,0
20,19,5,Pareto,remote-sim,-0.27012511572538533,0,0
20,19,5,oracle,invoke-QPU,-0.18703993859951312,0,0
20,19,5,train-selected fixed,fallback,-0.2215186957322722,0,0
20,19,5,always invoke-QPU,invoke-QPU,-0.18703993859951312,0,0
20,19,5,always remote-sim,remote-sim,-0.27012511572538533,0,0
20,19,5,always local-sim,local-sim,-5.700530479883194,1,0
20,19,5,always fallback,fallback,-0.2215186957322722,0,0
20,19,6,P1,fallback,-0.2105732603680638,0,0
20,19,6,utility-only,fallback,-0.2105732603680638,0,0
20,19,6,logged-IPW,fallback,-0.2105732603680638,0,0
20,19,6,LinUCB,fallback,-0.2105732603680638,0,0
20,19,6,Pareto,fallback,-0.2105732603680638,0,0
20,19,6,oracle,fallback,-0.2105732603680638,0,0
20,19,6,train-selected fixed,fallback,-0.2105732603680638,0,0
20,19,6,always invoke-QPU,invoke-QPU,-7.426354246173163,1,1
20,19,6,always remote-sim,remote-sim,-11.51056373993054,1,1
20,19,6,always local-sim,local-sim,-6.9569728358875995,1,0
20,19,6,always fallback,fallback,-0.2105732603680638,0,0
20,19,7,P1,fallback,-0.1865161746935093,0,0
20,19,7,utility-only,fallback,-0.1865161746935093,0,0
20,19,7,logged-IPW,invoke-QPU,-0.12388887839152374,0,0
20,19,7,LinUCB,invoke-QPU,-0.12388887839152374,0,0
20,19,7,Pareto,remote-sim,-0.27574846188172897,0,0
20,19,7,oracle,invoke-QPU,-0.12388887839152374,0,0
20,19,7,train-selected fixed,fallback,-0.1865161746935093,0,0
20,19,7,always invoke-QPU,invoke-QPU,-0.12388887839152374,0,0
20,19,7,always remote-sim,remote-sim,-0.27574846188172897,0,0
20,19,7,always local-sim,local-sim,-5.36925385919243,1,0
20,19,7,always fallback,fallback,-0.1865161746935093,0,0
20,19,8,P1,fallback,-0.21754150328812533,0,0
20,19,8,utility-only,fallback,-0.21754150328812533,0,0
20,19,8,logged-IPW,fallback,-0.21754150328812533,0,0
20,19,8,LinUCB,fallback,-0.21754150328812533,0,0
20,19,8,Pareto,remote-sim,-0.26963631060835974,0,0
20,19,8,oracle,fallback,-0.21754150328812533,0,0
20,19,8,train-selected fixed,fallback,-0.21754150328812533,0,0
20,19,8,always invoke-QPU,invoke-QPU,-2.1576326903236596,1,0
20,19,8,always remote-sim,remote-sim,-0.26963631060835974,0,0
20,19,8,always local-sim,local-sim,-6.2367983063210275,1,0
20,19,8,always fallback,fallback,-0.21754150328812533,0,0
20,19,9,P1,remote-sim,-0.14699576896271505,0,0
20,19,9,utility-only,remote-sim,-0.14699576896271505,0,0
20,19,9,logged-IPW,fallback,-0.21579705375009936,0,0
20,19,9,LinUCB,fallback,-0.21579705375009936,0,0
20,19,9,Pareto,remote-sim,-0.14699576896271505,0,0
20,19,9,oracle,remote-sim,-0.14699576896271505,0,0
20,19,9,train-selected fixed,fallback,-0.21579705375009936,0,0
20,19,9,always invoke-QPU,invoke-QPU,-2.2728988313625416,1,0
20,19,9,always remote-sim,remote-sim,-0.14699576896271505,0,0
20,19,9,always local-sim,local-sim,-6.525629268977446,1,0
20,19,9,always fallback,fallback,-0.21579705375009936,0,0
20,19,10,P1,fallback,-0.2000689819393727,0,0
20,19,10,utility-only,fallback,-0.2000689819393727,0,0
20,19,10,logged-IPW,fallback,-0.2000689819393727,0,0
20,19,10,LinUCB,fallback,-0.2000689819393727,0,0
20,19,10,Pareto,fallback,-0.2000689819393727,0,0
20,19,10,oracle,fallback,-0.2000689819393727,0,0
20,19,10,train-selected fixed,fallback,-0.2000689819393727,0,0
20,19,10,always invoke-QPU,invoke-QPU,-8.403075513759184,1,1
20,19,10,always remote-sim,remote-sim,-18.111392995084614,1,0
20,19,10,always local-sim,local-sim,-7.561539769082589,1,0
20,19,10,always fallback,fallback,-0.2000689819393727,0,0
20,19,11,P1,invoke-QPU,-0.1800654439031587,0,0
20,19,11,utility-only,invoke-QPU,-0.1800654439031587,0,0
20,19,11,logged-IPW,fallback,-0.21143118034008654,0,0
20,19,11,LinUCB,fallback,-0.21143118034008654,0,0
20,19,11,Pareto,remote-sim,-0.2799781463274419,0,0
20,19,11,oracle,invoke-QPU,-0.1800654439031587,0,0
20,19,11,train-selected fixed,fallback,-0.21143118034008654,0,0
20,19,11,always invoke-QPU,invoke-QPU,-0.1800654439031587,0,0
20,19,11,always remote-sim,remote-sim,-0.2799781463274419,0,0
20,19,11,always local-sim,local-sim,-7.556614452662275,1,0
20,19,11,always fallback,fallback,-0.21143118034008654,0,0
20,19,12,P1,remote-sim,-0.17283325841965985,0,0
20,19,12,utility-only,remote-sim,-0.17283325841965985,0,0
20,19,12,logged-IPW,fallback,-0.19579181376011448,0,0
20,19,12,LinUCB,fallback,-0.19579181376011448,0,0
20,19,12,Pareto,remote-sim,-0.17283325841965985,0,0
20,19,12,oracle,remote-sim,-0.17283325841965985,0,0
20,19,12,train-selected fixed,fallback,-0.19579181376011448,0,0
20,19,12,always invoke-QPU,invoke-QPU,-0.17693785150138236,0,0
20,19,12,always remote-sim,remote-sim,-0.17283325841965985,0,0
20,19,12,always local-sim,local-sim,-8.187406349456474,1,0
20,19,12,always fallback,fallback,-0.19579181376011448,0,0
20,19,13,P1,invoke-QPU,-0.18501243414526225,0,0
20,19,13,utility-only,invoke-QPU,-0.18501243414526225,0,0
20,19,13,logged-IPW,fallback,-0.19462898501040068,0,0
20,19,13,LinUCB,fallback,-0.19462898501040068,0,0
20,19,13,Pareto,remote-sim,-0.23368663188495511,0,0
20,19,13,oracle,invoke-QPU,-0.18501243414526225,0,0
20,19,13,train-selected fixed,fallback,-0.19462898501040068,0,0
20,19,13,always invoke-QPU,invoke-QPU,-0.18501243414526225,0,0
20,19,13,always remote-sim,remote-sim,-0.23368663188495511,0,0
20,19,13,always local-sim,local-sim,-8.889495553026421,1,0
20,19,13,always fallback,fallback,-0.19462898501040068,0,0
20,19,14,P1,remote-sim,-0.24660453254853315,0,0
20,19,14,utility-only,remote-sim,-0.24660453254853315,0,0
20,19,14,logged-IPW,invoke-QPU,-0.15886789974833665,0,0
20,19,14,LinUCB,fallback,-0.2112677709867165,0,0
20,19,14,Pareto,remote-sim,-0.24660453254853315,0,0
20,19,14,oracle,invoke-QPU,-0.15886789974833665,0,0
20,19,14,train-selected fixed,fallback,-0.2112677709867165,0,0
20,19,14,always invoke-QPU,invoke-QPU,-0.15886789974833665,0,0
20,19,14,always remote-sim,remote-sim,-0.24660453254853315,0,0
20,19,14,always local-sim,local-sim,-7.667669643774486,1,0
20,19,14,always fallback,fallback,-0.2112677709867165,0,0
20,19,15,P1,remote-sim,-0.13099005596277474,0,0
20,19,15,utility-only,remote-sim,-0.13099005596277474,0,0
20,19,15,logged-IPW,invoke-QPU,-0.12757383121022406,0,0
20,19,15,LinUCB,remote-sim,-0.13099005596277474,0,0
20,19,15,Pareto,remote-sim,-0.13099005596277474,0,0
20,19,15,oracle,invoke-QPU,-0.12757383121022406,0,0
20,19,15,train-selected fixed,fallback,-0.2025429353148578,0,0
20,19,15,always invoke-QPU,invoke-QPU,-0.12757383121022406,0,0
20,19,15,always remote-sim,remote-sim,-0.13099005596277474,0,0
20,19,15,always local-sim,local-sim,-7.646425014020124,1,0
20,19,15,always fallback,fallback,-0.2025429353148578,0,0
20,19,16,P1,fallback,-0.2098458290399416,0,0
20,19,16,utility-only,fallback,-0.2098458290399416,0,0
20,19,16,logged-IPW,fallback,-0.2098458290399416,0,0
20,19,16,LinUCB,fallback,-0.2098458290399416,0,0
20,19,16,Pareto,remote-sim,-0.3780917985844381,0,0
20,19,16,oracle,fallback,-0.2098458290399416,0,0
20,19,16,train-selected fixed,fallback,-0.2098458290399416,0,0
20,19,16,always invoke-QPU,invoke-QPU,-2.18583952196761,1,0
20,19,16,always remote-sim,remote-sim,-0.3780917985844381,0,0
20,19,16,always local-sim,local-sim,-7.0721833794253754,1,0
20,19,16,always fallback,fallback,-0.2098458290399416,0,0
20,19,17,P1,fallback,-0.19086398500905943,0,0
20,19,17,utility-only,fallback,-0.19086398500905943,0,0
20,19,17,logged-IPW,fallback,-0.19086398500905943,0,0
20,19,17,LinUCB,fallback,-0.19086398500905943,0,0
20,19,17,Pareto,remote-sim,-0.3028728994214979,0,0
20,19,17,oracle,fallback,-0.19086398500905943,0,0
20,19,17,train-selected fixed,fallback,-0.19086398500905943,0,0
20,19,17,always invoke-QPU,invoke-QPU,-2.2123866581208373,1,0
20,19,17,always remote-sim,remote-sim,-0.3028728994214979,0,0
20,19,17,always local-sim,local-sim,-6.995163577398662,1,0
20,19,17,always fallback,fallback,-0.19086398500905943,0,0
20,19,18,P1,fallback,-0.2123778705053015,0,0
20,19,18,utility-only,fallback,-0.2123778705053015,0,0
20,19,18,logged-IPW,fallback,-0.2123778705053015,0,0
20,19,18,LinUCB,fallback,-0.2123778705053015,0,0
20,19,18,Pareto,invoke-QPU,-2.376175849269217,1,0
20,19,18,oracle,fallback,-0.2123778705053015,0,0
20,19,18,train-selected fixed,fallback,-0.2123778705053015,0,0
20,19,18,always invoke-QPU,invoke-QPU,-2.376175849269217,1,0
20,19,18,always remote-sim,remote-sim,-9.370928719560673,1,0
20,19,18,always local-sim,local-sim,-5.5880532997275445,1,0
20,19,18,always fallback,fallback,-0.2123778705053015,0,0
20,19,19,P1,remote-sim,-0.17946408559864357,0,0
20,19,19,utility-only,remote-sim,-0.17946408559864357,0,0
20,19,19,logged-IPW,fallback,-0.18877390716550804,0,0
20,19,19,LinUCB,remote-sim,-0.17946408559864357,0,0
20,19,19,Pareto,remote-sim,-0.17946408559864357,0,0
20,19,19,oracle,remote-sim,-0.17946408559864357,0,0
20,19,19,train-selected fixed,fallback,-0.18877390716550804,0,0
20,19,19,always invoke-QPU,invoke-QPU,-2.1416344854651856,1,0
20,19,19,always remote-sim,remote-sim,-0.17946408559864357,0,0
20,19,19,always local-sim,local-sim,-5.799826755775159,1,0
20,19,19,always fallback,fallback,-0.18877390716550804,0,0
20,19,20,P1,fallback,-0.20132148753312087,0,0
20,19,20,utility-only,fallback,-0.20132148753312087,0,0
20,19,20,logged-IPW,fallback,-0.20132148753312087,0,0
20,19,20,LinUCB,remote-sim,-0.2570092196160074,0,0
20,19,20,Pareto,remote-sim,-0.2570092196160074,0,0
20,19,20,oracle,invoke-QPU,-0.17923030851850863,0,0
20,19,20,train-selected fixed,fallback,-0.20132148753312087,0,0
20,19,20,always invoke-QPU,invoke-QPU,-0.17923030851850863,0,0
20,19,20,always remote-sim,remote-sim,-0.2570092196160074,0,0
20,19,20,always local-sim,local-sim,-8.231494809072865,1,0
20,19,20,always fallback,fallback,-0.20132148753312087,0,0
20,19,21,P1,fallback,-0.18981816643870894,0,0
20,19,21,utility-only,fallback,-0.18981816643870894,0,0
20,19,21,logged-IPW,fallback,-0.18981816643870894,0,0
20,19,21,LinUCB,fallback,-0.18981816643870894,0,0
20,19,21,Pareto,fallback,-0.18981816643870894,0,0
20,19,21,oracle,fallback,-0.18981816643870894,0,0
20,19,21,train-selected fixed,fallback,-0.18981816643870894,0,0
20,19,21,always invoke-QPU,invoke-QPU,-0.4422359077926545,0,0
20,19,21,always remote-sim,remote-sim,-4.05452500569693,0,0
20,19,21,always local-sim,local-sim,-7.531842987036359,1,0
20,19,21,always fallback,fallback,-0.18981816643870894,0,0
20,19,22,P1,invoke-QPU,-0.12786957476658473,0,0
20,19,22,utility-only,invoke-QPU,-0.12786957476658473,0,0
20,19,22,logged-IPW,fallback,-0.20645206053897613,0,0
20,19,22,LinUCB,fallback,-0.20645206053897613,0,0
20,19,22,Pareto,remote-sim,-0.19504879502566908,0,0
20,19,22,oracle,invoke-QPU,-0.12786957476658473,0,0
20,19,22,train-selected fixed,fallback,-0.20645206053897613,0,0
20,19,22,always invoke-QPU,invoke-QPU,-0.12786957476658473,0,0
20,19,22,always remote-sim,remote-sim,-0.19504879502566908,0,0
20,19,22,always local-sim,local-sim,-4.899508616928857,1,0
20,19,22,always fallback,fallback,-0.20645206053897613,0,0
20,19,23,P1,invoke-QPU,-0.14062911342106402,0,0
20,19,23,utility-only,invoke-QPU,-0.14062911342106402,0,0
20,19,23,logged-IPW,fallback,-0.19277017891843762,0,0
20,19,23,LinUCB,fallback,-0.19277017891843762,0,0
20,19,23,Pareto,remote-sim,-0.21606540976527214,0,0
20,19,23,oracle,invoke-QPU,-0.14062911342106402,0,0
20,19,23,train-selected fixed,fallback,-0.19277017891843762,0,0
20,19,23,always invoke-QPU,invoke-QPU,-0.14062911342106402,0,0
20,19,23,always remote-sim,remote-sim,-0.21606540976527214,0,0
20,19,23,always local-sim,local-sim,-4.86843831814353,1,0
20,19,23,always fallback,fallback,-0.19277017891843762,0,0
20,19,24,P1,remote-sim,-0.19393729867747495,0,0
20,19,24,utility-only,remote-sim,-0.19393729867747495,0,0
20,19,24,logged-IPW,fallback,-0.20522334760209698,0,0
20,19,24,LinUCB,fallback,-0.20522334760209698,0,0
20,19,24,Pareto,remote-sim,-0.19393729867747495,0,0
20,19,24,oracle,invoke-QPU,-0.17599166797029903,0,0
20,19,24,train-selected fixed,fallback,-0.20522334760209698,0,0
20,19,24,always invoke-QPU,invoke-QPU,-0.17599166797029903,0,0
20,19,24,always remote-sim,remote-sim,-0.19393729867747495,0,0
20,19,24,always local-sim,local-sim,-8.69816955143282,1,0
20,19,24,always fallback,fallback,-0.20522334760209698,0,0
20,19,25,P1,fallback,-0.20648447272550144,0,0
20,19,25,utility-only,fallback,-0.20648447272550144,0,0
20,19,25,logged-IPW,fallback,-0.20648447272550144,0,0
20,19,25,LinUCB,fallback,-0.20648447272550144,0,0
20,19,25,Pareto,fallback,-0.20648447272550144,0,0
20,19,25,oracle,fallback,-0.20648447272550144,0,0
20,19,25,train-selected fixed,fallback,-0.20648447272550144,0,0
20,19,25,always invoke-QPU,invoke-QPU,-7.449835818225752,1,1
20,19,25,always remote-sim,remote-sim,-3.5361911568989477,0,0
20,19,25,always local-sim,local-sim,-7.954306655131843,1,0
20,19,25,always fallback,fallback,-0.20648447272550144,0,0
20,19,26,P1,fallback,-0.20399173183294722,0,0
20,19,26,utility-only,fallback,-0.20399173183294722,0,0
20,19,26,logged-IPW,fallback,-0.20399173183294722,0,0
20,19,26,LinUCB,fallback,-0.20399173183294722,0,0
20,19,26,Pareto,invoke-QPU,-7.796168553561639,1,1
20,19,26,oracle,fallback,-0.20399173183294722,0,0
20,19,26,train-selected fixed,fallback,-0.20399173183294722,0,0
20,19,26,always invoke-QPU,invoke-QPU,-7.796168553561639,1,1
20,19,26,always remote-sim,remote-sim,-7.480237890434663,0,0
20,19,26,always local-sim,local-sim,-7.509296067800177,1,0
20,19,26,always fallback,fallback,-0.20399173183294722,0,0
20,19,27,P1,fallback,-0.18496794944123826,0,0
20,19,27,utility-only,fallback,-0.18496794944123826,0,0
20,19,27,logged-IPW,fallback,-0.18496794944123826,0,0
20,19,27,LinUCB,remote-sim,-0.21392186984967865,0,0
20,19,27,Pareto,remote-sim,-0.21392186984967865,0,0
20,19,27,oracle,invoke-QPU,-0.14173452834338113,0,0
20,19,27,train-selected fixed,fallback,-0.18496794944123826,0,0
20,19,27,always invoke-QPU,invoke-QPU,-0.14173452834338113,0,0
20,19,27,always remote-sim,remote-sim,-0.21392186984967865,0,0
20,19,27,always local-sim,local-sim,-7.967805087688403,1,0
20,19,27,always fallback,fallback,-0.18496794944123826,0,0
20,19,28,P1,invoke-QPU,-0.12855159909120067,0,0
20,19,28,utility-only,invoke-QPU,-0.12855159909120067,0,0
20,19,28,logged-IPW,fallback,-0.19870007508816143,0,0
20,19,28,LinUCB,remote-sim,-0.1408702443323393,0,0
20,19,28,Pareto,remote-sim,-0.1408702443323393,0,0
20,19,28,oracle,invoke-QPU,-0.12855159909120067,0,0
20,19,28,train-selected fixed,fallback,-0.19870007508816143,0,0
20,19,28,always invoke-QPU,invoke-QPU,-0.12855159909120067,0,0
20,19,28,always remote-sim,remote-sim,-0.1408702443323393,0,0
20,19,28,always local-sim,local-sim,-6.076225521725931,1,0
20,19,28,always fallback,fallback,-0.19870007508816143,0,0
20,19,29,P1,fallback,-0.191225830463673,0,0
20,19,29,utility-only,fallback,-0.191225830463673,0,0
20,19,29,logged-IPW,fallback,-0.191225830463673,0,0
20,19,29,LinUCB,fallback,-0.191225830463673,0,0
20,19,29,Pareto,fallback,-0.191225830463673,0,0
20,19,29,oracle,fallback,-0.191225830463673,0,0
20,19,29,train-selected fixed,fallback,-0.191225830463673,0,0
20,19,29,always invoke-QPU,invoke-QPU,-2.410527105037385,1,0
20,19,29,always remote-sim,remote-sim,-17.892869654628893,1,1
20,19,29,always local-sim,local-sim,-5.285072563936708,1,0
20,19,29,always fallback,fallback,-0.191225830463673,0,0
20,20,0,P1,invoke-QPU,-0.11615149784185946,0,0
20,20,0,utility-only,invoke-QPU,-0.11615149784185946,0,0
20,20,0,logged-IPW,fallback,-0.1978915616565997,0,0
20,20,0,LinUCB,remote-sim,-0.20379728208678616,0,0
20,20,0,Pareto,remote-sim,-0.20379728208678616,0,0
20,20,0,oracle,invoke-QPU,-0.11615149784185946,0,0
20,20,0,train-selected fixed,fallback,-0.1978915616565997,0,0
20,20,0,always invoke-QPU,invoke-QPU,-0.11615149784185946,0,0
20,20,0,always remote-sim,remote-sim,-0.20379728208678616,0,0
20,20,0,always local-sim,local-sim,-4.965669333791938,1,0
20,20,0,always fallback,fallback,-0.1978915616565997,0,0
20,20,1,P1,invoke-QPU,-0.10883587792412615,0,0
20,20,1,utility-only,invoke-QPU,-0.10883587792412615,0,0
20,20,1,logged-IPW,fallback,-0.20644405369319832,0,0
20,20,1,LinUCB,fallback,-0.20644405369319832,0,0
20,20,1,Pareto,remote-sim,-0.17325024611206097,0,0
20,20,1,oracle,invoke-QPU,-0.10883587792412615,0,0
20,20,1,train-selected fixed,fallback,-0.20644405369319832,0,0
20,20,1,always invoke-QPU,invoke-QPU,-0.10883587792412615,0,0
20,20,1,always remote-sim,remote-sim,-0.17325024611206097,0,0
20,20,1,always local-sim,local-sim,-4.994306790091416,1,0
20,20,1,always fallback,fallback,-0.20644405369319832,0,0
20,20,2,P1,fallback,-0.19243349520133696,0,0
20,20,2,utility-only,fallback,-0.19243349520133696,0,0
20,20,2,logged-IPW,fallback,-0.19243349520133696,0,0
20,20,2,LinUCB,fallback,-0.19243349520133696,0,0
20,20,2,Pareto,invoke-QPU,-0.20011994986968124,0,0
20,20,2,oracle,fallback,-0.19243349520133696,0,0
20,20,2,train-selected fixed,fallback,-0.19243349520133696,0,0
20,20,2,always invoke-QPU,invoke-QPU,-0.20011994986968124,0,0
20,20,2,always remote-sim,remote-sim,-0.2018383419207063,0,0
20,20,2,always local-sim,local-sim,-6.594303823994434,1,0
20,20,2,always fallback,fallback,-0.19243349520133696,0,0
20,20,3,P1,remote-sim,-0.18135031393633022,0,0
20,20,3,utility-only,remote-sim,-0.18135031393633022,0,0
20,20,3,logged-IPW,remote-sim,-0.18135031393633022,0,0
20,20,3,LinUCB,fallback,-0.2157647599902346,0,0
20,20,3,Pareto,remote-sim,-0.18135031393633022,0,0
20,20,3,oracle,remote-sim,-0.18135031393633022,0,0
20,20,3,train-selected fixed,fallback,-0.2157647599902346,0,0
20,20,3,always invoke-QPU,invoke-QPU,-2.1649179419529445,1,0
20,20,3,always remote-sim,remote-sim,-0.18135031393633022,0,0
20,20,3,always local-sim,local-sim,-7.2949874382890485,1,0
20,20,3,always fallback,fallback,-0.2157647599902346,0,0
20,20,4,P1,fallback,-0.1993067769347894,0,0
20,20,4,utility-only,fallback,-0.1993067769347894,0,0
20,20,4,logged-IPW,fallback,-0.1993067769347894,0,0
20,20,4,LinUCB,fallback,-0.1993067769347894,0,0
20,20,4,Pareto,remote-sim,-0.30082324845836794,0,0
20,20,4,oracle,fallback,-0.1993067769347894,0,0
20,20,4,train-selected fixed,fallback,-0.1993067769347894,0,0
20,20,4,always invoke-QPU,invoke-QPU,-2.1491974603225845,1,0
20,20,4,always remote-sim,remote-sim,-0.30082324845836794,0,0
20,20,4,always local-sim,local-sim,-5.912043412611504,1,0
20,20,4,always fallback,fallback,-0.1993067769347894,0,0
20,20,5,P1,fallback,-0.22035467045430218,0,0
20,20,5,utility-only,fallback,-0.22035467045430218,0,0
20,20,5,logged-IPW,fallback,-0.22035467045430218,0,0
20,20,5,LinUCB,fallback,-0.22035467045430218,0,0
20,20,5,Pareto,remote-sim,-0.2852594035155189,0,0
20,20,5,oracle,invoke-QPU,-0.12758223335577276,0,0
20,20,5,train-selected fixed,fallback,-0.22035467045430218,0,0
20,20,5,always invoke-QPU,invoke-QPU,-0.12758223335577276,0,0
20,20,5,always remote-sim,remote-sim,-0.2852594035155189,0,0
20,20,5,always local-sim,local-sim,-5.964953932027585,1,0
20,20,5,always fallback,fallback,-0.22035467045430218,0,0
20,20,6,P1,fallback,-0.21259658326591044,0,0
20,20,6,utility-only,fallback,-0.21259658326591044,0,0
20,20,6,logged-IPW,fallback,-0.21259658326591044,0,0
20,20,6,LinUCB,fallback,-0.21259658326591044,0,0
20,20,6,Pareto,remote-sim,-0.2868142179782997,0,0
20,20,6,oracle,invoke-QPU,-0.1483015986909841,0,0
20,20,6,train-selected fixed,fallback,-0.21259658326591044,0,0
20,20,6,always invoke-QPU,invoke-QPU,-0.1483015986909841,0,0
20,20,6,always remote-sim,remote-sim,-0.2868142179782997,0,0
20,20,6,always local-sim,local-sim,-6.249902989462906,1,0
20,20,6,always fallback,fallback,-0.21259658326591044,0,0
20,20,7,P1,remote-sim,-0.15824683396702255,0,0
20,20,7,utility-only,remote-sim,-0.15824683396702255,0,0
20,20,7,logged-IPW,fallback,-0.20686880421027706,0,0
20,20,7,LinUCB,fallback,-0.20686880421027706,0,0
20,20,7,Pareto,remote-sim,-0.15824683396702255,0,0
20,20,7,oracle,remote-sim,-0.15824683396702255,0,0
20,20,7,train-selected fixed,fallback,-0.20686880421027706,0,0
20,20,7,always invoke-QPU,invoke-QPU,-0.17676308517894884,0,0
20,20,7,always remote-sim,remote-sim,-0.15824683396702255,0,0
20,20,7,always local-sim,local-sim,-6.498388121660049,1,0
20,20,7,always fallback,fallback,-0.20686880421027706,0,0
20,20,8,P1,fallback,-0.19183233053614648,0,0
20,20,8,utility-only,fallback,-0.19183233053614648,0,0
20,20,8,logged-IPW,fallback,-0.19183233053614648,0,0
20,20,8,LinUCB,fallback,-0.19183233053614648,0,0
20,20,8,Pareto,remote-sim,-0.3620154726046573,0,0
20,20,8,oracle,invoke-QPU,-0.14958507968753504,0,0
20,20,8,train-selected fixed,fallback,-0.19183233053614648,0,0
20,20,8,always invoke-QPU,invoke-QPU,-0.14958507968753504,0,0
20,20,8,always remote-sim,remote-sim,-0.3620154726046573,0,0
20,20,8,always local-sim,local-sim,-7.36957432919214,1,0
20,20,8,always fallback,fallback,-0.19183233053614648,0,0
20,20,9,P1,remote-sim,-0.17056641901504194,0,0
20,20,9,utility-only,remote-sim,-0.17056641901504194,0,0
20,20,9,logged-IPW,fallback,-0.18479774988162093,0,0
20,20,9,LinUCB,fallback,-0.18479774988162093,0,0
20,20,9,Pareto,remote-sim,-0.17056641901504194,0,0
20,20,9,oracle,remote-sim,-0.17056641901504194,0,0
20,20,9,train-selected fixed,fallback,-0.18479774988162093,0,0
20,20,9,always invoke-QPU,invoke-QPU,-0.1791271404222301,0,0
20,20,9,always remote-sim,remote-sim,-0.17056641901504194,0,0
20,20,9,always local-sim,local-sim,-6.83917113334023,1,0
20,20,9,always fallback,fallback,-0.18479774988162093,0,0
20,20,10,P1,fallback,-0.21737884461787557,0,0
20,20,10,utility-only,fallback,-0.21737884461787557,0,0
20,20,10,logged-IPW,fallback,-0.21737884461787557,0,0
20,20,10,LinUCB,fallback,-0.21737884461787557,0,0
20,20,10,Pareto,invoke-QPU,-0.2235135552009519,0,0
20,20,10,oracle,fallback,-0.21737884461787557,0,0
20,20,10,train-selected fixed,fallback,-0.21737884461787557,0,0
20,20,10,always invoke-QPU,invoke-QPU,-0.2235135552009519,0,0
20,20,10,always remote-sim,remote-sim,-0.4449789004745646,0,0
20,20,10,always local-sim,local-sim,-7.59241732321961,1,0
20,20,10,always fallback,fallback,-0.21737884461787557,0,0
20,20,11,P1,fallback,-0.20670091750338832,0,0
20,20,11,utility-only,fallback,-0.20670091750338832,0,0
20,20,11,logged-IPW,fallback,-0.20670091750338832,0,0
20,20,11,LinUCB,fallback,-0.20670091750338832,0,0
20,20,11,Pareto,remote-sim,-0.2599615796306056,0,0
20,20,11,oracle,fallback,-0.20670091750338832,0,0
20,20,11,train-selected fixed,fallback,-0.20670091750338832,0,0
20,20,11,always invoke-QPU,invoke-QPU,-2.1293792526066215,1,0
20,20,11,always remote-sim,remote-sim,-0.2599615796306056,0,0
20,20,11,always local-sim,local-sim,-5.208383263906784,1,0
20,20,11,always fallback,fallback,-0.20670091750338832,0,0
20,20,12,P1,invoke-QPU,-0.10159123677913287,0,0
20,20,12,utility-only,invoke-QPU,-0.10159123677913287,0,0
20,20,12,logged-IPW,remote-sim,-0.16720725366928704,0,0
20,20,12,LinUCB,remote-sim,-0.16720725366928704,0,0
20,20,12,Pareto,remote-sim,-0.16720725366928704,0,0
20,20,12,oracle,invoke-QPU,-0.10159123677913287,0,0
20,20,12,train-selected fixed,fallback,-0.1943926066342683,0,0
20,20,12,always invoke-QPU,invoke-QPU,-0.10159123677913287,0,0
20,20,12,always remote-sim,remote-sim,-0.16720725366928704,0,0
20,20,12,always local-sim,local-sim,-4.610949977122049,1,0
20,20,12,always fallback,fallback,-0.1943926066342683,0,0
20,20,13,P1,invoke-QPU,-0.16657520398686582,0,0
20,20,13,utility-only,invoke-QPU,-0.16657520398686582,0,0
20,20,13,logged-IPW,fallback,-0.2132205945817823,0,0
20,20,13,LinUCB,fallback,-0.2132205945817823,0,0
20,20,13,Pareto,remote-sim,-0.24018118824671986,0,0
20,20,13,oracle,invoke-QPU,-0.16657520398686582,0,0
20,20,13,train-selected fixed,fallback,-0.2132205945817823,0,0
20,20,13,always invoke-QPU,invoke-QPU,-0.16657520398686582,0,0
20,20,13,always remote-sim,remote-sim,-0.24018118824671986,0,0
20,20,13,always local-sim,local-sim,-8.614729089782164,1,0
20,20,13,always fallback,fallback,-0.2132205945817823,0,0
20,20,14,P1,remote-sim,-0.1656101763098901,0,0
20,20,14,utility-only,remote-sim,-0.1656101763098901,0,0
20,20,14,logged-IPW,fallback,-0.20953509155467626,0,0
20,20,14,LinUCB,fallback,-0.20953509155467626,0,0
20,20,14,Pareto,remote-sim,-0.1656101763098901,0,0
20,20,14,oracle,remote-sim,-0.1656101763098901,0,0
20,20,14,train-selected fixed,fallback,-0.20953509155467626,0,0
20,20,14,always invoke-QPU,invoke-QPU,-0.22198075143469254,0,0
20,20,14,always remote-sim,remote-sim,-0.1656101763098901,0,0
20,20,14,always local-sim,local-sim,-6.604337964238911,1,0
20,20,14,always fallback,fallback,-0.20953509155467626,0,0
20,20,15,P1,fallback,-0.18251593994873455,0,0
20,20,15,utility-only,fallback,-0.18251593994873455,0,0
20,20,15,logged-IPW,fallback,-0.18251593994873455,0,0
20,20,15,LinUCB,fallback,-0.18251593994873455,0,0
20,20,15,Pareto,remote-sim,-0.26512707293891,0,0
20,20,15,oracle,invoke-QPU,-0.15171080941403936,0,0
20,20,15,train-selected fixed,fallback,-0.18251593994873455,0,0
20,20,15,always invoke-QPU,invoke-QPU,-0.15171080941403936,0,0
20,20,15,always remote-sim,remote-sim,-0.26512707293891,0,0
20,20,15,always local-sim,local-sim,-6.491591469338171,1,0
20,20,15,always fallback,fallback,-0.18251593994873455,0,0
20,20,16,P1,fallback,-0.19983137679946736,0,0
20,20,16,utility-only,fallback,-0.19983137679946736,0,0
20,20,16,logged-IPW,fallback,-0.19983137679946736,0,0
20,20,16,LinUCB,fallback,-0.19983137679946736,0,0
20,20,16,Pareto,remote-sim,-0.2886122138835203,0,0
20,20,16,oracle,invoke-QPU,-0.16876920017414326,0,0
20,20,16,train-selected fixed,fallback,-0.19983137679946736,0,0
20,20,16,always invoke-QPU,invoke-QPU,-0.16876920017414326,0,0
20,20,16,always remote-sim,remote-sim,-0.2886122138835203,0,0
20,20,16,always local-sim,local-sim,-7.4777495455129745,1,0
20,20,16,always fallback,fallback,-0.19983137679946736,0,0
20,20,17,P1,fallback,-0.19689004431418503,0,0
20,20,17,utility-only,fallback,-0.19689004431418503,0,0
20,20,17,logged-IPW,fallback,-0.19689004431418503,0,0
20,20,17,LinUCB,fallback,-0.19689004431418503,0,0
20,20,17,Pareto,invoke-QPU,-0.6871743953756992,0,0
20,20,17,oracle,fallback,-0.19689004431418503,0,0
20,20,17,train-selected fixed,fallback,-0.19689004431418503,0,0
20,20,17,always invoke-QPU,invoke-QPU,-0.6871743953756992,0,0
20,20,17,always remote-sim,remote-sim,-10.89879600732789,0,1
20,20,17,always local-sim,local-sim,-7.8772786216999675,1,0
20,20,17,always fallback,fallback,-0.19689004431418503,0,0
20,20,18,P1,fallback,-0.20163719100028704,0,0
20,20,18,utility-only,fallback,-0.20163719100028704,0,0
20,20,18,logged-IPW,fallback,-0.20163719100028704,0,0
20,20,18,LinUCB,fallback,-0.20163719100028704,0,0
20,20,18,Pareto,invoke-QPU,-0.33929151514056927,0,0
20,20,18,oracle,fallback,-0.20163719100028704,0,0
20,20,18,train-selected fixed,fallback,-0.20163719100028704,0,0
20,20,18,always invoke-QPU,invoke-QPU,-0.33929151514056927,0,0
20,20,18,always remote-sim,remote-sim,-2.5387846296522665,0,0
20,20,18,always local-sim,local-sim,-7.886130967355529,1,0
20,20,18,always fallback,fallback,-0.20163719100028704,0,0
20,20,19,P1,invoke-QPU,-0.14662664140066994,0,0
20,20,19,utility-only,invoke-QPU,-0.14662664140066994,0,0
20,20,19,logged-IPW,invoke-QPU,-0.14662664140066994,0,0
20,20,19,LinUCB,fallback,-0.21632494744328665,0,0
20,20,19,Pareto,remote-sim,-0.2723680015577207,0,0
20,20,19,oracle,invoke-QPU,-0.14662664140066994,0,0
20,20,19,train-selected fixed,fallback,-0.21632494744328665,0,0
20,20,19,always invoke-QPU,invoke-QPU,-0.14662664140066994,0,0
20,20,19,always remote-sim,remote-sim,-0.2723680015577207,0,0
20,20,19,always local-sim,local-sim,-7.809638730314218,1,0
20,20,19,always fallback,fallback,-0.21632494744328665,0,0
20,20,20,P1,invoke-QPU,-0.15218347546721855,0,0
20,20,20,utility-only,invoke-QPU,-0.15218347546721855,0,0
20,20,20,logged-IPW,fallback,-0.19094616848398752,0,0
20,20,20,LinUCB,remote-sim,-0.14493952290555914,0,0
20,20,20,Pareto,remote-sim,-0.14493952290555914,0,0
20,20,20,oracle,remote-sim,-0.14493952290555914,0,0
20,20,20,train-selected fixed,fallback,-0.19094616848398752,0,0
20,20,20,always invoke-QPU,invoke-QPU,-0.15218347546721855,0,0
20,20,20,always remote-sim,remote-sim,-0.14493952290555914,0,0
20,20,20,always local-sim,local-sim,-6.596380153101851,1,0
20,20,20,always fallback,fallback,-0.19094616848398752,0,0
20,20,21,P1,invoke-QPU,-0.127946270245836,0,0
20,20,21,utility-only,invoke-QPU,-0.127946270245836,0,0
20,20,21,logged-IPW,fallback,-0.2137068632405841,0,0
20,20,21,LinUCB,fallback,-0.2137068632405841,0,0
20,20,21,Pareto,remote-sim,-0.1639686659373248,0,0
20,20,21,oracle,invoke-QPU,-0.127946270245836,0,0
20,20,21,train-selected fixed,fallback,-0.2137068632405841,0,0
20,20,21,always invoke-QPU,invoke-QPU,-0.127946270245836,0,0
20,20,21,always remote-sim,remote-sim,-0.1639686659373248,0,0
20,20,21,always local-sim,local-sim,-4.794862927016849,1,0
20,20,21,always fallback,fallback,-0.2137068632405841,0,0
20,20,22,P1,fallback,-0.21528183656539748,0,0
20,20,22,utility-only,fallback,-0.21528183656539748,0,0
20,20,22,logged-IPW,fallback,-0.21528183656539748,0,0
20,20,22,LinUCB,fallback,-0.21528183656539748,0,0
20,20,22,Pareto,invoke-QPU,-2.2040333252214475,1,0
20,20,22,oracle,fallback,-0.21528183656539748,0,0
20,20,22,train-selected fixed,fallback,-0.21528183656539748,0,0
20,20,22,always invoke-QPU,invoke-QPU,-2.2040333252214475,1,0
20,20,22,always remote-sim,remote-sim,-4.34292866955532,1,0
20,20,22,always local-sim,local-sim,-5.5160326502462995,1,0
20,20,22,always fallback,fallback,-0.21528183656539748,0,0
20,20,23,P1,remote-sim,-0.14068172903856158,0,0
20,20,23,utility-only,remote-sim,-0.14068172903856158,0,0
20,20,23,logged-IPW,fallback,-0.20584111798635082,0,0
20,20,23,LinUCB,fallback,-0.20584111798635082,0,0
20,20,23,Pareto,remote-sim,-0.14068172903856158,0,0
20,20,23,oracle,invoke-QPU,-0.13556864597137186,0,0
20,20,23,train-selected fixed,fallback,-0.20584111798635082,0,0
20,20,23,always invoke-QPU,invoke-QPU,-0.13556864597137186,0,0
20,20,23,always remote-sim,remote-sim,-0.14068172903856158,0,0
20,20,23,always local-sim,local-sim,-6.590855067297462,1,0
20,20,23,always fallback,fallback,-0.20584111798635082,0,0
20,20,24,P1,fallback,-0.19707870544460857,0,0
20,20,24,utility-only,fallback,-0.19707870544460857,0,0
20,20,24,logged-IPW,fallback,-0.19707870544460857,0,0
20,20,24,LinUCB,fallback,-0.19707870544460857,0,0
20,20,24,Pareto,remote-sim,-0.21443760116414806,0,0
20,20,24,oracle,fallback,-0.19707870544460857,0,0
20,20,24,train-selected fixed,fallback,-0.19707870544460857,0,0
20,20,24,always invoke-QPU,invoke-QPU,-2.341619593707732,1,0
20,20,24,always remote-sim,remote-sim,-0.21443760116414806,0,0
20,20,24,always local-sim,local-sim,-7.999622821325259,1,0
20,20,24,always fallback,fallback,-0.19707870544460857,0,0
20,20,25,P1,fallback,-0.20723127786031612,0,0
20,20,25,utility-only,fallback,-0.20723127786031612,0,0
20,20,25,logged-IPW,fallback,-0.20723127786031612,0,0
20,20,25,LinUCB,fallback,-0.20723127786031612,0,0
20,20,25,Pareto,invoke-QPU,-2.177617585245601,1,0
20,20,25,oracle,fallback,-0.20723127786031612,0,0
20,20,25,train-selected fixed,fallback,-0.20723127786031612,0,0
20,20,25,always invoke-QPU,invoke-QPU,-2.177617585245601,1,0
20,20,25,always remote-sim,remote-sim,-8.239939573446698,1,0
20,20,25,always local-sim,local-sim,-4.5442641132516215,1,0
20,20,25,always fallback,fallback,-0.20723127786031612,0,0
20,20,26,P1,fallback,-0.2044707322627669,0,0
20,20,26,utility-only,fallback,-0.2044707322627669,0,0
20,20,26,logged-IPW,fallback,-0.2044707322627669,0,0
20,20,26,LinUCB,fallback,-0.2044707322627669,0,0
20,20,26,Pareto,fallback,-0.2044707322627669,0,0
20,20,26,oracle,fallback,-0.2044707322627669,0,0
20,20,26,train-selected fixed,fallback,-0.2044707322627669,0,0
20,20,26,always invoke-QPU,invoke-QPU,-7.778667893057516,1,1
20,20,26,always remote-sim,remote-sim,-12.47799961647239,1,1
20,20,26,always local-sim,local-sim,-8.991596367506217,1,0
20,20,26,always fallback,fallback,-0.2044707322627669,0,0
20,20,27,P1,invoke-QPU,-0.14843697947057158,0,0
20,20,27,utility-only,invoke-QPU,-0.14843697947057158,0,0
20,20,27,logged-IPW,fallback,-0.20022225663676918,0,0
20,20,27,LinUCB,remote-sim,-0.1837658543829942,0,0
20,20,27,Pareto,remote-sim,-0.1837658543829942,0,0
20,20,27,oracle,invoke-QPU,-0.14843697947057158,0,0
20,20,27,train-selected fixed,fallback,-0.20022225663676918,0,0
20,20,27,always invoke-QPU,invoke-QPU,-0.14843697947057158,0,0
20,20,27,always remote-sim,remote-sim,-0.1837658543829942,0,0
20,20,27,always local-sim,local-sim,-6.695587126505248,1,0
20,20,27,always fallback,fallback,-0.20022225663676918,0,0
20,20,28,P1,fallback,-0.208429720867549,0,0
20,20,28,utility-only,fallback,-0.208429720867549,0,0
20,20,28,logged-IPW,fallback,-0.208429720867549,0,0
20,20,28,LinUCB,fallback,-0.208429720867549,0,0
20,20,28,Pareto,remote-sim,-0.3000944060031176,0,0
20,20,28,oracle,fallback,-0.208429720867549,0,0
20,20,28,train-selected fixed,fallback,-0.208429720867549,0,0
20,20,28,always invoke-QPU,invoke-QPU,-2.2434367766348142,1,0
20,20,28,always remote-sim,remote-sim,-0.3000944060031176,0,0
20,20,28,always local-sim,local-sim,-7.222165081793843,1,0
20,20,28,always fallback,fallback,-0.208429720867549,0,0
20,20,29,P1,invoke-QPU,-0.16135626324389796,0,0
20,20,29,utility-only,invoke-QPU,-0.16135626324389796,0,0
20,20,29,logged-IPW,invoke-QPU,-0.16135626324389796,0,0
20,20,29,LinUCB,fallback,-0.2133810391710599,0,0
20,20,29,Pareto,remote-sim,-0.17743369466244788,0,0
20,20,29,oracle,invoke-QPU,-0.16135626324389796,0,0
20,20,29,train-selected fixed,fallback,-0.2133810391710599,0,0
20,20,29,always invoke-QPU,invoke-QPU,-0.16135626324389796,0,0
20,20,29,always remote-sim,remote-sim,-0.17743369466244788,0,0
20,20,29,always local-sim,local-sim,-7.039158659081709,1,0
20,20,29,always fallback,fallback,-0.2133810391710599,0,0
20,21,0,P1,invoke-QPU,-0.17910242071059995,0,0
20,21,0,utility-only,invoke-QPU,-0.17910242071059995,0,0
20,21,0,logged-IPW,fallback,-0.22006117140774292,0,0
20,21,0,LinUCB,fallback,-0.22006117140774292,0,0
20,21,0,Pareto,remote-sim,-0.22509138960386715,0,0
20,21,0,oracle,invoke-QPU,-0.17910242071059995,0,0
20,21,0,train-selected fixed,fallback,-0.22006117140774292,0,0
20,21,0,always invoke-QPU,invoke-QPU,-0.17910242071059995,0,0
20,21,0,always remote-sim,remote-sim,-0.22509138960386715,0,0
20,21,0,always local-sim,local-sim,-8.375442360639429,1,0
20,21,0,always fallback,fallback,-0.22006117140774292,0,0
20,21,1,P1,fallback,-0.19929958241282,0,0
20,21,1,utility-only,fallback,-0.19929958241282,0,0
20,21,1,logged-IPW,fallback,-0.19929958241282,0,0
20,21,1,LinUCB,fallback,-0.19929958241282,0,0
20,21,1,Pareto,remote-sim,-0.2776401933243018,0,0
20,21,1,oracle,fallback,-0.19929958241282,0,0
20,21,1,train-selected fixed,fallback,-0.19929958241282,0,0
20,21,1,always invoke-QPU,invoke-QPU,-2.164832704173563,1,0
20,21,1,always remote-sim,remote-sim,-0.2776401933243018,0,0
20,21,1,always local-sim,local-sim,-8.298402347237108,1,0
20,21,1,always fallback,fallback,-0.19929958241282,0,0
20,21,2,P1,invoke-QPU,-0.11829214817528591,0,0
20,21,2,utility-only,invoke-QPU,-0.11829214817528591,0,0
20,21,2,logged-IPW,fallback,-0.1995975814312257,0,0
20,21,2,LinUCB,fallback,-0.1995975814312257,0,0
20,21,2,Pareto,remote-sim,-0.20342326390607746,0,0
20,21,2,oracle,invoke-QPU,-0.11829214817528591,0,0
20,21,2,train-selected fixed,fallback,-0.1995975814312257,0,0
20,21,2,always invoke-QPU,invoke-QPU,-0.11829214817528591,0,0
20,21,2,always remote-sim,remote-sim,-0.20342326390607746,0,0
20,21,2,always local-sim,local-sim,-4.957120145768485,1,0
20,21,2,always fallback,fallback,-0.1995975814312257,0,0
20,21,3,P1,fallback,-0.19519061978038862,0,0
20,21,3,utility-only,fallback,-0.19519061978038862,0,0
20,21,3,logged-IPW,fallback,-0.19519061978038862,0,0
20,21,3,LinUCB,fallback,-0.19519061978038862,0,0
20,21,3,Pareto,invoke-QPU,-2.350268542982366,1,0
20,21,3,oracle,fallback,-0.19519061978038862,0,0
20,21,3,train-selected fixed,fallback,-0.19519061978038862,0,0
20,21,3,always invoke-QPU,invoke-QPU,-2.350268542982366,1,0
20,21,3,always remote-sim,remote-sim,-4.500694028518412,1,0
20,21,3,always local-sim,local-sim,-8.180147552202971,1,0
20,21,3,always fallback,fallback,-0.19519061978038862,0,0
20,21,4,P1,fallback,-0.19444432572018938,0,0
20,21,4,utility-only,fallback,-0.19444432572018938,0,0
20,21,4,logged-IPW,fallback,-0.19444432572018938,0,0
20,21,4,LinUCB,fallback,-0.19444432572018938,0,0
20,21,4,Pareto,fallback,-0.19444432572018938,0,0
20,21,4,oracle,fallback,-0.19444432572018938,0,0
20,21,4,train-selected fixed,fallback,-0.19444432572018938,0,0
20,21,4,always invoke-QPU,invoke-QPU,-2.2166384957411998,1,0
20,21,4,always remote-sim,remote-sim,-4.766163864884911,1,0
20,21,4,always local-sim,local-sim,-5.560257261638075,1,0
20,21,4,always fallback,fallback,-0.19444432572018938,0,0
20,21,5,P1,fallback,-0.21432888530938682,0,0
20,21,5,utility-only,fallback,-0.21432888530938682,0,0
20,21,5,logged-IPW,fallback,-0.21432888530938682,0,0
20,21,5,LinUCB,fallback,-0.21432888530938682,0,0
20,21,5,Pareto,fallback,-0.21432888530938682,0,0
20,21,5,oracle,fallback,-0.21432888530938682,0,0
20,21,5,train-selected fixed,fallback,-0.21432888530938682,0,0
20,21,5,always invoke-QPU,invoke-QPU,-2.6307589346329063,1,0
20,21,5,always remote-sim,remote-sim,-10.33864564417728,0,1
20,21,5,always local-sim,local-sim,-8.25333614651518,1,0
20,21,5,always fallback,fallback,-0.21432888530938682,0,0
20,21,6,P1,fallback,-0.2085869383077094,0,0
20,21,6,utility-only,fallback,-0.2085869383077094,0,0
20,21,6,logged-IPW,fallback,-0.2085869383077094,0,0
20,21,6,LinUCB,fallback,-0.2085869383077094,0,0
20,21,6,Pareto,fallback,-0.2085869383077094,0,0
20,21,6,oracle,fallback,-0.2085869383077094,0,0
20,21,6,train-selected fixed,fallback,-0.2085869383077094,0,0
20,21,6,always invoke-QPU,invoke-QPU,-2.6117631893751807,1,0
20,21,6,always remote-sim,remote-sim,-7.406790675422245,1,0
20,21,6,always local-sim,local-sim,-8.00050625625904,1,0
20,21,6,always fallback,fallback,-0.2085869383077094,0,0
20,21,7,P1,remote-sim,-0.11162230552045503,0,0
20,21,7,utility-only,remote-sim,-0.11162230552045503,0,0
20,21,7,logged-IPW,invoke-QPU,-0.12630620652608737,0,0
20,21,7,LinUCB,remote-sim,-0.11162230552045503,0,0
20,21,7,Pareto,remote-sim,-0.11162230552045503,0,0
20,21,7,oracle,remote-sim,-0.11162230552045503,0,0
20,21,7,train-selected fixed,fallback,-0.2216900940638062,0,0
20,21,7,always invoke-QPU,invoke-QPU,-0.12630620652608737,0,0
20,21,7,always remote-sim,remote-sim,-0.11162230552045503,0,0
20,21,7,always local-sim,local-sim,-7.592095141149298,1,0
20,21,7,always fallback,fallback,-0.2216900940638062,0,0
20,21,8,P1,fallback,-0.19986787717990934,0,0
20,21,8,utility-only,fallback,-0.19986787717990934,0,0
20,21,8,logged-IPW,fallback,-0.19986787717990934,0,0
20,21,8,LinUCB,fallback,-0.19986787717990934,0,0
20,21,8,Pareto,remote-sim,-0.3336842419085133,0,0
20,21,8,oracle,fallback,-0.19986787717990934,0,0
20,21,8,train-selected fixed,fallback,-0.19986787717990934,0,0
20,21,8,always invoke-QPU,invoke-QPU,-2.211163666255734,1,0
20,21,8,always remote-sim,remote-sim,-0.3336842419085133,0,0
20,21,8,always local-sim,local-sim,-7.3165565714026535,1,0
20,21,8,always fallback,fallback,-0.19986787717990934,0,0
20,21,9,P1,fallback,-0.2040581654890232,0,0
20,21,9,utility-only,fallback,-0.2040581654890232,0,0
20,21,9,logged-IPW,fallback,-0.2040581654890232,0,0
20,21,9,LinUCB,fallback,-0.2040581654890232,0,0
20,21,9,Pareto,invoke-QPU,-7.789144491952703,1,1
20,21,9,oracle,fallback,-0.2040581654890232,0,0
20,21,9,train-selected fixed,fallback,-0.2040581654890232,0,0
20,21,9,always invoke-QPU,invoke-QPU,-7.789144491952703,1,1
20,21,9,always remote-sim,remote-sim,-8.535912454052692,1,0
20,21,9,always local-sim,local-sim,-8.310368601809161,1,0
20,21,9,always fallback,fallback,-0.2040581654890232,0,0
20,21,10,P1,remote-sim,-0.19233802403049916,0,0
20,21,10,utility-only,remote-sim,-0.19233802403049916,0,0
20,21,10,logged-IPW,fallback,-0.21669605171935966,0,0
20,21,10,LinUCB,fallback,-0.21669605171935966,0,0
20,21,10,Pareto,remote-sim,-0.19233802403049916,0,0
20,21,10,oracle,invoke-QPU,-0.1498830382617657,0,0
20,21,10,train-selected fixed,fallback,-0.21669605171935966,0,0
20,21,10,always invoke-QPU,invoke-QPU,-0.1498830382617657,0,0
20,21,10,always remote-sim,remote-sim,-0.19233802403049916,0,0
20,21,10,always local-sim,local-sim,-4.656752769928342,1,0
20,21,10,always fallback,fallback,-0.21669605171935966,0,0
20,21,11,P1,remote-sim,-0.19365642714192743,0,0
20,21,11,utility-only,remote-sim,-0.19365642714192743,0,0
20,21,11,logged-IPW,fallback,-0.20789391727239076,0,0
20,21,11,LinUCB,fallback,-0.20789391727239076,0,0
20,21,11,Pareto,remote-sim,-0.19365642714192743,0,0
20,21,11,oracle,invoke-QPU,-0.1512464484254571,0,0
20,21,11,train-selected fixed,fallback,-0.20789391727239076,0,0
20,21,11,always invoke-QPU,invoke-QPU,-0.1512464484254571,0,0
20,21,11,always remote-sim,remote-sim,-0.19365642714192743,0,0
20,21,11,always local-sim,local-sim,-4.87387686104746,1,0
20,21,11,always fallback,fallback,-0.20789391727239076,0,0
20,21,12,P1,fallback,-0.19527141513127247,0,0
20,21,12,utility-only,fallback,-0.19527141513127247,0,0
20,21,12,logged-IPW,fallback,-0.19527141513127247,0,0
20,21,12,LinUCB,fallback,-0.19527141513127247,0,0
20,21,12,Pareto,fallback,-0.19527141513127247,0,0
20,21,12,oracle,fallback,-0.19527141513127247,0,0
20,21,12,train-selected fixed,fallback,-0.19527141513127247,0,0
20,21,12,always invoke-QPU,invoke-QPU,-7.306811559979159,1,1
20,21,12,always remote-sim,remote-sim,-12.773966957311298,1,1
20,21,12,always local-sim,local-sim,-5.40611808438813,1,0
20,21,12,always fallback,fallback,-0.19527141513127247,0,0
20,21,13,P1,fallback,-0.1956508998501079,0,0
20,21,13,utility-only,fallback,-0.1956508998501079,0,0
20,21,13,logged-IPW,fallback,-0.1956508998501079,0,0
20,21,13,LinUCB,fallback,-0.1956508998501079,0,0
20,21,13,Pareto,remote-sim,-0.24730182583769933,0,0
20,21,13,oracle,fallback,-0.1956508998501079,0,0
20,21,13,train-selected fixed,fallback,-0.1956508998501079,0,0
20,21,13,always invoke-QPU,invoke-QPU,-2.1354882315854957,1,0
20,21,13,always remote-sim,remote-sim,-0.24730182583769933,0,0
20,21,13,always local-sim,local-sim,-6.130905012535056,1,0
20,21,13,always fallback,fallback,-0.1956508998501079,0,0
20,21,14,P1,invoke-QPU,-0.16223657591953405,0,0
20,21,14,utility-only,invoke-QPU,-0.16223657591953405,0,0
20,21,14,logged-IPW,fallback,-0.21637533309009213,0,0
20,21,14,LinUCB,fallback,-0.21637533309009213,0,0
20,21,14,Pareto,remote-sim,-0.2099061225899893,0,0
20,21,14,oracle,invoke-QPU,-0.16223657591953405,0,0
20,21,14,train-selected fixed,fallback,-0.21637533309009213,0,0
20,21,14,always invoke-QPU,invoke-QPU,-0.16223657591953405,0,0
20,21,14,always remote-sim,remote-sim,-0.2099061225899893,0,0
20,21,14,always local-sim,local-sim,-6.172304627072609,1,0
20,21,14,always fallback,fallback,-0.21637533309009213,0,0
20,21,15,P1,invoke-QPU,-0.1501799794566186,0,0
20,21,15,utility-only,invoke-QPU,-0.1501799794566186,0,0
20,21,15,logged-IPW,invoke-QPU,-0.1501799794566186,0,0
20,21,15,LinUCB,fallback,-0.19972046098841723,0,0
20,21,15,Pareto,remote-sim,-0.20306024659084393,0,0
20,21,15,oracle,invoke-QPU,-0.1501799794566186,0,0
20,21,15,train-selected fixed,fallback,-0.19972046098841723,0,0
20,21,15,always invoke-QPU,invoke-QPU,-0.1501799794566186,0,0
20,21,15,always remote-sim,remote-sim,-0.20306024659084393,0,0
20,21,15,always local-sim,local-sim,-5.467365503038113,1,0
20,21,15,always fallback,fallback,-0.19972046098841723,0,0
20,21,16,P1,fallback,-0.19784505532221472,0,0
20,21,16,utility-only,fallback,-0.19784505532221472,0,0
20,21,16,logged-IPW,fallback,-0.19784505532221472,0,0
20,21,16,LinUCB,fallback,-0.19784505532221472,0,0
20,21,16,Pareto,invoke-QPU,-7.25804367653968,1,1
20,21,16,oracle,fallback,-0.19784505532221472,0,0
20,21,16,train-selected fixed,fallback,-0.19784505532221472,0,0
20,21,16,always invoke-QPU,invoke-QPU,-7.25804367653968,1,1
20,21,16,always remote-sim,remote-sim,-11.51284199526891,1,1
20,21,16,always local-sim,local-sim,-5.5225184544227535,1,0
20,21,16,always fallback,fallback,-0.19784505532221472,0,0
20,21,17,P1,invoke-QPU,-0.16309863761243543,0,0
20,21,17,utility-only,invoke-QPU,-0.16309863761243543,0,0
20,21,17,logged-IPW,fallback,-0.20416189629770026,0,0
20,21,17,LinUCB,remote-sim,-0.2007830803926412,0,0
20,21,17,Pareto,remote-sim,-0.2007830803926412,0,0
20,21,17,oracle,invoke-QPU,-0.16309863761243543,0,0
20,21,17,train-selected fixed,fallback,-0.20416189629770026,0,0
20,21,17,always invoke-QPU,invoke-QPU,-0.16309863761243543,0,0
20,21,17,always remote-sim,remote-sim,-0.2007830803926412,0,0
20,21,17,always local-sim,local-sim,-8.636961001086192,1,0
20,21,17,always fallback,fallback,-0.20416189629770026,0,0
20,21,18,P1,remote-sim,-0.1764870576960632,0,0
20,21,18,utility-only,remote-sim,-0.1764870576960632,0,0
20,21,18,logged-IPW,fallback,-0.21968580558517226,0,0
20,21,18,LinUCB,fallback,-0.21968580558517226,0,0
20,21,18,Pareto,remote-sim,-0.1764870576960632,0,0
20,21,18,oracle,remote-sim,-0.1764870576960632,0,0
20,21,18,train-selected fixed,fallback,-0.21968580558517226,0,0
20,21,18,always invoke-QPU,invoke-QPU,-0.20217927690561077,0,0
20,21,18,always remote-sim,remote-sim,-0.1764870576960632,0,0
20,21,18,always local-sim,local-sim,-7.971478420431879,1,0
20,21,18,always fallback,fallback,-0.21968580558517226,0,0
20,21,19,P1,invoke-QPU,-0.12783651456010897,0,0
20,21,19,utility-only,invoke-QPU,-0.12783651456010897,0,0
20,21,19,logged-IPW,invoke-QPU,-0.12783651456010897,0,0
20,21,19,LinUCB,invoke-QPU,-0.12783651456010897,0,0
20,21,19,Pareto,remote-sim,-0.18629507395170541,0,0
20,21,19,oracle,invoke-QPU,-0.12783651456010897,0,0
20,21,19,train-selected fixed,fallback,-0.2210527090912347,0,0
20,21,19,always invoke-QPU,invoke-QPU,-0.12783651456010897,0,0
20,21,19,always remote-sim,remote-sim,-0.18629507395170541,0,0
20,21,19,always local-sim,local-sim,-5.850406192404881,1,0
20,21,19,always fallback,fallback,-0.2210527090912347,0,0
20,21,20,P1,invoke-QPU,-0.12337682431660885,0,0
20,21,20,utility-only,invoke-QPU,-0.12337682431660885,0,0
20,21,20,logged-IPW,fallback,-0.20403963094360564,0,0
20,21,20,LinUCB,fallback,-0.20403963094360564,0,0
20,21,20,Pareto,remote-sim,-0.2712378911972797,0,0
20,21,20,oracle,invoke-QPU,-0.12337682431660885,0,0
20,21,20,train-selected fixed,fallback,-0.20403963094360564,0,0
20,21,20,always invoke-QPU,invoke-QPU,-0.12337682431660885,0,0
20,21,20,always remote-sim,remote-sim,-0.2712378911972797,0,0
20,21,20,always local-sim,local-sim,-4.829416131104425,1,0
20,21,20,always fallback,fallback,-0.20403963094360564,0,0
20,21,21,P1,invoke-QPU,-0.11789872443189738,0,0
20,21,21,utility-only,invoke-QPU,-0.11789872443189738,0,0
20,21,21,logged-IPW,invoke-QPU,-0.11789872443189738,0,0
20,21,21,LinUCB,remote-sim,-0.1444447800370268,0,0
20,21,21,Pareto,remote-sim,-0.1444447800370268,0,0
20,21,21,oracle,invoke-QPU,-0.11789872443189738,0,0
20,21,21,train-selected fixed,fallback,-0.17686500599003985,0,0
20,21,21,always invoke-QPU,invoke-QPU,-0.11789872443189738,0,0
20,21,21,always remote-sim,remote-sim,-0.1444447800370268,0,0
20,21,21,always local-sim,local-sim,-6.29572798577315,1,0
20,21,21,always fallback,fallback,-0.17686500599003985,0,0
20,21,22,P1,invoke-QPU,-0.20214605932420948,0,0
20,21,22,utility-only,invoke-QPU,-0.20214605932420948,0,0
20,21,22,logged-IPW,fallback,-0.20530517759688496,0,0
20,21,22,LinUCB,fallback,-0.20530517759688496,0,0
20,21,22,Pareto,remote-sim,-0.2082604530645996,0,0
20,21,22,oracle,invoke-QPU,-0.20214605932420948,0,0
20,21,22,train-selected fixed,fallback,-0.20530517759688496,0,0
20,21,22,always invoke-QPU,invoke-QPU,-0.20214605932420948,0,0
20,21,22,always remote-sim,remote-sim,-0.2082604530645996,0,0
20,21,22,always local-sim,local-sim,-8.618872499136362,1,0
20,21,22,always fallback,fallback,-0.20530517759688496,0,0
20,21,23,P1,fallback,-0.21331539908942854,0,0
20,21,23,utility-only,fallback,-0.21331539908942854,0,0
20,21,23,logged-IPW,fallback,-0.21331539908942854,0,0
20,21,23,LinUCB,fallback,-0.21331539908942854,0,0
20,21,23,Pareto,fallback,-0.21331539908942854,0,0
20,21,23,oracle,fallback,-0.21331539908942854,0,0
20,21,23,train-selected fixed,fallback,-0.21331539908942854,0,0
20,21,23,always invoke-QPU,invoke-QPU,-7.3285296679225524,1,1
20,21,23,always remote-sim,remote-sim,-11.62370295486798,1,1
20,21,23,always local-sim,local-sim,-5.694189365676744,1,0
20,21,23,always fallback,fallback,-0.21331539908942854,0,0
20,21,24,P1,fallback,-0.21433669245387682,0,0
20,21,24,utility-only,fallback,-0.21433669245387682,0,0
20,21,24,logged-IPW,fallback,-0.21433669245387682,0,0
20,21,24,LinUCB,fallback,-0.21433669245387682,0,0
20,21,24,Pareto,remote-sim,-0.3034162827209975,0,0
20,21,24,oracle,invoke-QPU,-0.16794493303805635,0,0
20,21,24,train-selected fixed,fallback,-0.21433669245387682,0,0
20,21,24,always invoke-QPU,invoke-QPU,-0.16794493303805635,0,0
20,21,24,always remote-sim,remote-sim,-0.3034162827209975,0,0
20,21,24,always local-sim,local-sim,-8.100437890638991,1,0
20,21,24,always fallback,fallback,-0.21433669245387682,0,0
20,21,25,P1,invoke-QPU,-0.14241666400331315,0,0
20,21,25,utility-only,invoke-QPU,-0.14241666400331315,0,0
20,21,25,logged-IPW,fallback,-0.19886847744632288,0,0
20,21,25,LinUCB,fallback,-0.19886847744632288,0,0
20,21,25,Pareto,remote-sim,-0.14485400317252412,0,0
20,21,25,oracle,invoke-QPU,-0.14241666400331315,0,0
20,21,25,train-selected fixed,fallback,-0.19886847744632288,0,0
20,21,25,always invoke-QPU,invoke-QPU,-0.14241666400331315,0,0
20,21,25,always remote-sim,remote-sim,-0.14485400317252412,0,0
20,21,25,always local-sim,local-sim,-5.308260629909647,1,0
20,21,25,always fallback,fallback,-0.19886847744632288,0,0
20,21,26,P1,remote-sim,-0.12936113934422738,0,0
20,21,26,utility-only,remote-sim,-0.12936113934422738,0,0
20,21,26,logged-IPW,fallback,-0.20264723050835423,0,0
20,21,26,LinUCB,fallback,-0.20264723050835423,0,0
20,21,26,Pareto,remote-sim,-0.12936113934422738,0,0
20,21,26,oracle,remote-sim,-0.12936113934422738,0,0
20,21,26,train-selected fixed,fallback,-0.20264723050835423,0,0
20,21,26,always invoke-QPU,invoke-QPU,-2.145543830578848,1,0
20,21,26,always remote-sim,remote-sim,-0.12936113934422738,0,0
20,21,26,always local-sim,local-sim,-4.776319441784811,1,0
20,21,26,always fallback,fallback,-0.20264723050835423,0,0
20,21,27,P1,fallback,-0.219360659826909,0,0
20,21,27,utility-only,fallback,-0.219360659826909,0,0
20,21,27,logged-IPW,fallback,-0.219360659826909,0,0
20,21,27,LinUCB,fallback,-0.219360659826909,0,0
20,21,27,Pareto,remote-sim,-0.279309430017849,0,0
20,21,27,oracle,invoke-QPU,-0.14925764820598042,0,0
20,21,27,train-selected fixed,fallback,-0.219360659826909,0,0
20,21,27,always invoke-QPU,invoke-QPU,-0.14925764820598042,0,0
20,21,27,always remote-sim,remote-sim,-0.279309430017849,0,0
20,21,27,always local-sim,local-sim,-4.910222444514484,1,0
20,21,27,always fallback,fallback,-0.219360659826909,0,0
20,21,28,P1,fallback,-0.1912239158350588,0,0
20,21,28,utility-only,fallback,-0.1912239158350588,0,0
20,21,28,logged-IPW,fallback,-0.1912239158350588,0,0
20,21,28,LinUCB,fallback,-0.1912239158350588,0,0
20,21,28,Pareto,remote-sim,-0.29185908976564273,0,0
20,21,28,oracle,fallback,-0.1912239158350588,0,0
20,21,28,train-selected fixed,fallback,-0.1912239158350588,0,0
20,21,28,always invoke-QPU,invoke-QPU,-2.1930801377310147,1,0
20,21,28,always remote-sim,remote-sim,-0.29185908976564273,0,0
20,21,28,always local-sim,local-sim,-7.620949482005143,1,0
20,21,28,always fallback,fallback,-0.1912239158350588,0,0
20,21,29,P1,fallback,-0.19336535104137045,0,0
20,21,29,utility-only,fallback,-0.19336535104137045,0,0
20,21,29,logged-IPW,fallback,-0.19336535104137045,0,0
20,21,29,LinUCB,fallback,-0.19336535104137045,0,0
20,21,29,Pareto,fallback,-0.19336535104137045,0,0
20,21,29,oracle,fallback,-0.19336535104137045,0,0
20,21,29,train-selected fixed,fallback,-0.19336535104137045,0,0
20,21,29,always invoke-QPU,invoke-QPU,-7.201150307889632,1,1
20,21,29,always remote-sim,remote-sim,-7.167172213534901,1,0
20,21,29,always local-sim,local-sim,-4.8438611320326075,1,0
20,21,29,always fallback,fallback,-0.19336535104137045,0,0
20,22,0,P1,invoke-QPU,-0.1441336519505783,0,0
20,22,0,utility-only,invoke-QPU,-0.1441336519505783,0,0
20,22,0,logged-IPW,fallback,-0.19190458625216122,0,0
20,22,0,LinUCB,fallback,-0.19190458625216122,0,0
20,22,0,Pareto,remote-sim,-0.27686584982805074,0,0
20,22,0,oracle,invoke-QPU,-0.1441336519505783,0,0
20,22,0,train-selected fixed,fallback,-0.19190458625216122,0,0
20,22,0,always invoke-QPU,invoke-QPU,-0.1441336519505783,0,0
20,22,0,always remote-sim,remote-sim,-0.27686584982805074,0,0
20,22,0,always local-sim,local-sim,-6.2048271357222955,1,0
20,22,0,always fallback,fallback,-0.19190458625216122,0,0
20,22,1,P1,fallback,-0.20221558292134204,0,0
20,22,1,utility-only,fallback,-0.20221558292134204,0,0
20,22,1,logged-IPW,fallback,-0.20221558292134204,0,0
20,22,1,LinUCB,fallback,-0.20221558292134204,0,0
20,22,1,Pareto,fallback,-0.20221558292134204,0,0
20,22,1,oracle,fallback,-0.20221558292134204,0,0
20,22,1,train-selected fixed,fallback,-0.20221558292134204,0,0
20,22,1,always invoke-QPU,invoke-QPU,-7.586109392517138,1,1
20,22,1,always remote-sim,remote-sim,-12.514814279203822,1,1
20,22,1,always local-sim,local-sim,-7.5297979911385635,1,0
20,22,1,always fallback,fallback,-0.20221558292134204,0,0
20,22,2,P1,invoke-QPU,-0.12435627645566831,0,0
20,22,2,utility-only,invoke-QPU,-0.12435627645566831,0,0
20,22,2,logged-IPW,invoke-QPU,-0.12435627645566831,0,0
20,22,2,LinUCB,fallback,-0.20879841053011403,0,0
20,22,2,Pareto,remote-sim,-0.1523162645748052,0,0
20,22,2,oracle,invoke-QPU,-0.12435627645566831,0,0
20,22,2,train-selected fixed,fallback,-0.20879841053011403,0,0
20,22,2,always invoke-QPU,invoke-QPU,-0.12435627645566831,0,0
20,22,2,always remote-sim,remote-sim,-0.1523162645748052,0,0
20,22,2,always local-sim,local-sim,-4.68624750798441,1,0
20,22,2,always fallback,fallback,-0.20879841053011403,0,0
20,22,3,P1,fallback,-0.20504731964279774,0,0
20,22,3,utility-only,fallback,-0.20504731964279774,0,0
20,22,3,logged-IPW,fallback,-0.20504731964279774,0,0
20,22,3,LinUCB,fallback,-0.20504731964279774,0,0
20,22,3,Pareto,fallback,-0.20504731964279774,0,0
20,22,3,oracle,fallback,-0.20504731964279774,0,0
20,22,3,train-selected fixed,fallback,-0.20504731964279774,0,0
20,22,3,always invoke-QPU,invoke-QPU,-0.22019495765159947,0,0
20,22,3,always remote-sim,remote-sim,-4.693273307585036,0,0
20,22,3,always local-sim,local-sim,-4.772296502090609,1,0
20,22,3,always fallback,fallback,-0.20504731964279774,0,0
20,22,4,P1,fallback,-0.20602487321931315,0,0
20,22,4,utility-only,fallback,-0.20602487321931315,0,0
20,22,4,logged-IPW,fallback,-0.20602487321931315,0,0
20,22,4,LinUCB,fallback,-0.20602487321931315,0,0
20,22,4,Pareto,fallback,-0.20602487321931315,0,0
20,22,4,oracle,fallback,-0.20602487321931315,0,0
20,22,4,train-selected fixed,fallback,-0.20602487321931315,0,0
20,22,4,always invoke-QPU,invoke-QPU,-8.091623066120071,1,1
20,22,4,always remote-sim,remote-sim,-20.965505879140125,1,0
20,22,4,always local-sim,local-sim,-6.273298866156344,1,0
20,22,4,always fallback,fallback,-0.20602487321931315,0,0
20,22,5,P1,fallback,-0.18252153525104245,0,0
20,22,5,utility-only,fallback,-0.18252153525104245,0,0
20,22,5,logged-IPW,fallback,-0.18252153525104245,0,0
20,22,5,LinUCB,fallback,-0.18252153525104245,0,0
20,22,5,Pareto,fallback,-0.18252153525104245,0,0
20,22,5,oracle,fallback,-0.18252153525104245,0,0
20,22,5,train-selected fixed,fallback,-0.18252153525104245,0,0
20,22,5,always invoke-QPU,invoke-QPU,-2.546246384891168,1,0
20,22,5,always remote-sim,remote-sim,-12.711097861410476,1,1
20,22,5,always local-sim,local-sim,-7.246236430116103,1,0
20,22,5,always fallback,fallback,-0.18252153525104245,0,0
20,22,6,P1,fallback,-0.18710883067407655,0,0
20,22,6,utility-only,fallback,-0.18710883067407655,0,0
20,22,6,logged-IPW,fallback,-0.18710883067407655,0,0
20,22,6,LinUCB,fallback,-0.18710883067407655,0,0
20,22,6,Pareto,invoke-QPU,-0.1705098766930318,0,0
20,22,6,oracle,invoke-QPU,-0.1705098766930318,0,0
20,22,6,train-selected fixed,fallback,-0.18710883067407655,0,0
20,22,6,always invoke-QPU,invoke-QPU,-0.1705098766930318,0,0
20,22,6,always remote-sim,remote-sim,-0.38872595127361986,0,0
20,22,6,always local-sim,local-sim,-6.427892098814651,1,0
20,22,6,always fallback,fallback,-0.18710883067407655,0,0
20,22,7,P1,remote-sim,-0.17645215048362514,0,0
20,22,7,utility-only,remote-sim,-0.17645215048362514,0,0
20,22,7,logged-IPW,remote-sim,-0.17645215048362514,0,0
20,22,7,LinUCB,fallback,-0.1963114513108422,0,0
20,22,7,Pareto,remote-sim,-0.17645215048362514,0,0
20,22,7,oracle,remote-sim,-0.17645215048362514,0,0
20,22,7,train-selected fixed,fallback,-0.1963114513108422,0,0
20,22,7,always invoke-QPU,invoke-QPU,-2.563424270361559,1,0
20,22,7,always remote-sim,remote-sim,-0.17645215048362514,0,0
20,22,7,always local-sim,local-sim,-8.345412258731374,1,0
20,22,7,always fallback,fallback,-0.1963114513108422,0,0
20,22,8,P1,remote-sim,-0.1639079754611482,0,0
20,22,8,utility-only,remote-sim,-0.1639079754611482,0,0
20,22,8,logged-IPW,remote-sim,-0.1639079754611482,0,0
20,22,8,LinUCB,fallback,-0.198364635152079,0,0
20,22,8,Pareto,remote-sim,-0.1639079754611482,0,0
20,22,8,oracle,remote-sim,-0.1639079754611482,0,0
20,22,8,train-selected fixed,fallback,-0.198364635152079,0,0
20,22,8,always invoke-QPU,invoke-QPU,-2.179873313599526,1,0
20,22,8,always remote-sim,remote-sim,-0.1639079754611482,0,0
20,22,8,always local-sim,local-sim,-6.634918082789846,1,0
20,22,8,always fallback,fallback,-0.198364635152079,0,0
20,22,9,P1,fallback,-0.20257879219778147,0,0
20,22,9,utility-only,fallback,-0.20257879219778147,0,0
20,22,9,logged-IPW,fallback,-0.20257879219778147,0,0
20,22,9,LinUCB,fallback,-0.20257879219778147,0,0
20,22,9,Pareto,invoke-QPU,-3.087424815917543,1,0
20,22,9,oracle,fallback,-0.20257879219778147,0,0
20,22,9,train-selected fixed,fallback,-0.20257879219778147,0,0
20,22,9,always invoke-QPU,invoke-QPU,-3.087424815917543,1,0
20,22,9,always remote-sim,remote-sim,-15.568990846040283,1,1
20,22,9,always local-sim,local-sim,-9.117400108941295,1,0
20,22,9,always fallback,fallback,-0.20257879219778147,0,0
20,22,10,P1,invoke-QPU,-0.15066993384069383,0,0
20,22,10,utility-only,invoke-QPU,-0.15066993384069383,0,0
20,22,10,logged-IPW,fallback,-0.2115066536506517,0,0
20,22,10,LinUCB,fallback,-0.2115066536506517,0,0
20,22,10,Pareto,remote-sim,-0.21579002037113598,0,0
20,22,10,oracle,invoke-QPU,-0.15066993384069383,0,0
20,22,10,train-selected fixed,fallback,-0.2115066536506517,0,0
20,22,10,always invoke-QPU,invoke-QPU,-0.15066993384069383,0,0
20,22,10,always remote-sim,remote-sim,-0.21579002037113598,0,0
20,22,10,always local-sim,local-sim,-7.681544426106079,1,0
20,22,10,always fallback,fallback,-0.2115066536506517,0,0
20,22,11,P1,fallback,-0.2035066507370532,0,0
20,22,11,utility-only,fallback,-0.2035066507370532,0,0
20,22,11,logged-IPW,fallback,-0.2035066507370532,0,0
20,22,11,LinUCB,invoke-QPU,-0.29890011721390675,0,0
20,22,11,Pareto,remote-sim,-0.2292888790324014,0,0
20,22,11,oracle,fallback,-0.2035066507370532,0,0
20,22,11,train-selected fixed,fallback,-0.2035066507370532,0,0
20,22,11,always invoke-QPU,invoke-QPU,-0.29890011721390675,0,0
20,22,11,always remote-sim,remote-sim,-0.2292888790324014,0,0
20,22,11,always local-sim,local-sim,-8.69740023927619,1,0
20,22,11,always fallback,fallback,-0.2035066507370532,0,0
20,22,12,P1,remote-sim,-0.1249552785615017,0,0
20,22,12,utility-only,remote-sim,-0.1249552785615017,0,0
20,22,12,logged-IPW,fallback,-0.20085882629822654,0,0
20,22,12,LinUCB,remote-sim,-0.1249552785615017,0,0
20,22,12,Pareto,remote-sim,-0.1249552785615017,0,0
20,22,12,oracle,invoke-QPU,-0.11988341615832439,0,0
20,22,12,train-selected fixed,fallback,-0.20085882629822654,0,0
20,22,12,always invoke-QPU,invoke-QPU,-0.11988341615832439,0,0
20,22,12,always remote-sim,remote-sim,-0.1249552785615017,0,0
20,22,12,always local-sim,local-sim,-5.285255394987772,1,0
20,22,12,always fallback,fallback,-0.20085882629822654,0,0
20,22,13,P1,fallback,-0.21798809566649463,0,0
20,22,13,utility-only,fallback,-0.21798809566649463,0,0
20,22,13,logged-IPW,fallback,-0.21798809566649463,0,0
20,22,13,LinUCB,fallback,-0.21798809566649463,0,0
20,22,13,Pareto,fallback,-0.21798809566649463,0,0
20,22,13,oracle,fallback,-0.21798809566649463,0,0
20,22,13,train-selected fixed,fallback,-0.21798809566649463,0,0
20,22,13,always invoke-QPU,invoke-QPU,-2.2471748996157395,1,0
20,22,13,always remote-sim,remote-sim,-5.527265913357101,1,0
20,22,13,always local-sim,local-sim,-5.556402226066426,1,0
20,22,13,always fallback,fallback,-0.21798809566649463,0,0
20,22,14,P1,invoke-QPU,-0.12705746002420115,0,0
20,22,14,utility-only,invoke-QPU,-0.12705746002420115,0,0
20,22,14,logged-IPW,invoke-QPU,-0.12705746002420115,0,0
20,22,14,LinUCB,fallback,-0.2050659089840533,0,0
20,22,14,Pareto,remote-sim,-0.17621473579032867,0,0
20,22,14,oracle,invoke-QPU,-0.12705746002420115,0,0
20,22,14,train-selected fixed,fallback,-0.2050659089840533,0,0
20,22,14,always invoke-QPU,invoke-QPU,-0.12705746002420115,0,0
20,22,14,always remote-sim,remote-sim,-0.17621473579032867,0,0
20,22,14,always local-sim,local-sim,-7.239410810522983,1,0
20,22,14,always fallback,fallback,-0.2050659089840533,0,0
20,22,15,P1,fallback,-0.20270666328427492,0,0
20,22,15,utility-only,fallback,-0.20270666328427492,0,0
20,22,15,logged-IPW,fallback,-0.20270666328427492,0,0
20,22,15,LinUCB,fallback,-0.20270666328427492,0,0
20,22,15,Pareto,remote-sim,-0.28729509068747916,0,0
20,22,15,oracle,fallback,-0.20270666328427492,0,0
20,22,15,train-selected fixed,fallback,-0.20270666328427492,0,0
20,22,15,always invoke-QPU,invoke-QPU,-2.1352578676137335,1,0
20,22,15,always remote-sim,remote-sim,-0.28729509068747916,0,0
20,22,15,always local-sim,local-sim,-5.268444105739794,1,0
20,22,15,always fallback,fallback,-0.20270666328427492,0,0
20,22,16,P1,fallback,-0.20944351793413424,0,0
20,22,16,utility-only,fallback,-0.20944351793413424,0,0
20,22,16,logged-IPW,fallback,-0.20944351793413424,0,0
20,22,16,LinUCB,fallback,-0.20944351793413424,0,0
20,22,16,Pareto,fallback,-0.20944351793413424,0,0
20,22,16,oracle,fallback,-0.20944351793413424,0,0
20,22,16,train-selected fixed,fallback,-0.20944351793413424,0,0
20,22,16,always invoke-QPU,invoke-QPU,-2.6751774130329,1,0
20,22,16,always remote-sim,remote-sim,-11.329001508318228,1,0
20,22,16,always local-sim,local-sim,-6.64735917405438,1,0
20,22,16,always fallback,fallback,-0.20944351793413424,0,0
20,22,17,P1,fallback,-0.19012738769833376,0,0
20,22,17,utility-only,fallback,-0.19012738769833376,0,0
20,22,17,logged-IPW,fallback,-0.19012738769833376,0,0
20,22,17,LinUCB,fallback,-0.19012738769833376,0,0
20,22,17,Pareto,remote-sim,-0.2017064922449381,0,0
20,22,17,oracle,invoke-QPU,-0.13638115077875784,0,0
20,22,17,train-selected fixed,fallback,-0.19012738769833376,0,0
20,22,17,always invoke-QPU,invoke-QPU,-0.13638115077875784,0,0
20,22,17,always remote-sim,remote-sim,-0.2017064922449381,0,0
20,22,17,always local-sim,local-sim,-7.330253072519231,1,0
20,22,17,always fallback,fallback,-0.19012738769833376,0,0
20,22,18,P1,fallback,-0.20374051440055713,0,0
20,22,18,utility-only,fallback,-0.20374051440055713,0,0
20,22,18,logged-IPW,fallback,-0.20374051440055713,0,0
20,22,18,LinUCB,fallback,-0.20374051440055713,0,0
20,22,18,Pareto,invoke-QPU,-7.386248582400107,1,1
20,22,18,oracle,fallback,-0.20374051440055713,0,0
20,22,18,train-selected fixed,fallback,-0.20374051440055713,0,0
20,22,18,always invoke-QPU,invoke-QPU,-7.386248582400107,1,1
20,22,18,always remote-sim,remote-sim,-9.150580932437983,1,1
20,22,18,always local-sim,local-sim,-7.473934681409649,1,0
20,22,18,always fallback,fallback,-0.20374051440055713,0,0
20,22,19,P1,remote-sim,-0.20708720360047173,0,0
20,22,19,utility-only,remote-sim,-0.20708720360047173,0,0
20,22,19,logged-IPW,remote-sim,-0.20708720360047173,0,0
20,22,19,LinUCB,remote-sim,-0.20708720360047173,0,0
20,22,19,Pareto,remote-sim,-0.20708720360047173,0,0
20,22,19,oracle,invoke-QPU,-0.11446117512335616,0,0
20,22,19,train-selected fixed,fallback,-0.19137606421211253,0,0
20,22,19,always invoke-QPU,invoke-QPU,-0.11446117512335616,0,0
20,22,19,always remote-sim,remote-sim,-0.20708720360047173,0,0
20,22,19,always local-sim,local-sim,-4.751027233694973,1,0
20,22,19,always fallback,fallback,-0.19137606421211253,0,0
20,22,20,P1,invoke-QPU,-0.12642654349132607,0,0
20,22,20,utility-only,invoke-QPU,-0.12642654349132607,0,0
20,22,20,logged-IPW,invoke-QPU,-0.12642654349132607,0,0
20,22,20,LinUCB,invoke-QPU,-0.12642654349132607,0,0
20,22,20,Pareto,remote-sim,-0.18134719161187285,0,0
20,22,20,oracle,invoke-QPU,-0.12642654349132607,0,0
20,22,20,train-selected fixed,fallback,-0.20283273427914916,0,0
20,22,20,always invoke-QPU,invoke-QPU,-0.12642654349132607,0,0
20,22,20,always remote-sim,remote-sim,-0.18134719161187285,0,0
20,22,20,always local-sim,local-sim,-5.270050529270383,1,0
20,22,20,always fallback,fallback,-0.20283273427914916,0,0
20,22,21,P1,fallback,-0.2045434493774474,0,0
20,22,21,utility-only,fallback,-0.2045434493774474,0,0
20,22,21,logged-IPW,fallback,-0.2045434493774474,0,0
20,22,21,LinUCB,fallback,-0.2045434493774474,0,0
20,22,21,Pareto,invoke-QPU,-7.455506445156547,1,1
20,22,21,oracle,fallback,-0.2045434493774474,0,0
20,22,21,train-selected fixed,fallback,-0.2045434493774474,0,0
20,22,21,always invoke-QPU,invoke-QPU,-7.455506445156547,1,1
20,22,21,always remote-sim,remote-sim,-9.968952132225105,1,1
20,22,21,always local-sim,local-sim,-8.51015122163168,1,0
20,22,21,always fallback,fallback,-0.2045434493774474,0,0
20,22,22,P1,fallback,-0.20554311994598728,0,0
20,22,22,utility-only,fallback,-0.20554311994598728,0,0
20,22,22,logged-IPW,fallback,-0.20554311994598728,0,0
20,22,22,LinUCB,invoke-QPU,-0.2684822541375876,0,0
20,22,22,Pareto,remote-sim,-0.3480655139017614,0,0
20,22,22,oracle,fallback,-0.20554311994598728,0,0
20,22,22,train-selected fixed,fallback,-0.20554311994598728,0,0
20,22,22,always invoke-QPU,invoke-QPU,-0.2684822541375876,0,0
20,22,22,always remote-sim,remote-sim,-0.3480655139017614,0,0
20,22,22,always local-sim,local-sim,-8.013016296370685,1,0
20,22,22,always fallback,fallback,-0.20554311994598728,0,0
20,22,23,P1,invoke-QPU,-0.12364377431743545,0,0
20,22,23,utility-only,invoke-QPU,-0.12364377431743545,0,0
20,22,23,logged-IPW,invoke-QPU,-0.12364377431743545,0,0
20,22,23,LinUCB,invoke-QPU,-0.12364377431743545,0,0
20,22,23,Pareto,remote-sim,-0.15639484177990207,0,0
20,22,23,oracle,invoke-QPU,-0.12364377431743545,0,0
20,22,23,train-selected fixed,fallback,-0.22077195068184352,0,0
20,22,23,always invoke-QPU,invoke-QPU,-0.12364377431743545,0,0
20,22,23,always remote-sim,remote-sim,-0.15639484177990207,0,0
20,22,23,always local-sim,local-sim,-7.811856098075454,1,0
20,22,23,always fallback,fallback,-0.22077195068184352,0,0
20,22,24,P1,remote-sim,-0.15524757715374532,0,0
20,22,24,utility-only,remote-sim,-0.15524757715374532,0,0
20,22,24,logged-IPW,fallback,-0.2044550824495066,0,0
20,22,24,LinUCB,remote-sim,-0.15524757715374532,0,0
20,22,24,Pareto,remote-sim,-0.15524757715374532,0,0
20,22,24,oracle,invoke-QPU,-0.14466182708153713,0,0
20,22,24,train-selected fixed,fallback,-0.2044550824495066,0,0
20,22,24,always invoke-QPU,invoke-QPU,-0.14466182708153713,0,0
20,22,24,always remote-sim,remote-sim,-0.15524757715374532,0,0
20,22,24,always local-sim,local-sim,-6.462815900730062,1,0
20,22,24,always fallback,fallback,-0.2044550824495066,0,0
20,22,25,P1,fallback,-0.21244182161390085,0,0
20,22,25,utility-only,fallback,-0.21244182161390085,0,0
20,22,25,logged-IPW,fallback,-0.21244182161390085,0,0
20,22,25,LinUCB,fallback,-0.21244182161390085,0,0
20,22,25,Pareto,fallback,-0.21244182161390085,0,0
20,22,25,oracle,fallback,-0.21244182161390085,0,0
20,22,25,train-selected fixed,fallback,-0.21244182161390085,0,0
20,22,25,always invoke-QPU,invoke-QPU,-7.699303797549705,1,1
20,22,25,always remote-sim,remote-sim,-12.192443318339915,1,1
20,22,25,always local-sim,local-sim,-9.127948845029655,1,0
20,22,25,always fallback,fallback,-0.21244182161390085,0,0
20,22,26,P1,fallback,-0.21299259424749445,0,0
20,22,26,utility-only,fallback,-0.21299259424749445,0,0
20,22,26,logged-IPW,fallback,-0.21299259424749445,0,0
20,22,26,LinUCB,fallback,-0.21299259424749445,0,0
20,22,26,Pareto,remote-sim,-0.36608069569898194,0,0
20,22,26,oracle,fallback,-0.21299259424749445,0,0
20,22,26,train-selected fixed,fallback,-0.21299259424749445,0,0
20,22,26,always invoke-QPU,invoke-QPU,-2.1564646404151238,1,0
20,22,26,always remote-sim,remote-sim,-0.36608069569898194,0,0
20,22,26,always local-sim,local-sim,-6.1550021872649,1,0
20,22,26,always fallback,fallback,-0.21299259424749445,0,0
20,22,27,P1,remote-sim,-0.17933243761693188,0,0
20,22,27,utility-only,remote-sim,-0.17933243761693188,0,0
20,22,27,logged-IPW,fallback,-0.21201576945030354,0,0
20,22,27,LinUCB,fallback,-0.21201576945030354,0,0
20,22,27,Pareto,remote-sim,-0.17933243761693188,0,0
20,22,27,oracle,invoke-QPU,-0.15112166122484388,0,0
20,22,27,train-selected fixed,fallback,-0.21201576945030354,0,0
20,22,27,always invoke-QPU,invoke-QPU,-0.15112166122484388,0,0
20,22,27,always remote-sim,remote-sim,-0.17933243761693188,0,0
20,22,27,always local-sim,local-sim,-6.083248504442321,1,0
20,22,27,always fallback,fallback,-0.21201576945030354,0,0
20,22,28,P1,remote-sim,-0.18568978777696848,0,0
20,22,28,utility-only,remote-sim,-0.18568978777696848,0,0
20,22,28,logged-IPW,fallback,-0.22568982069370516,0,0
20,22,28,LinUCB,fallback,-0.22568982069370516,0,0
20,22,28,Pareto,remote-sim,-0.18568978777696848,0,0
20,22,28,oracle,remote-sim,-0.18568978777696848,0,0
20,22,28,train-selected fixed,fallback,-0.22568982069370516,0,0
20,22,28,always invoke-QPU,invoke-QPU,-2.1662349804752963,1,0
20,22,28,always remote-sim,remote-sim,-0.18568978777696848,0,0
20,22,28,always local-sim,local-sim,-5.042195973382149,1,0
20,22,28,always fallback,fallback,-0.22568982069370516,0,0
20,22,29,P1,invoke-QPU,-0.1203427928094352,0,0
20,22,29,utility-only,invoke-QPU,-0.1203427928094352,0,0
20,22,29,logged-IPW,invoke-QPU,-0.1203427928094352,0,0
20,22,29,LinUCB,invoke-QPU,-0.1203427928094352,0,0
20,22,29,Pareto,remote-sim,-0.18612945392284064,0,0
20,22,29,oracle,invoke-QPU,-0.1203427928094352,0,0
20,22,29,train-selected fixed,fallback,-0.21088155027679878,0,0
20,22,29,always invoke-QPU,invoke-QPU,-0.1203427928094352,0,0
20,22,29,always remote-sim,remote-sim,-0.18612945392284064,0,0
20,22,29,always local-sim,local-sim,-6.232054243025569,1,0
20,22,29,always fallback,fallback,-0.21088155027679878,0,0
20,23,0,P1,fallback,-0.1967644869878421,0,0
20,23,0,utility-only,fallback,-0.1967644869878421,0,0
20,23,0,logged-IPW,fallback,-0.1967644869878421,0,0
20,23,0,LinUCB,fallback,-0.1967644869878421,0,0
20,23,0,Pareto,fallback,-0.1967644869878421,0,0
20,23,0,oracle,fallback,-0.1967644869878421,0,0
20,23,0,train-selected fixed,fallback,-0.1967644869878421,0,0
20,23,0,always invoke-QPU,invoke-QPU,-2.2209783498649593,1,0
20,23,0,always remote-sim,remote-sim,-12.121449204928574,1,1
20,23,0,always local-sim,local-sim,-5.013064665435434,1,0
20,23,0,always fallback,fallback,-0.1967644869878421,0,0
20,23,1,P1,fallback,-0.2054100885890301,0,0
20,23,1,utility-only,fallback,-0.2054100885890301,0,0
20,23,1,logged-IPW,fallback,-0.2054100885890301,0,0
20,23,1,LinUCB,fallback,-0.2054100885890301,0,0
20,23,1,Pareto,invoke-QPU,-7.615680889047671,1,1
20,23,1,oracle,fallback,-0.2054100885890301,0,0
20,23,1,train-selected fixed,fallback,-0.2054100885890301,0,0
20,23,1,always invoke-QPU,invoke-QPU,-7.615680889047671,1,1
20,23,1,always remote-sim,remote-sim,-7.267046238361653,0,0
20,23,1,always local-sim,local-sim,-6.6198593270659245,1,0
20,23,1,always fallback,fallback,-0.2054100885890301,0,0
20,23,2,P1,fallback,-0.21012480477459708,0,0
20,23,2,utility-only,fallback,-0.21012480477459708,0,0
20,23,2,logged-IPW,fallback,-0.21012480477459708,0,0
20,23,2,LinUCB,fallback,-0.21012480477459708,0,0
20,23,2,Pareto,remote-sim,-0.23551186659925863,0,0
20,23,2,oracle,invoke-QPU,-0.1895836089872353,0,0
20,23,2,train-selected fixed,fallback,-0.21012480477459708,0,0
20,23,2,always invoke-QPU,invoke-QPU,-0.1895836089872353,0,0
20,23,2,always remote-sim,remote-sim,-0.23551186659925863,0,0
20,23,2,always local-sim,local-sim,-7.84405149691411,1,0
20,23,2,always fallback,fallback,-0.21012480477459708,0,0
20,23,3,P1,fallback,-0.21592135886651523,0,0
20,23,3,utility-only,fallback,-0.21592135886651523,0,0
20,23,3,logged-IPW,fallback,-0.21592135886651523,0,0
20,23,3,LinUCB,fallback,-0.21592135886651523,0,0
20,23,3,Pareto,fallback,-0.21592135886651523,0,0
20,23,3,oracle,fallback,-0.21592135886651523,0,0
20,23,3,train-selected fixed,fallback,-0.21592135886651523,0,0
20,23,3,always invoke-QPU,invoke-QPU,-8.170987025402315,1,1
20,23,3,always remote-sim,remote-sim,-16.971554091927604,1,1
20,23,3,always local-sim,local-sim,-8.456408855969208,1,0
20,23,3,always fallback,fallback,-0.21592135886651523,0,0
20,23,4,P1,remote-sim,-0.18609523243295356,0,0
20,23,4,utility-only,remote-sim,-0.18609523243295356,0,0
20,23,4,logged-IPW,fallback,-0.21331244181538522,0,0
20,23,4,LinUCB,fallback,-0.21331244181538522,0,0
20,23,4,Pareto,remote-sim,-0.18609523243295356,0,0
20,23,4,oracle,remote-sim,-0.18609523243295356,0,0
20,23,4,train-selected fixed,fallback,-0.21331244181538522,0,0
20,23,4,always invoke-QPU,invoke-QPU,-2.182692593891073,1,0
20,23,4,always remote-sim,remote-sim,-0.18609523243295356,0,0
20,23,4,always local-sim,local-sim,-7.202917685478317,1,0
20,23,4,always fallback,fallback,-0.21331244181538522,0,0
20,23,5,P1,invoke-QPU,-0.19656520289871965,0,0
20,23,5,utility-only,invoke-QPU,-0.19656520289871965,0,0
20,23,5,logged-IPW,fallback,-0.2050579819216228,0,0
20,23,5,LinUCB,fallback,-0.2050579819216228,0,0
20,23,5,Pareto,remote-sim,-0.2039324109803316,0,0
20,23,5,oracle,invoke-QPU,-0.19656520289871965,0,0
20,23,5,train-selected fixed,fallback,-0.2050579819216228,0,0
20,23,5,always invoke-QPU,invoke-QPU,-0.19656520289871965,0,0
20,23,5,always remote-sim,remote-sim,-0.2039324109803316,0,0
20,23,5,always local-sim,local-sim,-7.482062440637912,1,0
20,23,5,always fallback,fallback,-0.2050579819216228,0,0
20,23,6,P1,fallback,-0.20839646414110402,0,0
20,23,6,utility-only,fallback,-0.20839646414110402,0,0
20,23,6,logged-IPW,fallback,-0.20839646414110402,0,0
20,23,6,LinUCB,fallback,-0.20839646414110402,0,0
20,23,6,Pareto,invoke-QPU,-2.839872064172822,1,0
20,23,6,oracle,fallback,-0.20839646414110402,0,0
20,23,6,train-selected fixed,fallback,-0.20839646414110402,0,0
20,23,6,always invoke-QPU,invoke-QPU,-2.839872064172822,1,0
20,23,6,always remote-sim,remote-sim,-14.663368122777754,1,1
20,23,6,always local-sim,local-sim,-8.189628256226655,1,0
20,23,6,always fallback,fallback,-0.20839646414110402,0,0
20,23,7,P1,fallback,-0.19599577809368277,0,0
20,23,7,utility-only,fallback,-0.19599577809368277,0,0
20,23,7,logged-IPW,fallback,-0.19599577809368277,0,0
20,23,7,LinUCB,fallback,-0.19599577809368277,0,0
20,23,7,Pareto,invoke-QPU,-2.2811385752118385,1,0
20,23,7,oracle,fallback,-0.19599577809368277,0,0
20,23,7,train-selected fixed,fallback,-0.19599577809368277,0,0
20,23,7,always invoke-QPU,invoke-QPU,-2.2811385752118385,1,0
20,23,7,always remote-sim,remote-sim,-8.318320852582014,0,1
20,23,7,always local-sim,local-sim,-5.689414516788082,1,0
20,23,7,always fallback,fallback,-0.19599577809368277,0,0
20,23,8,P1,fallback,-0.19146328308622504,0,0
20,23,8,utility-only,fallback,-0.19146328308622504,0,0
20,23,8,logged-IPW,fallback,-0.19146328308622504,0,0
20,23,8,LinUCB,fallback,-0.19146328308622504,0,0
20,23,8,Pareto,invoke-QPU,-2.4310695629644665,1,0
20,23,8,oracle,fallback,-0.19146328308622504,0,0
20,23,8,train-selected fixed,fallback,-0.19146328308622504,0,0
20,23,8,always invoke-QPU,invoke-QPU,-2.4310695629644665,1,0
20,23,8,always remote-sim,remote-sim,-11.322790879495944,1,1
20,23,8,always local-sim,local-sim,-7.468601037425625,1,0
20,23,8,always fallback,fallback,-0.19146328308622504,0,0
20,23,9,P1,remote-sim,-0.1915563520905312,0,0
20,23,9,utility-only,remote-sim,-0.1915563520905312,0,0
20,23,9,logged-IPW,fallback,-0.21573342768794143,0,0
20,23,9,LinUCB,fallback,-0.21573342768794143,0,0
20,23,9,Pareto,remote-sim,-0.1915563520905312,0,0
20,23,9,oracle,remote-sim,-0.1915563520905312,0,0
20,23,9,train-selected fixed,fallback,-0.21573342768794143,0,0
20,23,9,always invoke-QPU,invoke-QPU,-2.536640617634169,1,0
20,23,9,always remote-sim,remote-sim,-0.1915563520905312,0,0
20,23,9,always local-sim,local-sim,-8.76189878158426,1,0
20,23,9,always fallback,fallback,-0.21573342768794143,0,0
20,23,10,P1,fallback,-0.19972687815773754,0,0
20,23,10,utility-only,fallback,-0.19972687815773754,0,0
20,23,10,logged-IPW,fallback,-0.19972687815773754,0,0
20,23,10,LinUCB,fallback,-0.19972687815773754,0,0
20,23,10,Pareto,fallback,-0.19972687815773754,0,0
20,23,10,oracle,fallback,-0.19972687815773754,0,0
20,23,10,train-selected fixed,fallback,-0.19972687815773754,0,0
20,23,10,always invoke-QPU,invoke-QPU,-2.5003617673337395,1,0
20,23,10,always remote-sim,remote-sim,-7.771439578538832,1,0
20,23,10,always local-sim,local-sim,-6.878108448241239,1,0
20,23,10,always fallback,fallback,-0.19972687815773754,0,0
20,23,11,P1,fallback,-0.19307443715509995,0,0
20,23,11,utility-only,fallback,-0.19307443715509995,0,0
20,23,11,logged-IPW,fallback,-0.19307443715509995,0,0
20,23,11,LinUCB,fallback,-0.19307443715509995,0,0
20,23,11,Pareto,remote-sim,-0.27083642939498775,0,0
20,23,11,oracle,fallback,-0.19307443715509995,0,0
20,23,11,train-selected fixed,fallback,-0.19307443715509995,0,0
20,23,11,always invoke-QPU,invoke-QPU,-2.1977457026049763,1,0
20,23,11,always remote-sim,remote-sim,-0.27083642939498775,0,0
20,23,11,always local-sim,local-sim,-6.610564088074459,1,0
20,23,11,always fallback,fallback,-0.19307443715509995,0,0
20,23,12,P1,invoke-QPU,-0.13459648585660322,0,0
20,23,12,utility-only,invoke-QPU,-0.13459648585660322,0,0
20,23,12,logged-IPW,invoke-QPU,-0.13459648585660322,0,0
20,23,12,LinUCB,invoke-QPU,-0.13459648585660322,0,0
20,23,12,Pareto,remote-sim,-0.23620705833249725,0,0
20,23,12,oracle,invoke-QPU,-0.13459648585660322,0,0
20,23,12,train-selected fixed,fallback,-0.20800540050123828,0,0
20,23,12,always invoke-QPU,invoke-QPU,-0.13459648585660322,0,0
20,23,12,always remote-sim,remote-sim,-0.23620705833249725,0,0
20,23,12,always local-sim,local-sim,-5.183523855652623,1,0
20,23,12,always fallback,fallback,-0.20800540050123828,0,0
20,23,13,P1,fallback,-0.2130842309513286,0,0
20,23,13,utility-only,fallback,-0.2130842309513286,0,0
20,23,13,logged-IPW,fallback,-0.2130842309513286,0,0
20,23,13,LinUCB,fallback,-0.2130842309513286,0,0
20,23,13,Pareto,invoke-QPU,-7.304378969460064,1,1
20,23,13,oracle,fallback,-0.2130842309513286,0,0
20,23,13,train-selected fixed,fallback,-0.2130842309513286,0,0
20,23,13,always invoke-QPU,invoke-QPU,-7.304378969460064,1,1
20,23,13,always remote-sim,remote-sim,-8.760817295728796,1,1
20,23,13,always local-sim,local-sim,-7.833037993862426,1,0
20,23,13,always fallback,fallback,-0.2130842309513286,0,0
20,23,14,P1,invoke-QPU,-0.1505502865536789,0,0
20,23,14,utility-only,invoke-QPU,-0.1505502865536789,0,0
20,23,14,logged-IPW,fallback,-0.18280704783101728,0,0
20,23,14,LinUCB,remote-sim,-0.20140913616824155,0,0
20,23,14,Pareto,remote-sim,-0.20140913616824155,0,0
20,23,14,oracle,invoke-QPU,-0.1505502865536789,0,0
20,23,14,train-selected fixed,fallback,-0.18280704783101728,0,0
20,23,14,always invoke-QPU,invoke-QPU,-0.1505502865536789,0,0
20,23,14,always remote-sim,remote-sim,-0.20140913616824155,0,0
20,23,14,always local-sim,local-sim,-6.727721404727876,1,0
20,23,14,always fallback,fallback,-0.18280704783101728,0,0
20,23,15,P1,fallback,-0.2158561272200984,0,0
20,23,15,utility-only,fallback,-0.2158561272200984,0,0
20,23,15,logged-IPW,invoke-QPU,-0.19634210991195977,0,0
20,23,15,LinUCB,fallback,-0.2158561272200984,0,0
20,23,15,Pareto,remote-sim,-0.28922981401977865,0,0
20,23,15,oracle,invoke-QPU,-0.19634210991195977,0,0
20,23,15,train-selected fixed,fallback,-0.2158561272200984,0,0
20,23,15,always invoke-QPU,invoke-QPU,-0.19634210991195977,0,0
20,23,15,always remote-sim,remote-sim,-0.28922981401977865,0,0
20,23,15,always local-sim,local-sim,-8.754302164552787,1,0
20,23,15,always fallback,fallback,-0.2158561272200984,0,0
20,23,16,P1,fallback,-0.19612713141120985,0,0
20,23,16,utility-only,fallback,-0.19612713141120985,0,0
20,23,16,logged-IPW,fallback,-0.19612713141120985,0,0
20,23,16,LinUCB,fallback,-0.19612713141120985,0,0
20,23,16,Pareto,invoke-QPU,-2.7081491900385384,1,0
20,23,16,oracle,fallback,-0.19612713141120985,0,0
20,23,16,train-selected fixed,fallback,-0.19612713141120985,0,0
20,23,16,always invoke-QPU,invoke-QPU,-2.7081491900385384,1,0
20,23,16,always remote-sim,remote-sim,-13.661163425721309,1,1
20,23,16,always local-sim,local-sim,-7.999311535964544,1,0
20,23,16,always fallback,fallback,-0.19612713141120985,0,0
20,23,17,P1,fallback,-0.20636385662780107,0,0
20,23,17,utility-only,fallback,-0.20636385662780107,0,0
20,23,17,logged-IPW,fallback,-0.20636385662780107,0,0
20,23,17,LinUCB,fallback,-0.20636385662780107,0,0
20,23,17,Pareto,remote-sim,-0.31894174129164776,0,0
20,23,17,oracle,fallback,-0.20636385662780107,0,0
20,23,17,train-selected fixed,fallback,-0.20636385662780107,0,0
20,23,17,always invoke-QPU,invoke-QPU,-2.2381588813183475,1,0
20,23,17,always remote-sim,remote-sim,-0.31894174129164776,0,0
20,23,17,always local-sim,local-sim,-8.620215892467211,1,0
20,23,17,always fallback,fallback,-0.20636385662780107,0,0
20,23,18,P1,fallback,-0.2028367334238132,0,0
20,23,18,utility-only,fallback,-0.2028367334238132,0,0
20,23,18,logged-IPW,fallback,-0.2028367334238132,0,0
20,23,18,LinUCB,fallback,-0.2028367334238132,0,0
20,23,18,Pareto,remote-sim,-0.30058341748355133,0,0
20,23,18,oracle,fallback,-0.2028367334238132,0,0
20,23,18,train-selected fixed,fallback,-0.2028367334238132,0,0
20,23,18,always invoke-QPU,invoke-QPU,-2.1588934043385963,1,0
20,23,18,always remote-sim,remote-sim,-0.30058341748355133,0,0
20,23,18,always local-sim,local-sim,-6.610362576255641,1,0
20,23,18,always fallback,fallback,-0.2028367334238132,0,0
20,23,19,P1,fallback,-0.20507392674972444,0,0
20,23,19,utility-only,fallback,-0.20507392674972444,0,0
20,23,19,logged-IPW,fallback,-0.20507392674972444,0,0
20,23,19,LinUCB,fallback,-0.20507392674972444,0,0
20,23,19,Pareto,fallback,-0.20507392674972444,0,0
20,23,19,oracle,fallback,-0.20507392674972444,0,0
20,23,19,train-selected fixed,fallback,-0.20507392674972444,0,0
20,23,19,always invoke-QPU,invoke-QPU,-7.241594449753242,1,1
20,23,19,always remote-sim,remote-sim,-8.448010318512814,0,1
20,23,19,always local-sim,local-sim,-5.547941792846715,1,0
20,23,19,always fallback,fallback,-0.20507392674972444,0,0
20,23,20,P1,remote-sim,-0.12496184463709963,0,0
20,23,20,utility-only,remote-sim,-0.12496184463709963,0,0
20,23,20,logged-IPW,fallback,-0.18362588017026785,0,0
20,23,20,LinUCB,remote-sim,-0.12496184463709963,0,0
20,23,20,Pareto,remote-sim,-0.12496184463709963,0,0
20,23,20,oracle,remote-sim,-0.12496184463709963,0,0
20,23,20,train-selected fixed,fallback,-0.18362588017026785,0,0
20,23,20,always invoke-QPU,invoke-QPU,-0.14908555962521539,0,0
20,23,20,always remote-sim,remote-sim,-0.12496184463709963,0,0
20,23,20,always local-sim,local-sim,-8.13795303431965,1,0
20,23,20,always fallback,fallback,-0.18362588017026785,0,0
20,23,21,P1,fallback,-0.19293938323345206,0,0
20,23,21,utility-only,fallback,-0.19293938323345206,0,0
20,23,21,logged-IPW,fallback,-0.19293938323345206,0,0
20,23,21,LinUCB,fallback,-0.19293938323345206,0,0
20,23,21,Pareto,invoke-QPU,-7.327447577180635,1,1
20,23,21,oracle,fallback,-0.19293938323345206,0,0
20,23,21,train-selected fixed,fallback,-0.19293938323345206,0,0
20,23,21,always invoke-QPU,invoke-QPU,-7.327447577180635,1,1
20,23,21,always remote-sim,remote-sim,-13.675687717774373,1,1
20,23,21,always local-sim,local-sim,-5.51153334948925,1,0
20,23,21,always fallback,fallback,-0.19293938323345206,0,0
20,23,22,P1,invoke-QPU,-0.13998762416837562,0,0
20,23,22,utility-only,invoke-QPU,-0.13998762416837562,0,0
20,23,22,logged-IPW,fallback,-0.19220451403398983,0,0
20,23,22,LinUCB,remote-sim,-0.320532463104073,0,0
20,23,22,Pareto,remote-sim,-0.320532463104073,0,0
20,23,22,oracle,invoke-QPU,-0.13998762416837562,0,0
20,23,22,train-selected fixed,fallback,-0.19220451403398983,0,0
20,23,22,always invoke-QPU,invoke-QPU,-0.13998762416837562,0,0
20,23,22,always remote-sim,remote-sim,-0.320532463104073,0,0
20,23,22,always local-sim,local-sim,-8.216101225473707,1,0
20,23,22,always fallback,fallback,-0.19220451403398983,0,0
20,23,23,P1,invoke-QPU,-0.13761644024709857,0,0
20,23,23,utility-only,invoke-QPU,-0.13761644024709857,0,0
20,23,23,logged-IPW,fallback,-0.19731038730797845,0,0
20,23,23,LinUCB,remote-sim,-0.2011125950403188,0,0
20,23,23,Pareto,remote-sim,-0.2011125950403188,0,0
20,23,23,oracle,invoke-QPU,-0.13761644024709857,0,0
20,23,23,train-selected fixed,fallback,-0.19731038730797845,0,0
20,23,23,always invoke-QPU,invoke-QPU,-0.13761644024709857,0,0
20,23,23,always remote-sim,remote-sim,-0.2011125950403188,0,0
20,23,23,always local-sim,local-sim,-5.8478079965009275,1,0
20,23,23,always fallback,fallback,-0.19731038730797845,0,0
20,23,24,P1,invoke-QPU,-0.15906153397263068,0,0
20,23,24,utility-only,invoke-QPU,-0.15906153397263068,0,0
20,23,24,logged-IPW,fallback,-0.1928624891766587,0,0
20,23,24,LinUCB,remote-sim,-0.16434518830809686,0,0
20,23,24,Pareto,remote-sim,-0.16434518830809686,0,0
20,23,24,oracle,invoke-QPU,-0.15906153397263068,0,0
20,23,24,train-selected fixed,fallback,-0.1928624891766587,0,0
20,23,24,always invoke-QPU,invoke-QPU,-0.15906153397263068,0,0
20,23,24,always remote-sim,remote-sim,-0.16434518830809686,0,0
20,23,24,always local-sim,local-sim,-6.403084084836063,1,0
20,23,24,always fallback,fallback,-0.1928624891766587,0,0
20,23,25,P1,remote-sim,-0.1757380416332176,0,0
20,23,25,utility-only,remote-sim,-0.1757380416332176,0,0
20,23,25,logged-IPW,remote-sim,-0.1757380416332176,0,0
20,23,25,LinUCB,fallback,-0.20993859202060838,0,0
20,23,25,Pareto,remote-sim,-0.1757380416332176,0,0
20,23,25,oracle,remote-sim,-0.1757380416332176,0,0
20,23,25,train-selected fixed,fallback,-0.20993859202060838,0,0
20,23,25,always invoke-QPU,invoke-QPU,-2.1771372751429037,1,0
20,23,25,always remote-sim,remote-sim,-0.1757380416332176,0,0
20,23,25,always local-sim,local-sim,-7.2016782899206895,1,0
20,23,25,always fallback,fallback,-0.20993859202060838,0,0
20,23,26,P1,fallback,-0.2177722934176522,0,0
20,23,26,utility-only,fallback,-0.2177722934176522,0,0
20,23,26,logged-IPW,fallback,-0.2177722934176522,0,0
20,23,26,LinUCB,fallback,-0.2177722934176522,0,0
20,23,26,Pareto,fallback,-0.2177722934176522,0,0
20,23,26,oracle,fallback,-0.2177722934176522,0,0
20,23,26,train-selected fixed,fallback,-0.2177722934176522,0,0
20,23,26,always invoke-QPU,invoke-QPU,-7.545425067459309,1,1
20,23,26,always remote-sim,remote-sim,-5.667865867155141,1,0
20,23,26,always local-sim,local-sim,-8.615906158734168,1,0
20,23,26,always fallback,fallback,-0.2177722934176522,0,0
20,23,27,P1,remote-sim,-0.1853246910500168,0,0
20,23,27,utility-only,remote-sim,-0.1853246910500168,0,0
20,23,27,logged-IPW,fallback,-0.20922427768470309,0,0
20,23,27,LinUCB,fallback,-0.20922427768470309,0,0
20,23,27,Pareto,remote-sim,-0.1853246910500168,0,0
20,23,27,oracle,invoke-QPU,-0.15795471126894928,0,0
20,23,27,train-selected fixed,fallback,-0.20922427768470309,0,0
20,23,27,always invoke-QPU,invoke-QPU,-0.15795471126894928,0,0
20,23,27,always remote-sim,remote-sim,-0.1853246910500168,0,0
20,23,27,always local-sim,local-sim,-6.6793585696038695,1,0
20,23,27,always fallback,fallback,-0.20922427768470309,0,0
20,23,28,P1,remote-sim,-0.1387590208915641,0,0
20,23,28,utility-only,remote-sim,-0.1387590208915641,0,0
20,23,28,logged-IPW,fallback,-0.1958569597935833,0,0
20,23,28,LinUCB,remote-sim,-0.1387590208915641,0,0
20,23,28,Pareto,remote-sim,-0.1387590208915641,0,0
20,23,28,oracle,remote-sim,-0.1387590208915641,0,0
20,23,28,train-selected fixed,fallback,-0.1958569597935833,0,0
20,23,28,always invoke-QPU,invoke-QPU,-2.1175405044188143,1,0
20,23,28,always remote-sim,remote-sim,-0.1387590208915641,0,0
20,23,28,always local-sim,local-sim,-4.9248966730884804,1,0
20,23,28,always fallback,fallback,-0.1958569597935833,0,0
20,23,29,P1,fallback,-0.19598142234885169,0,0
20,23,29,utility-only,fallback,-0.19598142234885169,0,0
20,23,29,logged-IPW,fallback,-0.19598142234885169,0,0
20,23,29,LinUCB,fallback,-0.19598142234885169,0,0
20,23,29,Pareto,fallback,-0.19598142234885169,0,0
20,23,29,oracle,fallback,-0.19598142234885169,0,0
20,23,29,train-selected fixed,fallback,-0.19598142234885169,0,0
20,23,29,always invoke-QPU,invoke-QPU,-8.124485954335302,1,1
20,23,29,always remote-sim,remote-sim,-12.29492420016681,1,0
20,23,29,always local-sim,local-sim,-8.263484543605252,1,0
20,23,29,always fallback,fallback,-0.19598142234885169,0,0
20,24,0,P1,remote-sim,-0.17195535459294967,0,0
20,24,0,utility-only,remote-sim,-0.17195535459294967,0,0
20,24,0,logged-IPW,fallback,-0.2211341371175112,0,0
20,24,0,LinUCB,fallback,-0.2211341371175112,0,0
20,24,0,Pareto,remote-sim,-0.17195535459294967,0,0
20,24,0,oracle,remote-sim,-0.17195535459294967,0,0
20,24,0,train-selected fixed,fallback,-0.2211341371175112,0,0
20,24,0,always invoke-QPU,invoke-QPU,-2.2994049733867143,1,0
20,24,0,always remote-sim,remote-sim,-0.17195535459294967,0,0
20,24,0,always local-sim,local-sim,-7.685234803662514,1,0
20,24,0,always fallback,fallback,-0.2211341371175112,0,0
20,24,1,P1,fallback,-0.2126549788027287,0,0
20,24,1,utility-only,fallback,-0.2126549788027287,0,0
20,24,1,logged-IPW,fallback,-0.2126549788027287,0,0
20,24,1,LinUCB,fallback,-0.2126549788027287,0,0
20,24,1,Pareto,fallback,-0.2126549788027287,0,0
20,24,1,oracle,fallback,-0.2126549788027287,0,0
20,24,1,train-selected fixed,fallback,-0.2126549788027287,0,0
20,24,1,always invoke-QPU,invoke-QPU,-7.286870619260423,1,1
20,24,1,always remote-sim,remote-sim,-8.586735257645614,0,1
20,24,1,always local-sim,local-sim,-6.052758364214066,1,0
20,24,1,always fallback,fallback,-0.2126549788027287,0,0
20,24,2,P1,fallback,-0.21006155418710715,0,0
20,24,2,utility-only,fallback,-0.21006155418710715,0,0
20,24,2,logged-IPW,fallback,-0.21006155418710715,0,0
20,24,2,LinUCB,fallback,-0.21006155418710715,0,0
20,24,2,Pareto,invoke-QPU,-2.2582929232888205,1,0
20,24,2,oracle,fallback,-0.21006155418710715,0,0
20,24,2,train-selected fixed,fallback,-0.21006155418710715,0,0
20,24,2,always invoke-QPU,invoke-QPU,-2.2582929232888205,1,0
20,24,2,always remote-sim,remote-sim,-6.070959645662841,1,0
20,24,2,always local-sim,local-sim,-5.526300235671823,1,0
20,24,2,always fallback,fallback,-0.21006155418710715,0,0
20,24,3,P1,fallback,-0.20532157995540126,0,0
20,24,3,utility-only,fallback,-0.20532157995540126,0,0
20,24,3,logged-IPW,fallback,-0.20532157995540126,0,0
20,24,3,LinUCB,fallback,-0.20532157995540126,0,0
20,24,3,Pareto,fallback,-0.20532157995540126,0,0
20,24,3,oracle,fallback,-0.20532157995540126,0,0
20,24,3,train-selected fixed,fallback,-0.20532157995540126,0,0
20,24,3,always invoke-QPU,invoke-QPU,-7.6241309385133045,1,1
20,24,3,always remote-sim,remote-sim,-11.643788556059894,1,1
20,24,3,always local-sim,local-sim,-9.034386109339646,1,0
20,24,3,always fallback,fallback,-0.20532157995540126,0,0
20,24,4,P1,fallback,-0.20447523848893367,0,0
20,24,4,utility-only,fallback,-0.20447523848893367,0,0
20,24,4,logged-IPW,fallback,-0.20447523848893367,0,0
20,24,4,LinUCB,fallback,-0.20447523848893367,0,0
20,24,4,Pareto,remote-sim,-0.19477915301555515,0,0
20,24,4,oracle,remote-sim,-0.19477915301555515,0,0
20,24,4,train-selected fixed,fallback,-0.20447523848893367,0,0
20,24,4,always invoke-QPU,invoke-QPU,-2.1927456275030157,1,0
20,24,4,always remote-sim,remote-sim,-0.19477915301555515,0,0
20,24,4,always local-sim,local-sim,-8.80846300154478,1,0
20,24,4,always fallback,fallback,-0.20447523848893367,0,0
20,24,5,P1,fallback,-0.19549756121208273,0,0
20,24,5,utility-only,fallback,-0.19549756121208273,0,0
20,24,5,logged-IPW,fallback,-0.19549756121208273,0,0
20,24,5,LinUCB,invoke-QPU,-0.12586995810012477,0,0
20,24,5,Pareto,remote-sim,-0.33530734860157774,0,0
20,24,5,oracle,invoke-QPU,-0.12586995810012477,0,0
20,24,5,train-selected fixed,fallback,-0.19549756121208273,0,0
20,24,5,always invoke-QPU,invoke-QPU,-0.12586995810012477,0,0
20,24,5,always remote-sim,remote-sim,-0.33530734860157774,0,0
20,24,5,always local-sim,local-sim,-4.966704653342243,1,0
20,24,5,always fallback,fallback,-0.19549756121208273,0,0
20,24,6,P1,remote-sim,-0.18990296046578437,0,0
20,24,6,utility-only,remote-sim,-0.18990296046578437,0,0
20,24,6,logged-IPW,fallback,-0.2218471112779625,0,0
20,24,6,LinUCB,fallback,-0.2218471112779625,0,0
20,24,6,Pareto,remote-sim,-0.18990296046578437,0,0
20,24,6,oracle,remote-sim,-0.18990296046578437,0,0
20,24,6,train-selected fixed,fallback,-0.2218471112779625,0,0
20,24,6,always invoke-QPU,invoke-QPU,-2.362033041222613,1,0
20,24,6,always remote-sim,remote-sim,-0.18990296046578437,0,0
20,24,6,always local-sim,local-sim,-8.86656634386117,1,0
20,24,6,always fallback,fallback,-0.2218471112779625,0,0
20,24,7,P1,remote-sim,-0.15296532731807133,0,0
20,24,7,utility-only,remote-sim,-0.15296532731807133,0,0
20,24,7,logged-IPW,fallback,-0.18024269570708862,0,0
20,24,7,LinUCB,remote-sim,-0.15296532731807133,0,0
20,24,7,Pareto,remote-sim,-0.15296532731807133,0,0
20,24,7,oracle,invoke-QPU,-0.1383511956345952,0,0
20,24,7,train-selected fixed,fallback,-0.18024269570708862,0,0
20,24,7,always invoke-QPU,invoke-QPU,-0.1383511956345952,0,0
20,24,7,always remote-sim,remote-sim,-0.15296532731807133,0,0
20,24,7,always local-sim,local-sim,-7.719362524569133,1,0
20,24,7,always fallback,fallback,-0.18024269570708862,0,0
20,24,8,P1,invoke-QPU,-0.14057590679034002,0,0
20,24,8,utility-only,invoke-QPU,-0.14057590679034002,0,0
20,24,8,logged-IPW,fallback,-0.18255332741268482,0,0
20,24,8,LinUCB,remote-sim,-0.25957633778254324,0,0
20,24,8,Pareto,remote-sim,-0.25957633778254324,0,0
20,24,8,oracle,invoke-QPU,-0.14057590679034002,0,0
20,24,8,train-selected fixed,fallback,-0.18255332741268482,0,0
20,24,8,always invoke-QPU,invoke-QPU,-0.14057590679034002,0,0
20,24,8,always remote-sim,remote-sim,-0.25957633778254324,0,0
20,24,8,always local-sim,local-sim,-6.520602325130252,1,0
20,24,8,always fallback,fallback,-0.18255332741268482,0,0
20,24,9,P1,invoke-QPU,-0.17430743391898895,0,0
20,24,9,utility-only,invoke-QPU,-0.17430743391898895,0,0
20,24,9,logged-IPW,fallback,-0.21445124962033366,0,0
20,24,9,LinUCB,fallback,-0.21445124962033366,0,0
20,24,9,Pareto,remote-sim,-0.2486494421315586,0,0
20,24,9,oracle,invoke-QPU,-0.17430743391898895,0,0
20,24,9,train-selected fixed,fallback,-0.21445124962033366,0,0
20,24,9,always invoke-QPU,invoke-QPU,-0.17430743391898895,0,0
20,24,9,always remote-sim,remote-sim,-0.2486494421315586,0,0
20,24,9,always local-sim,local-sim,-7.632722577982989,1,0
20,24,9,always fallback,fallback,-0.21445124962033366,0,0
20,24,10,P1,invoke-QPU,-0.1234220152305682,0,0
20,24,10,utility-only,invoke-QPU,-0.1234220152305682,0,0
20,24,10,logged-IPW,fallback,-0.20072046385609635,0,0
20,24,10,LinUCB,remote-sim,-0.23551254582514247,0,0
20,24,10,Pareto,remote-sim,-0.23551254582514247,0,0
20,24,10,oracle,invoke-QPU,-0.1234220152305682,0,0
20,24,10,train-selected fixed,fallback,-0.20072046385609635,0,0
20,24,10,always invoke-QPU,invoke-QPU,-0.1234220152305682,0,0
20,24,10,always remote-sim,remote-sim,-0.23551254582514247,0,0
20,24,10,always local-sim,local-sim,-5.294056314701904,1,0
20,24,10,always fallback,fallback,-0.20072046385609635,0,0
20,24,11,P1,fallback,-0.17855856587992194,0,0
20,24,11,utility-only,fallback,-0.17855856587992194,0,0
20,24,11,logged-IPW,fallback,-0.17855856587992194,0,0
20,24,11,LinUCB,fallback,-0.17855856587992194,0,0
20,24,11,Pareto,invoke-QPU,-7.239594697062446,1,1
20,24,11,oracle,fallback,-0.17855856587992194,0,0
20,24,11,train-selected fixed,fallback,-0.17855856587992194,0,0
20,24,11,always invoke-QPU,invoke-QPU,-7.239594697062446,1,1
20,24,11,always remote-sim,remote-sim,-9.856090725859668,1,1
20,24,11,always local-sim,local-sim,-5.926575345956941,1,0
20,24,11,always fallback,fallback,-0.17855856587992194,0,0
20,24,12,P1,remote-sim,-0.1672455695116885,0,0
20,24,12,utility-only,remote-sim,-0.1672455695116885,0,0
20,24,12,logged-IPW,fallback,-0.19593560674723232,0,0
20,24,12,LinUCB,fallback,-0.19593560674723232,0,0
20,24,12,Pareto,remote-sim,-0.1672455695116885,0,0
20,24,12,oracle,remote-sim,-0.1672455695116885,0,0
20,24,12,train-selected fixed,fallback,-0.19593560674723232,0,0
20,24,12,always invoke-QPU,invoke-QPU,-0.2652291318993418,0,0
20,24,12,always remote-sim,remote-sim,-0.1672455695116885,0,0
20,24,12,always local-sim,local-sim,-6.809276284706018,1,0
20,24,12,always fallback,fallback,-0.19593560674723232,0,0
20,24,13,P1,fallback,-0.1991722432116572,0,0
20,24,13,utility-only,fallback,-0.1991722432116572,0,0
20,24,13,logged-IPW,fallback,-0.1991722432116572,0,0
20,24,13,LinUCB,fallback,-0.1991722432116572,0,0
20,24,13,Pareto,fallback,-0.1991722432116572,0,0
20,24,13,oracle,fallback,-0.1991722432116572,0,0
20,24,13,train-selected fixed,fallback,-0.1991722432116572,0,0
20,24,13,always invoke-QPU,invoke-QPU,-2.4878306039078746,1,0
20,24,13,always remote-sim,remote-sim,-7.798924200315716,1,0
20,24,13,always local-sim,local-sim,-6.866587744799422,1,0
20,24,13,always fallback,fallback,-0.1991722432116572,0,0
20,24,14,P1,fallback,-0.21110894609351663,0,0
20,24,14,utility-only,fallback,-0.21110894609351663,0,0
20,24,14,logged-IPW,fallback,-0.21110894609351663,0,0
20,24,14,LinUCB,fallback,-0.21110894609351663,0,0
20,24,14,Pareto,remote-sim,-0.27613270124914135,0,0
20,24,14,oracle,invoke-QPU,-0.1813698057819073,0,0
20,24,14,train-selected fixed,fallback,-0.21110894609351663,0,0
20,24,14,always invoke-QPU,invoke-QPU,-0.1813698057819073,0,0
20,24,14,always remote-sim,remote-sim,-0.27613270124914135,0,0
20,24,14,always local-sim,local-sim,-7.080340232052991,1,0
20,24,14,always fallback,fallback,-0.21110894609351663,0,0
20,24,15,P1,fallback,-0.17999953762332294,0,0
20,24,15,utility-only,fallback,-0.17999953762332294,0,0
20,24,15,logged-IPW,fallback,-0.17999953762332294,0,0
20,24,15,LinUCB,remote-sim,-0.2978259080566618,0,0
20,24,15,Pareto,remote-sim,-0.2978259080566618,0,0
20,24,15,oracle,invoke-QPU,-0.12065557292035245,0,0
20,24,15,train-selected fixed,fallback,-0.17999953762332294,0,0
20,24,15,always invoke-QPU,invoke-QPU,-0.12065557292035245,0,0
20,24,15,always remote-sim,remote-sim,-0.2978259080566618,0,0
20,24,15,always local-sim,local-sim,-5.085406743573975,1,0
20,24,15,always fallback,fallback,-0.17999953762332294,0,0
20,24,16,P1,invoke-QPU,-0.1687900634310771,0,0
20,24,16,utility-only,invoke-QPU,-0.1687900634310771,0,0
20,24,16,logged-IPW,fallback,-0.19856014183729734,0,0
20,24,16,LinUCB,invoke-QPU,-0.1687900634310771,0,0
20,24,16,Pareto,remote-sim,-0.28329459529479833,0,0
20,24,16,oracle,invoke-QPU,-0.1687900634310771,0,0
20,24,16,train-selected fixed,fallback,-0.19856014183729734,0,0
20,24,16,always invoke-QPU,invoke-QPU,-0.1687900634310771,0,0
20,24,16,always remote-sim,remote-sim,-0.28329459529479833,0,0
20,24,16,always local-sim,local-sim,-7.0943284904422,1,0
20,24,16,always fallback,fallback,-0.19856014183729734,0,0
20,24,17,P1,invoke-QPU,-0.13462512285266942,0,0
20,24,17,utility-only,invoke-QPU,-0.13462512285266942,0,0
20,24,17,logged-IPW,invoke-QPU,-0.13462512285266942,0,0
20,24,17,LinUCB,remote-sim,-0.23011294616360295,0,0
20,24,17,Pareto,remote-sim,-0.23011294616360295,0,0
20,24,17,oracle,invoke-QPU,-0.13462512285266942,0,0
20,24,17,train-selected fixed,fallback,-0.20948108120257847,0,0
20,24,17,always invoke-QPU,invoke-QPU,-0.13462512285266942,0,0
20,24,17,always remote-sim,remote-sim,-0.23011294616360295,0,0
20,24,17,always local-sim,local-sim,-6.174474067156096,1,0
20,24,17,always fallback,fallback,-0.20948108120257847,0,0
20,24,18,P1,remote-sim,-0.1555925617401286,0,0
20,24,18,utility-only,remote-sim,-0.1555925617401286,0,0
20,24,18,logged-IPW,fallback,-0.19559636156762877,0,0
20,24,18,LinUCB,fallback,-0.19559636156762877,0,0
20,24,18,Pareto,remote-sim,-0.1555925617401286,0,0
20,24,18,oracle,remote-sim,-0.1555925617401286,0,0
20,24,18,train-selected fixed,fallback,-0.19559636156762877,0,0
20,24,18,always invoke-QPU,invoke-QPU,-2.3252812843433706,1,0
20,24,18,always remote-sim,remote-sim,-0.1555925617401286,0,0
20,24,18,always local-sim,local-sim,-8.088223604774125,1,0
20,24,18,always fallback,fallback,-0.19559636156762877,0,0
20,24,19,P1,fallback,-0.21709408812693604,0,0
20,24,19,utility-only,fallback,-0.21709408812693604,0,0
20,24,19,logged-IPW,fallback,-0.21709408812693604,0,0
20,24,19,LinUCB,fallback,-0.21709408812693604,0,0
20,24,19,Pareto,fallback,-0.21709408812693604,0,0
20,24,19,oracle,fallback,-0.21709408812693604,0,0
20,24,19,train-selected fixed,fallback,-0.21709408812693604,0,0
20,24,19,always invoke-QPU,invoke-QPU,-6.210691359594039,0,1
20,24,19,always remote-sim,remote-sim,-14.558560875319145,0,1
20,24,19,always local-sim,local-sim,-9.01530493305168,1,0
20,24,19,always fallback,fallback,-0.21709408812693604,0,0
20,24,20,P1,fallback,-0.19567128465425931,0,0
20,24,20,utility-only,fallback,-0.19567128465425931,0,0
20,24,20,logged-IPW,fallback,-0.19567128465425931,0,0
20,24,20,LinUCB,fallback,-0.19567128465425931,0,0
20,24,20,Pareto,invoke-QPU,-7.280022819202741,1,1
20,24,20,oracle,fallback,-0.19567128465425931,0,0
20,24,20,train-selected fixed,fallback,-0.19567128465425931,0,0
20,24,20,always invoke-QPU,invoke-QPU,-7.280022819202741,1,1
20,24,20,always remote-sim,remote-sim,-1.85985944294168,0,0
20,24,20,always local-sim,local-sim,-7.1784131842072085,1,0
20,24,20,always fallback,fallback,-0.19567128465425931,0,0
20,24,21,P1,invoke-QPU,-0.13141658574992277,0,0
20,24,21,utility-only,invoke-QPU,-0.13141658574992277,0,0
20,24,21,logged-IPW,fallback,-0.2190369893324496,0,0
20,24,21,LinUCB,fallback,-0.2190369893324496,0,0
20,24,21,Pareto,remote-sim,-0.19319533458022375,0,0
20,24,21,oracle,invoke-QPU,-0.13141658574992277,0,0
20,24,21,train-selected fixed,fallback,-0.2190369893324496,0,0
20,24,21,always invoke-QPU,invoke-QPU,-0.13141658574992277,0,0
20,24,21,always remote-sim,remote-sim,-0.19319533458022375,0,0
20,24,21,always local-sim,local-sim,-6.74171301128381,1,0
20,24,21,always fallback,fallback,-0.2190369893324496,0,0
20,24,22,P1,invoke-QPU,-0.1481748707638526,0,0
20,24,22,utility-only,invoke-QPU,-0.1481748707638526,0,0
20,24,22,logged-IPW,invoke-QPU,-0.1481748707638526,0,0
20,24,22,LinUCB,fallback,-0.21759547973771004,0,0
20,24,22,Pareto,remote-sim,-0.21017817114492598,0,0
20,24,22,oracle,invoke-QPU,-0.1481748707638526,0,0
20,24,22,train-selected fixed,fallback,-0.21759547973771004,0,0
20,24,22,always invoke-QPU,invoke-QPU,-0.1481748707638526,0,0
20,24,22,always remote-sim,remote-sim,-0.21017817114492598,0,0
20,24,22,always local-sim,local-sim,-8.495007176212553,1,0
20,24,22,always fallback,fallback,-0.21759547973771004,0,0
20,24,23,P1,invoke-QPU,-0.165887658882238,0,0
20,24,23,utility-only,invoke-QPU,-0.165887658882238,0,0
20,24,23,logged-IPW,fallback,-0.21863042139114042,0,0
20,24,23,LinUCB,fallback,-0.21863042139114042,0,0
20,24,23,Pareto,remote-sim,-0.29935911024006506,0,0
20,24,23,oracle,invoke-QPU,-0.165887658882238,0,0
20,24,23,train-selected fixed,fallback,-0.21863042139114042,0,0
20,24,23,always invoke-QPU,invoke-QPU,-0.165887658882238,0,0
20,24,23,always remote-sim,remote-sim,-0.29935911024006506,0,0
20,24,23,always local-sim,local-sim,-7.164847134906424,1,0
20,24,23,always fallback,fallback,-0.21863042139114042,0,0
20,24,24,P1,invoke-QPU,-0.11744232331758117,0,0
20,24,24,utility-only,invoke-QPU,-0.11744232331758117,0,0
20,24,24,logged-IPW,remote-sim,-0.18263332811336797,0,0
20,24,24,LinUCB,fallback,-0.18966323274579114,0,0
20,24,24,Pareto,remote-sim,-0.18263332811336797,0,0
20,24,24,oracle,invoke-QPU,-0.11744232331758117,0,0
20,24,24,train-selected fixed,fallback,-0.18966323274579114,0,0
20,24,24,always invoke-QPU,invoke-QPU,-0.11744232331758117,0,0
20,24,24,always remote-sim,remote-sim,-0.18263332811336797,0,0
20,24,24,always local-sim,local-sim,-5.039093086274002,1,0
20,24,24,always fallback,fallback,-0.18966323274579114,0,0
20,24,25,P1,invoke-QPU,-0.11644871152830262,0,0
20,24,25,utility-only,invoke-QPU,-0.11644871152830262,0,0
20,24,25,logged-IPW,fallback,-0.1896217918222787,0,0
20,24,25,LinUCB,remote-sim,-0.13654350221209555,0,0
20,24,25,Pareto,remote-sim,-0.13654350221209555,0,0
20,24,25,oracle,invoke-QPU,-0.11644871152830262,0,0
20,24,25,train-selected fixed,fallback,-0.1896217918222787,0,0
20,24,25,always invoke-QPU,invoke-QPU,-0.11644871152830262,0,0
20,24,25,always remote-sim,remote-sim,-0.13654350221209555,0,0
20,24,25,always local-sim,local-sim,-4.605230218069776,1,0
20,24,25,always fallback,fallback,-0.1896217918222787,0,0
20,24,26,P1,invoke-QPU,-0.1672530821036058,0,0
20,24,26,utility-only,invoke-QPU,-0.1672530821036058,0,0
20,24,26,logged-IPW,fallback,-0.19174845961453219,0,0
20,24,26,LinUCB,remote-sim,-0.22014146832443937,0,0
20,24,26,Pareto,remote-sim,-0.22014146832443937,0,0
20,24,26,oracle,invoke-QPU,-0.1672530821036058,0,0
20,24,26,train-selected fixed,fallback,-0.19174845961453219,0,0
20,24,26,always invoke-QPU,invoke-QPU,-0.1672530821036058,0,0
20,24,26,always remote-sim,remote-sim,-0.22014146832443937,0,0
20,24,26,always local-sim,local-sim,-6.281895748823736,1,0
20,24,26,always fallback,fallback,-0.19174845961453219,0,0
20,24,27,P1,fallback,-0.19345598540624648,0,0
20,24,27,utility-only,fallback,-0.19345598540624648,0,0
20,24,27,logged-IPW,fallback,-0.19345598540624648,0,0
20,24,27,LinUCB,fallback,-0.19345598540624648,0,0
20,24,27,Pareto,remote-sim,-0.3284716115536379,0,0
20,24,27,oracle,fallback,-0.19345598540624648,0,0
20,24,27,train-selected fixed,fallback,-0.19345598540624648,0,0
20,24,27,always invoke-QPU,invoke-QPU,-0.19481414867230235,0,0
20,24,27,always remote-sim,remote-sim,-0.3284716115536379,0,0
20,24,27,always local-sim,local-sim,-7.8969196765772285,1,0
20,24,27,always fallback,fallback,-0.19345598540624648,0,0
20,24,28,P1,fallback,-0.219784279323347,0,0
20,24,28,utility-only,fallback,-0.219784279323347,0,0
20,24,28,logged-IPW,fallback,-0.219784279323347,0,0
20,24,28,LinUCB,fallback,-0.219784279323347,0,0
20,24,28,Pareto,remote-sim,-0.32658531207138397,0,0
20,24,28,oracle,fallback,-0.219784279323347,0,0
20,24,28,train-selected fixed,fallback,-0.219784279323347,0,0
20,24,28,always invoke-QPU,invoke-QPU,-2.2683300881090083,1,0
20,24,28,always remote-sim,remote-sim,-0.32658531207138397,0,0
20,24,28,always local-sim,local-sim,-7.853537453694943,1,0
20,24,28,always fallback,fallback,-0.219784279323347,0,0
20,24,29,P1,fallback,-0.20648001319123815,0,0
20,24,29,utility-only,fallback,-0.20648001319123815,0,0
20,24,29,logged-IPW,fallback,-0.20648001319123815,0,0
20,24,29,LinUCB,fallback,-0.20648001319123815,0,0
20,24,29,Pareto,remote-sim,-0.26730998189081806,0,0
20,24,29,oracle,invoke-QPU,-0.20620854817022222,0,0
20,24,29,train-selected fixed,fallback,-0.20648001319123815,0,0
20,24,29,always invoke-QPU,invoke-QPU,-0.20620854817022222,0,0
20,24,29,always remote-sim,remote-sim,-0.26730998189081806,0,0
20,24,29,always local-sim,local-sim,-8.86580709044975,1,0
20,24,29,always fallback,fallback,-0.20648001319123815,0,0
20,25,0,P1,remote-sim,-0.1823155946221675,0,0
20,25,0,utility-only,remote-sim,-0.1823155946221675,0,0
20,25,0,logged-IPW,fallback,-0.19541649218044552,0,0
20,25,0,LinUCB,fallback,-0.19541649218044552,0,0
20,25,0,Pareto,remote-sim,-0.1823155946221675,0,0
20,25,0,oracle,invoke-QPU,-0.1470968925933141,0,0
20,25,0,train-selected fixed,fallback,-0.19541649218044552,0,0
20,25,0,always invoke-QPU,invoke-QPU,-0.1470968925933141,0,0
20,25,0,always remote-sim,remote-sim,-0.1823155946221675,0,0
20,25,0,always local-sim,local-sim,-7.433599231272268,1,0
20,25,0,always fallback,fallback,-0.19541649218044552,0,0
20,25,1,P1,invoke-QPU,-0.13527478703294907,0,0
20,25,1,utility-only,invoke-QPU,-0.13527478703294907,0,0
20,25,1,logged-IPW,fallback,-0.18407048919345098,0,0
20,25,1,LinUCB,remote-sim,-0.16611048075561727,0,0
20,25,1,Pareto,remote-sim,-0.16611048075561727,0,0
20,25,1,oracle,invoke-QPU,-0.13527478703294907,0,0
20,25,1,train-selected fixed,fallback,-0.18407048919345098,0,0
20,25,1,always invoke-QPU,invoke-QPU,-0.13527478703294907,0,0
20,25,1,always remote-sim,remote-sim,-0.16611048075561727,0,0
20,25,1,always local-sim,local-sim,-6.163649303541224,1,0
20,25,1,always fallback,fallback,-0.18407048919345098,0,0
20,25,2,P1,fallback,-0.20960304050243042,0,0
20,25,2,utility-only,fallback,-0.20960304050243042,0,0
20,25,2,logged-IPW,fallback,-0.20960304050243042,0,0
20,25,2,LinUCB,fallback,-0.20960304050243042,0,0
20,25,2,Pareto,remote-sim,-0.25172880442726553,0,0
20,25,2,oracle,invoke-QPU,-0.20469166790843724,0,0
20,25,2,train-selected fixed,fallback,-0.20960304050243042,0,0
20,25,2,always invoke-QPU,invoke-QPU,-0.20469166790843724,0,0
20,25,2,always remote-sim,remote-sim,-0.25172880442726553,0,0
20,25,2,always local-sim,local-sim,-7.370039333228462,1,0
20,25,2,always fallback,fallback,-0.20960304050243042,0,0
20,25,3,P1,fallback,-0.20951413686783255,0,0
20,25,3,utility-only,fallback,-0.20951413686783255,0,0
20,25,3,logged-IPW,fallback,-0.20951413686783255,0,0
20,25,3,LinUCB,fallback,-0.20951413686783255,0,0
20,25,3,Pareto,fallback,-0.20951413686783255,0,0
20,25,3,oracle,fallback,-0.20951413686783255,0,0
20,25,3,train-selected fixed,fallback,-0.20951413686783255,0,0
20,25,3,always invoke-QPU,invoke-QPU,-7.784565695597757,1,1
20,25,3,always remote-sim,remote-sim,-17.500845351984896,1,1
20,25,3,always local-sim,local-sim,-6.849318732866719,1,0
20,25,3,always fallback,fallback,-0.20951413686783255,0,0
20,25,4,P1,fallback,-0.1830268875759188,0,0
20,25,4,utility-only,fallback,-0.1830268875759188,0,0
20,25,4,logged-IPW,fallback,-0.1830268875759188,0,0
20,25,4,LinUCB,fallback,-0.1830268875759188,0,0
20,25,4,Pareto,fallback,-0.1830268875759188,0,0
20,25,4,oracle,fallback,-0.1830268875759188,0,0
20,25,4,train-selected fixed,fallback,-0.1830268875759188,0,0
20,25,4,always invoke-QPU,invoke-QPU,-2.6466970244862527,1,0
20,25,4,always remote-sim,remote-sim,-13.059480451639068,1,0
20,25,4,always local-sim,local-sim,-6.110016090349408,1,0
20,25,4,always fallback,fallback,-0.1830268875759188,0,0
20,25,5,P1,invoke-QPU,-0.10541239174297455,0,0
20,25,5,utility-only,invoke-QPU,-0.10541239174297455,0,0
20,25,5,logged-IPW,remote-sim,-0.10922601465566731,0,0
20,25,5,LinUCB,remote-sim,-0.10922601465566731,0,0
20,25,5,Pareto,remote-sim,-0.10922601465566731,0,0
20,25,5,oracle,invoke-QPU,-0.10541239174297455,0,0
20,25,5,train-selected fixed,fallback,-0.19658172786991837,0,0
20,25,5,always invoke-QPU,invoke-QPU,-0.10541239174297455,0,0
20,25,5,always remote-sim,remote-sim,-0.10922601465566731,0,0
20,25,5,always local-sim,local-sim,-5.3341685854110175,1,0
20,25,5,always fallback,fallback,-0.19658172786991837,0,0
20,25,6,P1,fallback,-0.1854678068069398,0,0
20,25,6,utility-only,fallback,-0.1854678068069398,0,0
20,25,6,logged-IPW,fallback,-0.1854678068069398,0,0
20,25,6,LinUCB,fallback,-0.1854678068069398,0,0
20,25,6,Pareto,fallback,-0.1854678068069398,0,0
20,25,6,oracle,fallback,-0.1854678068069398,0,0
20,25,6,train-selected fixed,fallback,-0.1854678068069398,0,0
20,25,6,always invoke-QPU,invoke-QPU,-3.427404317719312,1,0
20,25,6,always remote-sim,remote-sim,-14.063630941581492,1,0
20,25,6,always local-sim,local-sim,-8.98479338081573,1,0
20,25,6,always fallback,fallback,-0.1854678068069398,0,0
20,25,7,P1,fallback,-0.19000957646795488,0,0
20,25,7,utility-only,fallback,-0.19000957646795488,0,0
20,25,7,logged-IPW,fallback,-0.19000957646795488,0,0
20,25,7,LinUCB,remote-sim,-0.17818045907395602,0,0
20,25,7,Pareto,remote-sim,-0.17818045907395602,0,0
20,25,7,oracle,invoke-QPU,-0.1372128075478279,0,0
20,25,7,train-selected fixed,fallback,-0.19000957646795488,0,0
20,25,7,always invoke-QPU,invoke-QPU,-0.1372128075478279,0,0
20,25,7,always remote-sim,remote-sim,-0.17818045907395602,0,0
20,25,7,always local-sim,local-sim,-6.317944281287701,1,0
20,25,7,always fallback,fallback,-0.19000957646795488,0,0
20,25,8,P1,fallback,-0.1945693363967186,0,0
20,25,8,utility-only,fallback,-0.1945693363967186,0,0
20,25,8,logged-IPW,fallback,-0.1945693363967186,0,0
20,25,8,LinUCB,remote-sim,-0.24475718102460714,0,0
20,25,8,Pareto,remote-sim,-0.24475718102460714,0,0
20,25,8,oracle,fallback,-0.1945693363967186,0,0
20,25,8,train-selected fixed,fallback,-0.1945693363967186,0,0
20,25,8,always invoke-QPU,invoke-QPU,-0.1959502648034681,0,0
20,25,8,always remote-sim,remote-sim,-0.24475718102460714,0,0
20,25,8,always local-sim,local-sim,-8.953656654521732,1,0
20,25,8,always fallback,fallback,-0.1945693363967186,0,0
20,25,9,P1,remote-sim,-0.1712809857272159,0,0
20,25,9,utility-only,remote-sim,-0.1712809857272159,0,0
20,25,9,logged-IPW,fallback,-0.1982514460898145,0,0
20,25,9,LinUCB,remote-sim,-0.1712809857272159,0,0
20,25,9,Pareto,remote-sim,-0.1712809857272159,0,0
20,25,9,oracle,invoke-QPU,-0.1270552775553544,0,0
20,25,9,train-selected fixed,fallback,-0.1982514460898145,0,0
20,25,9,always invoke-QPU,invoke-QPU,-0.1270552775553544,0,0
20,25,9,always remote-sim,remote-sim,-0.1712809857272159,0,0
20,25,9,always local-sim,local-sim,-5.448326859489201,1,0
20,25,9,always fallback,fallback,-0.1982514460898145,0,0
20,25,10,P1,fallback,-0.2037898279493859,0,0
20,25,10,utility-only,fallback,-0.2037898279493859,0,0
20,25,10,logged-IPW,fallback,-0.2037898279493859,0,0
20,25,10,LinUCB,fallback,-0.2037898279493859,0,0
20,25,10,Pareto,remote-sim,-0.280369653933401,0,0
20,25,10,oracle,fallback,-0.2037898279493859,0,0
20,25,10,train-selected fixed,fallback,-0.2037898279493859,0,0
20,25,10,always invoke-QPU,invoke-QPU,-2.2079714646842508,1,0
20,25,10,always remote-sim,remote-sim,-0.280369653933401,0,0
20,25,10,always local-sim,local-sim,-8.900720217888018,1,0
20,25,10,always fallback,fallback,-0.2037898279493859,0,0
20,25,11,P1,remote-sim,-0.18605875985474268,0,0
20,25,11,utility-only,remote-sim,-0.18605875985474268,0,0
20,25,11,logged-IPW,fallback,-0.1964075055288957,0,0
20,25,11,LinUCB,fallback,-0.1964075055288957,0,0
20,25,11,Pareto,remote-sim,-0.18605875985474268,0,0
20,25,11,oracle,invoke-QPU,-0.18097292920306446,0,0
20,25,11,train-selected fixed,fallback,-0.1964075055288957,0,0
20,25,11,always invoke-QPU,invoke-QPU,-0.18097292920306446,0,0
20,25,11,always remote-sim,remote-sim,-0.18605875985474268,0,0
20,25,11,always local-sim,local-sim,-5.3771311173323575,1,0
20,25,11,always fallback,fallback,-0.1964075055288957,0,0
20,25,12,P1,invoke-QPU,-0.12051060243886008,0,0
20,25,12,utility-only,invoke-QPU,-0.12051060243886008,0,0
20,25,12,logged-IPW,fallback,-0.1683935027458626,0,0
20,25,12,LinUCB,invoke-QPU,-0.12051060243886008,0,0
20,25,12,Pareto,remote-sim,-0.2761221297453283,0,0
20,25,12,oracle,invoke-QPU,-0.12051060243886008,0,0
20,25,12,train-selected fixed,fallback,-0.1683935027458626,0,0
20,25,12,always invoke-QPU,invoke-QPU,-0.12051060243886008,0,0
20,25,12,always remote-sim,remote-sim,-0.2761221297453283,0,0
20,25,12,always local-sim,local-sim,-5.743431736457067,1,0
20,25,12,always fallback,fallback,-0.1683935027458626,0,0
20,25,13,P1,invoke-QPU,-0.15914540842411518,0,0
20,25,13,utility-only,invoke-QPU,-0.15914540842411518,0,0
20,25,13,logged-IPW,invoke-QPU,-0.15914540842411518,0,0
20,25,13,LinUCB,fallback,-0.20938376461328187,0,0
20,25,13,Pareto,remote-sim,-0.24169938443208816,0,0
20,25,13,oracle,invoke-QPU,-0.15914540842411518,0,0
20,25,13,train-selected fixed,fallback,-0.20938376461328187,0,0
20,25,13,always invoke-QPU,invoke-QPU,-0.15914540842411518,0,0
20,25,13,always remote-sim,remote-sim,-0.24169938443208816,0,0
20,25,13,always local-sim,local-sim,-7.9600203277931065,1,0
20,25,13,always fallback,fallback,-0.20938376461328187,0,0
20,25,14,P1,invoke-QPU,-0.1285323843637105,0,0
20,25,14,utility-only,invoke-QPU,-0.1285323843637105,0,0
20,25,14,logged-IPW,invoke-QPU,-0.1285323843637105,0,0
20,25,14,LinUCB,remote-sim,-0.22908028170531697,0,0
20,25,14,Pareto,remote-sim,-0.22908028170531697,0,0
20,25,14,oracle,invoke-QPU,-0.1285323843637105,0,0
20,25,14,train-selected fixed,fallback,-0.19771717670460043,0,0
20,25,14,always invoke-QPU,invoke-QPU,-0.1285323843637105,0,0
20,25,14,always remote-sim,remote-sim,-0.22908028170531697,0,0
20,25,14,always local-sim,local-sim,-6.896087583173369,1,0
20,25,14,always fallback,fallback,-0.19771717670460043,0,0
20,25,15,P1,invoke-QPU,-0.14135682772751657,0,0
20,25,15,utility-only,invoke-QPU,-0.14135682772751657,0,0
20,25,15,logged-IPW,invoke-QPU,-0.14135682772751657,0,0
20,25,15,LinUCB,fallback,-0.21769110581995268,0,0
20,25,15,Pareto,remote-sim,-0.2214881542630378,0,0
20,25,15,oracle,invoke-QPU,-0.14135682772751657,0,0
20,25,15,train-selected fixed,fallback,-0.21769110581995268,0,0
20,25,15,always invoke-QPU,invoke-QPU,-0.14135682772751657,0,0
20,25,15,always remote-sim,remote-sim,-0.2214881542630378,0,0
20,25,15,always local-sim,local-sim,-6.236887391376115,1,0
20,25,15,always fallback,fallback,-0.21769110581995268,0,0
20,25,16,P1,fallback,-0.20466596704809636,0,0
20,25,16,utility-only,fallback,-0.20466596704809636,0,0
20,25,16,logged-IPW,fallback,-0.20466596704809636,0,0
20,25,16,LinUCB,fallback,-0.20466596704809636,0,0
20,25,16,Pareto,remote-sim,-0.31351499667185123,0,0
20,25,16,oracle,invoke-QPU,-0.14918080496765268,0,0
20,25,16,train-selected fixed,fallback,-0.20466596704809636,0,0
20,25,16,always invoke-QPU,invoke-QPU,-0.14918080496765268,0,0
20,25,16,always remote-sim,remote-sim,-0.31351499667185123,0,0
20,25,16,always local-sim,local-sim,-4.735855621960441,1,0
20,25,16,always fallback,fallback,-0.20466596704809636,0,0
20,25,17,P1,invoke-QPU,-0.13075594665651052,0,0
20,25,17,utility-only,invoke-QPU,-0.13075594665651052,0,0
20,25,17,logged-IPW,fallback,-0.19112585640551238,0,0
20,25,17,LinUCB,remote-sim,-0.17654209095377146,0,0
20,25,17,Pareto,remote-sim,-0.17654209095377146,0,0
20,25,17,oracle,invoke-QPU,-0.13075594665651052,0,0
20,25,17,train-selected fixed,fallback,-0.19112585640551238,0,0
20,25,17,always invoke-QPU,invoke-QPU,-0.13075594665651052,0,0
20,25,17,always remote-sim,remote-sim,-0.17654209095377146,0,0
20,25,17,always local-sim,local-sim,-5.6090424212837995,1,0
20,25,17,always fallback,fallback,-0.19112585640551238,0,0
20,25,18,P1,remote-sim,-0.15145836869772927,0,0
20,25,18,utility-only,remote-sim,-0.15145836869772927,0,0
20,25,18,logged-IPW,remote-sim,-0.15145836869772927,0,0
20,25,18,LinUCB,remote-sim,-0.15145836869772927,0,0
20,25,18,Pareto,remote-sim,-0.15145836869772927,0,0
20,25,18,oracle,invoke-QPU,-0.13558449697372787,0,0
20,25,18,train-selected fixed,fallback,-0.19378872256550278,0,0
20,25,18,always invoke-QPU,invoke-QPU,-0.13558449697372787,0,0
20,25,18,always remote-sim,remote-sim,-0.15145836869772927,0,0
20,25,18,always local-sim,local-sim,-7.141329875179265,1,0
20,25,18,always fallback,fallback,-0.19378872256550278,0,0
20,25,19,P1,remote-sim,-0.19550559182251792,0,0
20,25,19,utility-only,remote-sim,-0.19550559182251792,0,0
20,25,19,logged-IPW,fallback,-0.21779931858131613,0,0
20,25,19,LinUCB,fallback,-0.21779931858131613,0,0
20,25,19,Pareto,remote-sim,-0.19550559182251792,0,0
20,25,19,oracle,remote-sim,-0.19550559182251792,0,0
20,25,19,train-selected fixed,fallback,-0.21779931858131613,0,0
20,25,19,always invoke-QPU,invoke-QPU,-2.1488294545494218,1,0
20,25,19,always remote-sim,remote-sim,-0.19550559182251792,0,0
20,25,19,always local-sim,local-sim,-5.465927900189254,1,0
20,25,19,always fallback,fallback,-0.21779931858131613,0,0
20,25,20,P1,remote-sim,-0.1512357613478263,0,0
20,25,20,utility-only,remote-sim,-0.1512357613478263,0,0
20,25,20,logged-IPW,fallback,-0.20005188701522136,0,0
20,25,20,LinUCB,fallback,-0.20005188701522136,0,0
20,25,20,Pareto,remote-sim,-0.1512357613478263,0,0
20,25,20,oracle,remote-sim,-0.1512357613478263,0,0
20,25,20,train-selected fixed,fallback,-0.20005188701522136,0,0
20,25,20,always invoke-QPU,invoke-QPU,-0.17491981651984412,0,0
20,25,20,always remote-sim,remote-sim,-0.1512357613478263,0,0
20,25,20,always local-sim,local-sim,-6.9922130776128455,1,0
20,25,20,always fallback,fallback,-0.20005188701522136,0,0
20,25,21,P1,fallback,-0.20481533471155966,0,0
20,25,21,utility-only,fallback,-0.20481533471155966,0,0
20,25,21,logged-IPW,fallback,-0.20481533471155966,0,0
20,25,21,LinUCB,fallback,-0.20481533471155966,0,0
20,25,21,Pareto,remote-sim,-0.27667386084961043,0,0
20,25,21,oracle,invoke-QPU,-0.13520328577156976,0,0
20,25,21,train-selected fixed,fallback,-0.20481533471155966,0,0
20,25,21,always invoke-QPU,invoke-QPU,-0.13520328577156976,0,0
20,25,21,always remote-sim,remote-sim,-0.27667386084961043,0,0
20,25,21,always local-sim,local-sim,-6.229276139503318,1,0
20,25,21,always fallback,fallback,-0.20481533471155966,0,0
20,25,22,P1,fallback,-0.2074218772798299,0,0
20,25,22,utility-only,fallback,-0.2074218772798299,0,0
20,25,22,logged-IPW,fallback,-0.2074218772798299,0,0
20,25,22,LinUCB,fallback,-0.2074218772798299,0,0
20,25,22,Pareto,fallback,-0.2074218772798299,0,0
20,25,22,oracle,fallback,-0.2074218772798299,0,0
20,25,22,train-selected fixed,fallback,-0.2074218772798299,0,0
20,25,22,always invoke-QPU,invoke-QPU,-7.2424521657791185,1,1
20,25,22,always remote-sim,remote-sim,-6.467078495012785,1,0
20,25,22,always local-sim,local-sim,-4.804498574060166,1,0
20,25,22,always fallback,fallback,-0.2074218772798299,0,0
20,25,23,P1,fallback,-0.20756727146596307,0,0
20,25,23,utility-only,fallback,-0.20756727146596307,0,0
20,25,23,logged-IPW,fallback,-0.20756727146596307,0,0
20,25,23,LinUCB,fallback,-0.20756727146596307,0,0
20,25,23,Pareto,fallback,-0.20756727146596307,0,0
20,25,23,oracle,fallback,-0.20756727146596307,0,0
20,25,23,train-selected fixed,fallback,-0.20756727146596307,0,0
20,25,23,always invoke-QPU,invoke-QPU,-7.627707036651471,1,1
20,25,23,always remote-sim,remote-sim,-13.161067480031665,1,1
20,25,23,always local-sim,local-sim,-7.148657197033971,1,0
20,25,23,always fallback,fallback,-0.20756727146596307,0,0
20,25,24,P1,invoke-QPU,-0.15189301756358609,0,0
20,25,24,utility-only,invoke-QPU,-0.15189301756358609,0,0
20,25,24,logged-IPW,fallback,-0.19590033756398495,0,0
20,25,24,LinUCB,remote-sim,-0.2367561036802424,0,0
20,25,24,Pareto,remote-sim,-0.2367561036802424,0,0
20,25,24,oracle,invoke-QPU,-0.15189301756358609,0,0
20,25,24,train-selected fixed,fallback,-0.19590033756398495,0,0
20,25,24,always invoke-QPU,invoke-QPU,-0.15189301756358609,0,0
20,25,24,always remote-sim,remote-sim,-0.2367561036802424,0,0
20,25,24,always local-sim,local-sim,-7.409669281223437,1,0
20,25,24,always fallback,fallback,-0.19590033756398495,0,0
20,25,25,P1,invoke-QPU,-0.15428698182814607,0,0
20,25,25,utility-only,invoke-QPU,-0.15428698182814607,0,0
20,25,25,logged-IPW,fallback,-0.19639535659509788,0,0
20,25,25,LinUCB,remote-sim,-0.1948596334950614,0,0
20,25,25,Pareto,remote-sim,-0.1948596334950614,0,0
20,25,25,oracle,invoke-QPU,-0.15428698182814607,0,0
20,25,25,train-selected fixed,fallback,-0.19639535659509788,0,0
20,25,25,always invoke-QPU,invoke-QPU,-0.15428698182814607,0,0
20,25,25,always remote-sim,remote-sim,-0.1948596334950614,0,0
20,25,25,always local-sim,local-sim,-6.832132942580674,1,0
20,25,25,always fallback,fallback,-0.19639535659509788,0,0
20,25,26,P1,invoke-QPU,-0.11016209033288075,0,0
20,25,26,utility-only,invoke-QPU,-0.11016209033288075,0,0
20,25,26,logged-IPW,fallback,-0.18300126674241415,0,0
20,25,26,LinUCB,remote-sim,-0.27420365435796196,0,0
20,25,26,Pareto,remote-sim,-0.27420365435796196,0,0
20,25,26,oracle,invoke-QPU,-0.11016209033288075,0,0
20,25,26,train-selected fixed,fallback,-0.18300126674241415,0,0
20,25,26,always invoke-QPU,invoke-QPU,-0.11016209033288075,0,0
20,25,26,always remote-sim,remote-sim,-0.27420365435796196,0,0
20,25,26,always local-sim,local-sim,-5.1347337094457135,1,0
20,25,26,always fallback,fallback,-0.18300126674241415,0,0
20,25,27,P1,invoke-QPU,-0.15117899449195282,0,0
20,25,27,utility-only,invoke-QPU,-0.15117899449195282,0,0
20,25,27,logged-IPW,fallback,-0.19546593564733658,0,0
20,25,27,LinUCB,remote-sim,-0.21323788100201996,0,0
20,25,27,Pareto,remote-sim,-0.21323788100201996,0,0
20,25,27,oracle,invoke-QPU,-0.15117899449195282,0,0
20,25,27,train-selected fixed,fallback,-0.19546593564733658,0,0
20,25,27,always invoke-QPU,invoke-QPU,-0.15117899449195282,0,0
20,25,27,always remote-sim,remote-sim,-0.21323788100201996,0,0
20,25,27,always local-sim,local-sim,-7.44665116574214,1,0
20,25,27,always fallback,fallback,-0.19546593564733658,0,0
20,25,28,P1,fallback,-0.2016215879972306,0,0
20,25,28,utility-only,fallback,-0.2016215879972306,0,0
20,25,28,logged-IPW,fallback,-0.2016215879972306,0,0
20,25,28,LinUCB,fallback,-0.2016215879972306,0,0
20,25,28,Pareto,fallback,-0.2016215879972306,0,0
20,25,28,oracle,fallback,-0.2016215879972306,0,0
20,25,28,train-selected fixed,fallback,-0.2016215879972306,0,0
20,25,28,always invoke-QPU,invoke-QPU,-2.5158282068681186,1,0
20,25,28,always remote-sim,remote-sim,-12.432021837379303,1,1
20,25,28,always local-sim,local-sim,-7.18246734508213,1,0
20,25,28,always fallback,fallback,-0.2016215879972306,0,0
20,25,29,P1,fallback,-0.18048713408973638,0,0
20,25,29,utility-only,fallback,-0.18048713408973638,0,0
20,25,29,logged-IPW,fallback,-0.18048713408973638,0,0
20,25,29,LinUCB,fallback,-0.18048713408973638,0,0
20,25,29,Pareto,invoke-QPU,-5.324986845059996,0,1
20,25,29,oracle,fallback,-0.18048713408973638,0,0
20,25,29,train-selected fixed,fallback,-0.18048713408973638,0,0
20,25,29,always invoke-QPU,invoke-QPU,-5.324986845059996,0,1
20,25,29,always remote-sim,remote-sim,-8.285816480066698,0,1
20,25,29,always local-sim,local-sim,-6.429929747930033,1,0
20,25,29,always fallback,fallback,-0.18048713408973638,0,0
20,26,0,P1,invoke-QPU,-0.1206671764159777,0,0
20,26,0,utility-only,invoke-QPU,-0.1206671764159777,0,0
20,26,0,logged-IPW,fallback,-0.2029621472216674,0,0
20,26,0,LinUCB,fallback,-0.2029621472216674,0,0
20,26,0,Pareto,remote-sim,-0.2728799558472601,0,0
20,26,0,oracle,invoke-QPU,-0.1206671764159777,0,0
20,26,0,train-selected fixed,fallback,-0.2029621472216674,0,0
20,26,0,always invoke-QPU,invoke-QPU,-0.1206671764159777,0,0
20,26,0,always remote-sim,remote-sim,-0.2728799558472601,0,0
20,26,0,always local-sim,local-sim,-5.128679194595139,1,0
20,26,0,always fallback,fallback,-0.2029621472216674,0,0
20,26,1,P1,fallback,-0.18424514145441362,0,0
20,26,1,utility-only,fallback,-0.18424514145441362,0,0
20,26,1,logged-IPW,fallback,-0.18424514145441362,0,0
20,26,1,LinUCB,fallback,-0.18424514145441362,0,0
20,26,1,Pareto,remote-sim,-0.19982547759826685,0,0
20,26,1,oracle,fallback,-0.18424514145441362,0,0
20,26,1,train-selected fixed,fallback,-0.18424514145441362,0,0
20,26,1,always invoke-QPU,invoke-QPU,-2.1645215135314175,1,0
20,26,1,always remote-sim,remote-sim,-0.19982547759826685,0,0
20,26,1,always local-sim,local-sim,-6.572668038155516,1,0
20,26,1,always fallback,fallback,-0.18424514145441362,0,0
20,26,2,P1,fallback,-0.20213128237438818,0,0
20,26,2,utility-only,fallback,-0.20213128237438818,0,0
20,26,2,logged-IPW,fallback,-0.20213128237438818,0,0
20,26,2,LinUCB,fallback,-0.20213128237438818,0,0
20,26,2,Pareto,invoke-QPU,-8.199616883854691,1,1
20,26,2,oracle,fallback,-0.20213128237438818,0,0
20,26,2,train-selected fixed,fallback,-0.20213128237438818,0,0
20,26,2,always invoke-QPU,invoke-QPU,-8.199616883854691,1,1
20,26,2,always remote-sim,remote-sim,-10.42865150721969,1,0
20,26,2,always local-sim,local-sim,-8.89433732166891,1,0
20,26,2,always fallback,fallback,-0.20213128237438818,0,0
20,26,3,P1,fallback,-0.20962037320991428,0,0
20,26,3,utility-only,fallback,-0.20962037320991428,0,0
20,26,3,logged-IPW,fallback,-0.20962037320991428,0,0
20,26,3,LinUCB,fallback,-0.20962037320991428,0,0
20,26,3,Pareto,invoke-QPU,-2.979174383444788,1,0
20,26,3,oracle,fallback,-0.20962037320991428,0,0
20,26,3,train-selected fixed,fallback,-0.20962037320991428,0,0
20,26,3,always invoke-QPU,invoke-QPU,-2.979174383444788,1,0
20,26,3,always remote-sim,remote-sim,-10.82465322439054,1,0
20,26,3,always local-sim,local-sim,-8.465460747372997,1,0
20,26,3,always fallback,fallback,-0.20962037320991428,0,0
20,26,4,P1,fallback,-0.19177634737479235,0,0
20,26,4,utility-only,fallback,-0.19177634737479235,0,0
20,26,4,logged-IPW,fallback,-0.19177634737479235,0,0
20,26,4,LinUCB,fallback,-0.19177634737479235,0,0
20,26,4,Pareto,remote-sim,-0.3567778367254938,0,0
20,26,4,oracle,fallback,-0.19177634737479235,0,0
20,26,4,train-selected fixed,fallback,-0.19177634737479235,0,0
20,26,4,always invoke-QPU,invoke-QPU,-0.20909207092761856,0,0
20,26,4,always remote-sim,remote-sim,-0.3567778367254938,0,0
20,26,4,always local-sim,local-sim,-8.930789752852991,1,0
20,26,4,always fallback,fallback,-0.19177634737479235,0,0
20,26,5,P1,remote-sim,-0.13508889144633413,0,0
20,26,5,utility-only,remote-sim,-0.13508889144633413,0,0
20,26,5,logged-IPW,remote-sim,-0.13508889144633413,0,0
20,26,5,LinUCB,fallback,-0.20022680877692314,0,0
20,26,5,Pareto,remote-sim,-0.13508889144633413,0,0
20,26,5,oracle,invoke-QPU,-0.12042328208785147,0,0
20,26,5,train-selected fixed,fallback,-0.20022680877692314,0,0
20,26,5,always invoke-QPU,invoke-QPU,-0.12042328208785147,0,0
20,26,5,always remote-sim,remote-sim,-0.13508889144633413,0,0
20,26,5,always local-sim,local-sim,-4.932384860744898,1,0
20,26,5,always fallback,fallback,-0.20022680877692314,0,0
20,26,6,P1,remote-sim,-0.17362700272813394,0,0
20,26,6,utility-only,remote-sim,-0.17362700272813394,0,0
20,26,6,logged-IPW,fallback,-0.20045226129382382,0,0
20,26,6,LinUCB,fallback,-0.20045226129382382,0,0
20,26,6,Pareto,remote-sim,-0.17362700272813394,0,0
20,26,6,oracle,remote-sim,-0.17362700272813394,0,0
20,26,6,train-selected fixed,fallback,-0.20045226129382382,0,0
20,26,6,always invoke-QPU,invoke-QPU,-0.18934723057525737,0,0
20,26,6,always remote-sim,remote-sim,-0.17362700272813394,0,0
20,26,6,always local-sim,local-sim,-8.555602067375268,1,0
20,26,6,always fallback,fallback,-0.20045226129382382,0,0
20,26,7,P1,invoke-QPU,-0.12007973847312299,0,0
20,26,7,utility-only,invoke-QPU,-0.12007973847312299,0,0
20,26,7,logged-IPW,remote-sim,-0.1620429183379239,0,0
20,26,7,LinUCB,remote-sim,-0.1620429183379239,0,0
20,26,7,Pareto,remote-sim,-0.1620429183379239,0,0
20,26,7,oracle,invoke-QPU,-0.12007973847312299,0,0
20,26,7,train-selected fixed,fallback,-0.1882616454076097,0,0
20,26,7,always invoke-QPU,invoke-QPU,-0.12007973847312299,0,0
20,26,7,always remote-sim,remote-sim,-0.1620429183379239,0,0
20,26,7,always local-sim,local-sim,-5.22675069288193,1,0
20,26,7,always fallback,fallback,-0.1882616454076097,0,0
20,26,8,P1,fallback,-0.19795464385002468,0,0
20,26,8,utility-only,fallback,-0.19795464385002468,0,0
20,26,8,logged-IPW,fallback,-0.19795464385002468,0,0
20,26,8,LinUCB,fallback,-0.19795464385002468,0,0
20,26,8,Pareto,remote-sim,-0.2610429119367914,0,0
20,26,8,oracle,invoke-QPU,-0.1380326827488798,0,0
20,26,8,train-selected fixed,fallback,-0.19795464385002468,0,0
20,26,8,always invoke-QPU,invoke-QPU,-0.1380326827488798,0,0
20,26,8,always remote-sim,remote-sim,-0.2610429119367914,0,0
20,26,8,always local-sim,local-sim,-6.913319528186673,1,0
20,26,8,always fallback,fallback,-0.19795464385002468,0,0
20,26,9,P1,remote-sim,-0.17593704749274444,0,0
20,26,9,utility-only,remote-sim,-0.17593704749274444,0,0
20,26,9,logged-IPW,invoke-QPU,-0.13903533143511324,0,0
20,26,9,LinUCB,fallback,-0.22303611642284085,0,0
20,26,9,Pareto,remote-sim,-0.17593704749274444,0,0
20,26,9,oracle,invoke-QPU,-0.13903533143511324,0,0
20,26,9,train-selected fixed,fallback,-0.22303611642284085,0,0
20,26,9,always invoke-QPU,invoke-QPU,-0.13903533143511324,0,0
20,26,9,always remote-sim,remote-sim,-0.17593704749274444,0,0
20,26,9,always local-sim,local-sim,-6.447941790953378,1,0
20,26,9,always fallback,fallback,-0.22303611642284085,0,0
20,26,10,P1,invoke-QPU,-0.13632151505355652,0,0
20,26,10,utility-only,invoke-QPU,-0.13632151505355652,0,0
20,26,10,logged-IPW,remote-sim,-0.1829336772189915,0,0
20,26,10,LinUCB,fallback,-0.19950937614096945,0,0
20,26,10,Pareto,remote-sim,-0.1829336772189915,0,0
20,26,10,oracle,invoke-QPU,-0.13632151505355652,0,0
20,26,10,train-selected fixed,fallback,-0.19950937614096945,0,0
20,26,10,always invoke-QPU,invoke-QPU,-0.13632151505355652,0,0
20,26,10,always remote-sim,remote-sim,-0.1829336772189915,0,0
20,26,10,always local-sim,local-sim,-7.492933981579033,1,0
20,26,10,always fallback,fallback,-0.19950937614096945,0,0
20,26,11,P1,fallback,-0.2035007296383447,0,0
20,26,11,utility-only,fallback,-0.2035007296383447,0,0
20,26,11,logged-IPW,fallback,-0.2035007296383447,0,0
20,26,11,LinUCB,fallback,-0.2035007296383447,0,0
20,26,11,Pareto,remote-sim,-0.21779787848416968,0,0
20,26,11,oracle,fallback,-0.2035007296383447,0,0
20,26,11,train-selected fixed,fallback,-0.2035007296383447,0,0
20,26,11,always invoke-QPU,invoke-QPU,-2.1871104885059514,1,0
20,26,11,always remote-sim,remote-sim,-0.21779787848416968,0,0
20,26,11,always local-sim,local-sim,-6.368308510344107,1,0
20,26,11,always fallback,fallback,-0.2035007296383447,0,0
20,26,12,P1,fallback,-0.2061091711205553,0,0
20,26,12,utility-only,fallback,-0.2061091711205553,0,0
20,26,12,logged-IPW,fallback,-0.2061091711205553,0,0
20,26,12,LinUCB,fallback,-0.2061091711205553,0,0
20,26,12,Pareto,fallback,-0.2061091711205553,0,0
20,26,12,oracle,fallback,-0.2061091711205553,0,0
20,26,12,train-selected fixed,fallback,-0.2061091711205553,0,0
20,26,12,always invoke-QPU,invoke-QPU,-2.6647906327367923,1,0
20,26,12,always remote-sim,remote-sim,-7.481722356215515,1,0
20,26,12,always local-sim,local-sim,-8.488585153558082,1,0
20,26,12,always fallback,fallback,-0.2061091711205553,0,0
20,26,13,P1,invoke-QPU,-0.1537983047065915,0,0
20,26,13,utility-only,invoke-QPU,-0.1537983047065915,0,0
20,26,13,logged-IPW,fallback,-0.19631257003325553,0,0
20,26,13,LinUCB,fallback,-0.19631257003325553,0,0
20,26,13,Pareto,remote-sim,-0.20588276020159402,0,0
20,26,13,oracle,invoke-QPU,-0.1537983047065915,0,0
20,26,13,train-selected fixed,fallback,-0.19631257003325553,0,0
20,26,13,always invoke-QPU,invoke-QPU,-0.1537983047065915,0,0
20,26,13,always remote-sim,remote-sim,-0.20588276020159402,0,0
20,26,13,always local-sim,local-sim,-8.640061188186838,1,0
20,26,13,always fallback,fallback,-0.19631257003325553,0,0
20,26,14,P1,invoke-QPU,-0.15946625746782606,0,0
20,26,14,utility-only,invoke-QPU,-0.15946625746782606,0,0
20,26,14,logged-IPW,invoke-QPU,-0.15946625746782606,0,0
20,26,14,LinUCB,fallback,-0.20974401708402896,0,0
20,26,14,Pareto,remote-sim,-0.1704150784482006,0,0
20,26,14,oracle,invoke-QPU,-0.15946625746782606,0,0
20,26,14,train-selected fixed,fallback,-0.20974401708402896,0,0
20,26,14,always invoke-QPU,invoke-QPU,-0.15946625746782606,0,0
20,26,14,always remote-sim,remote-sim,-0.1704150784482006,0,0
20,26,14,always local-sim,local-sim,-6.938589575380012,1,0
20,26,14,always fallback,fallback,-0.20974401708402896,0,0
20,26,15,P1,fallback,-0.1907794931208803,0,0
20,26,15,utility-only,fallback,-0.1907794931208803,0,0
20,26,15,logged-IPW,fallback,-0.1907794931208803,0,0
20,26,15,LinUCB,fallback,-0.1907794931208803,0,0
20,26,15,Pareto,remote-sim,-0.3709153118672559,0,0
20,26,15,oracle,invoke-QPU,-0.18732562603176361,0,0
20,26,15,train-selected fixed,fallback,-0.1907794931208803,0,0
20,26,15,always invoke-QPU,invoke-QPU,-0.18732562603176361,0,0
20,26,15,always remote-sim,remote-sim,-0.3709153118672559,0,0
20,26,15,always local-sim,local-sim,-6.546348169989307,1,0
20,26,15,always fallback,fallback,-0.1907794931208803,0,0
20,26,16,P1,fallback,-0.209541580336005,0,0
20,26,16,utility-only,fallback,-0.209541580336005,0,0
20,26,16,logged-IPW,fallback,-0.209541580336005,0,0
20,26,16,LinUCB,fallback,-0.209541580336005,0,0
20,26,16,Pareto,fallback,-0.209541580336005,0,0
20,26,16,oracle,fallback,-0.209541580336005,0,0
20,26,16,train-selected fixed,fallback,-0.209541580336005,0,0
20,26,16,always invoke-QPU,invoke-QPU,-2.4146631664138174,1,0
20,26,16,always remote-sim,remote-sim,-6.89268125166918,1,0
20,26,16,always local-sim,local-sim,-6.272163858615171,1,0
20,26,16,always fallback,fallback,-0.209541580336005,0,0
20,26,17,P1,fallback,-0.2037970328980566,0,0
20,26,17,utility-only,fallback,-0.2037970328980566,0,0
20,26,17,logged-IPW,fallback,-0.2037970328980566,0,0
20,26,17,LinUCB,fallback,-0.2037970328980566,0,0
20,26,17,Pareto,invoke-QPU,-7.252950904375387,1,1
20,26,17,oracle,fallback,-0.2037970328980566,0,0
20,26,17,train-selected fixed,fallback,-0.2037970328980566,0,0
20,26,17,always invoke-QPU,invoke-QPU,-7.252950904375387,1,1
20,26,17,always remote-sim,remote-sim,-4.477670455861242,1,0
20,26,17,always local-sim,local-sim,-6.264037708529688,1,0
20,26,17,always fallback,fallback,-0.2037970328980566,0,0
20,26,18,P1,remote-sim,-0.14087143342345118,0,0
20,26,18,utility-only,remote-sim,-0.14087143342345118,0,0
20,26,18,logged-IPW,fallback,-0.19812658239652114,0,0
20,26,18,LinUCB,fallback,-0.19812658239652114,0,0
20,26,18,Pareto,remote-sim,-0.14087143342345118,0,0
20,26,18,oracle,remote-sim,-0.14087143342345118,0,0
20,26,18,train-selected fixed,fallback,-0.19812658239652114,0,0
20,26,18,always invoke-QPU,invoke-QPU,-0.15468377896153757,0,0
20,26,18,always remote-sim,remote-sim,-0.14087143342345118,0,0
20,26,18,always local-sim,local-sim,-6.524099746378292,1,0
20,26,18,always fallback,fallback,-0.19812658239652114,0,0
20,26,19,P1,fallback,-0.20370506396174892,0,0
20,26,19,utility-only,fallback,-0.20370506396174892,0,0
20,26,19,logged-IPW,fallback,-0.20370506396174892,0,0
20,26,19,LinUCB,fallback,-0.20370506396174892,0,0
20,26,19,Pareto,remote-sim,-0.21855899979136895,0,0
20,26,19,oracle,invoke-QPU,-0.1440724763787234,0,0
20,26,19,train-selected fixed,fallback,-0.20370506396174892,0,0
20,26,19,always invoke-QPU,invoke-QPU,-0.1440724763787234,0,0
20,26,19,always remote-sim,remote-sim,-0.21855899979136895,0,0
20,26,19,always local-sim,local-sim,-8.017695681299296,1,0
20,26,19,always fallback,fallback,-0.20370506396174892,0,0
20,26,20,P1,remote-sim,-0.14066788400228603,0,0
20,26,20,utility-only,remote-sim,-0.14066788400228603,0,0
20,26,20,logged-IPW,remote-sim,-0.14066788400228603,0,0
20,26,20,LinUCB,remote-sim,-0.14066788400228603,0,0
20,26,20,Pareto,remote-sim,-0.14066788400228603,0,0
20,26,20,oracle,invoke-QPU,-0.13641735982832254,0,0
20,26,20,train-selected fixed,fallback,-0.1894166305300932,0,0
20,26,20,always invoke-QPU,invoke-QPU,-0.13641735982832254,0,0
20,26,20,always remote-sim,remote-sim,-0.14066788400228603,0,0
20,26,20,always local-sim,local-sim,-6.452454925052492,1,0
20,26,20,always fallback,fallback,-0.1894166305300932,0,0
20,26,21,P1,invoke-QPU,-0.1440272877877741,0,0
20,26,21,utility-only,invoke-QPU,-0.1440272877877741,0,0
20,26,21,logged-IPW,fallback,-0.18519113228724607,0,0
20,26,21,LinUCB,fallback,-0.18519113228724607,0,0
20,26,21,Pareto,remote-sim,-0.22319956562013504,0,0
20,26,21,oracle,invoke-QPU,-0.1440272877877741,0,0
20,26,21,train-selected fixed,fallback,-0.18519113228724607,0,0
20,26,21,always invoke-QPU,invoke-QPU,-0.1440272877877741,0,0
20,26,21,always remote-sim,remote-sim,-0.22319956562013504,0,0
20,26,21,always local-sim,local-sim,-8.351284169742522,1,0
20,26,21,always fallback,fallback,-0.18519113228724607,0,0
20,26,22,P1,fallback,-0.19285446307362597,0,0
20,26,22,utility-only,fallback,-0.19285446307362597,0,0
20,26,22,logged-IPW,fallback,-0.19285446307362597,0,0
20,26,22,LinUCB,fallback,-0.19285446307362597,0,0
20,26,22,Pareto,invoke-QPU,-2.2055621912847303,1,0
20,26,22,oracle,fallback,-0.19285446307362597,0,0
20,26,22,train-selected fixed,fallback,-0.19285446307362597,0,0
20,26,22,always invoke-QPU,invoke-QPU,-2.2055621912847303,1,0
20,26,22,always remote-sim,remote-sim,-6.232781404704328,1,0
20,26,22,always local-sim,local-sim,-5.142159838387911,1,0
20,26,22,always fallback,fallback,-0.19285446307362597,0,0
20,26,23,P1,remote-sim,-0.19887250931940675,0,0
20,26,23,utility-only,remote-sim,-0.19887250931940675,0,0
20,26,23,logged-IPW,fallback,-0.21534589736761905,0,0
20,26,23,LinUCB,fallback,-0.21534589736761905,0,0
20,26,23,Pareto,remote-sim,-0.19887250931940675,0,0
20,26,23,oracle,invoke-QPU,-0.1576635191712672,0,0
20,26,23,train-selected fixed,fallback,-0.21534589736761905,0,0
20,26,23,always invoke-QPU,invoke-QPU,-0.1576635191712672,0,0
20,26,23,always remote-sim,remote-sim,-0.19887250931940675,0,0
20,26,23,always local-sim,local-sim,-5.185613158196876,1,0
20,26,23,always fallback,fallback,-0.21534589736761905,0,0
20,26,24,P1,invoke-QPU,-0.16404851877037313,0,0
20,26,24,utility-only,invoke-QPU,-0.16404851877037313,0,0
20,26,24,logged-IPW,fallback,-0.1897207730846973,0,0
20,26,24,LinUCB,remote-sim,-0.2135713948508839,0,0
20,26,24,Pareto,remote-sim,-0.2135713948508839,0,0
20,26,24,oracle,invoke-QPU,-0.16404851877037313,0,0
20,26,24,train-selected fixed,fallback,-0.1897207730846973,0,0
20,26,24,always invoke-QPU,invoke-QPU,-0.16404851877037313,0,0
20,26,24,always remote-sim,remote-sim,-0.2135713948508839,0,0
20,26,24,always local-sim,local-sim,-7.679678019407101,1,0
20,26,24,always fallback,fallback,-0.1897207730846973,0,0
20,26,25,P1,fallback,-0.19275398063981955,0,0
20,26,25,utility-only,fallback,-0.19275398063981955,0,0
20,26,25,logged-IPW,fallback,-0.19275398063981955,0,0
20,26,25,LinUCB,remote-sim,-0.2612274196529699,0,0
20,26,25,Pareto,remote-sim,-0.2612274196529699,0,0
20,26,25,oracle,fallback,-0.19275398063981955,0,0
20,26,25,train-selected fixed,fallback,-0.19275398063981955,0,0
20,26,25,always invoke-QPU,invoke-QPU,-2.163074038820077,1,0
20,26,25,always remote-sim,remote-sim,-0.2612274196529699,0,0
20,26,25,always local-sim,local-sim,-7.268794468469499,1,0
20,26,25,always fallback,fallback,-0.19275398063981955,0,0
20,26,26,P1,remote-sim,-0.13819832346487002,0,0
20,26,26,utility-only,remote-sim,-0.13819832346487002,0,0
20,26,26,logged-IPW,remote-sim,-0.13819832346487002,0,0
20,26,26,LinUCB,fallback,-0.19465105097156574,0,0
20,26,26,Pareto,remote-sim,-0.13819832346487002,0,0
20,26,26,oracle,remote-sim,-0.13819832346487002,0,0
20,26,26,train-selected fixed,fallback,-0.19465105097156574,0,0
20,26,26,always invoke-QPU,invoke-QPU,-0.2012904482732884,0,0
20,26,26,always remote-sim,remote-sim,-0.13819832346487002,0,0
20,26,26,always local-sim,local-sim,-8.468503359224634,1,0
20,26,26,always fallback,fallback,-0.19465105097156574,0,0
20,26,27,P1,fallback,-0.2112760521530164,0,0
20,26,27,utility-only,fallback,-0.2112760521530164,0,0
20,26,27,logged-IPW,fallback,-0.2112760521530164,0,0
20,26,27,LinUCB,fallback,-0.2112760521530164,0,0
20,26,27,Pareto,remote-sim,-0.2517799311405894,0,0
20,26,27,oracle,fallback,-0.2112760521530164,0,0
20,26,27,train-selected fixed,fallback,-0.2112760521530164,0,0
20,26,27,always invoke-QPU,invoke-QPU,-2.1399498404697512,1,0
20,26,27,always remote-sim,remote-sim,-0.2517799311405894,0,0
20,26,27,always local-sim,local-sim,-6.840182399543657,1,0
20,26,27,always fallback,fallback,-0.2112760521530164,0,0
20,26,28,P1,invoke-QPU,-0.12102880708423101,0,0
20,26,28,utility-only,invoke-QPU,-0.12102880708423101,0,0
20,26,28,logged-IPW,fallback,-0.22255282346366181,0,0
20,26,28,LinUCB,fallback,-0.22255282346366181,0,0
20,26,28,Pareto,remote-sim,-0.181442251252632,0,0
20,26,28,oracle,invoke-QPU,-0.12102880708423101,0,0
20,26,28,train-selected fixed,fallback,-0.22255282346366181,0,0
20,26,28,always invoke-QPU,invoke-QPU,-0.12102880708423101,0,0
20,26,28,always remote-sim,remote-sim,-0.181442251252632,0,0
20,26,28,always local-sim,local-sim,-4.562872856033691,1,0
20,26,28,always fallback,fallback,-0.22255282346366181,0,0
20,26,29,P1,invoke-QPU,-0.1312453619556194,0,0
20,26,29,utility-only,invoke-QPU,-0.1312453619556194,0,0
20,26,29,logged-IPW,fallback,-0.18819941489161887,0,0
20,26,29,LinUCB,remote-sim,-0.1935065059829789,0,0
20,26,29,Pareto,remote-sim,-0.1935065059829789,0,0
20,26,29,oracle,invoke-QPU,-0.1312453619556194,0,0
20,26,29,train-selected fixed,fallback,-0.18819941489161887,0,0
20,26,29,always invoke-QPU,invoke-QPU,-0.1312453619556194,0,0
20,26,29,always remote-sim,remote-sim,-0.1935065059829789,0,0
20,26,29,always local-sim,local-sim,-7.227181953142054,1,0
20,26,29,always fallback,fallback,-0.18819941489161887,0,0
20,27,0,P1,invoke-QPU,-0.1396836872203664,0,0
20,27,0,utility-only,invoke-QPU,-0.1396836872203664,0,0
20,27,0,logged-IPW,invoke-QPU,-0.1396836872203664,0,0
20,27,0,LinUCB,fallback,-0.2211205316051132,0,0
20,27,0,Pareto,remote-sim,-0.21033922711054442,0,0
20,27,0,oracle,invoke-QPU,-0.1396836872203664,0,0
20,27,0,train-selected fixed,fallback,-0.2211205316051132,0,0
20,27,0,always invoke-QPU,invoke-QPU,-0.1396836872203664,0,0
20,27,0,always remote-sim,remote-sim,-0.21033922711054442,0,0
20,27,0,always local-sim,local-sim,-6.376357803110612,1,0
20,27,0,always fallback,fallback,-0.2211205316051132,0,0
20,27,1,P1,fallback,-0.20872327531839915,0,0
20,27,1,utility-only,fallback,-0.20872327531839915,0,0
20,27,1,logged-IPW,fallback,-0.20872327531839915,0,0
20,27,1,LinUCB,fallback,-0.20872327531839915,0,0
20,27,1,Pareto,fallback,-0.20872327531839915,0,0
20,27,1,oracle,fallback,-0.20872327531839915,0,0
20,27,1,train-selected fixed,fallback,-0.20872327531839915,0,0
20,27,1,always invoke-QPU,invoke-QPU,-7.255087790585252,1,1
20,27,1,always remote-sim,remote-sim,-12.961022527463179,1,1
20,27,1,always local-sim,local-sim,-5.011081572781698,1,0
20,27,1,always fallback,fallback,-0.20872327531839915,0,0
20,27,2,P1,remote-sim,-0.20526715521116737,0,0
20,27,2,utility-only,remote-sim,-0.20526715521116737,0,0
20,27,2,logged-IPW,fallback,-0.20051338760040138,0,0
20,27,2,LinUCB,invoke-QPU,-0.13791429202640382,0,0
20,27,2,Pareto,remote-sim,-0.20526715521116737,0,0
20,27,2,oracle,invoke-QPU,-0.13791429202640382,0,0
20,27,2,train-selected fixed,fallback,-0.20051338760040138,0,0
20,27,2,always invoke-QPU,invoke-QPU,-0.13791429202640382,0,0
20,27,2,always remote-sim,remote-sim,-0.20526715521116737,0,0
20,27,2,always local-sim,local-sim,-4.836257406506748,1,0
20,27,2,always fallback,fallback,-0.20051338760040138,0,0
20,27,3,P1,invoke-QPU,-0.15474685127114934,0,0
20,27,3,utility-only,invoke-QPU,-0.15474685127114934,0,0
20,27,3,logged-IPW,fallback,-0.19953174405483698,0,0
20,27,3,LinUCB,fallback,-0.19953174405483698,0,0
20,27,3,Pareto,remote-sim,-0.3273037827461813,0,0
20,27,3,oracle,invoke-QPU,-0.15474685127114934,0,0
20,27,3,train-selected fixed,fallback,-0.19953174405483698,0,0
20,27,3,always invoke-QPU,invoke-QPU,-0.15474685127114934,0,0
20,27,3,always remote-sim,remote-sim,-0.3273037827461813,0,0
20,27,3,always local-sim,local-sim,-6.06090862108301,1,0
20,27,3,always fallback,fallback,-0.19953174405483698,0,0
20,27,4,P1,fallback,-0.1983511752503045,0,0
20,27,4,utility-only,fallback,-0.1983511752503045,0,0
20,27,4,logged-IPW,fallback,-0.1983511752503045,0,0
20,27,4,LinUCB,fallback,-0.1983511752503045,0,0
20,27,4,Pareto,invoke-QPU,-7.631016631833838,1,1
20,27,4,oracle,fallback,-0.1983511752503045,0,0
20,27,4,train-selected fixed,fallback,-0.1983511752503045,0,0
20,27,4,always invoke-QPU,invoke-QPU,-7.631016631833838,1,1
20,27,4,always remote-sim,remote-sim,-6.245998996230268,1,0
20,27,4,always local-sim,local-sim,-9.088464656804653,1,0
20,27,4,always fallback,fallback,-0.1983511752503045,0,0
20,27,5,P1,fallback,-0.19381972725606023,0,0
20,27,5,utility-only,fallback,-0.19381972725606023,0,0
20,27,5,logged-IPW,fallback,-0.19381972725606023,0,0
20,27,5,LinUCB,fallback,-0.19381972725606023,0,0
20,27,5,Pareto,remote-sim,-0.2885879155693173,0,0
20,27,5,oracle,invoke-QPU,-0.148997815119602,0,0
20,27,5,train-selected fixed,fallback,-0.19381972725606023,0,0
20,27,5,always invoke-QPU,invoke-QPU,-0.148997815119602,0,0
20,27,5,always remote-sim,remote-sim,-0.2885879155693173,0,0
20,27,5,always local-sim,local-sim,-6.7311060612782825,1,0
20,27,5,always fallback,fallback,-0.19381972725606023,0,0
20,27,6,P1,fallback,-0.21564865861543825,0,0
20,27,6,utility-only,fallback,-0.21564865861543825,0,0
20,27,6,logged-IPW,fallback,-0.21564865861543825,0,0
20,27,6,LinUCB,fallback,-0.21564865861543825,0,0
20,27,6,Pareto,invoke-QPU,-7.364334038814618,1,1
20,27,6,oracle,fallback,-0.21564865861543825,0,0
20,27,6,train-selected fixed,fallback,-0.21564865861543825,0,0
20,27,6,always invoke-QPU,invoke-QPU,-7.364334038814618,1,1
20,27,6,always remote-sim,remote-sim,-5.347262995036421,1,0
20,27,6,always local-sim,local-sim,-6.972440372497706,1,0
20,27,6,always fallback,fallback,-0.21564865861543825,0,0
20,27,7,P1,remote-sim,-0.11468732108547319,0,0
20,27,7,utility-only,remote-sim,-0.11468732108547319,0,0
20,27,7,logged-IPW,fallback,-0.19754990255628613,0,0
20,27,7,LinUCB,remote-sim,-0.11468732108547319,0,0
20,27,7,Pareto,remote-sim,-0.11468732108547319,0,0
20,27,7,oracle,remote-sim,-0.11468732108547319,0,0
20,27,7,train-selected fixed,fallback,-0.19754990255628613,0,0
20,27,7,always invoke-QPU,invoke-QPU,-2.1682739069066335,1,0
20,27,7,always remote-sim,remote-sim,-0.11468732108547319,0,0
20,27,7,always local-sim,local-sim,-6.9290452140027075,1,0
20,27,7,always fallback,fallback,-0.19754990255628613,0,0
20,27,8,P1,fallback,-0.19504227592457812,0,0
20,27,8,utility-only,fallback,-0.19504227592457812,0,0
20,27,8,logged-IPW,fallback,-0.19504227592457812,0,0
20,27,8,LinUCB,fallback,-0.19504227592457812,0,0
20,27,8,Pareto,remote-sim,-0.27626612870603307,0,0
20,27,8,oracle,fallback,-0.19504227592457812,0,0
20,27,8,train-selected fixed,fallback,-0.19504227592457812,0,0
20,27,8,always invoke-QPU,invoke-QPU,-2.2677160444800037,1,0
20,27,8,always remote-sim,remote-sim,-0.27626612870603307,0,0
20,27,8,always local-sim,local-sim,-7.509678831399063,1,0
20,27,8,always fallback,fallback,-0.19504227592457812,0,0
20,27,9,P1,invoke-QPU,-0.18976652472282385,0,0
20,27,9,utility-only,invoke-QPU,-0.18976652472282385,0,0
20,27,9,logged-IPW,fallback,-0.2197521142214607,0,0
20,27,9,LinUCB,fallback,-0.2197521142214607,0,0
20,27,9,Pareto,remote-sim,-0.2518313420923608,0,0
20,27,9,oracle,invoke-QPU,-0.18976652472282385,0,0
20,27,9,train-selected fixed,fallback,-0.2197521142214607,0,0
20,27,9,always invoke-QPU,invoke-QPU,-0.18976652472282385,0,0
20,27,9,always remote-sim,remote-sim,-0.2518313420923608,0,0
20,27,9,always local-sim,local-sim,-7.8674452076029056,1,0
20,27,9,always fallback,fallback,-0.2197521142214607,0,0
20,27,10,P1,fallback,-0.20441617449483626,0,0
20,27,10,utility-only,fallback,-0.20441617449483626,0,0
20,27,10,logged-IPW,fallback,-0.20441617449483626,0,0
20,27,10,LinUCB,fallback,-0.20441617449483626,0,0
20,27,10,Pareto,remote-sim,-0.4152710842875825,0,0
20,27,10,oracle,invoke-QPU,-0.1905358612781361,0,0
20,27,10,train-selected fixed,fallback,-0.20441617449483626,0,0
20,27,10,always invoke-QPU,invoke-QPU,-0.1905358612781361,0,0
20,27,10,always remote-sim,remote-sim,-0.4152710842875825,0,0
20,27,10,always local-sim,local-sim,-8.439049702899897,1,0
20,27,10,always fallback,fallback,-0.20441617449483626,0,0
20,27,11,P1,fallback,-0.19922236556149836,0,0
20,27,11,utility-only,fallback,-0.19922236556149836,0,0
20,27,11,logged-IPW,fallback,-0.19922236556149836,0,0
20,27,11,LinUCB,fallback,-0.19922236556149836,0,0
20,27,11,Pareto,remote-sim,-0.3178988327667064,0,0
20,27,11,oracle,fallback,-0.19922236556149836,0,0
20,27,11,train-selected fixed,fallback,-0.19922236556149836,0,0
20,27,11,always invoke-QPU,invoke-QPU,-2.1448485337170973,1,0
20,27,11,always remote-sim,remote-sim,-0.3178988327667064,0,0
20,27,11,always local-sim,local-sim,-5.720662570447624,1,0
20,27,11,always fallback,fallback,-0.19922236556149836,0,0
20,27,12,P1,invoke-QPU,-0.12317363257822188,0,0
20,27,12,utility-only,invoke-QPU,-0.12317363257822188,0,0
20,27,12,logged-IPW,fallback,-0.20262660319352505,0,0
20,27,12,LinUCB,fallback,-0.20262660319352505,0,0
20,27,12,Pareto,remote-sim,-0.22384996131111043,0,0
20,27,12,oracle,invoke-QPU,-0.12317363257822188,0,0
20,27,12,train-selected fixed,fallback,-0.20262660319352505,0,0
20,27,12,always invoke-QPU,invoke-QPU,-0.12317363257822188,0,0
20,27,12,always remote-sim,remote-sim,-0.22384996131111043,0,0
20,27,12,always local-sim,local-sim,-4.658198252847047,1,0
20,27,12,always fallback,fallback,-0.20262660319352505,0,0
20,27,13,P1,remote-sim,-0.14636806167330824,0,0
20,27,13,utility-only,remote-sim,-0.14636806167330824,0,0
20,27,13,logged-IPW,invoke-QPU,-0.152980549911527,0,0
20,27,13,LinUCB,fallback,-0.20110617249366486,0,0
20,27,13,Pareto,remote-sim,-0.14636806167330824,0,0
20,27,13,oracle,remote-sim,-0.14636806167330824,0,0
20,27,13,train-selected fixed,fallback,-0.20110617249366486,0,0
20,27,13,always invoke-QPU,invoke-QPU,-0.152980549911527,0,0
20,27,13,always remote-sim,remote-sim,-0.14636806167330824,0,0
20,27,13,always local-sim,local-sim,-6.680470921301661,1,0
20,27,13,always fallback,fallback,-0.20110617249366486,0,0
20,27,14,P1,remote-sim,-0.18603222417510365,0,0
20,27,14,utility-only,remote-sim,-0.18603222417510365,0,0
20,27,14,logged-IPW,fallback,-0.2127131705870148,0,0
20,27,14,LinUCB,fallback,-0.2127131705870148,0,0
20,27,14,Pareto,remote-sim,-0.18603222417510365,0,0
20,27,14,oracle,remote-sim,-0.18603222417510365,0,0
20,27,14,train-selected fixed,fallback,-0.2127131705870148,0,0
20,27,14,always invoke-QPU,invoke-QPU,-0.212162789797893,0,0
20,27,14,always remote-sim,remote-sim,-0.18603222417510365,0,0
20,27,14,always local-sim,local-sim,-8.98131699069564,1,0
20,27,14,always fallback,fallback,-0.2127131705870148,0,0
20,27,15,P1,fallback,-0.20609293645338503,0,0
20,27,15,utility-only,fallback,-0.20609293645338503,0,0
20,27,15,logged-IPW,fallback,-0.20609293645338503,0,0
20,27,15,LinUCB,fallback,-0.20609293645338503,0,0
20,27,15,Pareto,invoke-QPU,-7.483587193581419,1,1
20,27,15,oracle,fallback,-0.20609293645338503,0,0
20,27,15,train-selected fixed,fallback,-0.20609293645338503,0,0
20,27,15,always invoke-QPU,invoke-QPU,-7.483587193581419,1,1
20,27,15,always remote-sim,remote-sim,-7.779644163527484,0,1
20,27,15,always local-sim,local-sim,-9.048145668893522,1,0
20,27,15,always fallback,fallback,-0.20609293645338503,0,0
20,27,16,P1,fallback,-0.2101559098873322,0,0
20,27,16,utility-only,fallback,-0.2101559098873322,0,0
20,27,16,logged-IPW,fallback,-0.2101559098873322,0,0
20,27,16,LinUCB,fallback,-0.2101559098873322,0,0
20,27,16,Pareto,remote-sim,-0.21943029320731788,0,0
20,27,16,oracle,fallback,-0.2101559098873322,0,0
20,27,16,train-selected fixed,fallback,-0.2101559098873322,0,0
20,27,16,always invoke-QPU,invoke-QPU,-2.1373736250603397,1,0
20,27,16,always remote-sim,remote-sim,-0.21943029320731788,0,0
20,27,16,always local-sim,local-sim,-5.637632034143145,1,0
20,27,16,always fallback,fallback,-0.2101559098873322,0,0
20,27,17,P1,invoke-QPU,-0.17034592261479625,0,0
20,27,17,utility-only,invoke-QPU,-0.17034592261479625,0,0
20,27,17,logged-IPW,fallback,-0.21358472759247005,0,0
20,27,17,LinUCB,fallback,-0.21358472759247005,0,0
20,27,17,Pareto,remote-sim,-0.27295198887420213,0,0
20,27,17,oracle,invoke-QPU,-0.17034592261479625,0,0
20,27,17,train-selected fixed,fallback,-0.21358472759247005,0,0
20,27,17,always invoke-QPU,invoke-QPU,-0.17034592261479625,0,0
20,27,17,always remote-sim,remote-sim,-0.27295198887420213,0,0
20,27,17,always local-sim,local-sim,-7.437646887167979,1,0
20,27,17,always fallback,fallback,-0.21358472759247005,0,0
20,27,18,P1,fallback,-0.19945498925449567,0,0
20,27,18,utility-only,fallback,-0.19945498925449567,0,0
20,27,18,logged-IPW,fallback,-0.19945498925449567,0,0
20,27,18,LinUCB,fallback,-0.19945498925449567,0,0
20,27,18,Pareto,fallback,-0.19945498925449567,0,0
20,27,18,oracle,fallback,-0.19945498925449567,0,0
20,27,18,train-selected fixed,fallback,-0.19945498925449567,0,0
20,27,18,always invoke-QPU,invoke-QPU,-2.741981206641549,1,0
20,27,18,always remote-sim,remote-sim,-13.374282581463,1,1
20,27,18,always local-sim,local-sim,-8.309123870663608,1,0
20,27,18,always fallback,fallback,-0.19945498925449567,0,0
20,27,19,P1,fallback,-0.18693874319306686,0,0
20,27,19,utility-only,fallback,-0.18693874319306686,0,0
20,27,19,logged-IPW,fallback,-0.18693874319306686,0,0
20,27,19,LinUCB,fallback,-0.18693874319306686,0,0
20,27,19,Pareto,remote-sim,-0.2871301069044258,0,0
20,27,19,oracle,invoke-QPU,-0.1796297987139896,0,0
20,27,19,train-selected fixed,fallback,-0.18693874319306686,0,0
20,27,19,always invoke-QPU,invoke-QPU,-0.1796297987139896,0,0
20,27,19,always remote-sim,remote-sim,-0.2871301069044258,0,0
20,27,19,always local-sim,local-sim,-8.295009758027543,1,0
20,27,19,always fallback,fallback,-0.18693874319306686,0,0
20,27,20,P1,invoke-QPU,-0.11321173250576841,0,0
20,27,20,utility-only,invoke-QPU,-0.11321173250576841,0,0
20,27,20,logged-IPW,fallback,-0.2065100360743823,0,0
20,27,20,LinUCB,remote-sim,-0.1848945356948284,0,0
20,27,20,Pareto,remote-sim,-0.1848945356948284,0,0
20,27,20,oracle,invoke-QPU,-0.11321173250576841,0,0
20,27,20,train-selected fixed,fallback,-0.2065100360743823,0,0
20,27,20,always invoke-QPU,invoke-QPU,-0.11321173250576841,0,0
20,27,20,always remote-sim,remote-sim,-0.1848945356948284,0,0
20,27,20,always local-sim,local-sim,-5.495484486474624,1,0
20,27,20,always fallback,fallback,-0.2065100360743823,0,0
20,27,21,P1,fallback,-0.19607878970483567,0,0
20,27,21,utility-only,fallback,-0.19607878970483567,0,0
20,27,21,logged-IPW,fallback,-0.19607878970483567,0,0
20,27,21,LinUCB,fallback,-0.19607878970483567,0,0
20,27,21,Pareto,invoke-QPU,-2.523281047350835,1,0
20,27,21,oracle,fallback,-0.19607878970483567,0,0
20,27,21,train-selected fixed,fallback,-0.19607878970483567,0,0
20,27,21,always invoke-QPU,invoke-QPU,-2.523281047350835,1,0
20,27,21,always remote-sim,remote-sim,-6.3151184860238985,1,0
20,27,21,always local-sim,local-sim,-8.075776195788182,1,0
20,27,21,always fallback,fallback,-0.19607878970483567,0,0
20,27,22,P1,fallback,-0.21660090330988943,0,0
20,27,22,utility-only,fallback,-0.21660090330988943,0,0
20,27,22,logged-IPW,fallback,-0.21660090330988943,0,0
20,27,22,LinUCB,fallback,-0.21660090330988943,0,0
20,27,22,Pareto,fallback,-0.21660090330988943,0,0
20,27,22,oracle,fallback,-0.21660090330988943,0,0
20,27,22,train-selected fixed,fallback,-0.21660090330988943,0,0
20,27,22,always invoke-QPU,invoke-QPU,-2.3096069364120813,1,0
20,27,22,always remote-sim,remote-sim,-16.725331572031436,1,0
20,27,22,always local-sim,local-sim,-4.654834063912848,1,0
20,27,22,always fallback,fallback,-0.21660090330988943,0,0
20,27,23,P1,invoke-QPU,-0.11113640528433065,0,0
20,27,23,utility-only,invoke-QPU,-0.11113640528433065,0,0
20,27,23,logged-IPW,invoke-QPU,-0.11113640528433065,0,0
20,27,23,LinUCB,invoke-QPU,-0.11113640528433065,0,0
20,27,23,Pareto,remote-sim,-0.2034113698670558,0,0
20,27,23,oracle,invoke-QPU,-0.11113640528433065,0,0
20,27,23,train-selected fixed,fallback,-0.19920459111975988,0,0
20,27,23,always invoke-QPU,invoke-QPU,-0.11113640528433065,0,0
20,27,23,always remote-sim,remote-sim,-0.2034113698670558,0,0
20,27,23,always local-sim,local-sim,-5.236926901683377,1,0
20,27,23,always fallback,fallback,-0.19920459111975988,0,0
20,27,24,P1,fallback,-0.19325645153876694,0,0
20,27,24,utility-only,fallback,-0.19325645153876694,0,0
20,27,24,logged-IPW,fallback,-0.19325645153876694,0,0
20,27,24,LinUCB,remote-sim,-0.22063807421949921,0,0
20,27,24,Pareto,remote-sim,-0.22063807421949921,0,0
20,27,24,oracle,invoke-QPU,-0.14076416356581722,0,0
20,27,24,train-selected fixed,fallback,-0.19325645153876694,0,0
20,27,24,always invoke-QPU,invoke-QPU,-0.14076416356581722,0,0
20,27,24,always remote-sim,remote-sim,-0.22063807421949921,0,0
20,27,24,always local-sim,local-sim,-6.576868395844901,1,0
20,27,24,always fallback,fallback,-0.19325645153876694,0,0
20,27,25,P1,fallback,-0.22006618988188734,0,0
20,27,25,utility-only,fallback,-0.22006618988188734,0,0
20,27,25,logged-IPW,fallback,-0.22006618988188734,0,0
20,27,25,LinUCB,fallback,-0.22006618988188734,0,0
20,27,25,Pareto,invoke-QPU,-5.97881332870713,0,1
20,27,25,oracle,fallback,-0.22006618988188734,0,0
20,27,25,train-selected fixed,fallback,-0.22006618988188734,0,0
20,27,25,always invoke-QPU,invoke-QPU,-5.97881332870713,0,1
20,27,25,always remote-sim,remote-sim,-7.608597620361757,0,0
20,27,25,always local-sim,local-sim,-9.141656267874836,1,0
20,27,25,always fallback,fallback,-0.22006618988188734,0,0
20,27,26,P1,invoke-QPU,-0.1371811242750814,0,0
20,27,26,utility-only,invoke-QPU,-0.1371811242750814,0,0
20,27,26,logged-IPW,invoke-QPU,-0.1371811242750814,0,0
20,27,26,LinUCB,fallback,-0.21824234268401133,0,0
20,27,26,Pareto,remote-sim,-0.24796357392262447,0,0
20,27,26,oracle,invoke-QPU,-0.1371811242750814,0,0
20,27,26,train-selected fixed,fallback,-0.21824234268401133,0,0
20,27,26,always invoke-QPU,invoke-QPU,-0.1371811242750814,0,0
20,27,26,always remote-sim,remote-sim,-0.24796357392262447,0,0
20,27,26,always local-sim,local-sim,-7.266427386347122,1,0
20,27,26,always fallback,fallback,-0.21824234268401133,0,0
20,27,27,P1,fallback,-0.18685975520903061,0,0
20,27,27,utility-only,fallback,-0.18685975520903061,0,0
20,27,27,logged-IPW,fallback,-0.18685975520903061,0,0
20,27,27,LinUCB,fallback,-0.18685975520903061,0,0
20,27,27,Pareto,invoke-QPU,-5.635463006148925,0,1
20,27,27,oracle,fallback,-0.18685975520903061,0,0
20,27,27,train-selected fixed,fallback,-0.18685975520903061,0,0
20,27,27,always invoke-QPU,invoke-QPU,-5.635463006148925,0,1
20,27,27,always remote-sim,remote-sim,-4.239689900585729,0,0
20,27,27,always local-sim,local-sim,-8.831697188811834,1,0
20,27,27,always fallback,fallback,-0.18685975520903061,0,0
20,27,28,P1,fallback,-0.18946567937753422,0,0
20,27,28,utility-only,fallback,-0.18946567937753422,0,0
20,27,28,logged-IPW,fallback,-0.18946567937753422,0,0
20,27,28,LinUCB,invoke-QPU,-0.15609648423569214,0,0
20,27,28,Pareto,remote-sim,-0.2821722506547376,0,0
20,27,28,oracle,invoke-QPU,-0.15609648423569214,0,0
20,27,28,train-selected fixed,fallback,-0.18946567937753422,0,0
20,27,28,always invoke-QPU,invoke-QPU,-0.15609648423569214,0,0
20,27,28,always remote-sim,remote-sim,-0.2821722506547376,0,0
20,27,28,always local-sim,local-sim,-8.591662743463159,1,0
20,27,28,always fallback,fallback,-0.18946567937753422,0,0
20,27,29,P1,invoke-QPU,-0.1607846715533311,0,0
20,27,29,utility-only,invoke-QPU,-0.1607846715533311,0,0
20,27,29,logged-IPW,fallback,-0.19086238228037555,0,0
20,27,29,LinUCB,remote-sim,-0.16676688390550717,0,0
20,27,29,Pareto,remote-sim,-0.16676688390550717,0,0
20,27,29,oracle,invoke-QPU,-0.1607846715533311,0,0
20,27,29,train-selected fixed,fallback,-0.19086238228037555,0,0
20,27,29,always invoke-QPU,invoke-QPU,-0.1607846715533311,0,0
20,27,29,always remote-sim,remote-sim,-0.16676688390550717,0,0
20,27,29,always local-sim,local-sim,-8.503108629723354,1,0
20,27,29,always fallback,fallback,-0.19086238228037555,0,0
20,28,0,P1,fallback,-0.20642328154223144,0,0
20,28,0,utility-only,fallback,-0.20642328154223144,0,0
20,28,0,logged-IPW,fallback,-0.20642328154223144,0,0
20,28,0,LinUCB,fallback,-0.20642328154223144,0,0
20,28,0,Pareto,fallback,-0.20642328154223144,0,0
20,28,0,oracle,fallback,-0.20642328154223144,0,0
20,28,0,train-selected fixed,fallback,-0.20642328154223144,0,0
20,28,0,always invoke-QPU,invoke-QPU,-7.281502716404475,1,1
20,28,0,always remote-sim,remote-sim,-12.826138869433262,1,0
20,28,0,always local-sim,local-sim,-4.649143739466049,1,0
20,28,0,always fallback,fallback,-0.20642328154223144,0,0
20,28,1,P1,fallback,-0.20670736855329305,0,0
20,28,1,utility-only,fallback,-0.20670736855329305,0,0
20,28,1,logged-IPW,fallback,-0.20670736855329305,0,0
20,28,1,LinUCB,fallback,-0.20670736855329305,0,0
20,28,1,Pareto,invoke-QPU,-2.163585645031294,1,0
20,28,1,oracle,fallback,-0.20670736855329305,0,0
20,28,1,train-selected fixed,fallback,-0.20670736855329305,0,0
20,28,1,always invoke-QPU,invoke-QPU,-2.163585645031294,1,0
20,28,1,always remote-sim,remote-sim,-6.125335495596276,1,0
20,28,1,always local-sim,local-sim,-4.6145070424495565,1,0
20,28,1,always fallback,fallback,-0.20670736855329305,0,0
20,28,2,P1,remote-sim,-0.13642325810367956,0,0
20,28,2,utility-only,remote-sim,-0.13642325810367956,0,0
20,28,2,logged-IPW,fallback,-0.2052516854225714,0,0
20,28,2,LinUCB,fallback,-0.2052516854225714,0,0
20,28,2,Pareto,remote-sim,-0.13642325810367956,0,0
20,28,2,oracle,remote-sim,-0.13642325810367956,0,0
20,28,2,train-selected fixed,fallback,-0.2052516854225714,0,0
20,28,2,always invoke-QPU,invoke-QPU,-0.160272443919803,0,0
20,28,2,always remote-sim,remote-sim,-0.13642325810367956,0,0
20,28,2,always local-sim,local-sim,-7.055889140085233,1,0
20,28,2,always fallback,fallback,-0.2052516854225714,0,0
20,28,3,P1,fallback,-0.19230668481428606,0,0
20,28,3,utility-only,fallback,-0.19230668481428606,0,0
20,28,3,logged-IPW,fallback,-0.19230668481428606,0,0
20,28,3,LinUCB,remote-sim,-0.2049487702768784,0,0
20,28,3,Pareto,remote-sim,-0.2049487702768784,0,0
20,28,3,oracle,invoke-QPU,-0.1438181822180857,0,0
20,28,3,train-selected fixed,fallback,-0.19230668481428606,0,0
20,28,3,always invoke-QPU,invoke-QPU,-0.1438181822180857,0,0
20,28,3,always remote-sim,remote-sim,-0.2049487702768784,0,0
20,28,3,always local-sim,local-sim,-7.009398787006917,1,0
20,28,3,always fallback,fallback,-0.19230668481428606,0,0
20,28,4,P1,remote-sim,-0.1551874555678564,0,0
20,28,4,utility-only,remote-sim,-0.1551874555678564,0,0
20,28,4,logged-IPW,fallback,-0.19248453686248002,0,0
20,28,4,LinUCB,fallback,-0.19248453686248002,0,0
20,28,4,Pareto,remote-sim,-0.1551874555678564,0,0
20,28,4,oracle,remote-sim,-0.1551874555678564,0,0
20,28,4,train-selected fixed,fallback,-0.19248453686248002,0,0
20,28,4,always invoke-QPU,invoke-QPU,-2.1877726152004633,1,0
20,28,4,always remote-sim,remote-sim,-0.1551874555678564,0,0
20,28,4,always local-sim,local-sim,-4.861521926055854,1,0
20,28,4,always fallback,fallback,-0.19248453686248002,0,0
20,28,5,P1,remote-sim,-0.1514933515447564,0,0
20,28,5,utility-only,remote-sim,-0.1514933515447564,0,0
20,28,5,logged-IPW,remote-sim,-0.1514933515447564,0,0
20,28,5,LinUCB,fallback,-0.19194339693682738,0,0
20,28,5,Pareto,remote-sim,-0.1514933515447564,0,0
20,28,5,oracle,invoke-QPU,-0.12901497138679632,0,0
20,28,5,train-selected fixed,fallback,-0.19194339693682738,0,0
20,28,5,always invoke-QPU,invoke-QPU,-0.12901497138679632,0,0
20,28,5,always remote-sim,remote-sim,-0.1514933515447564,0,0
20,28,5,always local-sim,local-sim,-5.171167122480036,1,0
20,28,5,always fallback,fallback,-0.19194339693682738,0,0
20,28,6,P1,fallback,-0.1947567392619776,0,0
20,28,6,utility-only,fallback,-0.1947567392619776,0,0
20,28,6,logged-IPW,fallback,-0.1947567392619776,0,0
20,28,6,LinUCB,fallback,-0.1947567392619776,0,0
20,28,6,Pareto,invoke-QPU,-2.7832766583301813,1,0
20,28,6,oracle,fallback,-0.1947567392619776,0,0
20,28,6,train-selected fixed,fallback,-0.1947567392619776,0,0
20,28,6,always invoke-QPU,invoke-QPU,-2.7832766583301813,1,0
20,28,6,always remote-sim,remote-sim,-8.359627197369427,1,0
20,28,6,always local-sim,local-sim,-8.64692641384152,1,0
20,28,6,always fallback,fallback,-0.1947567392619776,0,0
20,28,7,P1,remote-sim,-0.15851760967498496,0,0
20,28,7,utility-only,remote-sim,-0.15851760967498496,0,0
20,28,7,logged-IPW,fallback,-0.20916366988575358,0,0
20,28,7,LinUCB,remote-sim,-0.15851760967498496,0,0
20,28,7,Pareto,remote-sim,-0.15851760967498496,0,0
20,28,7,oracle,remote-sim,-0.15851760967498496,0,0
20,28,7,train-selected fixed,fallback,-0.20916366988575358,0,0
20,28,7,always invoke-QPU,invoke-QPU,-0.19996748652221208,0,0
20,28,7,always remote-sim,remote-sim,-0.15851760967498496,0,0
20,28,7,always local-sim,local-sim,-8.964921179192336,1,0
20,28,7,always fallback,fallback,-0.20916366988575358,0,0
20,28,8,P1,fallback,-0.18809804411574702,0,0
20,28,8,utility-only,fallback,-0.18809804411574702,0,0
20,28,8,logged-IPW,fallback,-0.18809804411574702,0,0
20,28,8,LinUCB,fallback,-0.18809804411574702,0,0
20,28,8,Pareto,fallback,-0.18809804411574702,0,0
20,28,8,oracle,fallback,-0.18809804411574702,0,0
20,28,8,train-selected fixed,fallback,-0.18809804411574702,0,0
20,28,8,always invoke-QPU,invoke-QPU,-7.289507757057844,1,1
20,28,8,always remote-sim,remote-sim,-7.529211176678899,1,0
20,28,8,always local-sim,local-sim,-5.46204206555684,1,0
20,28,8,always fallback,fallback,-0.18809804411574702,0,0
20,28,9,P1,invoke-QPU,-0.1544676270436538,0,0
20,28,9,utility-only,invoke-QPU,-0.1544676270436538,0,0
20,28,9,logged-IPW,fallback,-0.19947522862940026,0,0
20,28,9,LinUCB,fallback,-0.19947522862940026,0,0
20,28,9,Pareto,remote-sim,-0.3092633629729418,0,0
20,28,9,oracle,invoke-QPU,-0.1544676270436538,0,0
20,28,9,train-selected fixed,fallback,-0.19947522862940026,0,0
20,28,9,always invoke-QPU,invoke-QPU,-0.1544676270436538,0,0
20,28,9,always remote-sim,remote-sim,-0.3092633629729418,0,0
20,28,9,always local-sim,local-sim,-8.131766100815444,1,0
20,28,9,always fallback,fallback,-0.19947522862940026,0,0
20,28,10,P1,fallback,-0.21816504044749147,0,0
20,28,10,utility-only,fallback,-0.21816504044749147,0,0
20,28,10,logged-IPW,fallback,-0.21816504044749147,0,0
20,28,10,LinUCB,fallback,-0.21816504044749147,0,0
20,28,10,Pareto,invoke-QPU,-2.266702601969861,1,0
20,28,10,oracle,fallback,-0.21816504044749147,0,0
20,28,10,train-selected fixed,fallback,-0.21816504044749147,0,0
20,28,10,always invoke-QPU,invoke-QPU,-2.266702601969861,1,0
20,28,10,always remote-sim,remote-sim,-3.750028460601068,0,0
20,28,10,always local-sim,local-sim,-5.70326183385615,1,0
20,28,10,always fallback,fallback,-0.21816504044749147,0,0
20,28,11,P1,fallback,-0.205163539372924,0,0
20,28,11,utility-only,fallback,-0.205163539372924,0,0
20,28,11,logged-IPW,fallback,-0.205163539372924,0,0
20,28,11,LinUCB,fallback,-0.205163539372924,0,0
20,28,11,Pareto,remote-sim,-0.1969311329701906,0,0
20,28,11,oracle,invoke-QPU,-0.14391108164080613,0,0
20,28,11,train-selected fixed,fallback,-0.205163539372924,0,0
20,28,11,always invoke-QPU,invoke-QPU,-0.14391108164080613,0,0
20,28,11,always remote-sim,remote-sim,-0.1969311329701906,0,0
20,28,11,always local-sim,local-sim,-6.643210919635575,1,0
20,28,11,always fallback,fallback,-0.205163539372924,0,0
20,28,12,P1,fallback,-0.20073619962084713,0,0
20,28,12,utility-only,fallback,-0.20073619962084713,0,0
20,28,12,logged-IPW,fallback,-0.20073619962084713,0,0
20,28,12,LinUCB,fallback,-0.20073619962084713,0,0
20,28,12,Pareto,remote-sim,-0.22732078704183123,0,0
20,28,12,oracle,invoke-QPU,-0.13258168886890548,0,0
20,28,12,train-selected fixed,fallback,-0.20073619962084713,0,0
20,28,12,always invoke-QPU,invoke-QPU,-0.13258168886890548,0,0
20,28,12,always remote-sim,remote-sim,-0.22732078704183123,0,0
20,28,12,always local-sim,local-sim,-6.921662970213146,1,0
20,28,12,always fallback,fallback,-0.20073619962084713,0,0
20,28,13,P1,fallback,-0.20071475728085816,0,0
20,28,13,utility-only,fallback,-0.20071475728085816,0,0
20,28,13,logged-IPW,fallback,-0.20071475728085816,0,0
20,28,13,LinUCB,fallback,-0.20071475728085816,0,0
20,28,13,Pareto,invoke-QPU,-7.247150090379436,1,1
20,28,13,oracle,fallback,-0.20071475728085816,0,0
20,28,13,train-selected fixed,fallback,-0.20071475728085816,0,0
20,28,13,always invoke-QPU,invoke-QPU,-7.247150090379436,1,1
20,28,13,always remote-sim,remote-sim,-4.152218007165577,1,0
20,28,13,always local-sim,local-sim,-6.6920110195266975,1,0
20,28,13,always fallback,fallback,-0.20071475728085816,0,0
20,28,14,P1,fallback,-0.20678362871542244,0,0
20,28,14,utility-only,fallback,-0.20678362871542244,0,0
20,28,14,logged-IPW,fallback,-0.20678362871542244,0,0
20,28,14,LinUCB,fallback,-0.20678362871542244,0,0
20,28,14,Pareto,fallback,-0.20678362871542244,0,0
20,28,14,oracle,fallback,-0.20678362871542244,0,0
20,28,14,train-selected fixed,fallback,-0.20678362871542244,0,0
20,28,14,always invoke-QPU,invoke-QPU,-7.321350222105073,1,1
20,28,14,always remote-sim,remote-sim,-22.188234805727788,1,1
20,28,14,always local-sim,local-sim,-4.68370571930013,1,0
20,28,14,always fallback,fallback,-0.20678362871542244,0,0
20,28,15,P1,fallback,-0.20192375660780773,0,0
20,28,15,utility-only,fallback,-0.20192375660780773,0,0
20,28,15,logged-IPW,fallback,-0.20192375660780773,0,0
20,28,15,LinUCB,fallback,-0.20192375660780773,0,0
20,28,15,Pareto,fallback,-0.20192375660780773,0,0
20,28,15,oracle,fallback,-0.20192375660780773,0,0
20,28,15,train-selected fixed,fallback,-0.20192375660780773,0,0
20,28,15,always invoke-QPU,invoke-QPU,-7.328567997364654,1,1
20,28,15,always remote-sim,remote-sim,-11.967577435061674,1,1
20,28,15,always local-sim,local-sim,-5.900191394981222,1,0
20,28,15,always fallback,fallback,-0.20192375660780773,0,0
20,28,16,P1,remote-sim,-0.15108810004055107,0,0
20,28,16,utility-only,remote-sim,-0.15108810004055107,0,0
20,28,16,logged-IPW,remote-sim,-0.15108810004055107,0,0
20,28,16,LinUCB,fallback,-0.20644134487495958,0,0
20,28,16,Pareto,remote-sim,-0.15108810004055107,0,0
20,28,16,oracle,remote-sim,-0.15108810004055107,0,0
20,28,16,train-selected fixed,fallback,-0.20644134487495958,0,0
20,28,16,always invoke-QPU,invoke-QPU,-2.2744105898762346,1,0
20,28,16,always remote-sim,remote-sim,-0.15108810004055107,0,0
20,28,16,always local-sim,local-sim,-7.037727139766124,1,0
20,28,16,always fallback,fallback,-0.20644134487495958,0,0
20,28,17,P1,fallback,-0.20066818604297715,0,0
20,28,17,utility-only,fallback,-0.20066818604297715,0,0
20,28,17,logged-IPW,fallback,-0.20066818604297715,0,0
20,28,17,LinUCB,fallback,-0.20066818604297715,0,0
20,28,17,Pareto,remote-sim,-0.3410060631657339,0,0
20,28,17,oracle,fallback,-0.20066818604297715,0,0
20,28,17,train-selected fixed,fallback,-0.20066818604297715,0,0
20,28,17,always invoke-QPU,invoke-QPU,-0.20743771577277192,0,0
20,28,17,always remote-sim,remote-sim,-0.3410060631657339,0,0
20,28,17,always local-sim,local-sim,-8.991591010295721,1,0
20,28,17,always fallback,fallback,-0.20066818604297715,0,0
20,28,18,P1,fallback,-0.21679543000915624,0,0
20,28,18,utility-only,fallback,-0.21679543000915624,0,0
20,28,18,logged-IPW,fallback,-0.21679543000915624,0,0
20,28,18,LinUCB,fallback,-0.21679543000915624,0,0
20,28,18,Pareto,invoke-QPU,-7.295804514410893,1,1
20,28,18,oracle,fallback,-0.21679543000915624,0,0
20,28,18,train-selected fixed,fallback,-0.21679543000915624,0,0
20,28,18,always invoke-QPU,invoke-QPU,-7.295804514410893,1,1
20,28,18,always remote-sim,remote-sim,-6.079008894853386,1,0
20,28,18,always local-sim,local-sim,-5.816866214195379,1,0
20,28,18,always fallback,fallback,-0.21679543000915624,0,0
20,28,19,P1,remote-sim,-0.18587630243301895,0,0
20,28,19,utility-only,remote-sim,-0.18587630243301895,0,0
20,28,19,logged-IPW,fallback,-0.19868586366996702,0,0
20,28,19,LinUCB,invoke-QPU,-0.11031770968287831,0,0
20,28,19,Pareto,remote-sim,-0.18587630243301895,0,0
20,28,19,oracle,invoke-QPU,-0.11031770968287831,0,0
20,28,19,train-selected fixed,fallback,-0.19868586366996702,0,0
20,28,19,always invoke-QPU,invoke-QPU,-0.11031770968287831,0,0
20,28,19,always remote-sim,remote-sim,-0.18587630243301895,0,0
20,28,19,always local-sim,local-sim,-4.708171588355869,1,0
20,28,19,always fallback,fallback,-0.19868586366996702,0,0
20,28,20,P1,invoke-QPU,-0.12924296931364038,0,0
20,28,20,utility-only,invoke-QPU,-0.12924296931364038,0,0
20,28,20,logged-IPW,fallback,-0.1917860258758891,0,0
20,28,20,LinUCB,remote-sim,-0.1625144793386641,0,0
20,28,20,Pareto,remote-sim,-0.1625144793386641,0,0
20,28,20,oracle,invoke-QPU,-0.12924296931364038,0,0
20,28,20,train-selected fixed,fallback,-0.1917860258758891,0,0
20,28,20,always invoke-QPU,invoke-QPU,-0.12924296931364038,0,0
20,28,20,always remote-sim,remote-sim,-0.1625144793386641,0,0
20,28,20,always local-sim,local-sim,-8.734205864024695,1,0
20,28,20,always fallback,fallback,-0.1917860258758891,0,0
20,28,21,P1,fallback,-0.20240843839665074,0,0
20,28,21,utility-only,fallback,-0.20240843839665074,0,0
20,28,21,logged-IPW,fallback,-0.20240843839665074,0,0
20,28,21,LinUCB,fallback,-0.20240843839665074,0,0
20,28,21,Pareto,remote-sim,-0.3300316654973195,0,0
20,28,21,oracle,fallback,-0.20240843839665074,0,0
20,28,21,train-selected fixed,fallback,-0.20240843839665074,0,0
20,28,21,always invoke-QPU,invoke-QPU,-2.125123278308315,1,0
20,28,21,always remote-sim,remote-sim,-0.3300316654973195,0,0
20,28,21,always local-sim,local-sim,-5.060749369599843,1,0
20,28,21,always fallback,fallback,-0.20240843839665074,0,0
20,28,22,P1,fallback,-0.21336859073184944,0,0
20,28,22,utility-only,fallback,-0.21336859073184944,0,0
20,28,22,logged-IPW,fallback,-0.21336859073184944,0,0
20,28,22,LinUCB,fallback,-0.21336859073184944,0,0
20,28,22,Pareto,fallback,-0.21336859073184944,0,0
20,28,22,oracle,fallback,-0.21336859073184944,0,0
20,28,22,train-selected fixed,fallback,-0.21336859073184944,0,0
20,28,22,always invoke-QPU,invoke-QPU,-7.4753413933761195,1,1
20,28,22,always remote-sim,remote-sim,-5.437477557566989,1,0
20,28,22,always local-sim,local-sim,-8.313752458175767,1,0
20,28,22,always fallback,fallback,-0.21336859073184944,0,0
20,28,23,P1,fallback,-0.2087023270929385,0,0
20,28,23,utility-only,fallback,-0.2087023270929385,0,0
20,28,23,logged-IPW,fallback,-0.2087023270929385,0,0
20,28,23,LinUCB,fallback,-0.2087023270929385,0,0
20,28,23,Pareto,invoke-QPU,-2.511850539191774,1,0
20,28,23,oracle,fallback,-0.2087023270929385,0,0
20,28,23,train-selected fixed,fallback,-0.2087023270929385,0,0
20,28,23,always invoke-QPU,invoke-QPU,-2.511850539191774,1,0
20,28,23,always remote-sim,remote-sim,-7.73871341719007,1,0
20,28,23,always local-sim,local-sim,-6.588212906427048,1,0
20,28,23,always fallback,fallback,-0.2087023270929385,0,0
20,28,24,P1,fallback,-0.19537180854370453,0,0
20,28,24,utility-only,fallback,-0.19537180854370453,0,0
20,28,24,logged-IPW,fallback,-0.19537180854370453,0,0
20,28,24,LinUCB,fallback,-0.19537180854370453,0,0
20,28,24,Pareto,invoke-QPU,-2.5442209159587836,1,0
20,28,24,oracle,fallback,-0.19537180854370453,0,0
20,28,24,train-selected fixed,fallback,-0.19537180854370453,0,0
20,28,24,always invoke-QPU,invoke-QPU,-2.5442209159587836,1,0
20,28,24,always remote-sim,remote-sim,-11.538174183819212,1,1
20,28,24,always local-sim,local-sim,-7.816130026558432,1,0
20,28,24,always fallback,fallback,-0.19537180854370453,0,0
20,28,25,P1,remote-sim,-0.17762270357134963,0,0
20,28,25,utility-only,remote-sim,-0.17762270357134963,0,0
20,28,25,logged-IPW,fallback,-0.21210257822624437,0,0
20,28,25,LinUCB,fallback,-0.21210257822624437,0,0
20,28,25,Pareto,remote-sim,-0.17762270357134963,0,0
20,28,25,oracle,invoke-QPU,-0.16467510930442397,0,0
20,28,25,train-selected fixed,fallback,-0.21210257822624437,0,0
20,28,25,always invoke-QPU,invoke-QPU,-0.16467510930442397,0,0
20,28,25,always remote-sim,remote-sim,-0.17762270357134963,0,0
20,28,25,always local-sim,local-sim,-7.1795007072463335,1,0
20,28,25,always fallback,fallback,-0.21210257822624437,0,0
20,28,26,P1,invoke-QPU,-0.13060715709614967,0,0
20,28,26,utility-only,invoke-QPU,-0.13060715709614967,0,0
20,28,26,logged-IPW,fallback,-0.2056103469224534,0,0
20,28,26,LinUCB,fallback,-0.2056103469224534,0,0
20,28,26,Pareto,remote-sim,-0.16645468490825754,0,0
20,28,26,oracle,invoke-QPU,-0.13060715709614967,0,0
20,28,26,train-selected fixed,fallback,-0.2056103469224534,0,0
20,28,26,always invoke-QPU,invoke-QPU,-0.13060715709614967,0,0
20,28,26,always remote-sim,remote-sim,-0.16645468490825754,0,0
20,28,26,always local-sim,local-sim,-6.041848134369054,1,0
20,28,26,always fallback,fallback,-0.2056103469224534,0,0
20,28,27,P1,fallback,-0.20678003783205556,0,0
20,28,27,utility-only,fallback,-0.20678003783205556,0,0
20,28,27,logged-IPW,fallback,-0.20678003783205556,0,0
20,28,27,LinUCB,fallback,-0.20678003783205556,0,0
20,28,27,Pareto,fallback,-0.20678003783205556,0,0
20,28,27,oracle,fallback,-0.20678003783205556,0,0
20,28,27,train-selected fixed,fallback,-0.20678003783205556,0,0
20,28,27,always invoke-QPU,invoke-QPU,-7.633767405891392,1,1
20,28,27,always remote-sim,remote-sim,-15.842300956639399,1,1
20,28,27,always local-sim,local-sim,-6.484076130408841,1,0
20,28,27,always fallback,fallback,-0.20678003783205556,0,0
20,28,28,P1,invoke-QPU,-0.12957443205972136,0,0
20,28,28,utility-only,invoke-QPU,-0.12957443205972136,0,0
20,28,28,logged-IPW,invoke-QPU,-0.12957443205972136,0,0
20,28,28,LinUCB,remote-sim,-0.17956291397816374,0,0
20,28,28,Pareto,remote-sim,-0.17956291397816374,0,0
20,28,28,oracle,invoke-QPU,-0.12957443205972136,0,0
20,28,28,train-selected fixed,fallback,-0.19367488464510946,0,0
20,28,28,always invoke-QPU,invoke-QPU,-0.12957443205972136,0,0
20,28,28,always remote-sim,remote-sim,-0.17956291397816374,0,0
20,28,28,always local-sim,local-sim,-6.158335378068424,1,0
20,28,28,always fallback,fallback,-0.19367488464510946,0,0
20,28,29,P1,remote-sim,-0.12707872755427868,0,0
20,28,29,utility-only,remote-sim,-0.12707872755427868,0,0
20,28,29,logged-IPW,fallback,-0.21547213000950208,0,0
20,28,29,LinUCB,fallback,-0.21547213000950208,0,0
20,28,29,Pareto,remote-sim,-0.12707872755427868,0,0
20,28,29,oracle,remote-sim,-0.12707872755427868,0,0
20,28,29,train-selected fixed,fallback,-0.21547213000950208,0,0
20,28,29,always invoke-QPU,invoke-QPU,-0.1600007362517229,0,0
20,28,29,always remote-sim,remote-sim,-0.12707872755427868,0,0
20,28,29,always local-sim,local-sim,-5.150777293805019,1,0
20,28,29,always fallback,fallback,-0.21547213000950208,0,0
20,29,0,P1,fallback,-0.18613138499023352,0,0
20,29,0,utility-only,fallback,-0.18613138499023352,0,0
20,29,0,logged-IPW,fallback,-0.18613138499023352,0,0
20,29,0,LinUCB,remote-sim,-0.2673580420320959,0,0
20,29,0,Pareto,remote-sim,-0.2673580420320959,0,0
20,29,0,oracle,invoke-QPU,-0.13020685088068468,0,0
20,29,0,train-selected fixed,fallback,-0.18613138499023352,0,0
20,29,0,always invoke-QPU,invoke-QPU,-0.13020685088068468,0,0
20,29,0,always remote-sim,remote-sim,-0.2673580420320959,0,0
20,29,0,always local-sim,local-sim,-5.76530722625399,1,0
20,29,0,always fallback,fallback,-0.18613138499023352,0,0
20,29,1,P1,fallback,-0.19442699876733968,0,0
20,29,1,utility-only,fallback,-0.19442699876733968,0,0
20,29,1,logged-IPW,fallback,-0.19442699876733968,0,0
20,29,1,LinUCB,fallback,-0.19442699876733968,0,0
20,29,1,Pareto,fallback,-0.19442699876733968,0,0
20,29,1,oracle,fallback,-0.19442699876733968,0,0
20,29,1,train-selected fixed,fallback,-0.19442699876733968,0,0
20,29,1,always invoke-QPU,invoke-QPU,-2.368841587091281,1,0
20,29,1,always remote-sim,remote-sim,-4.868177736550567,1,0
20,29,1,always local-sim,local-sim,-7.440443799995876,1,0
20,29,1,always fallback,fallback,-0.19442699876733968,0,0
20,29,2,P1,remote-sim,-0.15297799941399468,0,0
20,29,2,utility-only,remote-sim,-0.15297799941399468,0,0
20,29,2,logged-IPW,fallback,-0.22347041638631213,0,0
20,29,2,LinUCB,fallback,-0.22347041638631213,0,0
20,29,2,Pareto,remote-sim,-0.15297799941399468,0,0
20,29,2,oracle,invoke-QPU,-0.15203263767372974,0,0
20,29,2,train-selected fixed,fallback,-0.22347041638631213,0,0
20,29,2,always invoke-QPU,invoke-QPU,-0.15203263767372974,0,0
20,29,2,always remote-sim,remote-sim,-0.15297799941399468,0,0
20,29,2,always local-sim,local-sim,-8.502125607130562,1,0
20,29,2,always fallback,fallback,-0.22347041638631213,0,0
20,29,3,P1,fallback,-0.20224651647691483,0,0
20,29,3,utility-only,fallback,-0.20224651647691483,0,0
20,29,3,logged-IPW,fallback,-0.20224651647691483,0,0
20,29,3,LinUCB,fallback,-0.20224651647691483,0,0
20,29,3,Pareto,remote-sim,-0.24180772696807054,0,0
20,29,3,oracle,invoke-QPU,-0.14533577207143777,0,0
20,29,3,train-selected fixed,fallback,-0.20224651647691483,0,0
20,29,3,always invoke-QPU,invoke-QPU,-0.14533577207143777,0,0
20,29,3,always remote-sim,remote-sim,-0.24180772696807054,0,0
20,29,3,always local-sim,local-sim,-5.064711627191668,1,0
20,29,3,always fallback,fallback,-0.20224651647691483,0,0
20,29,4,P1,invoke-QPU,-0.1806272302665889,0,0
20,29,4,utility-only,invoke-QPU,-0.1806272302665889,0,0
20,29,4,logged-IPW,fallback,-0.21089322791077098,0,0
20,29,4,LinUCB,fallback,-0.21089322791077098,0,0
20,29,4,Pareto,remote-sim,-0.31769764687848145,0,0
20,29,4,oracle,invoke-QPU,-0.1806272302665889,0,0
20,29,4,train-selected fixed,fallback,-0.21089322791077098,0,0
20,29,4,always invoke-QPU,invoke-QPU,-0.1806272302665889,0,0
20,29,4,always remote-sim,remote-sim,-0.31769764687848145,0,0
20,29,4,always local-sim,local-sim,-7.976850888578777,1,0
20,29,4,always fallback,fallback,-0.21089322791077098,0,0
20,29,5,P1,fallback,-0.21071453815129446,0,0
20,29,5,utility-only,fallback,-0.21071453815129446,0,0
20,29,5,logged-IPW,fallback,-0.21071453815129446,0,0
20,29,5,LinUCB,fallback,-0.21071453815129446,0,0
20,29,5,Pareto,fallback,-0.21071453815129446,0,0
20,29,5,oracle,fallback,-0.21071453815129446,0,0
20,29,5,train-selected fixed,fallback,-0.21071453815129446,0,0
20,29,5,always invoke-QPU,invoke-QPU,-2.2990964653024695,1,0
20,29,5,always remote-sim,remote-sim,-9.803669314190756,1,1
20,29,5,always local-sim,local-sim,-6.536385032564194,1,0
20,29,5,always fallback,fallback,-0.21071453815129446,0,0
20,29,6,P1,invoke-QPU,-0.1527127263135063,0,0
20,29,6,utility-only,invoke-QPU,-0.1527127263135063,0,0
20,29,6,logged-IPW,invoke-QPU,-0.1527127263135063,0,0
20,29,6,LinUCB,fallback,-0.21945853421977216,0,0
20,29,6,Pareto,remote-sim,-0.20228689011478587,0,0
20,29,6,oracle,invoke-QPU,-0.1527127263135063,0,0
20,29,6,train-selected fixed,fallback,-0.21945853421977216,0,0
20,29,6,always invoke-QPU,invoke-QPU,-0.1527127263135063,0,0
20,29,6,always remote-sim,remote-sim,-0.20228689011478587,0,0
20,29,6,always local-sim,local-sim,-5.8549146361846525,1,0
20,29,6,always fallback,fallback,-0.21945853421977216,0,0
20,29,7,P1,fallback,-0.21540868041252392,0,0
20,29,7,utility-only,fallback,-0.21540868041252392,0,0
20,29,7,logged-IPW,fallback,-0.21540868041252392,0,0
20,29,7,LinUCB,fallback,-0.21540868041252392,0,0
20,29,7,Pareto,fallback,-0.21540868041252392,0,0
20,29,7,oracle,fallback,-0.21540868041252392,0,0
20,29,7,train-selected fixed,fallback,-0.21540868041252392,0,0
20,29,7,always invoke-QPU,invoke-QPU,-2.3497845676903437,1,0
20,29,7,always remote-sim,remote-sim,-10.145316907172381,1,1
20,29,7,always local-sim,local-sim,-7.093337206296358,1,0
20,29,7,always fallback,fallback,-0.21540868041252392,0,0
20,29,8,P1,fallback,-0.22157139213923888,0,0
20,29,8,utility-only,fallback,-0.22157139213923888,0,0
20,29,8,logged-IPW,fallback,-0.22157139213923888,0,0
20,29,8,LinUCB,fallback,-0.22157139213923888,0,0
20,29,8,Pareto,fallback,-0.22157139213923888,0,0
20,29,8,oracle,fallback,-0.22157139213923888,0,0
20,29,8,train-selected fixed,fallback,-0.22157139213923888,0,0
20,29,8,always invoke-QPU,invoke-QPU,-2.2644507907648492,1,0
20,29,8,always remote-sim,remote-sim,-4.892185457016038,1,0
20,29,8,always local-sim,local-sim,-6.077747005024721,1,0
20,29,8,always fallback,fallback,-0.22157139213923888,0,0
20,29,9,P1,fallback,-0.18889475106180525,0,0
20,29,9,utility-only,fallback,-0.18889475106180525,0,0
20,29,9,logged-IPW,fallback,-0.18889475106180525,0,0
20,29,9,LinUCB,fallback,-0.18889475106180525,0,0
20,29,9,Pareto,remote-sim,-0.3185644506550185,0,0
20,29,9,oracle,fallback,-0.18889475106180525,0,0
20,29,9,train-selected fixed,fallback,-0.18889475106180525,0,0
20,29,9,always invoke-QPU,invoke-QPU,-0.2033347440368823,0,0
20,29,9,always remote-sim,remote-sim,-0.3185644506550185,0,0
20,29,9,always local-sim,local-sim,-8.59228860093336,1,0
20,29,9,always fallback,fallback,-0.18889475106180525,0,0
20,29,10,P1,remote-sim,-0.1538654283399224,0,0
20,29,10,utility-only,remote-sim,-0.1538654283399224,0,0
20,29,10,logged-IPW,fallback,-0.20963228773201328,0,0
20,29,10,LinUCB,fallback,-0.20963228773201328,0,0
20,29,10,Pareto,remote-sim,-0.1538654283399224,0,0
20,29,10,oracle,invoke-QPU,-0.1372169574756914,0,0
20,29,10,train-selected fixed,fallback,-0.20963228773201328,0,0
20,29,10,always invoke-QPU,invoke-QPU,-0.1372169574756914,0,0
20,29,10,always remote-sim,remote-sim,-0.1538654283399224,0,0
20,29,10,always local-sim,local-sim,-6.158078956898892,1,0
20,29,10,always fallback,fallback,-0.20963228773201328,0,0
20,29,11,P1,fallback,-0.18865379520511294,0,0
20,29,11,utility-only,fallback,-0.18865379520511294,0,0
20,29,11,logged-IPW,fallback,-0.18865379520511294,0,0
20,29,11,LinUCB,fallback,-0.18865379520511294,0,0
20,29,11,Pareto,remote-sim,-0.27158842413138795,0,0
20,29,11,oracle,fallback,-0.18865379520511294,0,0
20,29,11,train-selected fixed,fallback,-0.18865379520511294,0,0
20,29,11,always invoke-QPU,invoke-QPU,-0.21091935736532463,0,0
20,29,11,always remote-sim,remote-sim,-0.27158842413138795,0,0
20,29,11,always local-sim,local-sim,-9.057574034539604,1,0
20,29,11,always fallback,fallback,-0.18865379520511294,0,0
20,29,12,P1,fallback,-0.19211522052629754,0,0
20,29,12,utility-only,fallback,-0.19211522052629754,0,0
20,29,12,logged-IPW,fallback,-0.19211522052629754,0,0
20,29,12,LinUCB,fallback,-0.19211522052629754,0,0
20,29,12,Pareto,remote-sim,-0.27330389340814965,0,0
20,29,12,oracle,fallback,-0.19211522052629754,0,0
20,29,12,train-selected fixed,fallback,-0.19211522052629754,0,0
20,29,12,always invoke-QPU,invoke-QPU,-2.1246610051841657,1,0
20,29,12,always remote-sim,remote-sim,-0.27330389340814965,0,0
20,29,12,always local-sim,local-sim,-4.85760258259043,1,0
20,29,12,always fallback,fallback,-0.19211522052629754,0,0
20,29,13,P1,fallback,-0.19794255437033623,0,0
20,29,13,utility-only,fallback,-0.19794255437033623,0,0
20,29,13,logged-IPW,fallback,-0.19794255437033623,0,0
20,29,13,LinUCB,fallback,-0.19794255437033623,0,0
20,29,13,Pareto,remote-sim,-0.24039582724734426,0,0
20,29,13,oracle,fallback,-0.19794255437033623,0,0
20,29,13,train-selected fixed,fallback,-0.19794255437033623,0,0
20,29,13,always invoke-QPU,invoke-QPU,-2.3093732034305865,1,0
20,29,13,always remote-sim,remote-sim,-0.24039582724734426,0,0
20,29,13,always local-sim,local-sim,-9.050686593554127,1,0
20,29,13,always fallback,fallback,-0.19794255437033623,0,0
20,29,14,P1,fallback,-0.2120997897388205,0,0
20,29,14,utility-only,fallback,-0.2120997897388205,0,0
20,29,14,logged-IPW,fallback,-0.2120997897388205,0,0
20,29,14,LinUCB,fallback,-0.2120997897388205,0,0
20,29,14,Pareto,fallback,-0.2120997897388205,0,0
20,29,14,oracle,fallback,-0.2120997897388205,0,0
20,29,14,train-selected fixed,fallback,-0.2120997897388205,0,0
20,29,14,always invoke-QPU,invoke-QPU,-7.6942380410941,1,1
20,29,14,always remote-sim,remote-sim,-12.722550945392507,1,1
20,29,14,always local-sim,local-sim,-7.755947432212748,1,0
20,29,14,always fallback,fallback,-0.2120997897388205,0,0
20,29,15,P1,fallback,-0.21821031612122782,0,0
20,29,15,utility-only,fallback,-0.21821031612122782,0,0
20,29,15,logged-IPW,fallback,-0.21821031612122782,0,0
20,29,15,LinUCB,fallback,-0.21821031612122782,0,0
20,29,15,Pareto,fallback,-0.21821031612122782,0,0
20,29,15,oracle,fallback,-0.21821031612122782,0,0
20,29,15,train-selected fixed,fallback,-0.21821031612122782,0,0
20,29,15,always invoke-QPU,invoke-QPU,-8.34036460286743,1,1
20,29,15,always remote-sim,remote-sim,-19.828098577802887,1,0
20,29,15,always local-sim,local-sim,-6.842069872631338,1,0
20,29,15,always fallback,fallback,-0.21821031612122782,0,0
20,29,16,P1,fallback,-0.19131717721019126,0,0
20,29,16,utility-only,fallback,-0.19131717721019126,0,0
20,29,16,logged-IPW,fallback,-0.19131717721019126,0,0
20,29,16,LinUCB,remote-sim,-0.2876075067259075,0,0
20,29,16,Pareto,remote-sim,-0.2876075067259075,0,0
20,29,16,oracle,invoke-QPU,-0.14970102752979794,0,0
20,29,16,train-selected fixed,fallback,-0.19131717721019126,0,0
20,29,16,always invoke-QPU,invoke-QPU,-0.14970102752979794,0,0
20,29,16,always remote-sim,remote-sim,-0.2876075067259075,0,0
20,29,16,always local-sim,local-sim,-8.700035029171568,1,0
20,29,16,always fallback,fallback,-0.19131717721019126,0,0
20,29,17,P1,fallback,-0.20644259929964967,0,0
20,29,17,utility-only,fallback,-0.20644259929964967,0,0
20,29,17,logged-IPW,fallback,-0.20644259929964967,0,0
20,29,17,LinUCB,fallback,-0.20644259929964967,0,0
20,29,17,Pareto,invoke-QPU,-2.794297718470635,1,0
20,29,17,oracle,fallback,-0.20644259929964967,0,0
20,29,17,train-selected fixed,fallback,-0.20644259929964967,0,0
20,29,17,always invoke-QPU,invoke-QPU,-2.794297718470635,1,0
20,29,17,always remote-sim,remote-sim,-10.740288264171426,1,0
20,29,17,always local-sim,local-sim,-7.365633279621283,1,0
20,29,17,always fallback,fallback,-0.20644259929964967,0,0
20,29,18,P1,fallback,-0.2042965469611098,0,0
20,29,18,utility-only,fallback,-0.2042965469611098,0,0
20,29,18,logged-IPW,fallback,-0.2042965469611098,0,0
20,29,18,LinUCB,fallback,-0.2042965469611098,0,0
20,29,18,Pareto,invoke-QPU,-2.6246424491941447,1,0
20,29,18,oracle,fallback,-0.2042965469611098,0,0
20,29,18,train-selected fixed,fallback,-0.2042965469611098,0,0
20,29,18,always invoke-QPU,invoke-QPU,-2.6246424491941447,1,0
20,29,18,always remote-sim,remote-sim,-6.794538826150413,1,0
20,29,18,always local-sim,local-sim,-8.557025744952059,1,0
20,29,18,always fallback,fallback,-0.2042965469611098,0,0
20,29,19,P1,fallback,-0.19905844666321007,0,0
20,29,19,utility-only,fallback,-0.19905844666321007,0,0
20,29,19,logged-IPW,fallback,-0.19905844666321007,0,0
20,29,19,LinUCB,invoke-QPU,-0.1896003014365929,0,0
20,29,19,Pareto,remote-sim,-0.24172357365930836,0,0
20,29,19,oracle,invoke-QPU,-0.1896003014365929,0,0
20,29,19,train-selected fixed,fallback,-0.19905844666321007,0,0
20,29,19,always invoke-QPU,invoke-QPU,-0.1896003014365929,0,0
20,29,19,always remote-sim,remote-sim,-0.24172357365930836,0,0
20,29,19,always local-sim,local-sim,-7.63801940131277,1,0
20,29,19,always fallback,fallback,-0.19905844666321007,0,0
20,29,20,P1,fallback,-0.19700162703505675,0,0
20,29,20,utility-only,fallback,-0.19700162703505675,0,0
20,29,20,logged-IPW,fallback,-0.19700162703505675,0,0
20,29,20,LinUCB,fallback,-0.19700162703505675,0,0
20,29,20,Pareto,remote-sim,-0.29932806117069943,0,0
20,29,20,oracle,fallback,-0.19700162703505675,0,0
20,29,20,train-selected fixed,fallback,-0.19700162703505675,0,0
20,29,20,always invoke-QPU,invoke-QPU,-0.22451398170427972,0,0
20,29,20,always remote-sim,remote-sim,-0.29932806117069943,0,0
20,29,20,always local-sim,local-sim,-8.366644000690581,1,0
20,29,20,always fallback,fallback,-0.19700162703505675,0,0
20,29,21,P1,fallback,-0.19027276558458017,0,0
20,29,21,utility-only,fallback,-0.19027276558458017,0,0
20,29,21,logged-IPW,fallback,-0.19027276558458017,0,0
20,29,21,LinUCB,remote-sim,-0.1431519204411953,0,0
20,29,21,Pareto,remote-sim,-0.1431519204411953,0,0
20,29,21,oracle,invoke-QPU,-0.14086236697497945,0,0
20,29,21,train-selected fixed,fallback,-0.19027276558458017,0,0
20,29,21,always invoke-QPU,invoke-QPU,-0.14086236697497945,0,0
20,29,21,always remote-sim,remote-sim,-0.1431519204411953,0,0
20,29,21,always local-sim,local-sim,-7.698642218433363,1,0
20,29,21,always fallback,fallback,-0.19027276558458017,0,0
20,29,22,P1,fallback,-0.20280020489453193,0,0
20,29,22,utility-only,fallback,-0.20280020489453193,0,0
20,29,22,logged-IPW,fallback,-0.20280020489453193,0,0
20,29,22,LinUCB,remote-sim,-0.22522518820986098,0,0
20,29,22,Pareto,remote-sim,-0.22522518820986098,0,0
20,29,22,oracle,invoke-QPU,-0.14807956453436205,0,0
20,29,22,train-selected fixed,fallback,-0.20280020489453193,0,0
20,29,22,always invoke-QPU,invoke-QPU,-0.14807956453436205,0,0
20,29,22,always remote-sim,remote-sim,-0.22522518820986098,0,0
20,29,22,always local-sim,local-sim,-7.390969124759107,1,0
20,29,22,always fallback,fallback,-0.20280020489453193,0,0
20,29,23,P1,remote-sim,-0.1493559957266799,0,0
20,29,23,utility-only,remote-sim,-0.1493559957266799,0,0
20,29,23,logged-IPW,fallback,-0.22308524106149777,0,0
20,29,23,LinUCB,fallback,-0.22308524106149777,0,0
20,29,23,Pareto,remote-sim,-0.1493559957266799,0,0
20,29,23,oracle,remote-sim,-0.1493559957266799,0,0
20,29,23,train-selected fixed,fallback,-0.22308524106149777,0,0
20,29,23,always invoke-QPU,invoke-QPU,-2.1467720978349982,1,0
20,29,23,always remote-sim,remote-sim,-0.1493559957266799,0,0
20,29,23,always local-sim,local-sim,-6.875741639437983,1,0
20,29,23,always fallback,fallback,-0.22308524106149777,0,0
20,29,24,P1,fallback,-0.21568966896353753,0,0
20,29,24,utility-only,fallback,-0.21568966896353753,0,0
20,29,24,logged-IPW,fallback,-0.21568966896353753,0,0
20,29,24,LinUCB,fallback,-0.21568966896353753,0,0
20,29,24,Pareto,fallback,-0.21568966896353753,0,0
20,29,24,oracle,fallback,-0.21568966896353753,0,0
20,29,24,train-selected fixed,fallback,-0.21568966896353753,0,0
20,29,24,always invoke-QPU,invoke-QPU,-8.237830288169333,1,1
20,29,24,always remote-sim,remote-sim,-10.187729712056251,0,0
20,29,24,always local-sim,local-sim,-9.066086282475895,1,0
20,29,24,always fallback,fallback,-0.21568966896353753,0,0
20,29,25,P1,remote-sim,-0.16569458360586087,0,0
20,29,25,utility-only,remote-sim,-0.16569458360586087,0,0
20,29,25,logged-IPW,remote-sim,-0.16569458360586087,0,0
20,29,25,LinUCB,fallback,-0.2143038463144283,0,0
20,29,25,Pareto,remote-sim,-0.16569458360586087,0,0
20,29,25,oracle,invoke-QPU,-0.15106490067239187,0,0
20,29,25,train-selected fixed,fallback,-0.2143038463144283,0,0
20,29,25,always invoke-QPU,invoke-QPU,-0.15106490067239187,0,0
20,29,25,always remote-sim,remote-sim,-0.16569458360586087,0,0
20,29,25,always local-sim,local-sim,-8.284457260839993,1,0
20,29,25,always fallback,fallback,-0.2143038463144283,0,0
20,29,26,P1,fallback,-0.19824210465937206,0,0
20,29,26,utility-only,fallback,-0.19824210465937206,0,0
20,29,26,logged-IPW,fallback,-0.19824210465937206,0,0
20,29,26,LinUCB,fallback,-0.19824210465937206,0,0
20,29,26,Pareto,fallback,-0.19824210465937206,0,0
20,29,26,oracle,fallback,-0.19824210465937206,0,0
20,29,26,train-selected fixed,fallback,-0.19824210465937206,0,0
20,29,26,always invoke-QPU,invoke-QPU,-7.4937414315054,1,1
20,29,26,always remote-sim,remote-sim,-7.152713899935705,1,0
20,29,26,always local-sim,local-sim,-6.789219868159858,1,0
20,29,26,always fallback,fallback,-0.19824210465937206,0,0
20,29,27,P1,remote-sim,-0.17715776391476826,0,0
20,29,27,utility-only,remote-sim,-0.17715776391476826,0,0
20,29,27,logged-IPW,invoke-QPU,-0.13447287101725994,0,0
20,29,27,LinUCB,fallback,-0.22633710645153532,0,0
20,29,27,Pareto,remote-sim,-0.17715776391476826,0,0
20,29,27,oracle,invoke-QPU,-0.13447287101725994,0,0
20,29,27,train-selected fixed,fallback,-0.22633710645153532,0,0
20,29,27,always invoke-QPU,invoke-QPU,-0.13447287101725994,0,0
20,29,27,always remote-sim,remote-sim,-0.17715776391476826,0,0
20,29,27,always local-sim,local-sim,-7.743258490572648,1,0
20,29,27,always fallback,fallback,-0.22633710645153532,0,0
20,29,28,P1,fallback,-0.21000674323174082,0,0
20,29,28,utility-only,fallback,-0.21000674323174082,0,0
20,29,28,logged-IPW,fallback,-0.21000674323174082,0,0
20,29,28,LinUCB,fallback,-0.21000674323174082,0,0
20,29,28,Pareto,fallback,-0.21000674323174082,0,0
20,29,28,oracle,fallback,-0.21000674323174082,0,0
20,29,28,train-selected fixed,fallback,-0.21000674323174082,0,0
20,29,28,always invoke-QPU,invoke-QPU,-7.147609591146505,1,1
20,29,28,always remote-sim,remote-sim,-10.298498946632876,1,1
20,29,28,always local-sim,local-sim,-4.575769904130291,1,0
20,29,28,always fallback,fallback,-0.21000674323174082,0,0
20,29,29,P1,invoke-QPU,-0.11841516115702387,0,0
20,29,29,utility-only,invoke-QPU,-0.11841516115702387,0,0
20,29,29,logged-IPW,fallback,-0.19892918701816137,0,0
20,29,29,LinUCB,remote-sim,-0.16825377527651758,0,0
20,29,29,Pareto,remote-sim,-0.16825377527651758,0,0
20,29,29,oracle,invoke-QPU,-0.11841516115702387,0,0
20,29,29,train-selected fixed,fallback,-0.19892918701816137,0,0
20,29,29,always invoke-QPU,invoke-QPU,-0.11841516115702387,0,0
20,29,29,always remote-sim,remote-sim,-0.16825377527651758,0,0
20,29,29,always local-sim,local-sim,-4.824862107838042,1,0
20,29,29,always fallback,fallback,-0.19892918701816137,0,0
20,30,0,P1,fallback,-0.19794257886069655,0,0
20,30,0,utility-only,fallback,-0.19794257886069655,0,0
20,30,0,logged-IPW,fallback,-0.19794257886069655,0,0
20,30,0,LinUCB,fallback,-0.19794257886069655,0,0
20,30,0,Pareto,remote-sim,-0.34300395876815337,0,0
20,30,0,oracle,invoke-QPU,-0.17137648006636635,0,0
20,30,0,train-selected fixed,fallback,-0.19794257886069655,0,0
20,30,0,always invoke-QPU,invoke-QPU,-0.17137648006636635,0,0
20,30,0,always remote-sim,remote-sim,-0.34300395876815337,0,0
20,30,0,always local-sim,local-sim,-6.920918052419147,1,0
20,30,0,always fallback,fallback,-0.19794257886069655,0,0
20,30,1,P1,invoke-QPU,-0.17160177526452375,0,0
20,30,1,utility-only,invoke-QPU,-0.17160177526452375,0,0
20,30,1,logged-IPW,fallback,-0.2001499546822769,0,0
20,30,1,LinUCB,invoke-QPU,-0.17160177526452375,0,0
20,30,1,Pareto,remote-sim,-0.2028946936761883,0,0
20,30,1,oracle,invoke-QPU,-0.17160177526452375,0,0
20,30,1,train-selected fixed,fallback,-0.2001499546822769,0,0
20,30,1,always invoke-QPU,invoke-QPU,-0.17160177526452375,0,0
20,30,1,always remote-sim,remote-sim,-0.2028946936761883,0,0
20,30,1,always local-sim,local-sim,-6.9945104843791,1,0
20,30,1,always fallback,fallback,-0.2001499546822769,0,0
20,30,2,P1,invoke-QPU,-0.14318178919672708,0,0
20,30,2,utility-only,invoke-QPU,-0.14318178919672708,0,0
20,30,2,logged-IPW,invoke-QPU,-0.14318178919672708,0,0
20,30,2,LinUCB,fallback,-0.1968418974276345,0,0
20,30,2,Pareto,remote-sim,-0.2158066310569566,0,0
20,30,2,oracle,invoke-QPU,-0.14318178919672708,0,0
20,30,2,train-selected fixed,fallback,-0.1968418974276345,0,0
20,30,2,always invoke-QPU,invoke-QPU,-0.14318178919672708,0,0
20,30,2,always remote-sim,remote-sim,-0.2158066310569566,0,0
20,30,2,always local-sim,local-sim,-8.242140835760999,1,0
20,30,2,always fallback,fallback,-0.1968418974276345,0,0
20,30,3,P1,remote-sim,-0.1577052505736637,0,0
20,30,3,utility-only,remote-sim,-0.1577052505736637,0,0
20,30,3,logged-IPW,fallback,-0.2105970225185493,0,0
20,30,3,LinUCB,fallback,-0.2105970225185493,0,0
20,30,3,Pareto,remote-sim,-0.1577052505736637,0,0
20,30,3,oracle,remote-sim,-0.1577052505736637,0,0
20,30,3,train-selected fixed,fallback,-0.2105970225185493,0,0
20,30,3,always invoke-QPU,invoke-QPU,-0.17181123230242185,0,0
20,30,3,always remote-sim,remote-sim,-0.1577052505736637,0,0
20,30,3,always local-sim,local-sim,-7.539395862661882,1,0
20,30,3,always fallback,fallback,-0.2105970225185493,0,0
20,30,4,P1,invoke-QPU,-0.16627104794861142,0,0
20,30,4,utility-only,invoke-QPU,-0.16627104794861142,0,0
20,30,4,logged-IPW,fallback,-0.1953986312808955,0,0
20,30,4,LinUCB,remote-sim,-0.20314118196222253,0,0
20,30,4,Pareto,remote-sim,-0.20314118196222253,0,0
20,30,4,oracle,invoke-QPU,-0.16627104794861142,0,0
20,30,4,train-selected fixed,fallback,-0.1953986312808955,0,0
20,30,4,always invoke-QPU,invoke-QPU,-0.16627104794861142,0,0
20,30,4,always remote-sim,remote-sim,-0.20314118196222253,0,0
20,30,4,always local-sim,local-sim,-8.374640364448346,1,0
20,30,4,always fallback,fallback,-0.1953986312808955,0,0
20,30,5,P1,fallback,-0.2141698154877783,0,0
20,30,5,utility-only,fallback,-0.2141698154877783,0,0
20,30,5,logged-IPW,fallback,-0.2141698154877783,0,0
20,30,5,LinUCB,fallback,-0.2141698154877783,0,0
20,30,5,Pareto,invoke-QPU,-7.392629946770876,1,1
20,30,5,oracle,fallback,-0.2141698154877783,0,0
20,30,5,train-selected fixed,fallback,-0.2141698154877783,0,0
20,30,5,always invoke-QPU,invoke-QPU,-7.392629946770876,1,1
20,30,5,always remote-sim,remote-sim,-9.362377305306872,1,1
20,30,5,always local-sim,local-sim,-9.047477492526157,1,0
20,30,5,always fallback,fallback,-0.2141698154877783,0,0
20,30,6,P1,remote-sim,-0.14516954682244948,0,0
20,30,6,utility-only,remote-sim,-0.14516954682244948,0,0
20,30,6,logged-IPW,fallback,-0.21400809558053713,0,0
20,30,6,LinUCB,fallback,-0.21400809558053713,0,0
20,30,6,Pareto,remote-sim,-0.14516954682244948,0,0
20,30,6,oracle,remote-sim,-0.14516954682244948,0,0
20,30,6,train-selected fixed,fallback,-0.21400809558053713,0,0
20,30,6,always invoke-QPU,invoke-QPU,-0.23067125187970988,0,0
20,30,6,always remote-sim,remote-sim,-0.14516954682244948,0,0
20,30,6,always local-sim,local-sim,-8.83274398753412,1,0
20,30,6,always fallback,fallback,-0.21400809558053713,0,0
20,30,7,P1,fallback,-0.19914828927154596,0,0
20,30,7,utility-only,fallback,-0.19914828927154596,0,0
20,30,7,logged-IPW,invoke-QPU,-0.17121556519878162,0,0
20,30,7,LinUCB,fallback,-0.19914828927154596,0,0
20,30,7,Pareto,remote-sim,-0.23655766270070627,0,0
20,30,7,oracle,invoke-QPU,-0.17121556519878162,0,0
20,30,7,train-selected fixed,fallback,-0.19914828927154596,0,0
20,30,7,always invoke-QPU,invoke-QPU,-0.17121556519878162,0,0
20,30,7,always remote-sim,remote-sim,-0.23655766270070627,0,0
20,30,7,always local-sim,local-sim,-7.971959286327975,1,0
20,30,7,always fallback,fallback,-0.19914828927154596,0,0
20,30,8,P1,fallback,-0.19856946963278227,0,0
20,30,8,utility-only,fallback,-0.19856946963278227,0,0
20,30,8,logged-IPW,fallback,-0.19856946963278227,0,0
20,30,8,LinUCB,fallback,-0.19856946963278227,0,0
20,30,8,Pareto,remote-sim,-0.21848906346341637,0,0
20,30,8,oracle,fallback,-0.19856946963278227,0,0
20,30,8,train-selected fixed,fallback,-0.19856946963278227,0,0
20,30,8,always invoke-QPU,invoke-QPU,-0.24201952598616472,0,0
20,30,8,always remote-sim,remote-sim,-0.21848906346341637,0,0
20,30,8,always local-sim,local-sim,-8.005975370677938,1,0
20,30,8,always fallback,fallback,-0.19856946963278227,0,0
20,30,9,P1,fallback,-0.19378478455370896,0,0
20,30,9,utility-only,fallback,-0.19378478455370896,0,0
20,30,9,logged-IPW,fallback,-0.19378478455370896,0,0
20,30,9,LinUCB,fallback,-0.19378478455370896,0,0
20,30,9,Pareto,fallback,-0.19378478455370896,0,0
20,30,9,oracle,fallback,-0.19378478455370896,0,0
20,30,9,train-selected fixed,fallback,-0.19378478455370896,0,0
20,30,9,always invoke-QPU,invoke-QPU,-7.766495684846536,1,1
20,30,9,always remote-sim,remote-sim,-8.103165482187983,1,0
20,30,9,always local-sim,local-sim,-8.812307983239455,1,0
20,30,9,always fallback,fallback,-0.19378478455370896,0,0
20,30,10,P1,remote-sim,-0.1758399396826313,0,0
20,30,10,utility-only,remote-sim,-0.1758399396826313,0,0
20,30,10,logged-IPW,fallback,-0.188387777161892,0,0
20,30,10,LinUCB,remote-sim,-0.1758399396826313,0,0
20,30,10,Pareto,remote-sim,-0.1758399396826313,0,0
20,30,10,oracle,invoke-QPU,-0.12738098991455438,0,0
20,30,10,train-selected fixed,fallback,-0.188387777161892,0,0
20,30,10,always invoke-QPU,invoke-QPU,-0.12738098991455438,0,0
20,30,10,always remote-sim,remote-sim,-0.1758399396826313,0,0
20,30,10,always local-sim,local-sim,-7.166400557145239,1,0
20,30,10,always fallback,fallback,-0.188387777161892,0,0
20,30,11,P1,fallback,-0.2036453290862687,0,0
20,30,11,utility-only,fallback,-0.2036453290862687,0,0
20,30,11,logged-IPW,fallback,-0.2036453290862687,0,0
20,30,11,LinUCB,fallback,-0.2036453290862687,0,0
20,30,11,Pareto,invoke-QPU,-2.2015106845730013,1,0
20,30,11,oracle,fallback,-0.2036453290862687,0,0
20,30,11,train-selected fixed,fallback,-0.2036453290862687,0,0
20,30,11,always invoke-QPU,invoke-QPU,-2.2015106845730013,1,0
20,30,11,always remote-sim,remote-sim,-8.128164263864596,1,0
20,30,11,always local-sim,local-sim,-4.706179023616563,1,0
20,30,11,always fallback,fallback,-0.2036453290862687,0,0
20,30,12,P1,fallback,-0.20902069752462782,0,0
20,30,12,utility-only,fallback,-0.20902069752462782,0,0
20,30,12,logged-IPW,fallback,-0.20902069752462782,0,0
20,30,12,LinUCB,fallback,-0.20902069752462782,0,0
20,30,12,Pareto,remote-sim,-0.25945272635643585,0,0
20,30,12,oracle,fallback,-0.20902069752462782,0,0
20,30,12,train-selected fixed,fallback,-0.20902069752462782,0,0
20,30,12,always invoke-QPU,invoke-QPU,-2.1798876610150635,1,0
20,30,12,always remote-sim,remote-sim,-0.25945272635643585,0,0
20,30,12,always local-sim,local-sim,-5.518912998278687,1,0
20,30,12,always fallback,fallback,-0.20902069752462782,0,0
20,30,13,P1,fallback,-0.21669465372962404,0,0
20,30,13,utility-only,fallback,-0.21669465372962404,0,0
20,30,13,logged-IPW,fallback,-0.21669465372962404,0,0
20,30,13,LinUCB,fallback,-0.21669465372962404,0,0
20,30,13,Pareto,invoke-QPU,-2.7770460434099142,1,0
20,30,13,oracle,fallback,-0.21669465372962404,0,0
20,30,13,train-selected fixed,fallback,-0.21669465372962404,0,0
20,30,13,always invoke-QPU,invoke-QPU,-2.7770460434099142,1,0
20,30,13,always remote-sim,remote-sim,-10.08931633823169,1,0
20,30,13,always local-sim,local-sim,-7.427028568708076,1,0
20,30,13,always fallback,fallback,-0.21669465372962404,0,0
20,30,14,P1,fallback,-0.18572185373434225,0,0
20,30,14,utility-only,fallback,-0.18572185373434225,0,0
20,30,14,logged-IPW,fallback,-0.18572185373434225,0,0
20,30,14,LinUCB,fallback,-0.18572185373434225,0,0
20,30,14,Pareto,invoke-QPU,-2.3431694588887715,1,0
20,30,14,oracle,fallback,-0.18572185373434225,0,0
20,30,14,train-selected fixed,fallback,-0.18572185373434225,0,0
20,30,14,always invoke-QPU,invoke-QPU,-2.3431694588887715,1,0
20,30,14,always remote-sim,remote-sim,-7.946838158796242,1,0
20,30,14,always local-sim,local-sim,-5.366631593131339,1,0
20,30,14,always fallback,fallback,-0.18572185373434225,0,0
20,30,15,P1,fallback,-0.20862208910109256,0,0
20,30,15,utility-only,fallback,-0.20862208910109256,0,0
20,30,15,logged-IPW,fallback,-0.20862208910109256,0,0
20,30,15,LinUCB,fallback,-0.20862208910109256,0,0
20,30,15,Pareto,invoke-QPU,-2.238976315230176,1,0
20,30,15,oracle,fallback,-0.20862208910109256,0,0
20,30,15,train-selected fixed,fallback,-0.20862208910109256,0,0
20,30,15,always invoke-QPU,invoke-QPU,-2.238976315230176,1,0
20,30,15,always remote-sim,remote-sim,-11.193977767894228,1,1
20,30,15,always local-sim,local-sim,-5.36398519851912,1,0
20,30,15,always fallback,fallback,-0.20862208910109256,0,0
20,30,16,P1,remote-sim,-0.18737707159846906,0,0
20,30,16,utility-only,remote-sim,-0.18737707159846906,0,0
20,30,16,logged-IPW,fallback,-0.20887893469997845,0,0
20,30,16,LinUCB,fallback,-0.20887893469997845,0,0
20,30,16,Pareto,remote-sim,-0.18737707159846906,0,0
20,30,16,oracle,invoke-QPU,-0.1632992948798303,0,0
20,30,16,train-selected fixed,fallback,-0.20887893469997845,0,0
20,30,16,always invoke-QPU,invoke-QPU,-0.1632992948798303,0,0
20,30,16,always remote-sim,remote-sim,-0.18737707159846906,0,0
20,30,16,always local-sim,local-sim,-4.692369968177237,1,0
20,30,16,always fallback,fallback,-0.20887893469997845,0,0
20,30,17,P1,fallback,-0.20454109855915178,0,0
20,30,17,utility-only,fallback,-0.20454109855915178,0,0
20,30,17,logged-IPW,fallback,-0.20454109855915178,0,0
20,30,17,LinUCB,fallback,-0.20454109855915178,0,0
20,30,17,Pareto,fallback,-0.20454109855915178,0,0
20,30,17,oracle,fallback,-0.20454109855915178,0,0
20,30,17,train-selected fixed,fallback,-0.20454109855915178,0,0
20,30,17,always invoke-QPU,invoke-QPU,-2.2377597149115496,1,0
20,30,17,always remote-sim,remote-sim,-6.368887744792084,1,0
20,30,17,always local-sim,local-sim,-5.1337119967193985,1,0
20,30,17,always fallback,fallback,-0.20454109855915178,0,0
20,30,18,P1,fallback,-0.20780082802089303,0,0
20,30,18,utility-only,fallback,-0.20780082802089303,0,0
20,30,18,logged-IPW,fallback,-0.20780082802089303,0,0
20,30,18,LinUCB,fallback,-0.20780082802089303,0,0
20,30,18,Pareto,remote-sim,-0.4004334030291456,0,0
20,30,18,oracle,fallback,-0.20780082802089303,0,0
20,30,18,train-selected fixed,fallback,-0.20780082802089303,0,0
20,30,18,always invoke-QPU,invoke-QPU,-2.2714437811614174,1,0
20,30,18,always remote-sim,remote-sim,-0.4004334030291456,0,0
20,30,18,always local-sim,local-sim,-8.529300813694466,1,0
20,30,18,always fallback,fallback,-0.20780082802089303,0,0
20,30,19,P1,fallback,-0.21772884970100537,0,0
20,30,19,utility-only,fallback,-0.21772884970100537,0,0
20,30,19,logged-IPW,fallback,-0.21772884970100537,0,0
20,30,19,LinUCB,fallback,-0.21772884970100537,0,0
20,30,19,Pareto,invoke-QPU,-5.212382278790418,0,1
20,30,19,oracle,fallback,-0.21772884970100537,0,0
20,30,19,train-selected fixed,fallback,-0.21772884970100537,0,0
20,30,19,always invoke-QPU,invoke-QPU,-5.212382278790418,0,1
20,30,19,always remote-sim,remote-sim,-6.701954056132676,0,1
20,30,19,always local-sim,local-sim,-5.922681304689426,1,0
20,30,19,always fallback,fallback,-0.21772884970100537,0,0
20,30,20,P1,remote-sim,-0.18232351729104343,0,0
20,30,20,utility-only,remote-sim,-0.18232351729104343,0,0
20,30,20,logged-IPW,remote-sim,-0.18232351729104343,0,0
20,30,20,LinUCB,remote-sim,-0.18232351729104343,0,0
20,30,20,Pareto,remote-sim,-0.18232351729104343,0,0
20,30,20,oracle,invoke-QPU,-0.15499703673714701,0,0
20,30,20,train-selected fixed,fallback,-0.1911986444205229,0,0
20,30,20,always invoke-QPU,invoke-QPU,-0.15499703673714701,0,0
20,30,20,always remote-sim,remote-sim,-0.18232351729104343,0,0
20,30,20,always local-sim,local-sim,-7.584160318611903,1,0
20,30,20,always fallback,fallback,-0.1911986444205229,0,0
20,30,21,P1,fallback,-0.19715279708126657,0,0
20,30,21,utility-only,fallback,-0.19715279708126657,0,0
20,30,21,logged-IPW,fallback,-0.19715279708126657,0,0
20,30,21,LinUCB,fallback,-0.19715279708126657,0,0
20,30,21,Pareto,fallback,-0.19715279708126657,0,0
20,30,21,oracle,fallback,-0.19715279708126657,0,0
20,30,21,train-selected fixed,fallback,-0.19715279708126657,0,0
20,30,21,always invoke-QPU,invoke-QPU,-7.3833883489993966,1,1
20,30,21,always remote-sim,remote-sim,-16.17344151715914,1,1
20,30,21,always local-sim,local-sim,-5.409517675994508,1,0
20,30,21,always fallback,fallback,-0.19715279708126657,0,0
20,30,22,P1,fallback,-0.19811113321292734,0,0
20,30,22,utility-only,fallback,-0.19811113321292734,0,0
20,30,22,logged-IPW,fallback,-0.19811113321292734,0,0
20,30,22,LinUCB,fallback,-0.19811113321292734,0,0
20,30,22,Pareto,invoke-QPU,-7.314399884082045,1,1
20,30,22,oracle,fallback,-0.19811113321292734,0,0
20,30,22,train-selected fixed,fallback,-0.19811113321292734,0,0
20,30,22,always invoke-QPU,invoke-QPU,-7.314399884082045,1,1
20,30,22,always remote-sim,remote-sim,-8.81682831287916,1,0
20,30,22,always local-sim,local-sim,-5.332376856315384,1,0
20,30,22,always fallback,fallback,-0.19811113321292734,0,0
20,30,23,P1,fallback,-0.1983447187794871,0,0
20,30,23,utility-only,fallback,-0.1983447187794871,0,0
20,30,23,logged-IPW,fallback,-0.1983447187794871,0,0
20,30,23,LinUCB,fallback,-0.1983447187794871,0,0
20,30,23,Pareto,invoke-QPU,-2.236558517722391,1,0
20,30,23,oracle,fallback,-0.1983447187794871,0,0
20,30,23,train-selected fixed,fallback,-0.1983447187794871,0,0
20,30,23,always invoke-QPU,invoke-QPU,-2.236558517722391,1,0
20,30,23,always remote-sim,remote-sim,-10.113207705179272,1,1
20,30,23,always local-sim,local-sim,-5.5718321735507494,1,0
20,30,23,always fallback,fallback,-0.1983447187794871,0,0
20,30,24,P1,fallback,-0.2156612951892532,0,0
20,30,24,utility-only,fallback,-0.2156612951892532,0,0
20,30,24,logged-IPW,fallback,-0.2156612951892532,0,0
20,30,24,LinUCB,fallback,-0.2156612951892532,0,0
20,30,24,Pareto,fallback,-0.2156612951892532,0,0
20,30,24,oracle,fallback,-0.2156612951892532,0,0
20,30,24,train-selected fixed,fallback,-0.2156612951892532,0,0
20,30,24,always invoke-QPU,invoke-QPU,-7.566773701390699,1,1
20,30,24,always remote-sim,remote-sim,-12.453458642416518,1,1
20,30,24,always local-sim,local-sim,-7.168130581725311,1,0
20,30,24,always fallback,fallback,-0.2156612951892532,0,0
20,30,25,P1,fallback,-0.22268074267167767,0,0
20,30,25,utility-only,fallback,-0.22268074267167767,0,0
20,30,25,logged-IPW,fallback,-0.22268074267167767,0,0
20,30,25,LinUCB,fallback,-0.22268074267167767,0,0
20,30,25,Pareto,remote-sim,-0.15001302194081245,0,0
20,30,25,oracle,invoke-QPU,-0.12375580451214624,0,0
20,30,25,train-selected fixed,fallback,-0.22268074267167767,0,0
20,30,25,always invoke-QPU,invoke-QPU,-0.12375580451214624,0,0
20,30,25,always remote-sim,remote-sim,-0.15001302194081245,0,0
20,30,25,always local-sim,local-sim,-5.558739318337331,1,0
20,30,25,always fallback,fallback,-0.22268074267167767,0,0
20,30,26,P1,fallback,-0.19468163642534886,0,0
20,30,26,utility-only,fallback,-0.19468163642534886,0,0
20,30,26,logged-IPW,fallback,-0.19468163642534886,0,0
20,30,26,LinUCB,fallback,-0.19468163642534886,0,0
20,30,26,Pareto,invoke-QPU,-7.778443144965994,1,1
20,30,26,oracle,fallback,-0.19468163642534886,0,0
20,30,26,train-selected fixed,fallback,-0.19468163642534886,0,0
20,30,26,always invoke-QPU,invoke-QPU,-7.778443144965994,1,1
20,30,26,always remote-sim,remote-sim,-8.679666282213654,1,0
20,30,26,always local-sim,local-sim,-7.998288151624287,1,0
20,30,26,always fallback,fallback,-0.19468163642534886,0,0
20,30,27,P1,invoke-QPU,-0.09732950803758088,0,0
20,30,27,utility-only,invoke-QPU,-0.09732950803758088,0,0
20,30,27,logged-IPW,invoke-QPU,-0.09732950803758088,0,0
20,30,27,LinUCB,remote-sim,-0.11846575014841892,0,0
20,30,27,Pareto,remote-sim,-0.11846575014841892,0,0
20,30,27,oracle,invoke-QPU,-0.09732950803758088,0,0
20,30,27,train-selected fixed,fallback,-0.20190727331545727,0,0
20,30,27,always invoke-QPU,invoke-QPU,-0.09732950803758088,0,0
20,30,27,always remote-sim,remote-sim,-0.11846575014841892,0,0
20,30,27,always local-sim,local-sim,-4.558208474930699,1,0
20,30,27,always fallback,fallback,-0.20190727331545727,0,0
20,30,28,P1,invoke-QPU,-5.12807094798655,0,1
20,30,28,utility-only,invoke-QPU,-5.12807094798655,0,1
20,30,28,logged-IPW,fallback,-0.21821702425812367,0,0
20,30,28,LinUCB,remote-sim,-0.17644278683014825,0,0
20,30,28,Pareto,remote-sim,-0.17644278683014825,0,0
20,30,28,oracle,remote-sim,-0.17644278683014825,0,0
20,30,28,train-selected fixed,fallback,-0.21821702425812367,0,0
20,30,28,always invoke-QPU,invoke-QPU,-5.12807094798655,0,1
20,30,28,always remote-sim,remote-sim,-0.17644278683014825,0,0
20,30,28,always local-sim,local-sim,-5.236517055817469,1,0
20,30,28,always fallback,fallback,-0.21821702425812367,0,0
20,30,29,P1,fallback,-0.19748292157477607,0,0
20,30,29,utility-only,fallback,-0.19748292157477607,0,0
20,30,29,logged-IPW,fallback,-0.19748292157477607,0,0
20,30,29,LinUCB,fallback,-0.19748292157477607,0,0
20,30,29,Pareto,fallback,-0.19748292157477607,0,0
20,30,29,oracle,fallback,-0.19748292157477607,0,0
20,30,29,train-selected fixed,fallback,-0.19748292157477607,0,0
20,30,29,always invoke-QPU,invoke-QPU,-7.843284768521594,1,1
20,30,29,always remote-sim,remote-sim,-16.8364069805021,1,1
20,30,29,always local-sim,local-sim,-7.05122697652742,1,0
20,30,29,always fallback,fallback,-0.19748292157477607,0,0
20,31,0,P1,fallback,-0.20045155116981472,0,0
20,31,0,utility-only,fallback,-0.20045155116981472,0,0
20,31,0,logged-IPW,fallback,-0.20045155116981472,0,0
20,31,0,LinUCB,fallback,-0.20045155116981472,0,0
20,31,0,Pareto,invoke-QPU,-7.266633960767465,1,1
20,31,0,oracle,fallback,-0.20045155116981472,0,0
20,31,0,train-selected fixed,fallback,-0.20045155116981472,0,0
20,31,0,always invoke-QPU,invoke-QPU,-7.266633960767465,1,1
20,31,0,always remote-sim,remote-sim,-10.139985925287,1,0
20,31,0,always local-sim,local-sim,-4.847229108991202,1,0
20,31,0,always fallback,fallback,-0.20045155116981472,0,0
20,31,1,P1,fallback,-0.2124520399542368,0,0
20,31,1,utility-only,fallback,-0.2124520399542368,0,0
20,31,1,logged-IPW,fallback,-0.2124520399542368,0,0
20,31,1,LinUCB,fallback,-0.2124520399542368,0,0
20,31,1,Pareto,remote-sim,-0.2298287453455185,0,0
20,31,1,oracle,fallback,-0.2124520399542368,0,0
20,31,1,train-selected fixed,fallback,-0.2124520399542368,0,0
20,31,1,always invoke-QPU,invoke-QPU,-0.24359864343716547,0,0
20,31,1,always remote-sim,remote-sim,-0.2298287453455185,0,0
20,31,1,always local-sim,local-sim,-8.946828692122235,1,0
20,31,1,always fallback,fallback,-0.2124520399542368,0,0
20,31,2,P1,fallback,-0.20874958202857916,0,0
20,31,2,utility-only,fallback,-0.20874958202857916,0,0
20,31,2,logged-IPW,fallback,-0.20874958202857916,0,0
20,31,2,LinUCB,fallback,-0.20874958202857916,0,0
20,31,2,Pareto,fallback,-0.20874958202857916,0,0
20,31,2,oracle,fallback,-0.20874958202857916,0,0
20,31,2,train-selected fixed,fallback,-0.20874958202857916,0,0
20,31,2,always invoke-QPU,invoke-QPU,-2.797885118341008,1,0
20,31,2,always remote-sim,remote-sim,-14.396160260331243,1,0
20,31,2,always local-sim,local-sim,-6.336725750725226,1,0
20,31,2,always fallback,fallback,-0.20874958202857916,0,0
20,31,3,P1,remote-sim,-0.19618963360508365,0,0
20,31,3,utility-only,remote-sim,-0.19618963360508365,0,0
20,31,3,logged-IPW,fallback,-0.21661107613394198,0,0
20,31,3,LinUCB,fallback,-0.21661107613394198,0,0
20,31,3,Pareto,remote-sim,-0.19618963360508365,0,0
20,31,3,oracle,remote-sim,-0.19618963360508365,0,0
20,31,3,train-selected fixed,fallback,-0.21661107613394198,0,0
20,31,3,always invoke-QPU,invoke-QPU,-2.2368300812343027,1,0
20,31,3,always remote-sim,remote-sim,-0.19618963360508365,0,0
20,31,3,always local-sim,local-sim,-8.915179546581015,1,0
20,31,3,always fallback,fallback,-0.21661107613394198,0,0
20,31,4,P1,fallback,-0.2123838796668606,0,0
20,31,4,utility-only,fallback,-0.2123838796668606,0,0
20,31,4,logged-IPW,fallback,-0.2123838796668606,0,0
20,31,4,LinUCB,fallback,-0.2123838796668606,0,0
20,31,4,Pareto,remote-sim,-0.21668396075760782,0,0
20,31,4,oracle,fallback,-0.2123838796668606,0,0
20,31,4,train-selected fixed,fallback,-0.2123838796668606,0,0
20,31,4,always invoke-QPU,invoke-QPU,-0.21750684231884088,0,0
20,31,4,always remote-sim,remote-sim,-0.21668396075760782,0,0
20,31,4,always local-sim,local-sim,-8.285533462660613,1,0
20,31,4,always fallback,fallback,-0.2123838796668606,0,0
20,31,5,P1,remote-sim,-0.15149176567691236,0,0
20,31,5,utility-only,remote-sim,-0.15149176567691236,0,0
20,31,5,logged-IPW,fallback,-0.22782432268832836,0,0
20,31,5,LinUCB,fallback,-0.22782432268832836,0,0
20,31,5,Pareto,remote-sim,-0.15149176567691236,0,0
20,31,5,oracle,remote-sim,-0.15149176567691236,0,0
20,31,5,train-selected fixed,fallback,-0.22782432268832836,0,0
20,31,5,always invoke-QPU,invoke-QPU,-2.1511974972650325,1,0
20,31,5,always remote-sim,remote-sim,-0.15149176567691236,0,0
20,31,5,always local-sim,local-sim,-6.320151660179691,1,0
20,31,5,always fallback,fallback,-0.22782432268832836,0,0
20,31,6,P1,invoke-QPU,-0.14291333338272494,0,0
20,31,6,utility-only,invoke-QPU,-0.14291333338272494,0,0
20,31,6,logged-IPW,invoke-QPU,-0.14291333338272494,0,0
20,31,6,LinUCB,fallback,-0.20759460840518618,0,0
20,31,6,Pareto,remote-sim,-0.2266319682931598,0,0
20,31,6,oracle,invoke-QPU,-0.14291333338272494,0,0
20,31,6,train-selected fixed,fallback,-0.20759460840518618,0,0
20,31,6,always invoke-QPU,invoke-QPU,-0.14291333338272494,0,0
20,31,6,always remote-sim,remote-sim,-0.2266319682931598,0,0
20,31,6,always local-sim,local-sim,-6.872200456381593,1,0
20,31,6,always fallback,fallback,-0.20759460840518618,0,0
20,31,7,P1,fallback,-0.18403073413913978,0,0
20,31,7,utility-only,fallback,-0.18403073413913978,0,0
20,31,7,logged-IPW,fallback,-0.18403073413913978,0,0
20,31,7,LinUCB,fallback,-0.18403073413913978,0,0
20,31,7,Pareto,remote-sim,-0.3454745492499094,0,0
20,31,7,oracle,fallback,-0.18403073413913978,0,0
20,31,7,train-selected fixed,fallback,-0.18403073413913978,0,0
20,31,7,always invoke-QPU,invoke-QPU,-2.2619825294782507,1,0
20,31,7,always remote-sim,remote-sim,-0.3454745492499094,0,0
20,31,7,always local-sim,local-sim,-9.057619500087613,1,0
20,31,7,always fallback,fallback,-0.18403073413913978,0,0
20,31,8,P1,fallback,-0.18688109804060068,0,0
20,31,8,utility-only,fallback,-0.18688109804060068,0,0
20,31,8,logged-IPW,fallback,-0.18688109804060068,0,0
20,31,8,LinUCB,remote-sim,-0.191245139225559,0,0
20,31,8,Pareto,remote-sim,-0.191245139225559,0,0
20,31,8,oracle,fallback,-0.18688109804060068,0,0
20,31,8,train-selected fixed,fallback,-0.18688109804060068,0,0
20,31,8,always invoke-QPU,invoke-QPU,-2.161031371433581,1,0
20,31,8,always remote-sim,remote-sim,-0.191245139225559,0,0
20,31,8,always local-sim,local-sim,-7.06370792005367,1,0
20,31,8,always fallback,fallback,-0.18688109804060068,0,0
20,31,9,P1,fallback,-0.2163306730538326,0,0
20,31,9,utility-only,fallback,-0.2163306730538326,0,0
20,31,9,logged-IPW,fallback,-0.2163306730538326,0,0
20,31,9,LinUCB,fallback,-0.2163306730538326,0,0
20,31,9,Pareto,invoke-QPU,-0.30623058448806034,0,0
20,31,9,oracle,fallback,-0.2163306730538326,0,0
20,31,9,train-selected fixed,fallback,-0.2163306730538326,0,0
20,31,9,always invoke-QPU,invoke-QPU,-0.30623058448806034,0,0
20,31,9,always remote-sim,remote-sim,-3.5383634741474297,0,0
20,31,9,always local-sim,local-sim,-5.840185894963934,1,0
20,31,9,always fallback,fallback,-0.2163306730538326,0,0
20,31,10,P1,fallback,-0.21206657862409972,0,0
20,31,10,utility-only,fallback,-0.21206657862409972,0,0
20,31,10,logged-IPW,fallback,-0.21206657862409972,0,0
20,31,10,LinUCB,fallback,-0.21206657862409972,0,0
20,31,10,Pareto,invoke-QPU,-2.1553090315504964,1,0
20,31,10,oracle,remote-sim,-0.16658974579261726,0,0
20,31,10,train-selected fixed,fallback,-0.21206657862409972,0,0
20,31,10,always invoke-QPU,invoke-QPU,-2.1553090315504964,1,0
20,31,10,always remote-sim,remote-sim,-0.16658974579261726,0,0
20,31,10,always local-sim,local-sim,-5.7230975528752746,1,0
20,31,10,always fallback,fallback,-0.21206657862409972,0,0
20,31,11,P1,fallback,-0.21970810587190864,0,0
20,31,11,utility-only,fallback,-0.21970810587190864,0,0
20,31,11,logged-IPW,fallback,-0.21970810587190864,0,0
20,31,11,LinUCB,fallback,-0.21970810587190864,0,0
20,31,11,Pareto,invoke-QPU,-2.1874430951762234,1,0
20,31,11,oracle,fallback,-0.21970810587190864,0,0
20,31,11,train-selected fixed,fallback,-0.21970810587190864,0,0
20,31,11,always invoke-QPU,invoke-QPU,-2.1874430951762234,1,0
20,31,11,always remote-sim,remote-sim,-0.3626337260473006,0,0
20,31,11,always local-sim,local-sim,-6.678898321460608,1,0
20,31,11,always fallback,fallback,-0.21970810587190864,0,0
20,31,12,P1,fallback,-0.19368879398857727,0,0
20,31,12,utility-only,fallback,-0.19368879398857727,0,0
20,31,12,logged-IPW,fallback,-0.19368879398857727,0,0
20,31,12,LinUCB,fallback,-0.19368879398857727,0,0
20,31,12,Pareto,invoke-QPU,-7.753657365175807,1,1
20,31,12,oracle,fallback,-0.19368879398857727,0,0
20,31,12,train-selected fixed,fallback,-0.19368879398857727,0,0
20,31,12,always invoke-QPU,invoke-QPU,-7.753657365175807,1,1
20,31,12,always remote-sim,remote-sim,-10.899587457304248,1,1
20,31,12,always local-sim,local-sim,-8.976519288594707,1,0
20,31,12,always fallback,fallback,-0.19368879398857727,0,0
20,31,13,P1,fallback,-0.1895713185985266,0,0
20,31,13,utility-only,fallback,-0.1895713185985266,0,0
20,31,13,logged-IPW,fallback,-0.1895713185985266,0,0
20,31,13,LinUCB,fallback,-0.1895713185985266,0,0
20,31,13,Pareto,remote-sim,-0.3009985215456107,0,0
20,31,13,oracle,invoke-QPU,-0.13285614868775786,0,0
20,31,13,train-selected fixed,fallback,-0.1895713185985266,0,0
20,31,13,always invoke-QPU,invoke-QPU,-0.13285614868775786,0,0
20,31,13,always remote-sim,remote-sim,-0.3009985215456107,0,0
20,31,13,always local-sim,local-sim,-4.666519341825486,1,0
20,31,13,always fallback,fallback,-0.1895713185985266,0,0
20,31,14,P1,invoke-QPU,-0.1675925799123284,0,0
20,31,14,utility-only,invoke-QPU,-0.1675925799123284,0,0
20,31,14,logged-IPW,fallback,-0.21141844192855797,0,0
20,31,14,LinUCB,fallback,-0.21141844192855797,0,0
20,31,14,Pareto,remote-sim,-0.33684211939253483,0,0
20,31,14,oracle,invoke-QPU,-0.1675925799123284,0,0
20,31,14,train-selected fixed,fallback,-0.21141844192855797,0,0
20,31,14,always invoke-QPU,invoke-QPU,-0.1675925799123284,0,0
20,31,14,always remote-sim,remote-sim,-0.33684211939253483,0,0
20,31,14,always local-sim,local-sim,-6.430596317427762,1,0
20,31,14,always fallback,fallback,-0.21141844192855797,0,0
20,31,15,P1,fallback,-0.20692044982315314,0,0
20,31,15,utility-only,fallback,-0.20692044982315314,0,0
20,31,15,logged-IPW,fallback,-0.20692044982315314,0,0
20,31,15,LinUCB,fallback,-0.20692044982315314,0,0
20,31,15,Pareto,invoke-QPU,-7.164066136742524,1,1
20,31,15,oracle,fallback,-0.20692044982315314,0,0
20,31,15,train-selected fixed,fallback,-0.20692044982315314,0,0
20,31,15,always invoke-QPU,invoke-QPU,-7.164066136742524,1,1
20,31,15,always remote-sim,remote-sim,-8.770982125531182,0,1
20,31,15,always local-sim,local-sim,-4.575539399293378,1,0
20,31,15,always fallback,fallback,-0.20692044982315314,0,0
20,31,16,P1,remote-sim,-0.18616107001226492,0,0
20,31,16,utility-only,remote-sim,-0.18616107001226492,0,0
20,31,16,logged-IPW,fallback,-0.1988773416660894,0,0
20,31,16,LinUCB,remote-sim,-0.18616107001226492,0,0
20,31,16,Pareto,remote-sim,-0.18616107001226492,0,0
20,31,16,oracle,remote-sim,-0.18616107001226492,0,0
20,31,16,train-selected fixed,fallback,-0.1988773416660894,0,0
20,31,16,always invoke-QPU,invoke-QPU,-5.139223824791911,0,1
20,31,16,always remote-sim,remote-sim,-0.18616107001226492,0,0
20,31,16,always local-sim,local-sim,-6.112210435274942,1,0
20,31,16,always fallback,fallback,-0.1988773416660894,0,0
20,31,17,P1,fallback,-0.20732893231723318,0,0
20,31,17,utility-only,fallback,-0.20732893231723318,0,0
20,31,17,logged-IPW,fallback,-0.20732893231723318,0,0
20,31,17,LinUCB,fallback,-0.20732893231723318,0,0
20,31,17,Pareto,fallback,-0.20732893231723318,0,0
20,31,17,oracle,fallback,-0.20732893231723318,0,0
20,31,17,train-selected fixed,fallback,-0.20732893231723318,0,0
20,31,17,always invoke-QPU,invoke-QPU,-7.431692267648189,1,1
20,31,17,always remote-sim,remote-sim,-14.32453090746114,1,0
20,31,17,always local-sim,local-sim,-5.1856645563394785,1,0
20,31,17,always fallback,fallback,-0.20732893231723318,0,0
20,31,18,P1,invoke-QPU,-0.18000503749314317,0,0
20,31,18,utility-only,invoke-QPU,-0.18000503749314317,0,0
20,31,18,logged-IPW,fallback,-0.2013668466184343,0,0
20,31,18,LinUCB,invoke-QPU,-0.18000503749314317,0,0
20,31,18,Pareto,remote-sim,-0.24086136402589273,0,0
20,31,18,oracle,invoke-QPU,-0.18000503749314317,0,0
20,31,18,train-selected fixed,fallback,-0.2013668466184343,0,0
20,31,18,always invoke-QPU,invoke-QPU,-0.18000503749314317,0,0
20,31,18,always remote-sim,remote-sim,-0.24086136402589273,0,0
20,31,18,always local-sim,local-sim,-8.611787542081606,1,0
20,31,18,always fallback,fallback,-0.2013668466184343,0,0
20,31,19,P1,fallback,-0.22258999385854966,0,0
20,31,19,utility-only,fallback,-0.22258999385854966,0,0
20,31,19,logged-IPW,fallback,-0.22258999385854966,0,0
20,31,19,LinUCB,fallback,-0.22258999385854966,0,0
20,31,19,Pareto,remote-sim,-0.18198779638683427,0,0
20,31,19,oracle,remote-sim,-0.18198779638683427,0,0
20,31,19,train-selected fixed,fallback,-0.22258999385854966,0,0
20,31,19,always invoke-QPU,invoke-QPU,-0.18211688452266767,0,0
20,31,19,always remote-sim,remote-sim,-0.18198779638683427,0,0
20,31,19,always local-sim,local-sim,-7.5910244455988565,1,0
20,31,19,always fallback,fallback,-0.22258999385854966,0,0
20,31,20,P1,invoke-QPU,-0.14138457336301424,0,0
20,31,20,utility-only,invoke-QPU,-0.14138457336301424,0,0
20,31,20,logged-IPW,fallback,-0.18713811057542393,0,0
20,31,20,LinUCB,remote-sim,-0.17532850367440944,0,0
20,31,20,Pareto,remote-sim,-0.17532850367440944,0,0
20,31,20,oracle,invoke-QPU,-0.14138457336301424,0,0
20,31,20,train-selected fixed,fallback,-0.18713811057542393,0,0
20,31,20,always invoke-QPU,invoke-QPU,-0.14138457336301424,0,0
20,31,20,always remote-sim,remote-sim,-0.17532850367440944,0,0
20,31,20,always local-sim,local-sim,-5.76445869424486,1,0
20,31,20,always fallback,fallback,-0.18713811057542393,0,0
20,31,21,P1,remote-sim,-0.13827177201693752,0,0
20,31,21,utility-only,remote-sim,-0.13827177201693752,0,0
20,31,21,logged-IPW,fallback,-0.22160558273585526,0,0
20,31,21,LinUCB,fallback,-0.22160558273585526,0,0
20,31,21,Pareto,remote-sim,-0.13827177201693752,0,0
20,31,21,oracle,remote-sim,-0.13827177201693752,0,0
20,31,21,train-selected fixed,fallback,-0.22160558273585526,0,0
20,31,21,always invoke-QPU,invoke-QPU,-0.17012374241300288,0,0
20,31,21,always remote-sim,remote-sim,-0.13827177201693752,0,0
20,31,21,always local-sim,local-sim,-8.556828063666405,1,0
20,31,21,always fallback,fallback,-0.22160558273585526,0,0
20,31,22,P1,remote-sim,-0.18917001736928152,0,0
20,31,22,utility-only,remote-sim,-0.18917001736928152,0,0
20,31,22,logged-IPW,fallback,-0.2037702471160769,0,0
20,31,22,LinUCB,fallback,-0.2037702471160769,0,0
20,31,22,Pareto,remote-sim,-0.18917001736928152,0,0
20,31,22,oracle,invoke-QPU,-0.14944080236051818,0,0
20,31,22,train-selected fixed,fallback,-0.2037702471160769,0,0
20,31,22,always invoke-QPU,invoke-QPU,-0.14944080236051818,0,0
20,31,22,always remote-sim,remote-sim,-0.18917001736928152,0,0
20,31,22,always local-sim,local-sim,-6.140496752930765,1,0
20,31,22,always fallback,fallback,-0.2037702471160769,0,0
20,31,23,P1,invoke-QPU,-0.12125735562544633,0,0
20,31,23,utility-only,invoke-QPU,-0.12125735562544633,0,0
20,31,23,logged-IPW,invoke-QPU,-0.12125735562544633,0,0
20,31,23,LinUCB,remote-sim,-0.17827295014535166,0,0
20,31,23,Pareto,remote-sim,-0.17827295014535166,0,0
20,31,23,oracle,invoke-QPU,-0.12125735562544633,0,0
20,31,23,train-selected fixed,fallback,-0.20246959671214992,0,0
20,31,23,always invoke-QPU,invoke-QPU,-0.12125735562544633,0,0
20,31,23,always remote-sim,remote-sim,-0.17827295014535166,0,0
20,31,23,always local-sim,local-sim,-7.305119228410803,1,0
20,31,23,always fallback,fallback,-0.20246959671214992,0,0
20,31,24,P1,invoke-QPU,-0.15997418983072859,0,0
20,31,24,utility-only,invoke-QPU,-0.15997418983072859,0,0
20,31,24,logged-IPW,fallback,-0.21777898402538115,0,0
20,31,24,LinUCB,fallback,-0.21777898402538115,0,0
20,31,24,Pareto,remote-sim,-0.24260067829369264,0,0
20,31,24,oracle,invoke-QPU,-0.15997418983072859,0,0
20,31,24,train-selected fixed,fallback,-0.21777898402538115,0,0
20,31,24,always invoke-QPU,invoke-QPU,-0.15997418983072859,0,0
20,31,24,always remote-sim,remote-sim,-0.24260067829369264,0,0
20,31,24,always local-sim,local-sim,-5.442496506525639,1,0
20,31,24,always fallback,fallback,-0.21777898402538115,0,0
20,31,25,P1,fallback,-0.1891747416440299,0,0
20,31,25,utility-only,fallback,-0.1891747416440299,0,0
20,31,25,logged-IPW,fallback,-0.1891747416440299,0,0
20,31,25,LinUCB,fallback,-0.1891747416440299,0,0
20,31,25,Pareto,invoke-QPU,-7.368553361947026,1,1
20,31,25,oracle,fallback,-0.1891747416440299,0,0
20,31,25,train-selected fixed,fallback,-0.1891747416440299,0,0
20,31,25,always invoke-QPU,invoke-QPU,-7.368553361947026,1,1
20,31,25,always remote-sim,remote-sim,-10.345178531983793,1,1
20,31,25,always local-sim,local-sim,-6.9639056466712725,1,0
20,31,25,always fallback,fallback,-0.1891747416440299,0,0
20,31,26,P1,fallback,-0.18694389909092604,0,0
20,31,26,utility-only,fallback,-0.18694389909092604,0,0
20,31,26,logged-IPW,fallback,-0.18694389909092604,0,0
20,31,26,LinUCB,remote-sim,-0.25150217021850885,0,0
20,31,26,Pareto,remote-sim,-0.25150217021850885,0,0
20,31,26,oracle,invoke-QPU,-0.14877954052076064,0,0
20,31,26,train-selected fixed,fallback,-0.18694389909092604,0,0
20,31,26,always invoke-QPU,invoke-QPU,-0.14877954052076064,0,0
20,31,26,always remote-sim,remote-sim,-0.25150217021850885,0,0
20,31,26,always local-sim,local-sim,-7.7341890144759855,1,0
20,31,26,always fallback,fallback,-0.18694389909092604,0,0
20,31,27,P1,remote-sim,-0.13287307534857967,0,0
20,31,27,utility-only,remote-sim,-0.13287307534857967,0,0
20,31,27,logged-IPW,fallback,-0.20167064742748003,0,0
20,31,27,LinUCB,fallback,-0.20167064742748003,0,0
20,31,27,Pareto,remote-sim,-0.13287307534857967,0,0
20,31,27,oracle,remote-sim,-0.13287307534857967,0,0
20,31,27,train-selected fixed,fallback,-0.20167064742748003,0,0
20,31,27,always invoke-QPU,invoke-QPU,-0.18425377543129623,0,0
20,31,27,always remote-sim,remote-sim,-0.13287307534857967,0,0
20,31,27,always local-sim,local-sim,-6.708840317622521,1,0
20,31,27,always fallback,fallback,-0.20167064742748003,0,0
20,31,28,P1,remote-sim,-0.18749715919200435,0,0
20,31,28,utility-only,remote-sim,-0.18749715919200435,0,0
20,31,28,logged-IPW,fallback,-0.20576638366490466,0,0
20,31,28,LinUCB,remote-sim,-0.18749715919200435,0,0
20,31,28,Pareto,remote-sim,-0.18749715919200435,0,0
20,31,28,oracle,invoke-QPU,-0.1638578842129837,0,0
20,31,28,train-selected fixed,fallback,-0.20576638366490466,0,0
20,31,28,always invoke-QPU,invoke-QPU,-0.1638578842129837,0,0
20,31,28,always remote-sim,remote-sim,-0.18749715919200435,0,0
20,31,28,always local-sim,local-sim,-7.019729349299478,1,0
20,31,28,always fallback,fallback,-0.20576638366490466,0,0
20,31,29,P1,fallback,-0.20350944034001436,0,0
20,31,29,utility-only,fallback,-0.20350944034001436,0,0
20,31,29,logged-IPW,fallback,-0.20350944034001436,0,0
20,31,29,LinUCB,fallback,-0.20350944034001436,0,0
20,31,29,Pareto,fallback,-0.20350944034001436,0,0
20,31,29,oracle,fallback,-0.20350944034001436,0,0
20,31,29,train-selected fixed,fallback,-0.20350944034001436,0,0
20,31,29,always invoke-QPU,invoke-QPU,-7.516951427242526,1,1
20,31,29,always remote-sim,remote-sim,-12.825985296629145,1,1
20,31,29,always local-sim,local-sim,-7.092019829944206,1,0
20,31,29,always fallback,fallback,-0.20350944034001436,0,0
