dataset,seed,method,accuracy,brier,ece,public_size,private_size,public_fraction,test_size,clients,noniid,noise_lambda,shots,rounds,bytes,inference_models,membership_auc,membership_null_auc,inference_ms,parameter_bytes,min_client_contribution,mean_client_contribution
cancer,0,best local,0.9416058394160584,0.03783690351553312,0.07267946348023818,68,364,0.12,137,3,iid,0.0,64,0,0,1,0.49370679831262687,0.5152113452340806,0.205041,104,-0.007299270072992692,0.0024330900243308973
cancer,0,unweighted ensemble,0.9416058394160584,0.03776370034454444,0.07147342196825847,68,364,0.12,137,3,iid,0.0,64,1,1632,3,0.49370679831262687,0.5152113452340806,0.416042,264,-0.007299270072992692,0.0024330900243308973
cancer,0,weighted ensemble,0.9343065693430657,0.0373795775095864,0.08690022757087076,68,364,0.12,137,3,iid,0.0,64,1,1632,3,0.49370679831262687,0.5152113452340806,0.411167,264,-0.007299270072992692,0.0024330900243308973
cancer,0,hard transfer,0.9343065693430657,0.039680485477730204,0.05827833303152328,68,364,0.12,137,3,iid,0.0,64,1,1632,1,0.49370679831262687,0.5152113452340806,0.004708,56,-0.007299270072992692,0.0024330900243308973
cancer,0,FedDF,0.9416058394160584,0.04360094157603333,0.1109118681236105,68,364,0.12,137,3,iid,0.0,64,1,1632,1,0.49370679831262687,0.5152113452340806,0.004458,56,-0.007299270072992692,0.0024330900243308973
cancer,0,FedMD-1r,0.9416058394160584,0.04082348017063628,0.0812610330134622,68,364,0.12,137,3,iid,0.0,64,1,1632,3,0.49370679831262687,0.5152113452340806,0.413625,264,-0.007299270072992692,0.0024330900243308973
cancer,0,FedMD-2r,0.9416058394160584,0.04190373956337311,0.08646783854064519,68,364,0.12,137,3,iid,0.0,64,2,3264,3,0.49370679831262687,0.5152113452340806,0.405125,264,-0.007299270072992692,0.0024330900243308973
cancer,0,FedMD,0.9416058394160584,0.042377210378386564,0.08867425196655065,68,364,0.12,137,3,iid,0.0,64,3,4896,3,0.49370679831262687,0.5152113452340806,0.415416,264,-0.007299270072992692,0.0024330900243308973
cancer,0,centralized reference,0.927007299270073,0.038080374929008926,0.06394352573942999,68,364,0.12,137,3,iid,0.0,64,0,0,1,0.49370679831262687,0.5152113452340806,0.004583,56,-0.007299270072992692,0.0024330900243308973
cancer,1,best local,0.9708029197080292,0.03888759542831564,0.07708350471019874,68,364,0.12,137,3,iid,0.0,64,0,0,1,0.5217392522591213,0.46225512931703716,0.205166,104,-0.007299270072992692,0.0
cancer,1,unweighted ensemble,0.9635036496350365,0.03754696295922798,0.07034173326245013,68,364,0.12,137,3,iid,0.0,64,1,1632,3,0.5217392522591213,0.46225512931703716,0.417458,264,-0.007299270072992692,0.0
cancer,1,weighted ensemble,0.9635036496350365,0.03690303653453401,0.06985035697694296,68,364,0.12,137,3,iid,0.0,64,1,1632,3,0.5217392522591213,0.46225512931703716,0.422416,264,-0.007299270072992692,0.0
cancer,1,hard transfer,0.9416058394160584,0.044843655146139354,0.03750836864781776,68,364,0.12,137,3,iid,0.0,64,1,1632,1,0.5217392522591213,0.46225512931703716,0.004958,56,-0.007299270072992692,0.0
cancer,1,FedDF,0.9416058394160584,0.04598541819902739,0.07802032613425348,68,364,0.12,137,3,iid,0.0,64,1,1632,1,0.5217392522591213,0.46225512931703716,0.004625,56,-0.007299270072992692,0.0
cancer,1,FedMD-1r,0.9635036496350365,0.039634111091262754,0.08306990025953909,68,364,0.12,137,3,iid,0.0,64,1,1632,3,0.5217392522591213,0.46225512931703716,0.420334,264,-0.007299270072992692,0.0
cancer,1,FedMD-2r,0.9635036496350365,0.040850830645889936,0.0889896209558227,68,364,0.12,137,3,iid,0.0,64,2,3264,3,0.5217392522591213,0.46225512931703716,0.408,264,-0.007299270072992692,0.0
cancer,1,FedMD,0.9635036496350365,0.041345881224618485,0.09161736589363847,68,364,0.12,137,3,iid,0.0,64,3,4896,3,0.5217392522591213,0.46225512931703716,0.420209,264,-0.007299270072992692,0.0
cancer,1,centralized reference,0.9416058394160584,0.04505385200169449,0.042961598279801845,68,364,0.12,137,3,iid,0.0,64,0,0,1,0.5217392522591213,0.46225512931703716,0.004792,56,-0.007299270072992692,0.0
cancer,2,best local,0.9635036496350365,0.03310845499065211,0.07580251879083852,68,364,0.12,137,3,iid,0.0,64,0,0,1,0.5453085139031596,0.4752969335681705,0.200208,104,0.0,0.009732360097323626
cancer,2,unweighted ensemble,0.9708029197080292,0.03475598057774631,0.0706536997511823,68,364,0.12,137,3,iid,0.0,64,1,1632,3,0.5453085139031596,0.4752969335681705,0.4115,264,0.0,0.009732360097323626
cancer,2,weighted ensemble,0.9635036496350365,0.033523287405407026,0.0799469051619232,68,364,0.12,137,3,iid,0.0,64,1,1632,3,0.5453085139031596,0.4752969335681705,0.4185,264,0.0,0.009732360097323626
cancer,2,hard transfer,0.9343065693430657,0.044541339231565585,0.03254341441319744,68,364,0.12,137,3,iid,0.0,64,1,1632,1,0.5453085139031596,0.4752969335681705,0.004667,56,0.0,0.009732360097323626
cancer,2,FedDF,0.948905109489051,0.049065543598848765,0.0784835275479458,68,364,0.12,137,3,iid,0.0,64,1,1632,1,0.5453085139031596,0.4752969335681705,0.004542,56,0.0,0.009732360097323626
cancer,2,FedMD-1r,0.9635036496350365,0.03881818298617827,0.08334364923401745,68,364,0.12,137,3,iid,0.0,64,1,1632,3,0.5453085139031596,0.4752969335681705,0.398041,264,0.0,0.009732360097323626
cancer,2,FedMD-2r,0.9635036496350365,0.0405868556170741,0.09046337924739647,68,364,0.12,137,3,iid,0.0,64,2,3264,3,0.5453085139031596,0.4752969335681705,0.404208,264,0.0,0.009732360097323626
cancer,2,FedMD,0.9635036496350365,0.04142696010366394,0.09356467211647913,68,364,0.12,137,3,iid,0.0,64,3,4896,3,0.5453085139031596,0.4752969335681705,0.406084,264,0.0,0.009732360097323626
cancer,2,centralized reference,0.9635036496350365,0.03768974837058662,0.0686385437841336,68,364,0.12,137,3,iid,0.0,64,0,0,1,0.5453085139031596,0.4752969335681705,0.004542,56,0.0,0.009732360097323626
cancer,3,best local,0.927007299270073,0.05395245090706204,0.07408970387961789,68,364,0.12,137,3,iid,0.0,64,0,0,1,0.5157720668343228,0.4854659049291747,0.00475,56,-0.014598540145985384,0.007299270072992692
cancer,3,unweighted ensemble,0.9197080291970803,0.06107222354577897,0.11018071680514777,68,364,0.12,137,3,iid,0.0,64,1,1632,3,0.5157720668343228,0.4854659049291747,0.41825,264,-0.014598540145985384,0.007299270072992692
cancer,3,weighted ensemble,0.927007299270073,0.06029567905015903,0.10804970158127757,68,364,0.12,137,3,iid,0.0,64,1,1632,3,0.5157720668343228,0.4854659049291747,0.417209,264,-0.014598540145985384,0.007299270072992692
cancer,3,hard transfer,0.8759124087591241,0.09650348355476981,0.12551534959586397,68,364,0.12,137,3,iid,0.0,64,1,1632,1,0.5157720668343228,0.4854659049291747,0.004375,56,-0.014598540145985384,0.007299270072992692
cancer,3,FedDF,0.9343065693430657,0.07071189194154189,0.12089496988819823,68,364,0.12,137,3,iid,0.0,64,1,1632,1,0.5157720668343228,0.4854659049291747,0.004375,56,-0.014598540145985384,0.007299270072992692
cancer,3,FedMD-1r,0.9124087591240876,0.0688765279725787,0.1167460332742995,68,364,0.12,137,3,iid,0.0,64,1,1632,3,0.5157720668343228,0.4854659049291747,0.396834,264,-0.014598540145985384,0.007299270072992692
cancer,3,FedMD-2r,0.9124087591240876,0.07145767810574156,0.12450611794908271,68,364,0.12,137,3,iid,0.0,64,2,3264,3,0.5157720668343228,0.4854659049291747,0.406833,264,-0.014598540145985384,0.007299270072992692
cancer,3,FedMD,0.9124087591240876,0.07244251789091137,0.124741414698596,68,364,0.12,137,3,iid,0.0,64,3,4896,3,0.5157720668343228,0.4854659049291747,0.405875,264,-0.014598540145985384,0.007299270072992692
cancer,3,centralized reference,0.9197080291970803,0.04875531524991248,0.07033123634229183,68,364,0.12,137,3,iid,0.0,64,0,0,1,0.5157720668343228,0.4854659049291747,0.004292,56,-0.014598540145985384,0.007299270072992692
cancer,0,best local,0.9562043795620438,0.040467704203926036,0.06339295508390003,137,295,0.24,137,3,iid,0.0,64,0,0,1,0.4924510761319938,0.5049980915465796,0.201125,104,-0.007299270072992692,0.0
cancer,0,unweighted ensemble,0.9416058394160584,0.03802435704559504,0.07170608202467557,137,295,0.24,137,3,iid,0.0,64,1,3288,3,0.4924510761319938,0.5049980915465796,0.412542,264,-0.007299270072992692,0.0
cancer,0,weighted ensemble,0.9416058394160584,0.038323995926436136,0.06940025013490586,137,295,0.24,137,3,iid,0.0,64,1,3288,3,0.4924510761319938,0.5049980915465796,0.406541,264,-0.007299270072992692,0.0
cancer,0,hard transfer,0.9416058394160584,0.03705129420377611,0.06173280568976672,137,295,0.24,137,3,iid,0.0,64,1,3288,1,0.4924510761319938,0.5049980915465796,0.0045,56,-0.007299270072992692,0.0
cancer,0,FedDF,0.9343065693430657,0.043794214902246734,0.09625120656522755,137,295,0.24,137,3,iid,0.0,64,1,3288,1,0.4924510761319938,0.5049980915465796,0.004417,56,-0.007299270072992692,0.0
cancer,0,FedMD-1r,0.948905109489051,0.04097629948225041,0.08449371377550366,137,295,0.24,137,3,iid,0.0,64,1,3288,3,0.4924510761319938,0.5049980915465796,0.412708,264,-0.007299270072992692,0.0
cancer,0,FedMD-2r,0.948905109489051,0.04248979877725717,0.09680390649328666,137,295,0.24,137,3,iid,0.0,64,2,6576,3,0.4924510761319938,0.5049980915465796,0.398666,264,-0.007299270072992692,0.0
cancer,0,FedMD,0.9416058394160584,0.04322333426216357,0.09333164863328165,137,295,0.24,137,3,iid,0.0,64,3,9864,3,0.4924510761319938,0.5049980915465796,0.406375,264,-0.007299270072992692,0.0
cancer,0,centralized reference,0.927007299270073,0.03756483672071832,0.07259169301027905,137,295,0.24,137,3,iid,0.0,64,0,0,1,0.4924510761319938,0.5049980915465796,0.0045,56,-0.007299270072992692,0.0
cancer,1,best local,0.9343065693430657,0.053198461379028034,0.04442337577335179,137,295,0.24,137,3,iid,0.0,64,0,0,1,0.5231692765582233,0.5120275198481664,0.004292,56,0.0,0.02189781021897815
cancer,1,unweighted ensemble,0.9562043795620438,0.04870301452669484,0.08158472262082239,137,295,0.24,137,3,iid,0.0,64,1,3288,3,0.5231692765582233,0.5120275198481664,0.404042,264,0.0,0.02189781021897815
cancer,1,weighted ensemble,0.9562043795620438,0.04756032444961254,0.07558014661904608,137,295,0.24,137,3,iid,0.0,64,1,3288,3,0.5231692765582233,0.5120275198481664,0.407417,264,0.0,0.02189781021897815
cancer,1,hard transfer,0.9343065693430657,0.049664791414050224,0.023824292933653107,137,295,0.24,137,3,iid,0.0,64,1,3288,1,0.5231692765582233,0.5120275198481664,0.004583,56,0.0,0.02189781021897815
cancer,1,FedDF,0.927007299270073,0.059849539427950495,0.09404916016733675,137,295,0.24,137,3,iid,0.0,64,1,3288,1,0.5231692765582233,0.5120275198481664,0.004375,56,0.0,0.02189781021897815
cancer,1,FedMD-1r,0.9343065693430657,0.05202760680771227,0.1016309104324868,137,295,0.24,137,3,iid,0.0,64,1,3288,3,0.5231692765582233,0.5120275198481664,0.401125,264,0.0,0.02189781021897815
cancer,1,FedMD-2r,0.9343065693430657,0.05324493944671305,0.10782303901131103,137,295,0.24,137,3,iid,0.0,64,2,6576,3,0.5231692765582233,0.5120275198481664,0.413042,264,0.0,0.02189781021897815
cancer,1,FedMD,0.9343065693430657,0.05377888244596755,0.11043960891038809,137,295,0.24,137,3,iid,0.0,64,3,9864,3,0.5231692765582233,0.5120275198481664,0.413334,264,0.0,0.02189781021897815
cancer,1,centralized reference,0.9416058394160584,0.04584162726624034,0.04647109093483158,137,295,0.24,137,3,iid,0.0,64,0,0,1,0.5231692765582233,0.5120275198481664,0.004792,56,0.0,0.02189781021897815
cancer,2,best local,0.9635036496350365,0.038645165942450155,0.06493280566204405,137,295,0.24,137,3,iid,0.0,64,0,0,1,0.5264826125097241,0.49626334350004836,0.004375,56,0.0,0.0
cancer,2,unweighted ensemble,0.9635036496350365,0.038188282572067404,0.07056864012544153,137,295,0.24,137,3,iid,0.0,64,1,3288,3,0.5264826125097241,0.49626334350004836,0.414625,264,0.0,0.0
cancer,2,weighted ensemble,0.9635036496350365,0.03764789734764909,0.07769673646358165,137,295,0.24,137,3,iid,0.0,64,1,3288,3,0.5264826125097241,0.49626334350004836,0.391792,264,0.0,0.0
cancer,2,hard transfer,0.948905109489051,0.04375025121105718,0.042022488475779954,137,295,0.24,137,3,iid,0.0,64,1,3288,1,0.5264826125097241,0.49626334350004836,0.004208,56,0.0,0.0
cancer,2,FedDF,0.9562043795620438,0.05221944717292882,0.08935400457571147,137,295,0.24,137,3,iid,0.0,64,1,3288,1,0.5264826125097241,0.49626334350004836,0.004125,56,0.0,0.0
cancer,2,FedMD-1r,0.9635036496350365,0.043473102188398456,0.08705738360820862,137,295,0.24,137,3,iid,0.0,64,1,3288,3,0.5264826125097241,0.49626334350004836,0.405584,264,0.0,0.0
cancer,2,FedMD-2r,0.9635036496350365,0.04545870988599069,0.09439331772750668,137,295,0.24,137,3,iid,0.0,64,2,6576,3,0.5264826125097241,0.49626334350004836,0.404667,264,0.0,0.0
cancer,2,FedMD,0.9562043795620438,0.0463089725568039,0.09018331270686407,137,295,0.24,137,3,iid,0.0,64,3,9864,3,0.5264826125097241,0.49626334350004836,0.398041,264,0.0,0.0
cancer,2,centralized reference,0.9562043795620438,0.041633864297022,0.051598764593346357,137,295,0.24,137,3,iid,0.0,64,0,0,1,0.5264826125097241,0.49626334350004836,0.00425,56,0.0,0.0
cancer,3,best local,0.927007299270073,0.04911509623447864,0.06424709243712645,137,295,0.24,137,3,iid,0.0,64,0,0,1,0.5588929666093378,0.48688533881443163,0.202042,104,-0.014598540145985384,-0.0024330900243308973
cancer,3,unweighted ensemble,0.9343065693430657,0.0475770424338771,0.07254054588695044,137,295,0.24,137,3,iid,0.0,64,1,3288,3,0.5588929666093378,0.48688533881443163,0.410542,264,-0.014598540145985384,-0.0024330900243308973
cancer,3,weighted ensemble,0.9416058394160584,0.047528462488483324,0.07343299471786073,137,295,0.24,137,3,iid,0.0,64,1,3288,3,0.5588929666093378,0.48688533881443163,0.402875,264,-0.014598540145985384,-0.0024330900243308973
cancer,3,hard transfer,0.9124087591240876,0.05452372909621527,0.05117615734308533,137,295,0.24,137,3,iid,0.0,64,1,3288,1,0.5588929666093378,0.48688533881443163,0.004667,56,-0.014598540145985384,-0.0024330900243308973
cancer,3,FedDF,0.927007299270073,0.055627351238951364,0.09874057642306784,137,295,0.24,137,3,iid,0.0,64,1,3288,1,0.5588929666093378,0.48688533881443163,0.0045,56,-0.014598540145985384,-0.0024330900243308973
cancer,3,FedMD-1r,0.9343065693430657,0.050521602584392686,0.0820994108419581,137,295,0.24,137,3,iid,0.0,64,1,3288,3,0.5588929666093378,0.48688533881443163,0.415041,264,-0.014598540145985384,-0.0024330900243308973
cancer,3,FedMD-2r,0.9343065693430657,0.05179741207169167,0.08658284483280468,137,295,0.24,137,3,iid,0.0,64,2,6576,3,0.5588929666093378,0.48688533881443163,0.396292,264,-0.014598540145985384,-0.0024330900243308973
cancer,3,FedMD,0.9343065693430657,0.0523645286566354,0.0890225662264778,137,295,0.24,137,3,iid,0.0,64,3,9864,3,0.5588929666093378,0.48688533881443163,0.399833,264,-0.014598540145985384,-0.0024330900243308973
cancer,3,centralized reference,0.9197080291970803,0.04734630525519162,0.07091834894817378,137,295,0.24,137,3,iid,0.0,64,0,0,1,0.5588929666093378,0.48688533881443163,0.004542,56,-0.014598540145985384,-0.0024330900243308973
cancer,0,best local,0.9416058394160584,0.053939303387397046,0.05565894679490793,205,227,0.36,137,3,iid,0.0,64,0,0,1,0.4691027446962906,0.45988987066205667,0.19575,104,0.0,0.007299270072992692
cancer,0,unweighted ensemble,0.9416058394160584,0.04500502263590016,0.06942264888745238,205,227,0.36,137,3,iid,0.0,64,1,4920,3,0.4691027446962906,0.45988987066205667,0.412,264,0.0,0.007299270072992692
cancer,0,weighted ensemble,0.9416058394160584,0.04546719272044458,0.06948837792122622,205,227,0.36,137,3,iid,0.0,64,1,4920,3,0.4691027446962906,0.45988987066205667,0.410958,264,0.0,0.007299270072992692
cancer,0,hard transfer,0.9343065693430657,0.04252458235255403,0.0660480721136923,205,227,0.36,137,3,iid,0.0,64,1,4920,1,0.4691027446962906,0.45988987066205667,0.004375,56,0.0,0.007299270072992692
cancer,0,FedDF,0.927007299270073,0.051985616001249894,0.10788903247508878,205,227,0.36,137,3,iid,0.0,64,1,4920,1,0.4691027446962906,0.45988987066205667,0.004208,56,0.0,0.007299270072992692
cancer,0,FedMD-1r,0.9343065693430657,0.04924977903929818,0.1024928608446157,205,227,0.36,137,3,iid,0.0,64,1,4920,3,0.4691027446962906,0.45988987066205667,0.399791,264,0.0,0.007299270072992692
cancer,0,FedMD-2r,0.9343065693430657,0.0511982748500719,0.1063528458147436,205,227,0.36,137,3,iid,0.0,64,2,9840,3,0.4691027446962906,0.45988987066205667,0.407583,264,0.0,0.007299270072992692
cancer,0,FedMD,0.9343065693430657,0.05204390715510865,0.10622492434019938,205,227,0.36,137,3,iid,0.0,64,3,14760,3,0.4691027446962906,0.45988987066205667,0.4175,264,0.0,0.007299270072992692
cancer,0,centralized reference,0.927007299270073,0.03864666525030401,0.06789019391482647,205,227,0.36,137,3,iid,0.0,64,0,0,1,0.4691027446962906,0.45988987066205667,0.004667,56,0.0,0.007299270072992692
cancer,1,best local,0.9343065693430657,0.0551292848279734,0.047266953707568976,205,227,0.36,137,3,iid,0.0,64,0,0,1,0.4919865966619712,0.49757416655995224,0.004458,56,-0.014598540145985495,0.0024330900243308604
cancer,1,unweighted ensemble,0.948905109489051,0.04688620161774615,0.06256719841973399,205,227,0.36,137,3,iid,0.0,64,1,4920,3,0.4919865966619712,0.49757416655995224,0.402917,264,-0.014598540145985495,0.0024330900243308604
cancer,1,weighted ensemble,0.9416058394160584,0.04744369012471915,0.061658198204187255,205,227,0.36,137,3,iid,0.0,64,1,4920,3,0.4919865966619712,0.49757416655995224,0.409417,264,-0.014598540145985495,0.0024330900243308604
cancer,1,hard transfer,0.9416058394160584,0.0488666093060512,0.03131363978901466,205,227,0.36,137,3,iid,0.0,64,1,4920,1,0.4919865966619712,0.49757416655995224,0.004625,56,-0.014598540145985495,0.0024330900243308604
cancer,1,FedDF,0.9343065693430657,0.05839724125384301,0.08434502537845522,205,227,0.36,137,3,iid,0.0,64,1,4920,1,0.4919865966619712,0.49757416655995224,0.004667,56,-0.014598540145985495,0.0024330900243308604
cancer,1,FedMD-1r,0.948905109489051,0.04948482525065747,0.081017021627473,205,227,0.36,137,3,iid,0.0,64,1,4920,3,0.4919865966619712,0.49757416655995224,0.412292,264,-0.014598540145985495,0.0024330900243308604
cancer,1,FedMD-2r,0.948905109489051,0.050615401944866446,0.08884208316442808,205,227,0.36,137,3,iid,0.0,64,2,9840,3,0.4919865966619712,0.49757416655995224,0.403333,264,-0.014598540145985495,0.0024330900243308604
cancer,1,FedMD,0.948905109489051,0.051103095336644214,0.09111047819106644,205,227,0.36,137,3,iid,0.0,64,3,14760,3,0.4919865966619712,0.49757416655995224,0.403125,264,-0.014598540145985495,0.0024330900243308604
cancer,1,centralized reference,0.9343065693430657,0.046840236568473935,0.05037825512693395,205,227,0.36,137,3,iid,0.0,64,0,0,1,0.4919865966619712,0.49757416655995224,0.004542,56,-0.014598540145985495,0.0024330900243308604
cancer,2,best local,0.948905109489051,0.05091988827472371,0.06825156372588963,205,227,0.36,137,3,iid,0.0,64,0,0,1,0.5498104750928416,0.5056443419985487,0.00425,56,0.007299270072992692,0.007299270072992692
cancer,2,unweighted ensemble,0.948905109489051,0.045965661580160674,0.07179137252953413,205,227,0.36,137,3,iid,0.0,64,1,4920,3,0.5498104750928416,0.5056443419985487,0.402542,264,0.007299270072992692,0.007299270072992692
cancer,2,weighted ensemble,0.948905109489051,0.04591143843090055,0.0676673776422302,205,227,0.36,137,3,iid,0.0,64,1,4920,3,0.5498104750928416,0.5056443419985487,0.398958,264,0.007299270072992692,0.007299270072992692
cancer,2,hard transfer,0.9343065693430657,0.04982334061669186,0.07195210518961856,205,227,0.36,137,3,iid,0.0,64,1,4920,1,0.5498104750928416,0.5056443419985487,0.004417,56,0.007299270072992692,0.007299270072992692
cancer,2,FedDF,0.9416058394160584,0.0616453403668945,0.09885755991461465,205,227,0.36,137,3,iid,0.0,64,1,4920,1,0.5498104750928416,0.5056443419985487,0.00425,56,0.007299270072992692,0.007299270072992692
cancer,2,FedMD-1r,0.9416058394160584,0.05358073493083388,0.10118529457532952,205,227,0.36,137,3,iid,0.0,64,1,4920,3,0.5498104750928416,0.5056443419985487,0.399875,264,0.007299270072992692,0.007299270072992692
cancer,2,FedMD-2r,0.9343065693430657,0.05573358998043511,0.10759804746569328,205,227,0.36,137,3,iid,0.0,64,2,9840,3,0.5498104750928416,0.5056443419985487,0.4055,264,0.007299270072992692,0.007299270072992692
cancer,2,FedMD,0.9343065693430657,0.05638761222875669,0.10991449927543154,205,227,0.36,137,3,iid,0.0,64,3,14760,3,0.5498104750928416,0.5056443419985487,0.41275,264,0.007299270072992692,0.007299270072992692
cancer,2,centralized reference,0.9562043795620438,0.0436705225332632,0.06309340788306798,205,227,0.36,137,3,iid,0.0,64,0,0,1,0.5498104750928416,0.5056443419985487,0.004333,56,0.007299270072992692,0.007299270072992692
cancer,3,best local,0.8978102189781022,0.07868060946952717,0.06173584081374577,205,227,0.36,137,3,iid,0.0,64,0,0,1,0.5654006061382165,0.4743441328381781,0.196958,104,-0.007299270072992692,0.0
cancer,3,unweighted ensemble,0.9124087591240876,0.06195016585738576,0.06376198617587409,205,227,0.36,137,3,iid,0.0,64,1,4920,3,0.5654006061382165,0.4743441328381781,0.403959,264,-0.007299270072992692,0.0
cancer,3,weighted ensemble,0.9124087591240876,0.061814132761069326,0.07496846514940231,205,227,0.36,137,3,iid,0.0,64,1,4920,3,0.5654006061382165,0.4743441328381781,0.394666,264,-0.007299270072992692,0.0
cancer,3,hard transfer,0.9343065693430657,0.05529821364780732,0.07742452395150731,205,227,0.36,137,3,iid,0.0,64,1,4920,1,0.5654006061382165,0.4743441328381781,0.004333,56,-0.007299270072992692,0.0
cancer,3,FedDF,0.8905109489051095,0.06996626266010186,0.12100452032695087,205,227,0.36,137,3,iid,0.0,64,1,4920,1,0.5654006061382165,0.4743441328381781,0.004416,56,-0.007299270072992692,0.0
cancer,3,FedMD-1r,0.9197080291970803,0.06522947453899729,0.09652214579358512,205,227,0.36,137,3,iid,0.0,64,1,4920,3,0.5654006061382165,0.4743441328381781,0.409167,264,-0.007299270072992692,0.0
cancer,3,FedMD-2r,0.9124087591240876,0.06704728982677574,0.0891638724054807,205,227,0.36,137,3,iid,0.0,64,2,9840,3,0.5654006061382165,0.4743441328381781,0.40275,264,-0.007299270072992692,0.0
cancer,3,FedMD,0.9124087591240876,0.06766327569799861,0.09104466295357568,205,227,0.36,137,3,iid,0.0,64,3,14760,3,0.5654006061382165,0.4743441328381781,0.410833,264,-0.007299270072992692,0.0
cancer,3,centralized reference,0.9416058394160584,0.04808867881636318,0.07477241219409166,205,227,0.36,137,3,iid,0.0,64,0,0,1,0.5654006061382165,0.4743441328381781,0.004667,56,-0.007299270072992692,0.0
cancer,0,best local,0.9416058394160584,0.03783690351553312,0.07267946348023818,68,364,0.12,137,3,iid,0.45,64,0,0,1,0.4946116665034938,0.5119940361109984,0.196208,104,-0.014598540145985384,-0.0024330900243308973
cancer,0,unweighted ensemble,0.9343065693430657,0.04154003980847948,0.10089844446087728,68,364,0.12,137,3,iid,0.45,64,1,1632,3,0.4946116665034938,0.5119940361109984,0.4015,264,-0.014598540145985384,-0.0024330900243308973
cancer,0,weighted ensemble,0.927007299270073,0.039590221804701245,0.09726399976049796,68,364,0.12,137,3,iid,0.45,64,1,1632,3,0.4946116665034938,0.5119940361109984,0.409208,264,-0.014598540145985384,-0.0024330900243308973
cancer,0,hard transfer,0.9343065693430657,0.039680485477730204,0.05827833303152328,68,364,0.12,137,3,iid,0.45,64,1,1632,1,0.4946116665034938,0.5119940361109984,0.004583,56,-0.014598540145985384,-0.0024330900243308973
cancer,0,FedDF,0.9343065693430657,0.04799070043189227,0.1177562172382942,68,364,0.12,137,3,iid,0.45,64,1,1632,1,0.4946116665034938,0.5119940361109984,0.004542,56,-0.014598540145985384,-0.0024330900243308973
cancer,0,FedMD-1r,0.9343065693430657,0.046246780051505634,0.1110412223333259,68,364,0.12,137,3,iid,0.45,64,1,1632,3,0.4946116665034938,0.5119940361109984,0.407292,264,-0.014598540145985384,-0.0024330900243308973
cancer,0,FedMD-2r,0.9343065693430657,0.04824638193179961,0.1188361798234586,68,364,0.12,137,3,iid,0.45,64,2,3264,3,0.4946116665034938,0.5119940361109984,0.405667,264,-0.014598540145985384,-0.0024330900243308973
cancer,0,FedMD,0.9343065693430657,0.04913644803323453,0.11911606035901119,68,364,0.12,137,3,iid,0.45,64,3,4896,3,0.4946116665034938,0.5119940361109984,0.405208,264,-0.014598540145985384,-0.0024330900243308973
cancer,0,centralized reference,0.927007299270073,0.038080374929008926,0.06394352573942999,68,364,0.12,137,3,iid,0.45,64,0,0,1,0.4946116665034938,0.5119940361109984,0.004417,56,-0.014598540145985384,-0.0024330900243308973
cancer,1,best local,0.9708029197080292,0.03888759542831564,0.07708350471019874,68,364,0.12,137,3,iid,0.45,64,0,0,1,0.5244739650137412,0.46744304027800715,0.202167,104,0.0,0.0048661800486617945
cancer,1,unweighted ensemble,0.9635036496350365,0.03977908177938126,0.08725991271950939,68,364,0.12,137,3,iid,0.45,64,1,1632,3,0.5244739650137412,0.46744304027800715,0.413042,264,0.0,0.0048661800486617945
cancer,1,weighted ensemble,0.9635036496350365,0.039793528782046034,0.08691601853829287,68,364,0.12,137,3,iid,0.45,64,1,1632,3,0.5244739650137412,0.46744304027800715,0.392583,264,0.0,0.0048661800486617945
cancer,1,hard transfer,0.9416058394160584,0.044843655146139354,0.03750836864781776,68,364,0.12,137,3,iid,0.45,64,1,1632,1,0.5244739650137412,0.46744304027800715,0.004333,56,0.0,0.0048661800486617945
cancer,1,FedDF,0.948905109489051,0.05025824398888902,0.09473893962415286,68,364,0.12,137,3,iid,0.45,64,1,1632,1,0.5244739650137412,0.46744304027800715,0.004333,56,0.0,0.0048661800486617945
cancer,1,FedMD-1r,0.9635036496350365,0.04404387221765647,0.10859254230580505,68,364,0.12,137,3,iid,0.45,64,1,1632,3,0.5244739650137412,0.46744304027800715,0.406458,264,0.0,0.0048661800486617945
cancer,1,FedMD-2r,0.9635036496350365,0.04625629544078245,0.11684599579497847,68,364,0.12,137,3,iid,0.45,64,2,3264,3,0.5244739650137412,0.46744304027800715,0.405375,264,0.0,0.0048661800486617945
cancer,1,FedMD,0.948905109489051,0.04719456288825596,0.12039310407844402,68,364,0.12,137,3,iid,0.45,64,3,4896,3,0.5244739650137412,0.46744304027800715,0.409333,264,0.0,0.0048661800486617945
cancer,1,centralized reference,0.9416058394160584,0.04505385200169449,0.042961598279801845,68,364,0.12,137,3,iid,0.45,64,0,0,1,0.5244739650137412,0.46744304027800715,0.00475,56,0.0,0.0048661800486617945
cancer,2,best local,0.9635036496350365,0.03310845499065211,0.07580251879083852,68,364,0.12,137,3,iid,0.45,64,0,0,1,0.5468166275546045,0.4750958517479779,0.204875,104,0.0,0.0048661800486617945
cancer,2,unweighted ensemble,0.9708029197080292,0.0396351365828875,0.09875390841405682,68,364,0.12,137,3,iid,0.45,64,1,1632,3,0.5468166275546045,0.4750958517479779,0.417708,264,0.0,0.0048661800486617945
cancer,2,weighted ensemble,0.9781021897810219,0.035903476399153665,0.09224083035254448,68,364,0.12,137,3,iid,0.45,64,1,1632,3,0.5468166275546045,0.4750958517479779,0.40625,264,0.0,0.0048661800486617945
cancer,2,hard transfer,0.9197080291970803,0.054317956376137164,0.05593805367543819,68,364,0.12,137,3,iid,0.45,64,1,1632,1,0.5468166275546045,0.4750958517479779,0.0045,56,0.0,0.0048661800486617945
cancer,2,FedDF,0.9635036496350365,0.05406286819625619,0.11080885300169055,68,364,0.12,137,3,iid,0.45,64,1,1632,1,0.5468166275546045,0.4750958517479779,0.004334,56,0.0,0.0048661800486617945
cancer,2,FedMD-1r,0.9635036496350365,0.04660009501768104,0.11554829982361545,68,364,0.12,137,3,iid,0.45,64,1,1632,3,0.5468166275546045,0.4750958517479779,0.408166,264,0.0,0.0048661800486617945
cancer,2,FedMD-2r,0.9635036496350365,0.049554464645658707,0.12516200005585928,68,364,0.12,137,3,iid,0.45,64,2,3264,3,0.5468166275546045,0.4750958517479779,0.407333,264,0.0,0.0048661800486617945
cancer,2,FedMD,0.9635036496350365,0.05088630659402424,0.12915046840214087,68,364,0.12,137,3,iid,0.45,64,3,4896,3,0.5468166275546045,0.4750958517479779,0.406125,264,0.0,0.0048661800486617945
cancer,2,centralized reference,0.9635036496350365,0.03768974837058662,0.0686385437841336,68,364,0.12,137,3,iid,0.45,64,0,0,1,0.5468166275546045,0.4750958517479779,0.004625,56,0.0,0.0048661800486617945
cancer,3,best local,0.927007299270073,0.05395245090706204,0.07408970387961789,68,364,0.12,137,3,iid,0.45,64,0,0,1,0.5123134595270095,0.4869539103986002,0.004542,56,-0.029197080291970767,-0.0048661800486617945
cancer,3,unweighted ensemble,0.9051094890510949,0.06608707840397965,0.13059480495197,68,364,0.12,137,3,iid,0.45,64,1,1632,3,0.5123134595270095,0.4869539103986002,0.413334,264,-0.029197080291970767,-0.0048661800486617945
cancer,3,weighted ensemble,0.927007299270073,0.061292729935407214,0.12628884134845422,68,364,0.12,137,3,iid,0.45,64,1,1632,3,0.5123134595270095,0.4869539103986002,0.398541,264,-0.029197080291970767,-0.0048661800486617945
cancer,3,hard transfer,0.8759124087591241,0.09650348355476981,0.12551534959586397,68,364,0.12,137,3,iid,0.45,64,1,1632,1,0.5123134595270095,0.4869539103986002,0.004542,56,-0.029197080291970767,-0.0048661800486617945
cancer,3,FedDF,0.927007299270073,0.07999886138937805,0.14205291924172597,68,364,0.12,137,3,iid,0.45,64,1,1632,1,0.5123134595270095,0.4869539103986002,0.004375,56,-0.029197080291970767,-0.0048661800486617945
cancer,3,FedMD-1r,0.8905109489051095,0.0776011918496386,0.15770766621917473,68,364,0.12,137,3,iid,0.45,64,1,1632,3,0.5123134595270095,0.4869539103986002,0.40575,264,-0.029197080291970767,-0.0048661800486617945
cancer,3,FedMD-2r,0.8832116788321168,0.08166142720829107,0.1538129739820956,68,364,0.12,137,3,iid,0.45,64,2,3264,3,0.5123134595270095,0.4869539103986002,0.396,264,-0.029197080291970767,-0.0048661800486617945
cancer,3,FedMD,0.8905109489051095,0.08329289936352727,0.15827104611616907,68,364,0.12,137,3,iid,0.45,64,3,4896,3,0.5123134595270095,0.4869539103986002,0.4055,264,-0.029197080291970767,-0.0048661800486617945
cancer,3,centralized reference,0.9197080291970803,0.04875531524991248,0.07033123634229183,68,364,0.12,137,3,iid,0.45,64,0,0,1,0.5123134595270095,0.4869539103986002,0.004584,56,-0.029197080291970767,-0.0048661800486617945
cancer,0,best local,0.9562043795620438,0.040467704203926036,0.06339295508390003,137,295,0.24,137,3,iid,0.45,64,0,0,1,0.5006689618264176,0.5064380836017958,0.20175,104,-0.007299270072992692,0.0
cancer,0,unweighted ensemble,0.9416058394160584,0.04126568578806645,0.08092769395451911,137,295,0.24,137,3,iid,0.45,64,1,3288,3,0.5006689618264176,0.5064380836017958,0.398833,264,-0.007299270072992692,0.0
cancer,0,weighted ensemble,0.9343065693430657,0.039715293473632576,0.06948527238795808,137,295,0.24,137,3,iid,0.45,64,1,3288,3,0.5006689618264176,0.5064380836017958,0.406833,264,-0.007299270072992692,0.0
cancer,0,hard transfer,0.9416058394160584,0.03705129420377611,0.06173280568976672,137,295,0.24,137,3,iid,0.45,64,1,3288,1,0.5006689618264176,0.5064380836017958,0.004458,56,-0.007299270072992692,0.0
cancer,0,FedDF,0.9416058394160584,0.049123350939882834,0.11392250398568174,137,295,0.24,137,3,iid,0.45,64,1,3288,1,0.5006689618264176,0.5064380836017958,0.004375,56,-0.007299270072992692,0.0
cancer,0,FedMD-1r,0.9343065693430657,0.04660116951854873,0.1014423225334563,137,295,0.24,137,3,iid,0.45,64,1,3288,3,0.5006689618264176,0.5064380836017958,0.410542,264,-0.007299270072992692,0.0
cancer,0,FedMD-2r,0.9343065693430657,0.04913968327305379,0.11047450257002905,137,295,0.24,137,3,iid,0.45,64,2,6576,3,0.5006689618264176,0.5064380836017958,0.395625,264,-0.007299270072992692,0.0
cancer,0,FedMD,0.9343065693430657,0.05029792384091669,0.11431815923649605,137,295,0.24,137,3,iid,0.45,64,3,9864,3,0.5006689618264176,0.5064380836017958,0.406583,264,-0.007299270072992692,0.0
cancer,0,centralized reference,0.927007299270073,0.03756483672071832,0.07259169301027905,137,295,0.24,137,3,iid,0.45,64,0,0,1,0.5006689618264176,0.5064380836017958,0.004583,56,-0.007299270072992692,0.0
cancer,1,best local,0.9343065693430657,0.053198461379028034,0.04442337577335179,137,295,0.24,137,3,iid,0.45,64,0,0,1,0.5215058374599564,0.5153543980447005,0.004375,56,0.0,0.02189781021897815
cancer,1,unweighted ensemble,0.9562043795620438,0.05162727725037967,0.09836586919166966,137,295,0.24,137,3,iid,0.45,64,1,3288,3,0.5215058374599564,0.5153543980447005,0.407458,264,0.0,0.02189781021897815
cancer,1,weighted ensemble,0.9562043795620438,0.049423785123630645,0.08786939999805314,137,295,0.24,137,3,iid,0.45,64,1,3288,3,0.5215058374599564,0.5153543980447005,0.4085,264,0.0,0.02189781021897815
cancer,1,hard transfer,0.9343065693430657,0.045766302830706804,0.030411058766941213,137,295,0.24,137,3,iid,0.45,64,1,3288,1,0.5215058374599564,0.5153543980447005,0.004542,56,0.0,0.02189781021897815
cancer,1,FedDF,0.927007299270073,0.06319265760006794,0.10951751078406408,137,295,0.24,137,3,iid,0.45,64,1,3288,1,0.5215058374599564,0.5153543980447005,0.004542,56,0.0,0.02189781021897815
cancer,1,FedMD-1r,0.9416058394160584,0.05765890364448855,0.11981469070367753,137,295,0.24,137,3,iid,0.45,64,1,3288,3,0.5215058374599564,0.5153543980447005,0.415166,264,0.0,0.02189781021897815
cancer,1,FedMD-2r,0.9416058394160584,0.0602132572049171,0.12893172710565684,137,295,0.24,137,3,iid,0.45,64,2,6576,3,0.5215058374599564,0.5153543980447005,0.417333,264,0.0,0.02189781021897815
cancer,1,FedMD,0.9416058394160584,0.06127542506032895,0.13270986254504172,137,295,0.24,137,3,iid,0.45,64,3,9864,3,0.5215058374599564,0.5153543980447005,0.397666,264,0.0,0.02189781021897815
cancer,1,centralized reference,0.9416058394160584,0.04584162726624034,0.04647109093483158,137,295,0.24,137,3,iid,0.45,64,0,0,1,0.5215058374599564,0.5153543980447005,0.004209,56,0.0,0.02189781021897815
cancer,2,best local,0.9635036496350365,0.038645165942450155,0.06493280566204405,137,295,0.24,137,3,iid,0.45,64,0,0,1,0.5300825926477647,0.49991297853654476,0.004958,56,0.0,0.007299270072992729
cancer,2,unweighted ensemble,0.9635036496350365,0.0431082377013602,0.09191200132968547,137,295,0.24,137,3,iid,0.45,64,1,3288,3,0.5300825926477647,0.49991297853654476,0.399667,264,0.0,0.007299270072992729
cancer,2,weighted ensemble,0.9562043795620438,0.03942630299902419,0.08789499074296482,137,295,0.24,137,3,iid,0.45,64,1,3288,3,0.5300825926477647,0.49991297853654476,0.408084,264,0.0,0.007299270072992729
cancer,2,hard transfer,0.948905109489051,0.04375025121105718,0.042022488475779954,137,295,0.24,137,3,iid,0.45,64,1,3288,1,0.5300825926477647,0.49991297853654476,0.004584,56,0.0,0.007299270072992729
cancer,2,FedDF,0.9562043795620438,0.05844689471740661,0.11169686812085161,137,295,0.24,137,3,iid,0.45,64,1,3288,1,0.5300825926477647,0.49991297853654476,0.004417,56,0.0,0.007299270072992729
cancer,2,FedMD-1r,0.9635036496350365,0.051067232683411214,0.11827852253397797,137,295,0.24,137,3,iid,0.45,64,1,3288,3,0.5300825926477647,0.49991297853654476,0.411625,264,0.0,0.007299270072992729
cancer,2,FedMD-2r,0.9635036496350365,0.054110260421281454,0.128018728381316,137,295,0.24,137,3,iid,0.45,64,2,6576,3,0.5300825926477647,0.49991297853654476,0.415542,264,0.0,0.007299270072992729
cancer,2,FedMD,0.9635036496350365,0.055395690550826486,0.13200930640907818,137,295,0.24,137,3,iid,0.45,64,3,9864,3,0.5300825926477647,0.49991297853654476,0.4135,264,0.0,0.007299270072992729
cancer,2,centralized reference,0.9562043795620438,0.041633864297022,0.051598764593346357,137,295,0.24,137,3,iid,0.45,64,0,0,1,0.5300825926477647,0.49991297853654476,0.004709,56,0.0,0.007299270072992729
cancer,3,best local,0.927007299270073,0.04911509623447864,0.06424709243712645,137,295,0.24,137,3,iid,0.45,64,0,0,1,0.5688487737497122,0.4794371040460718,0.208209,104,0.007299270072992692,0.007299270072992692
cancer,3,unweighted ensemble,0.9343065693430657,0.05366975757706007,0.08981000330839481,137,295,0.24,137,3,iid,0.45,64,1,3288,3,0.5688487737497122,0.4794371040460718,0.399584,264,0.007299270072992692,0.007299270072992692
cancer,3,weighted ensemble,0.9343065693430657,0.05210093925820868,0.0841635230336524,137,295,0.24,137,3,iid,0.45,64,1,3288,3,0.5688487737497122,0.4794371040460718,0.410833,264,0.007299270072992692,0.007299270072992692
cancer,3,hard transfer,0.9124087591240876,0.05452372909621527,0.05117615734308533,137,295,0.24,137,3,iid,0.45,64,1,3288,1,0.5688487737497122,0.4794371040460718,0.004959,56,0.007299270072992692,0.007299270072992692
cancer,3,FedDF,0.927007299270073,0.06045874820828229,0.1282771605570285,137,295,0.24,137,3,iid,0.45,64,1,3288,1,0.5688487737497122,0.4794371040460718,0.004458,56,0.007299270072992692,0.007299270072992692
cancer,3,FedMD-1r,0.9343065693430657,0.058266029991058024,0.10735061344768462,137,295,0.24,137,3,iid,0.45,64,1,3288,3,0.5688487737497122,0.4794371040460718,0.412792,264,0.007299270072992692,0.007299270072992692
cancer,3,FedMD-2r,0.9343065693430657,0.060218003049406714,0.11516493139154169,137,295,0.24,137,3,iid,0.45,64,2,6576,3,0.5688487737497122,0.4794371040460718,0.416542,264,0.007299270072992692,0.007299270072992692
cancer,3,FedMD,0.9343065693430657,0.06108364339118403,0.11841573887831879,137,295,0.24,137,3,iid,0.45,64,3,9864,3,0.5688487737497122,0.4794371040460718,0.414292,264,0.007299270072992692,0.007299270072992692
cancer,3,centralized reference,0.9197080291970803,0.04734630525519162,0.07091834894817378,137,295,0.24,137,3,iid,0.45,64,0,0,1,0.5688487737497122,0.4794371040460718,0.004625,56,0.007299270072992692,0.007299270072992692
cancer,0,best local,0.9416058394160584,0.053939303387397046,0.05565894679490793,205,227,0.36,137,3,iid,0.45,64,0,0,1,0.46715627267682586,0.4601818414649763,0.200458,104,-0.007299270072992692,0.009732360097323589
cancer,0,unweighted ensemble,0.9416058394160584,0.04931085027070756,0.08784697344806934,205,227,0.36,137,3,iid,0.45,64,1,4920,3,0.46715627267682586,0.4601818414649763,0.419917,264,-0.007299270072992692,0.009732360097323589
cancer,0,weighted ensemble,0.9416058394160584,0.049011560599454294,0.08608574583719812,205,227,0.36,137,3,iid,0.45,64,1,4920,3,0.46715627267682586,0.4601818414649763,0.419375,264,-0.007299270072992692,0.009732360097323589
cancer,0,hard transfer,0.9343065693430657,0.04387535640177371,0.05997943340537545,205,227,0.36,137,3,iid,0.45,64,1,4920,1,0.46715627267682586,0.4601818414649763,0.004667,56,-0.007299270072992692,0.009732360097323589
cancer,0,FedDF,0.9124087591240876,0.05810548884516158,0.12825531391056585,205,227,0.36,137,3,iid,0.45,64,1,4920,1,0.46715627267682586,0.4601818414649763,0.004667,56,-0.007299270072992692,0.009732360097323589
cancer,0,FedMD-1r,0.9343065693430657,0.055968776018445916,0.1166705688031343,205,227,0.36,137,3,iid,0.45,64,1,4920,3,0.46715627267682586,0.4601818414649763,0.4245,264,-0.007299270072992692,0.009732360097323589
cancer,0,FedMD-2r,0.9343065693430657,0.05882199027320453,0.1250255040374522,205,227,0.36,137,3,iid,0.45,64,2,9840,3,0.46715627267682586,0.4601818414649763,0.416541,264,-0.007299270072992692,0.009732360097323589
cancer,0,FedMD,0.927007299270073,0.059998419535599576,0.12840262784431958,205,227,0.36,137,3,iid,0.45,64,3,14760,3,0.46715627267682586,0.4601818414649763,0.429208,264,-0.007299270072992692,0.009732360097323589
cancer,0,centralized reference,0.927007299270073,0.03864666525030401,0.06789019391482647,205,227,0.36,137,3,iid,0.45,64,0,0,1,0.46715627267682586,0.4601818414649763,0.004958,56,-0.007299270072992692,0.009732360097323589
cancer,1,best local,0.9343065693430657,0.0551292848279734,0.047266953707568976,205,227,0.36,137,3,iid,0.45,64,0,0,1,0.4892615358347206,0.48664148205062535,0.004667,56,-0.014598540145985495,-3.700743415417188e-17
cancer,1,unweighted ensemble,0.948905109489051,0.04993735172498816,0.08453739384810742,205,227,0.36,137,3,iid,0.45,64,1,4920,3,0.4892615358347206,0.48664148205062535,0.417833,264,-0.014598540145985495,-3.700743415417188e-17
cancer,1,weighted ensemble,0.9562043795620438,0.048812246743996396,0.07632598227349466,205,227,0.36,137,3,iid,0.45,64,1,4920,3,0.4892615358347206,0.48664148205062535,0.407209,264,-0.014598540145985495,-3.700743415417188e-17
cancer,1,hard transfer,0.9343065693430657,0.04959545967346044,0.03990102534545294,205,227,0.36,137,3,iid,0.45,64,1,4920,1,0.4892615358347206,0.48664148205062535,0.004625,56,-0.014598540145985495,-3.700743415417188e-17
cancer,1,FedDF,0.9343065693430657,0.06260234432512746,0.10058302721168438,205,227,0.36,137,3,iid,0.45,64,1,4920,1,0.4892615358347206,0.48664148205062535,0.004625,56,-0.014598540145985495,-3.700743415417188e-17
cancer,1,FedMD-1r,0.948905109489051,0.0545709977733177,0.10460414881705443,205,227,0.36,137,3,iid,0.45,64,1,4920,3,0.4892615358347206,0.48664148205062535,0.417417,264,-0.014598540145985495,-3.700743415417188e-17
cancer,1,FedMD-2r,0.948905109489051,0.05666114630455785,0.11352265792806034,205,227,0.36,137,3,iid,0.45,64,2,9840,3,0.4892615358347206,0.48664148205062535,0.414209,264,-0.014598540145985495,-3.700743415417188e-17
cancer,1,FedMD,0.948905109489051,0.05753136004313432,0.1170366387376024,205,227,0.36,137,3,iid,0.45,64,3,14760,3,0.4892615358347206,0.48664148205062535,0.435125,264,-0.014598540145985495,-3.700743415417188e-17
cancer,1,centralized reference,0.9343065693430657,0.046840236568473935,0.05037825512693395,205,227,0.36,137,3,iid,0.45,64,0,0,1,0.4892615358347206,0.48664148205062535,0.004916,56,-0.014598540145985495,-3.700743415417188e-17
cancer,2,best local,0.948905109489051,0.05091988827472371,0.06825156372588963,205,227,0.36,137,3,iid,0.45,64,0,0,1,0.5541575959363129,0.4970474239125795,0.004959,56,0.014598540145985495,0.017031630170316392
cancer,2,unweighted ensemble,0.9562043795620438,0.049918620713701664,0.10287165086618895,205,227,0.36,137,3,iid,0.45,64,1,4920,3,0.5541575959363129,0.4970474239125795,0.427542,264,0.014598540145985495,0.017031630170316392
cancer,2,weighted ensemble,0.9635036496350365,0.04938885940465522,0.09914140845878144,205,227,0.36,137,3,iid,0.45,64,1,4920,3,0.5541575959363129,0.4970474239125795,0.416375,264,0.014598540145985495,0.017031630170316392
cancer,2,hard transfer,0.9343065693430657,0.05141850263200499,0.06422140212767692,205,227,0.36,137,3,iid,0.45,64,1,4920,1,0.5541575959363129,0.4970474239125795,0.004667,56,0.014598540145985495,0.017031630170316392
cancer,2,FedDF,0.9416058394160584,0.06571947410660887,0.12547595393607466,205,227,0.36,137,3,iid,0.45,64,1,4920,1,0.5541575959363129,0.4970474239125795,0.004667,56,0.014598540145985495,0.017031630170316392
cancer,2,FedMD-1r,0.9416058394160584,0.05944042385697649,0.1278665334611141,205,227,0.36,137,3,iid,0.45,64,1,4920,3,0.5541575959363129,0.4970474239125795,0.419334,264,0.014598540145985495,0.017031630170316392
cancer,2,FedMD-2r,0.9343065693430657,0.06257935971444774,0.13673021325950813,205,227,0.36,137,3,iid,0.45,64,2,9840,3,0.5541575959363129,0.4970474239125795,0.421417,264,0.014598540145985495,0.017031630170316392
cancer,2,FedMD,0.927007299270073,0.06362933968617193,0.13987535036870594,205,227,0.36,137,3,iid,0.45,64,3,14760,3,0.5541575959363129,0.4970474239125795,0.422417,264,0.014598540145985495,0.017031630170316392
cancer,2,centralized reference,0.9562043795620438,0.0436705225332632,0.06309340788306798,205,227,0.36,137,3,iid,0.45,64,0,0,1,0.5541575959363129,0.4970474239125795,0.004541,56,0.014598540145985495,0.017031630170316392
cancer,3,best local,0.8978102189781022,0.07868060946952717,0.06173584081374577,205,227,0.36,137,3,iid,0.45,64,0,0,1,0.5737704358219148,0.4630870363256072,0.205125,104,-0.007299270072992692,-0.007299270072992692
cancer,3,unweighted ensemble,0.8978102189781022,0.06806978096520193,0.07978498771123912,205,227,0.36,137,3,iid,0.45,64,1,4920,3,0.5737704358219148,0.4630870363256072,0.426083,264,-0.007299270072992692,-0.007299270072992692
cancer,3,weighted ensemble,0.9124087591240876,0.0675085260613392,0.08919735850945032,205,227,0.36,137,3,iid,0.45,64,1,4920,3,0.5737704358219148,0.4630870363256072,0.414208,264,-0.007299270072992692,-0.007299270072992692
cancer,3,hard transfer,0.9124087591240876,0.06246505149843396,0.0766475050202618,205,227,0.36,137,3,iid,0.45,64,1,4920,1,0.5737704358219148,0.4630870363256072,0.004709,56,-0.007299270072992692,-0.007299270072992692
cancer,3,FedDF,0.8905109489051095,0.07569367738826822,0.10451252625902815,205,227,0.36,137,3,iid,0.45,64,1,4920,1,0.5737704358219148,0.4630870363256072,0.004208,56,-0.007299270072992692,-0.007299270072992692
cancer,3,FedMD-1r,0.9051094890510949,0.0734776768803522,0.10196710421851726,205,227,0.36,137,3,iid,0.45,64,1,4920,3,0.5737704358219148,0.4630870363256072,0.422084,264,-0.007299270072992692,-0.007299270072992692
cancer,3,FedMD-2r,0.9124087591240876,0.07584412891764095,0.10874004625992399,205,227,0.36,137,3,iid,0.45,64,2,9840,3,0.5737704358219148,0.4630870363256072,0.417167,264,-0.007299270072992692,-0.007299270072992692
cancer,3,FedMD,0.9051094890510949,0.07665894348858059,0.11127712605635282,205,227,0.36,137,3,iid,0.45,64,3,14760,3,0.5737704358219148,0.4630870363256072,0.420042,264,-0.007299270072992692,-0.007299270072992692
cancer,3,centralized reference,0.9416058394160584,0.04808867881636318,0.07477241219409166,205,227,0.36,137,3,iid,0.45,64,0,0,1,0.5737704358219148,0.4630870363256072,0.005084,56,-0.007299270072992692,-0.007299270072992692
cancer,0,best local,0.9416058394160584,0.03783690351553312,0.07267946348023818,68,364,0.12,137,3,iid,0.75,64,0,0,1,0.4955366428763799,0.5102647324573418,0.2075,104,-0.014598540145985384,-0.0024330900243308973
cancer,0,unweighted ensemble,0.9343065693430657,0.05137919765629883,0.13715286924491704,68,364,0.12,137,3,iid,0.75,64,1,1632,3,0.4955366428763799,0.5102647324573418,0.418875,264,-0.014598540145985384,-0.0024330900243308973
cancer,0,weighted ensemble,0.927007299270073,0.04233666626088754,0.11245748521033652,68,364,0.12,137,3,iid,0.75,64,1,1632,3,0.4955366428763799,0.5102647324573418,0.421916,264,-0.014598540145985384,-0.0024330900243308973
cancer,0,hard transfer,0.9343065693430657,0.039680485477730204,0.05827833303152328,68,364,0.12,137,3,iid,0.75,64,1,1632,1,0.4955366428763799,0.5102647324573418,0.004541,56,-0.014598540145985384,-0.0024330900243308973
cancer,0,FedDF,0.9343065693430657,0.06142323811816131,0.1351796903067034,68,364,0.12,137,3,iid,0.75,64,1,1632,1,0.4955366428763799,0.5102647324573418,0.004459,56,-0.014598540145985384,-0.0024330900243308973
cancer,0,FedMD-1r,0.9343065693430657,0.0628359973637825,0.14975404065056108,68,364,0.12,137,3,iid,0.75,64,1,1632,3,0.4955366428763799,0.5102647324573418,0.421958,264,-0.014598540145985384,-0.0024330900243308973
cancer,0,FedMD-2r,0.9343065693430657,0.06768992614206369,0.16266821569685164,68,364,0.12,137,3,iid,0.75,64,2,3264,3,0.4955366428763799,0.5102647324573418,0.419458,264,-0.014598540145985384,-0.0024330900243308973
cancer,0,FedMD,0.9343065693430657,0.0697463086025987,0.16765730303967286,68,364,0.12,137,3,iid,0.75,64,3,4896,3,0.4955366428763799,0.5102647324573418,0.416875,264,-0.014598540145985384,-0.0024330900243308973
cancer,0,centralized reference,0.927007299270073,0.038080374929008926,0.06394352573942999,68,364,0.12,137,3,iid,0.75,64,0,0,1,0.4955366428763799,0.5102647324573418,0.004875,56,-0.014598540145985384,-0.0024330900243308973
cancer,1,best local,0.9708029197080292,0.03888759542831564,0.07708350471019874,68,364,0.12,137,3,iid,0.75,64,0,0,1,0.5247554795620109,0.4776982131078316,0.206042,104,0.007299270072992692,0.012165450121654561
cancer,1,unweighted ensemble,0.9635036496350365,0.04855624942496103,0.13064458015679012,68,364,0.12,137,3,iid,0.75,64,1,1632,3,0.5247554795620109,0.4776982131078316,0.408833,264,0.007299270072992692,0.012165450121654561
cancer,1,weighted ensemble,0.948905109489051,0.04412741305351785,0.09642784040733324,68,364,0.12,137,3,iid,0.75,64,1,1632,3,0.5247554795620109,0.4776982131078316,0.407458,264,0.007299270072992692,0.012165450121654561
cancer,1,hard transfer,0.9416058394160584,0.044843655146139354,0.03750836864781776,68,364,0.12,137,3,iid,0.75,64,1,1632,1,0.5247554795620109,0.4776982131078316,0.004584,56,0.007299270072992692,0.012165450121654561
cancer,1,FedDF,0.9416058394160584,0.06269506932562574,0.11794902399609232,68,364,0.12,137,3,iid,0.75,64,1,1632,1,0.5247554795620109,0.4776982131078316,0.004417,56,0.007299270072992692,0.012165450121654561
cancer,1,FedMD-1r,0.948905109489051,0.059889056108527114,0.16704631487711094,68,364,0.12,137,3,iid,0.75,64,1,1632,3,0.5247554795620109,0.4776982131078316,0.411833,264,0.007299270072992692,0.012165450121654561
cancer,1,FedMD-2r,0.9343065693430657,0.06474308754322526,0.1796068609701821,68,364,0.12,137,3,iid,0.75,64,2,3264,3,0.5247554795620109,0.4776982131078316,0.411333,264,0.007299270072992692,0.012165450121654561
cancer,1,FedMD,0.9197080291970803,0.0667486703347327,0.1904088075924136,68,364,0.12,137,3,iid,0.75,64,3,4896,3,0.5247554795620109,0.4776982131078316,0.41825,264,0.007299270072992692,0.012165450121654561
cancer,1,centralized reference,0.9416058394160584,0.04505385200169449,0.042961598279801845,68,364,0.12,137,3,iid,0.75,64,0,0,1,0.5247554795620109,0.4776982131078316,0.005125,56,0.007299270072992692,0.012165450121654561
cancer,2,best local,0.9635036496350365,0.03310845499065211,0.07580251879083852,68,364,0.12,137,3,iid,0.75,64,0,0,1,0.5490285275767234,0.4884879009728074,0.205292,104,0.0,0.009732360097323589
cancer,2,unweighted ensemble,0.9708029197080292,0.05042885732102674,0.14626648097207864,68,364,0.12,137,3,iid,0.75,64,1,1632,3,0.5490285275767234,0.4884879009728074,0.408667,264,0.0,0.009732360097323589
cancer,2,weighted ensemble,0.9781021897810219,0.03872662753458137,0.10722038291721431,68,364,0.12,137,3,iid,0.75,64,1,1632,3,0.5490285275767234,0.4884879009728074,0.409167,264,0.0,0.009732360097323589
cancer,2,hard transfer,0.9197080291970803,0.054317956376137164,0.05593805367543819,68,364,0.12,137,3,iid,0.75,64,1,1632,1,0.5490285275767234,0.4884879009728074,0.005208,56,0.0,0.009732360097323589
cancer,2,FedDF,0.948905109489051,0.06863201031474525,0.14600597032897839,68,364,0.12,137,3,iid,0.75,64,1,1632,1,0.5490285275767234,0.4884879009728074,0.004541,56,0.0,0.009732360097323589
cancer,2,FedMD-1r,0.9562043795620438,0.06641332409740887,0.18351419339337657,68,364,0.12,137,3,iid,0.75,64,1,1632,3,0.5490285275767234,0.4884879009728074,0.407292,264,0.0,0.009732360097323589
cancer,2,FedMD-2r,0.9562043795620438,0.07226739347508651,0.203183501078538,68,364,0.12,137,3,iid,0.75,64,2,3264,3,0.5490285275767234,0.4884879009728074,0.421875,264,0.0,0.009732360097323589
cancer,2,FedMD,0.9562043795620438,0.07458836691527027,0.21404910560839482,68,364,0.12,137,3,iid,0.75,64,3,4896,3,0.5490285275767234,0.4884879009728074,0.404958,264,0.0,0.009732360097323589
cancer,2,centralized reference,0.9635036496350365,0.03768974837058662,0.0686385437841336,68,364,0.12,137,3,iid,0.75,64,0,0,1,0.5490285275767234,0.4884879009728074,0.004583,56,0.0,0.009732360097323589
cancer,3,best local,0.927007299270073,0.05395245090706204,0.07408970387961789,68,364,0.12,137,3,iid,0.75,64,0,0,1,0.5101618840509482,0.4880196440456212,0.004542,56,-0.029197080291970767,0.0
cancer,3,unweighted ensemble,0.9051094890510949,0.07616333939797612,0.1839503741858078,68,364,0.12,137,3,iid,0.75,64,1,1632,3,0.5101618840509482,0.4880196440456212,0.404959,264,-0.029197080291970767,0.0
cancer,3,weighted ensemble,0.927007299270073,0.06108873031445591,0.13870934033200277,68,364,0.12,137,3,iid,0.75,64,1,1632,3,0.5101618840509482,0.4880196440456212,0.407333,264,-0.029197080291970767,0.0
cancer,3,hard transfer,0.8759124087591241,0.09650348355476981,0.12551534959586397,68,364,0.12,137,3,iid,0.75,64,1,1632,1,0.5101618840509482,0.4880196440456212,0.004417,56,-0.029197080291970767,0.0
cancer,3,FedDF,0.8978102189781022,0.09896344266081349,0.1913263482001899,68,364,0.12,137,3,iid,0.75,64,1,1632,1,0.5101618840509482,0.4880196440456212,0.00425,56,-0.029197080291970767,0.0
cancer,3,FedMD-1r,0.8832116788321168,0.09773824226473235,0.21692918042310702,68,364,0.12,137,3,iid,0.75,64,1,1632,3,0.5101618840509482,0.4880196440456212,0.408458,264,-0.029197080291970767,0.0
cancer,3,FedMD-2r,0.8832116788321168,0.10423734269368644,0.2210748265625726,68,364,0.12,137,3,iid,0.75,64,2,3264,3,0.5101618840509482,0.4880196440456212,0.415417,264,-0.029197080291970767,0.0
cancer,3,FedMD,0.8759124087591241,0.10677883504715413,0.22601866972162546,68,364,0.12,137,3,iid,0.75,64,3,4896,3,0.5101618840509482,0.4880196440456212,0.411208,264,-0.029197080291970767,0.0
cancer,3,centralized reference,0.9197080291970803,0.04875531524991248,0.07033123634229183,68,364,0.12,137,3,iid,0.75,64,0,0,1,0.5101618840509482,0.4880196440456212,0.004625,56,-0.029197080291970767,0.0
cancer,0,best local,0.9562043795620438,0.040467704203926036,0.06339295508390003,137,295,0.24,137,3,iid,0.75,64,0,0,1,0.5045172164567369,0.5024408642761093,0.201917,104,-0.007299270072992692,0.0
cancer,0,unweighted ensemble,0.9416058394160584,0.049612512140967076,0.12294749704103013,137,295,0.24,137,3,iid,0.75,64,1,3288,3,0.5045172164567369,0.5024408642761093,0.41325,264,-0.007299270072992692,0.0
cancer,0,weighted ensemble,0.9343065693430657,0.04148384350326005,0.08893247302072832,137,295,0.24,137,3,iid,0.75,64,1,3288,3,0.5045172164567369,0.5024408642761093,0.406041,264,-0.007299270072992692,0.0
cancer,0,hard transfer,0.9416058394160584,0.03705129420377611,0.06173280568976672,137,295,0.24,137,3,iid,0.75,64,1,3288,1,0.5045172164567369,0.5024408642761093,0.004583,56,-0.007299270072992692,0.0
cancer,0,FedDF,0.9416058394160584,0.0618880568544224,0.14626945786480874,137,295,0.24,137,3,iid,0.75,64,1,3288,1,0.5045172164567369,0.5024408642761093,0.0045,56,-0.007299270072992692,0.0
cancer,0,FedMD-1r,0.9416058394160584,0.06198903191812762,0.15006117656160903,137,295,0.24,137,3,iid,0.75,64,1,3288,3,0.5045172164567369,0.5024408642761093,0.418125,264,-0.007299270072992692,0.0
cancer,0,FedMD-2r,0.9416058394160584,0.06714356176521807,0.157076192894407,137,295,0.24,137,3,iid,0.75,64,2,6576,3,0.5045172164567369,0.5024408642761093,0.423375,264,-0.007299270072992692,0.0
cancer,0,FedMD,0.9416058394160584,0.06921523488189796,0.16216402239169625,137,295,0.24,137,3,iid,0.75,64,3,9864,3,0.5045172164567369,0.5024408642761093,0.417875,264,-0.007299270072992692,0.0
cancer,0,centralized reference,0.927007299270073,0.03756483672071832,0.07259169301027905,137,295,0.24,137,3,iid,0.75,64,0,0,1,0.5045172164567369,0.5024408642761093,0.004875,56,-0.007299270072992692,0.0
cancer,1,best local,0.9343065693430657,0.053198461379028034,0.04442337577335179,137,295,0.24,137,3,iid,0.75,64,0,0,1,0.5228216922690333,0.5099668415622535,0.004333,56,-0.007299270072992803,0.014598540145985347
cancer,1,unweighted ensemble,0.948905109489051,0.06156032836676649,0.13831124037052264,137,295,0.24,137,3,iid,0.75,64,1,3288,3,0.5228216922690333,0.5099668415622535,0.442709,264,-0.007299270072992803,0.014598540145985347
cancer,1,weighted ensemble,0.948905109489051,0.05379774705592434,0.10089105819795086,137,295,0.24,137,3,iid,0.75,64,1,3288,3,0.5228216922690333,0.5099668415622535,0.412708,264,-0.007299270072992803,0.014598540145985347
cancer,1,hard transfer,0.927007299270073,0.047036779390608005,0.03796893827445612,137,295,0.24,137,3,iid,0.75,64,1,3288,1,0.5228216922690333,0.5099668415622535,0.004542,56,-0.007299270072992803,0.014598540145985347
cancer,1,FedDF,0.927007299270073,0.07540789832081272,0.16032400337948288,137,295,0.24,137,3,iid,0.75,64,1,3288,1,0.5228216922690333,0.5099668415622535,0.004458,56,-0.007299270072992803,0.014598540145985347
cancer,1,FedMD-1r,0.927007299270073,0.07481002301679367,0.180638798857987,137,295,0.24,137,3,iid,0.75,64,1,3288,3,0.5228216922690333,0.5099668415622535,0.41675,264,-0.007299270072992803,0.014598540145985347
cancer,1,FedMD-2r,0.9197080291970803,0.08010206259046636,0.18495630279208922,137,295,0.24,137,3,iid,0.75,64,2,6576,3,0.5228216922690333,0.5099668415622535,0.4245,264,-0.007299270072992803,0.014598540145985347
cancer,1,FedMD,0.9197080291970803,0.0820872280935882,0.18980203027498682,137,295,0.24,137,3,iid,0.75,64,3,9864,3,0.5228216922690333,0.5099668415622535,0.419084,264,-0.007299270072992803,0.014598540145985347
cancer,1,centralized reference,0.9416058394160584,0.04584162726624034,0.04647109093483158,137,295,0.24,137,3,iid,0.75,64,0,0,1,0.5228216922690333,0.5099668415622535,0.004917,56,-0.007299270072992803,0.014598540145985347
cancer,2,best local,0.9635036496350365,0.038645165942450155,0.06493280566204405,137,295,0.24,137,3,iid,0.75,64,0,0,1,0.5301819024446762,0.5086274132155258,0.004667,56,0.0,0.0024330900243308973
cancer,2,unweighted ensemble,0.9635036496350365,0.05439774292881087,0.13866363691568082,137,295,0.24,137,3,iid,0.75,64,1,3288,3,0.5301819024446762,0.5086274132155258,0.414083,264,0.0,0.0024330900243308973
cancer,2,weighted ensemble,0.9562043795620438,0.041827747643241216,0.10391670885666288,137,295,0.24,137,3,iid,0.75,64,1,3288,3,0.5301819024446762,0.5086274132155258,0.407833,264,0.0,0.0024330900243308973
cancer,2,hard transfer,0.948905109489051,0.04375025121105718,0.042022488475779954,137,295,0.24,137,3,iid,0.75,64,1,3288,1,0.5301819024446762,0.5086274132155258,0.0045,56,0.0,0.0024330900243308973
cancer,2,FedDF,0.948905109489051,0.07205630561515419,0.1495541102181277,137,295,0.24,137,3,iid,0.75,64,1,3288,1,0.5301819024446762,0.5086274132155258,0.0045,56,0.0,0.0024330900243308973
cancer,2,FedMD-1r,0.9562043795620438,0.06997706641465422,0.17227140720811368,137,295,0.24,137,3,iid,0.75,64,1,3288,3,0.5301819024446762,0.5086274132155258,0.412416,264,0.0,0.0024330900243308973
cancer,2,FedMD-2r,0.9562043795620438,0.07562006452790042,0.18566800357944907,137,295,0.24,137,3,iid,0.75,64,2,6576,3,0.5301819024446762,0.5086274132155258,0.413125,264,0.0,0.0024330900243308973
cancer,2,FedMD,0.9562043795620438,0.07786308632396736,0.19073567009089162,137,295,0.24,137,3,iid,0.75,64,3,9864,3,0.5301819024446762,0.5086274132155258,0.410416,264,0.0,0.0024330900243308973
cancer,2,centralized reference,0.9562043795620438,0.041633864297022,0.051598764593346357,137,295,0.24,137,3,iid,0.75,64,0,0,1,0.5301819024446762,0.5086274132155258,0.004333,56,0.0,0.0024330900243308973
cancer,3,best local,0.927007299270073,0.04911509623447864,0.06424709243712645,137,295,0.24,137,3,iid,0.75,64,0,0,1,0.5565095314834627,0.473999892665169,0.204417,104,0.007299270072992692,0.012165450121654486
cancer,3,unweighted ensemble,0.9343065693430657,0.06498796709759748,0.12764429718000136,137,295,0.24,137,3,iid,0.75,64,1,3288,3,0.5565095314834627,0.473999892665169,0.4215,264,0.007299270072992692,0.012165450121654486
cancer,3,weighted ensemble,0.927007299270073,0.05487986561620087,0.0984481054872748,137,295,0.24,137,3,iid,0.75,64,1,3288,3,0.5565095314834627,0.473999892665169,0.419875,264,0.007299270072992692,0.012165450121654486
cancer,3,hard transfer,0.9197080291970803,0.05320205342097868,0.06616696004409031,137,295,0.24,137,3,iid,0.75,64,1,3288,1,0.5565095314834627,0.473999892665169,0.004542,56,0.007299270072992692,0.012165450121654486
cancer,3,FedDF,0.9197080291970803,0.07425790641638398,0.17066167178324115,137,295,0.24,137,3,iid,0.75,64,1,3288,1,0.5565095314834627,0.473999892665169,0.004459,56,0.007299270072992692,0.012165450121654486
cancer,3,FedMD-1r,0.9124087591240876,0.07651679072043303,0.1570109100233413,137,295,0.24,137,3,iid,0.75,64,1,3288,3,0.5565095314834627,0.473999892665169,0.413666,264,0.007299270072992692,0.012165450121654486
cancer,3,FedMD-2r,0.9051094890510949,0.0811506453200032,0.1693906218300036,137,295,0.24,137,3,iid,0.75,64,2,6576,3,0.5565095314834627,0.473999892665169,0.428291,264,0.007299270072992692,0.012165450121654486
cancer,3,FedMD,0.9051094890510949,0.08309585316421884,0.17496972136971306,137,295,0.24,137,3,iid,0.75,64,3,9864,3,0.5565095314834627,0.473999892665169,0.406583,264,0.007299270072992692,0.012165450121654486
cancer,3,centralized reference,0.9197080291970803,0.04734630525519162,0.07091834894817378,137,295,0.24,137,3,iid,0.75,64,0,0,1,0.5565095314834627,0.473999892665169,0.004625,56,0.007299270072992692,0.012165450121654486
cancer,0,best local,0.9416058394160584,0.053939303387397046,0.05565894679490793,205,227,0.36,137,3,iid,0.75,64,0,0,1,0.47014086310667186,0.4930447773936057,0.212209,104,0.007299270072992692,0.012165450121654486
cancer,0,unweighted ensemble,0.9416058394160584,0.058382488359697754,0.11944769054717286,205,227,0.36,137,3,iid,0.75,64,1,4920,3,0.47014086310667186,0.4930447773936057,0.430416,264,0.007299270072992692,0.012165450121654486
cancer,0,weighted ensemble,0.9416058394160584,0.05104754651352735,0.11366303875016386,205,227,0.36,137,3,iid,0.75,64,1,4920,3,0.47014086310667186,0.4930447773936057,0.415,264,0.007299270072992692,0.012165450121654486
cancer,0,hard transfer,0.9343065693430657,0.04223189335434966,0.05886677563612243,205,227,0.36,137,3,iid,0.75,64,1,4920,1,0.47014086310667186,0.4930447773936057,0.004667,56,0.007299270072992692,0.012165450121654486
cancer,0,FedDF,0.9197080291970803,0.07311798181942143,0.1805347723430533,205,227,0.36,137,3,iid,0.75,64,1,4920,1,0.47014086310667186,0.4930447773936057,0.005333,56,0.007299270072992692,0.012165450121654486
cancer,0,FedMD-1r,0.9343065693430657,0.07318513948056855,0.16331226630066897,205,227,0.36,137,3,iid,0.75,64,1,4920,3,0.47014086310667186,0.4930447773936057,0.429792,264,0.007299270072992692,0.012165450121654486
cancer,0,FedMD-2r,0.9197080291970803,0.07881183342879666,0.17692754773557406,205,227,0.36,137,3,iid,0.75,64,2,9840,3,0.47014086310667186,0.4930447773936057,0.417834,264,0.007299270072992692,0.012165450121654486
cancer,0,FedMD,0.9051094890510949,0.08096502316639455,0.1819593153684081,205,227,0.36,137,3,iid,0.75,64,3,14760,3,0.47014086310667186,0.4930447773936057,0.417417,264,0.007299270072992692,0.012165450121654486
cancer,0,centralized reference,0.927007299270073,0.03864666525030401,0.06789019391482647,205,227,0.36,137,3,iid,0.75,64,0,0,1,0.47014086310667186,0.4930447773936057,0.004708,56,0.007299270072992692,0.012165450121654486
cancer,1,best local,0.9343065693430657,0.0551292848279734,0.047266953707568976,205,227,0.36,137,3,iid,0.75,64,0,0,1,0.47982114654031677,0.4697720578819311,0.004792,56,-0.007299270072992692,-0.0048661800486617945
cancer,1,unweighted ensemble,0.9343065693430657,0.05848694171033216,0.11558307307572126,205,227,0.36,137,3,iid,0.75,64,1,4920,3,0.47982114654031677,0.4697720578819311,0.419417,264,-0.007299270072992692,-0.0048661800486617945
cancer,1,weighted ensemble,0.9416058394160584,0.05139732394202389,0.08105118461576905,205,227,0.36,137,3,iid,0.75,64,1,4920,3,0.47982114654031677,0.4697720578819311,0.41375,264,-0.007299270072992692,-0.0048661800486617945
cancer,1,hard transfer,0.9343065693430657,0.04905940044339704,0.03585874071302957,205,227,0.36,137,3,iid,0.75,64,1,4920,1,0.47982114654031677,0.4697720578819311,0.004917,56,-0.007299270072992692,-0.0048661800486617945
cancer,1,FedDF,0.9343065693430657,0.07382591219275667,0.13216902946940684,205,227,0.36,137,3,iid,0.75,64,1,4920,1,0.47982114654031677,0.4697720578819311,0.004666,56,-0.007299270072992692,-0.0048661800486617945
cancer,1,FedMD-1r,0.9416058394160584,0.06959346735307649,0.15833326471686782,205,227,0.36,137,3,iid,0.75,64,1,4920,3,0.47982114654031677,0.4697720578819311,0.430708,264,-0.007299270072992692,-0.0048661800486617945
cancer,1,FedMD-2r,0.9416058394160584,0.07416802637613239,0.16552695340261378,205,227,0.36,137,3,iid,0.75,64,2,9840,3,0.47982114654031677,0.4697720578819311,0.426542,264,-0.007299270072992692,-0.0048661800486617945
cancer,1,FedMD,0.9416058394160584,0.0759734480295814,0.17043788779083502,205,227,0.36,137,3,iid,0.75,64,3,14760,3,0.47982114654031677,0.4697720578819311,0.420541,264,-0.007299270072992692,-0.0048661800486617945
cancer,1,centralized reference,0.9343065693430657,0.046840236568473935,0.05037825512693395,205,227,0.36,137,3,iid,0.75,64,0,0,1,0.47982114654031677,0.4697720578819311,0.004666,56,-0.007299270072992692,-0.0048661800486617945
cancer,2,best local,0.948905109489051,0.05091988827472371,0.06825156372588963,205,227,0.36,137,3,iid,0.75,64,0,0,1,0.5556498911512358,0.4959444231015495,0.004791,56,0.007299270072992692,0.012165450121654486
cancer,2,unweighted ensemble,0.948905109489051,0.06091135227969908,0.1473604104406183,205,227,0.36,137,3,iid,0.75,64,1,4920,3,0.5556498911512358,0.4959444231015495,0.417375,264,0.007299270072992692,0.012165450121654486
cancer,2,weighted ensemble,0.9635036496350365,0.05517873217831859,0.12443044302646142,205,227,0.36,137,3,iid,0.75,64,1,4920,3,0.5556498911512358,0.4959444231015495,0.409625,264,0.007299270072992692,0.012165450121654486
cancer,2,hard transfer,0.927007299270073,0.05404945169052739,0.06918336014108314,205,227,0.36,137,3,iid,0.75,64,1,4920,1,0.5556498911512358,0.4959444231015495,0.004417,56,0.007299270072992692,0.012165450121654486
cancer,2,FedDF,0.9343065693430657,0.07885179254854142,0.16858142285608202,205,227,0.36,137,3,iid,0.75,64,1,4920,1,0.5556498911512358,0.4959444231015495,0.004334,56,0.007299270072992692,0.012165450121654486
cancer,2,FedMD-1r,0.927007299270073,0.07722509574841026,0.19351020498715957,205,227,0.36,137,3,iid,0.75,64,1,4920,3,0.5556498911512358,0.4959444231015495,0.42875,264,0.007299270072992692,0.012165450121654486
cancer,2,FedMD-2r,0.9197080291970803,0.08277937077254216,0.20619521238565444,205,227,0.36,137,3,iid,0.75,64,2,9840,3,0.5556498911512358,0.4959444231015495,0.422541,264,0.007299270072992692,0.012165450121654486
cancer,2,FedMD,0.9197080291970803,0.0847102222880946,0.21066489703928884,205,227,0.36,137,3,iid,0.75,64,3,14760,3,0.5556498911512358,0.4959444231015495,0.425125,264,0.007299270072992692,0.012165450121654486
cancer,2,centralized reference,0.9562043795620438,0.0436705225332632,0.06309340788306798,205,227,0.36,137,3,iid,0.75,64,0,0,1,0.5556498911512358,0.4959444231015495,0.004667,56,0.007299270072992692,0.012165450121654486
cancer,3,best local,0.8978102189781022,0.07868060946952717,0.06173584081374577,205,227,0.36,137,3,iid,0.75,64,0,0,1,0.5683851965680625,0.4525112050198489,0.199833,104,0.0,0.009732360097323589
cancer,3,unweighted ensemble,0.9051094890510949,0.07946150389802979,0.11675966578931933,205,227,0.36,137,3,iid,0.75,64,1,4920,3,0.5683851965680625,0.4525112050198489,0.419042,264,0.0,0.009732360097323589
cancer,3,weighted ensemble,0.8978102189781022,0.0734077117517347,0.09896621203679946,205,227,0.36,137,3,iid,0.75,64,1,4920,3,0.5683851965680625,0.4525112050198489,0.411125,264,0.0,0.009732360097323589
cancer,3,hard transfer,0.9197080291970803,0.06832562698371787,0.09123240216401726,205,227,0.36,137,3,iid,0.75,64,1,4920,1,0.5683851965680625,0.4525112050198489,0.0045,56,0.0,0.009732360097323589
cancer,3,FedDF,0.8978102189781022,0.08736114459312058,0.14761701374827346,205,227,0.36,137,3,iid,0.75,64,1,4920,1,0.5683851965680625,0.4525112050198489,0.004584,56,0.0,0.009732360097323589
cancer,3,FedMD-1r,0.8978102189781022,0.08982369928480403,0.13129507430877213,205,227,0.36,137,3,iid,0.75,64,1,4920,3,0.5683851965680625,0.4525112050198489,0.413708,264,0.0,0.009732360097323589
cancer,3,FedMD-2r,0.8978102189781022,0.09387491243739107,0.13806876407819788,205,227,0.36,137,3,iid,0.75,64,2,9840,3,0.5683851965680625,0.4525112050198489,0.411875,264,0.0,0.009732360097323589
cancer,3,FedMD,0.8978102189781022,0.09530879257367668,0.14192171247270688,205,227,0.36,137,3,iid,0.75,64,3,14760,3,0.5683851965680625,0.4525112050198489,0.415833,264,0.0,0.009732360097323589
cancer,3,centralized reference,0.9416058394160584,0.04808867881636318,0.07477241219409166,205,227,0.36,137,3,iid,0.75,64,0,0,1,0.5683851965680625,0.4525112050198489,0.004666,56,0.0,0.009732360097323589
cancer,0,best local,0.7956204379562044,0.15462607182295982,0.12702126617349352,68,364,0.12,137,3,severe,0.0,64,0,0,1,0.6714051103131569,0.520064174768451,0.209416,104,-0.07299270072992703,-0.007299270072992692
cancer,0,unweighted ensemble,0.8248175182481752,0.11139809356534641,0.17415244640166835,68,364,0.12,137,3,severe,0.0,64,1,1632,3,0.6714051103131569,0.520064174768451,0.4285,264,-0.07299270072992703,-0.007299270072992692
cancer,0,weighted ensemble,0.781021897810219,0.13636448441144364,0.15306839126775035,68,364,0.12,137,3,severe,0.0,64,1,1632,3,0.6714051103131569,0.520064174768451,0.419458,264,-0.07299270072992703,-0.007299270072992692
cancer,0,hard transfer,0.8248175182481752,0.12179095913700758,0.14118186403670135,68,364,0.12,137,3,severe,0.0,64,1,1632,1,0.6714051103131569,0.520064174768451,0.005,56,-0.07299270072992703,-0.007299270072992692
cancer,0,FedDF,0.8102189781021898,0.12238925348233153,0.17249954322576339,68,364,0.12,137,3,severe,0.0,64,1,1632,1,0.6714051103131569,0.520064174768451,0.005166,56,-0.07299270072992703,-0.007299270072992692
cancer,0,FedMD-1r,0.8978102189781022,0.09142296979035451,0.1872537805954093,68,364,0.12,137,3,severe,0.0,64,1,1632,3,0.6714051103131569,0.520064174768451,0.459917,264,-0.07299270072992703,-0.007299270072992692
cancer,0,FedMD-2r,0.9124087591240876,0.08207102271318462,0.1741119162709008,68,364,0.12,137,3,severe,0.0,64,2,3264,3,0.6714051103131569,0.520064174768451,0.424125,264,-0.07299270072992703,-0.007299270072992692
cancer,0,FedMD,0.927007299270073,0.07574801808036934,0.16308623343998555,68,364,0.12,137,3,severe,0.0,64,3,4896,3,0.6714051103131569,0.520064174768451,0.430792,264,-0.07299270072992703,-0.007299270072992692
cancer,0,centralized reference,0.927007299270073,0.038080374929008926,0.06394352573942999,68,364,0.12,137,3,severe,0.0,64,0,0,1,0.6714051103131569,0.520064174768451,0.004917,56,-0.07299270072992703,-0.007299270072992692
cancer,1,best local,0.8029197080291971,0.15105914027580392,0.10085915640385762,68,364,0.12,137,3,severe,0.0,64,0,0,1,0.6742469568244368,0.47620625193046795,0.208167,104,-0.08759124087591241,-0.034063260340632597
cancer,1,unweighted ensemble,0.8175182481751825,0.1138638003940187,0.1590351632044639,68,364,0.12,137,3,severe,0.0,64,1,1632,3,0.6742469568244368,0.47620625193046795,0.4195,264,-0.08759124087591241,-0.034063260340632597
cancer,1,weighted ensemble,0.8102189781021898,0.13105482547934277,0.11569894219731928,68,364,0.12,137,3,severe,0.0,64,1,1632,3,0.6742469568244368,0.47620625193046795,0.417459,264,-0.08759124087591241,-0.034063260340632597
cancer,1,hard transfer,0.8467153284671532,0.11717111753282217,0.12407869728536473,68,364,0.12,137,3,severe,0.0,64,1,1632,1,0.6742469568244368,0.47620625193046795,0.004917,56,-0.08759124087591241,-0.034063260340632597
cancer,1,FedDF,0.8905109489051095,0.10903706400416824,0.1572135249086604,68,364,0.12,137,3,severe,0.0,64,1,1632,1,0.6742469568244368,0.47620625193046795,0.004708,56,-0.08759124087591241,-0.034063260340632597
cancer,1,FedMD-1r,0.9124087591240876,0.08843252616837853,0.18111143067917443,68,364,0.12,137,3,severe,0.0,64,1,1632,3,0.6742469568244368,0.47620625193046795,0.418208,264,-0.08759124087591241,-0.034063260340632597
cancer,1,FedMD-2r,0.9124087591240876,0.07995257194369447,0.1796600061728485,68,364,0.12,137,3,severe,0.0,64,2,3264,3,0.6742469568244368,0.47620625193046795,0.418541,264,-0.08759124087591241,-0.034063260340632597
cancer,1,FedMD,0.9051094890510949,0.07549144501985673,0.17195018086697517,68,364,0.12,137,3,severe,0.0,64,3,4896,3,0.6742469568244368,0.47620625193046795,0.41775,264,-0.08759124087591241,-0.034063260340632597
cancer,1,centralized reference,0.9416058394160584,0.04505385200169449,0.042961598279801845,68,364,0.12,137,3,severe,0.0,64,0,0,1,0.6742469568244368,0.47620625193046795,0.004666,56,-0.08759124087591241,-0.034063260340632597
cancer,2,best local,0.8613138686131386,0.09231792929926548,0.1529784003930181,68,364,0.12,137,3,severe,0.0,64,0,0,1,0.6677953619983709,0.4452015779318965,0.203584,104,-0.13138686131386856,-0.014598540145985384
cancer,2,unweighted ensemble,0.8175182481751825,0.09838540280922257,0.18394759094887486,68,364,0.12,137,3,severe,0.0,64,1,1632,3,0.6677953619983709,0.4452015779318965,0.414042,264,-0.13138686131386856,-0.014598540145985384
cancer,2,weighted ensemble,0.8248175182481752,0.09872436066394938,0.14305042921101035,68,364,0.12,137,3,severe,0.0,64,1,1632,3,0.6677953619983709,0.4452015779318965,0.413459,264,-0.13138686131386856,-0.014598540145985384
cancer,2,hard transfer,0.8175182481751825,0.1291948830832139,0.14123589290826044,68,364,0.12,137,3,severe,0.0,64,1,1632,1,0.6677953619983709,0.4452015779318965,0.004834,56,-0.13138686131386856,-0.014598540145985384
cancer,2,FedDF,0.8248175182481752,0.10521131247255819,0.17737627635443615,68,364,0.12,137,3,severe,0.0,64,1,1632,1,0.6677953619983709,0.4452015779318965,0.004708,56,-0.13138686131386856,-0.014598540145985384
cancer,2,FedMD-1r,0.9197080291970803,0.07847949824472966,0.1737877241845217,68,364,0.12,137,3,severe,0.0,64,1,1632,3,0.6677953619983709,0.4452015779318965,0.416875,264,-0.13138686131386856,-0.014598540145985384
cancer,2,FedMD-2r,0.948905109489051,0.06917997719416051,0.15979002523021485,68,364,0.12,137,3,severe,0.0,64,2,3264,3,0.6677953619983709,0.4452015779318965,0.414083,264,-0.13138686131386856,-0.014598540145985384
cancer,2,FedMD,0.9562043795620438,0.06329828330848064,0.15730814279405872,68,364,0.12,137,3,severe,0.0,64,3,4896,3,0.6677953619983709,0.4452015779318965,0.419208,264,-0.13138686131386856,-0.014598540145985384
cancer,2,centralized reference,0.9635036496350365,0.03768974837058662,0.0686385437841336,68,364,0.12,137,3,severe,0.0,64,0,0,1,0.6677953619983709,0.4452015779318965,0.004833,56,-0.13138686131386856,-0.014598540145985384
cancer,3,best local,0.8029197080291971,0.13932837477925208,0.09323849357803438,68,364,0.12,137,3,severe,0.0,64,0,0,1,0.6086084116151452,0.4889507188015787,0.207541,104,0.12408759124087587,0.14355231143552308
cancer,3,unweighted ensemble,0.8102189781021898,0.17278633411696673,0.16561830535067043,68,364,0.12,137,3,severe,0.0,64,1,1632,3,0.6086084116151452,0.4889507188015787,0.431125,264,0.12408759124087587,0.14355231143552308
cancer,3,weighted ensemble,0.8029197080291971,0.1438654984212809,0.1255373679387098,68,364,0.12,137,3,severe,0.0,64,1,1632,3,0.6086084116151452,0.4889507188015787,0.415542,264,0.12408759124087587,0.14355231143552308
cancer,3,hard transfer,0.8175182481751825,0.14890916295050016,0.10751886281491535,68,364,0.12,137,3,severe,0.0,64,1,1632,1,0.6086084116151452,0.4889507188015787,0.00475,56,0.12408759124087587,0.14355231143552308
cancer,3,FedDF,0.7372262773722628,0.1951705576883747,0.11938304247403321,68,364,0.12,137,3,severe,0.0,64,1,1632,1,0.6086084116151452,0.4889507188015787,0.004541,56,0.12408759124087587,0.14355231143552308
cancer,3,FedMD-1r,0.8613138686131386,0.14624979656069598,0.202399380074861,68,364,0.12,137,3,severe,0.0,64,1,1632,3,0.6086084116151452,0.4889507188015787,0.420875,264,0.12408759124087587,0.14355231143552308
cancer,3,FedMD-2r,0.8540145985401459,0.13224039860716044,0.19199273009262338,68,364,0.12,137,3,severe,0.0,64,2,3264,3,0.6086084116151452,0.4889507188015787,0.419167,264,0.12408759124087587,0.14355231143552308
cancer,3,FedMD,0.8613138686131386,0.1244819347377491,0.1970462056789763,68,364,0.12,137,3,severe,0.0,64,3,4896,3,0.6086084116151452,0.4889507188015787,0.422125,264,0.12408759124087587,0.14355231143552308
cancer,3,centralized reference,0.9197080291970803,0.04875531524991248,0.07033123634229183,68,364,0.12,137,3,severe,0.0,64,0,0,1,0.6086084116151452,0.4889507188015787,0.004708,56,0.12408759124087587,0.14355231143552308
cancer,0,best local,0.8248175182481752,0.1330893119763082,0.11276098738764023,137,295,0.24,137,3,severe,0.0,64,0,0,1,0.6353700368298909,0.5106324178274125,0.20175,104,-0.058394160583941646,0.0
cancer,0,unweighted ensemble,0.8394160583941606,0.11879636727329851,0.16691590639310358,137,295,0.24,137,3,severe,0.0,64,1,3288,3,0.6353700368298909,0.5106324178274125,0.413875,264,-0.058394160583941646,0.0
cancer,0,weighted ensemble,0.8321167883211679,0.1254126670595661,0.12313143442963066,137,295,0.24,137,3,severe,0.0,64,1,3288,3,0.6353700368298909,0.5106324178274125,0.410584,264,-0.058394160583941646,0.0
cancer,0,hard transfer,0.8175182481751825,0.12418849717553113,0.1560000371143681,137,295,0.24,137,3,severe,0.0,64,1,3288,1,0.6353700368298909,0.5106324178274125,0.00475,56,-0.058394160583941646,0.0
cancer,0,FedDF,0.8394160583941606,0.12753381914379294,0.16457970423697565,137,295,0.24,137,3,severe,0.0,64,1,3288,1,0.6353700368298909,0.5106324178274125,0.004583,56,-0.058394160583941646,0.0
cancer,0,FedMD-1r,0.8978102189781022,0.09663731103389923,0.1933419190341772,137,295,0.24,137,3,severe,0.0,64,1,3288,3,0.6353700368298909,0.5106324178274125,0.415458,264,-0.058394160583941646,0.0
cancer,0,FedMD-2r,0.9124087591240876,0.08513366161334376,0.1895540656978877,137,295,0.24,137,3,severe,0.0,64,2,6576,3,0.6353700368298909,0.5106324178274125,0.41275,264,-0.058394160583941646,0.0
cancer,0,FedMD,0.9124087591240876,0.07818304973609366,0.17626376940866703,137,295,0.24,137,3,severe,0.0,64,3,9864,3,0.6353700368298909,0.5106324178274125,0.413458,264,-0.058394160583941646,0.0
cancer,0,centralized reference,0.927007299270073,0.03756483672071832,0.07259169301027905,137,295,0.24,137,3,severe,0.0,64,0,0,1,0.6353700368298909,0.5106324178274125,0.004583,56,-0.058394160583941646,0.0
cancer,1,best local,0.7445255474452555,0.19652153902247843,0.19232836655350613,137,295,0.24,137,3,severe,0.0,64,0,0,1,0.5934730893020779,0.4500293666091372,0.202541,104,-0.03649635036496346,0.002433090024330934
cancer,1,unweighted ensemble,0.781021897810219,0.16478144479747353,0.13066099931749486,137,295,0.24,137,3,severe,0.0,64,1,3288,3,0.5934730893020779,0.4500293666091372,0.411083,264,-0.03649635036496346,0.002433090024330934
cancer,1,weighted ensemble,0.7299270072992701,0.1814251217629635,0.1381801857505111,137,295,0.24,137,3,severe,0.0,64,1,3288,3,0.5934730893020779,0.4500293666091372,0.40925,264,-0.03649635036496346,0.002433090024330934
cancer,1,hard transfer,0.7956204379562044,0.18136486666083107,0.1707288490775123,137,295,0.24,137,3,severe,0.0,64,1,3288,1,0.5934730893020779,0.4500293666091372,0.004708,56,-0.03649635036496346,0.002433090024330934
cancer,1,FedDF,0.781021897810219,0.16635650370528568,0.12127377123653331,137,295,0.24,137,3,severe,0.0,64,1,3288,1,0.5934730893020779,0.4500293666091372,0.004667,56,-0.03649635036496346,0.002433090024330934
cancer,1,FedMD-1r,0.8540145985401459,0.12740076449764273,0.17994262976498604,137,295,0.24,137,3,severe,0.0,64,1,3288,3,0.5934730893020779,0.4500293666091372,0.410708,264,-0.03649635036496346,0.002433090024330934
cancer,1,FedMD-2r,0.8686131386861314,0.11538357568825593,0.19070538953743182,137,295,0.24,137,3,severe,0.0,64,2,6576,3,0.5934730893020779,0.4500293666091372,0.41,264,-0.03649635036496346,0.002433090024330934
cancer,1,FedMD,0.8613138686131386,0.11057528244278995,0.18171891164245801,137,295,0.24,137,3,severe,0.0,64,3,9864,3,0.5934730893020779,0.4500293666091372,0.412833,264,-0.03649635036496346,0.002433090024330934
cancer,1,centralized reference,0.9416058394160584,0.04584162726624034,0.04647109093483158,137,295,0.24,137,3,severe,0.0,64,0,0,1,0.5934730893020779,0.4500293666091372,0.004708,56,-0.03649635036496346,0.002433090024330934
cancer,2,best local,0.7518248175182481,0.18445555766257757,0.177787266268707,137,295,0.24,137,3,severe,0.0,64,0,0,1,0.6793870980523744,0.47390233834446555,0.198916,104,-0.08029197080291972,-0.01703163017031628
cancer,2,unweighted ensemble,0.8029197080291971,0.12776786912846447,0.17467546824959324,137,295,0.24,137,3,severe,0.0,64,1,3288,3,0.6793870980523744,0.47390233834446555,0.40525,264,-0.08029197080291972,-0.01703163017031628
cancer,2,weighted ensemble,0.7518248175182481,0.16044508350094205,0.1732154438541535,137,295,0.24,137,3,severe,0.0,64,1,3288,3,0.6793870980523744,0.47390233834446555,0.407375,264,-0.08029197080291972,-0.01703163017031628
cancer,2,hard transfer,0.8029197080291971,0.1659614878220658,0.18295757121254047,137,295,0.24,137,3,severe,0.0,64,1,3288,1,0.6793870980523744,0.47390233834446555,0.004541,56,-0.08029197080291972,-0.01703163017031628
cancer,2,FedDF,0.8102189781021898,0.13374155938733498,0.15636321836300562,137,295,0.24,137,3,severe,0.0,64,1,3288,1,0.6793870980523744,0.47390233834446555,0.004416,56,-0.08029197080291972,-0.01703163017031628
cancer,2,FedMD-1r,0.8686131386861314,0.11397255627222354,0.17860602741166698,137,295,0.24,137,3,severe,0.0,64,1,3288,3,0.6793870980523744,0.47390233834446555,0.409125,264,-0.08029197080291972,-0.01703163017031628
cancer,2,FedMD-2r,0.8759124087591241,0.10966670152622036,0.1762553664239671,137,295,0.24,137,3,severe,0.0,64,2,6576,3,0.6793870980523744,0.47390233834446555,0.40425,264,-0.08029197080291972,-0.01703163017031628
cancer,2,FedMD,0.8759124087591241,0.1077139950731495,0.18390432802855775,137,295,0.24,137,3,severe,0.0,64,3,9864,3,0.6793870980523744,0.47390233834446555,0.409292,264,-0.08029197080291972,-0.01703163017031628
cancer,2,centralized reference,0.9562043795620438,0.041633864297022,0.051598764593346357,137,295,0.24,137,3,severe,0.0,64,0,0,1,0.6793870980523744,0.47390233834446555,0.004833,56,-0.08029197080291972,-0.01703163017031628
cancer,3,best local,0.8540145985401459,0.10128578151238296,0.1772375950494233,137,295,0.24,137,3,severe,0.0,64,0,0,1,0.6589964895491486,0.5075851619125863,0.20525,104,-0.07299270072992692,0.04622871046228716
cancer,3,unweighted ensemble,0.8686131386861314,0.10330493857945605,0.17232987044722042,137,295,0.24,137,3,severe,0.0,64,1,3288,3,0.6589964895491486,0.5075851619125863,0.415708,264,-0.07299270072992692,0.04622871046228716
cancer,3,weighted ensemble,0.8540145985401459,0.09282864652665208,0.1315037589850647,137,295,0.24,137,3,severe,0.0,64,1,3288,3,0.6589964895491486,0.5075851619125863,0.412208,264,-0.07299270072992692,0.04622871046228716
cancer,3,hard transfer,0.8978102189781022,0.07850653471136775,0.09008287393711668,137,295,0.24,137,3,severe,0.0,64,1,3288,1,0.6589964895491486,0.5075851619125863,0.004916,56,-0.07299270072992692,0.04622871046228716
cancer,3,FedDF,0.8394160583941606,0.11882104231109607,0.18155356032174616,137,295,0.24,137,3,severe,0.0,64,1,3288,1,0.6589964895491486,0.5075851619125863,0.004667,56,-0.07299270072992692,0.04622871046228716
cancer,3,FedMD-1r,0.9051094890510949,0.08966227772916194,0.1708714169737793,137,295,0.24,137,3,severe,0.0,64,1,3288,3,0.6589964895491486,0.5075851619125863,0.418709,264,-0.07299270072992692,0.04622871046228716
cancer,3,FedMD-2r,0.9051094890510949,0.08081593389760801,0.1704480822976361,137,295,0.24,137,3,severe,0.0,64,2,6576,3,0.6589964895491486,0.5075851619125863,0.423,264,-0.07299270072992692,0.04622871046228716
cancer,3,FedMD,0.9051094890510949,0.07517013808484738,0.15940220513477682,137,295,0.24,137,3,severe,0.0,64,3,9864,3,0.6589964895491486,0.5075851619125863,0.420209,264,-0.07299270072992692,0.04622871046228716
cancer,3,centralized reference,0.9197080291970803,0.04734630525519162,0.07091834894817378,137,295,0.24,137,3,severe,0.0,64,0,0,1,0.6589964895491486,0.5075851619125863,0.004917,56,-0.07299270072992692,0.04622871046228716
cancer,0,best local,0.7226277372262774,0.20970503575718724,0.2183864211578392,205,227,0.36,137,3,severe,0.0,64,0,0,1,0.6051786400307337,0.47355700687241215,0.207417,104,-0.11678832116788329,-0.03649635036496357
cancer,0,unweighted ensemble,0.7664233576642335,0.1435575694579849,0.1769122021807814,205,227,0.36,137,3,severe,0.0,64,1,4920,3,0.6051786400307337,0.47355700687241215,0.406459,264,-0.11678832116788329,-0.03649635036496357
cancer,0,weighted ensemble,0.7153284671532847,0.18371169145228303,0.2045535846350999,205,227,0.36,137,3,severe,0.0,64,1,4920,3,0.6051786400307337,0.47355700687241215,0.403166,264,-0.11678832116788329,-0.03649635036496357
cancer,0,hard transfer,0.7226277372262774,0.22572544447052703,0.23746986216616484,205,227,0.36,137,3,severe,0.0,64,1,4920,1,0.6051786400307337,0.47355700687241215,0.004417,56,-0.11678832116788329,-0.03649635036496357
cancer,0,FedDF,0.7883211678832117,0.16134909500270506,0.15095495366124334,205,227,0.36,137,3,severe,0.0,64,1,4920,1,0.6051786400307337,0.47355700687241215,0.004375,56,-0.11678832116788329,-0.03649635036496357
cancer,0,FedMD-1r,0.8613138686131386,0.11558379011485789,0.19885795578052107,205,227,0.36,137,3,severe,0.0,64,1,4920,3,0.6051786400307337,0.47355700687241215,0.406417,264,-0.11678832116788329,-0.03649635036496357
cancer,0,FedMD-2r,0.8759124087591241,0.10444814588473476,0.19025200212956445,205,227,0.36,137,3,severe,0.0,64,2,9840,3,0.6051786400307337,0.47355700687241215,0.407458,264,-0.11678832116788329,-0.03649635036496357
cancer,0,FedMD,0.8978102189781022,0.09862293042291696,0.20212185299654506,205,227,0.36,137,3,severe,0.0,64,3,14760,3,0.6051786400307337,0.47355700687241215,0.406125,264,-0.11678832116788329,-0.03649635036496357
cancer,0,centralized reference,0.927007299270073,0.03864666525030401,0.06789019391482647,205,227,0.36,137,3,severe,0.0,64,0,0,1,0.6051786400307337,0.47355700687241215,0.004667,56,-0.11678832116788329,-0.03649635036496357
cancer,1,best local,0.7445255474452555,0.2065844070023122,0.2009020375091996,205,227,0.36,137,3,severe,0.0,64,0,0,1,0.5824108934135827,0.47375933751654076,0.202625,104,-0.06569343065693434,-0.004866180048661832
cancer,1,unweighted ensemble,0.7591240875912408,0.16755139357856397,0.12442339777682185,205,227,0.36,137,3,severe,0.0,64,1,4920,3,0.5824108934135827,0.47375933751654076,0.409,264,-0.06569343065693434,-0.004866180048661832
cancer,1,weighted ensemble,0.7226277372262774,0.18827395663614402,0.15011469925426205,205,227,0.36,137,3,severe,0.0,64,1,4920,3,0.5824108934135827,0.47375933751654076,0.404709,264,-0.06569343065693434,-0.004866180048661832
cancer,1,hard transfer,0.7664233576642335,0.19927579809261214,0.2015475864933745,205,227,0.36,137,3,severe,0.0,64,1,4920,1,0.5824108934135827,0.47375933751654076,0.004792,56,-0.06569343065693434,-0.004866180048661832
cancer,1,FedDF,0.7591240875912408,0.1642282262482963,0.13594968855991943,205,227,0.36,137,3,severe,0.0,64,1,4920,1,0.5824108934135827,0.47375933751654076,0.004291,56,-0.06569343065693434,-0.004866180048661832
cancer,1,FedMD-1r,0.8175182481751825,0.13043654415003353,0.1642250994162503,205,227,0.36,137,3,severe,0.0,64,1,4920,3,0.5824108934135827,0.47375933751654076,0.412584,264,-0.06569343065693434,-0.004866180048661832
cancer,1,FedMD-2r,0.8686131386861314,0.11807984610768849,0.16624904400645657,205,227,0.36,137,3,severe,0.0,64,2,9840,3,0.5824108934135827,0.47375933751654076,0.42225,264,-0.06569343065693434,-0.004866180048661832
cancer,1,FedMD,0.8686131386861314,0.11232232434301678,0.15728315749469435,205,227,0.36,137,3,severe,0.0,64,3,14760,3,0.5824108934135827,0.47375933751654076,0.427166,264,-0.06569343065693434,-0.004866180048661832
cancer,1,centralized reference,0.9343065693430657,0.046840236568473935,0.05037825512693395,205,227,0.36,137,3,severe,0.0,64,0,0,1,0.5824108934135827,0.47375933751654076,0.004625,56,-0.06569343065693434,-0.004866180048661832
cancer,2,best local,0.8467153284671532,0.10493936380914239,0.1524586073004702,205,227,0.36,137,3,severe,0.0,64,0,0,1,0.691340760660776,0.47237034191317706,0.201875,104,-0.0948905109489051,-0.004866180048661832
cancer,2,unweighted ensemble,0.8467153284671532,0.1078623703118307,0.1934435876314921,205,227,0.36,137,3,severe,0.0,64,1,4920,3,0.691340760660776,0.47237034191317706,0.412917,264,-0.0948905109489051,-0.004866180048661832
cancer,2,weighted ensemble,0.8467153284671532,0.1049814102724884,0.189196436377452,205,227,0.36,137,3,severe,0.0,64,1,4920,3,0.691340760660776,0.47237034191317706,0.415083,264,-0.0948905109489051,-0.004866180048661832
cancer,2,hard transfer,0.8175182481751825,0.13066255799548956,0.16653573659460358,205,227,0.36,137,3,severe,0.0,64,1,4920,1,0.691340760660776,0.47237034191317706,0.004417,56,-0.0948905109489051,-0.004866180048661832
cancer,2,FedDF,0.8321167883211679,0.11703913587187342,0.19488513677281297,205,227,0.36,137,3,severe,0.0,64,1,4920,1,0.691340760660776,0.47237034191317706,0.00425,56,-0.0948905109489051,-0.004866180048661832
cancer,2,FedMD-1r,0.8905109489051095,0.08649528285613971,0.18868069185142822,205,227,0.36,137,3,severe,0.0,64,1,4920,3,0.691340760660776,0.47237034191317706,0.416875,264,-0.0948905109489051,-0.004866180048661832
cancer,2,FedMD-2r,0.9124087591240876,0.07499002325379364,0.17047278064847385,205,227,0.36,137,3,severe,0.0,64,2,9840,3,0.691340760660776,0.47237034191317706,0.416625,264,-0.0948905109489051,-0.004866180048661832
cancer,2,FedMD,0.9124087591240876,0.06834762273804992,0.15785244197125076,205,227,0.36,137,3,severe,0.0,64,3,14760,3,0.691340760660776,0.47237034191317706,0.41275,264,-0.0948905109489051,-0.004866180048661832
cancer,2,centralized reference,0.9562043795620438,0.0436705225332632,0.06309340788306798,205,227,0.36,137,3,severe,0.0,64,0,0,1,0.691340760660776,0.47237034191317706,0.004583,56,-0.0948905109489051,-0.004866180048661832
cancer,3,best local,0.8029197080291971,0.16082730667048256,0.15957165933318695,205,227,0.36,137,3,severe,0.0,64,0,0,1,0.6487113160029027,0.5226815213215521,0.207083,104,-0.021897810218978075,0.036496350364963494
cancer,3,unweighted ensemble,0.8248175182481752,0.12932044017579553,0.1409257161408088,205,227,0.36,137,3,severe,0.0,64,1,4920,3,0.6487113160029027,0.5226815213215521,0.4145,264,-0.021897810218978075,0.036496350364963494
cancer,3,weighted ensemble,0.8029197080291971,0.14464228557176095,0.16379971891128497,205,227,0.36,137,3,severe,0.0,64,1,4920,3,0.6487113160029027,0.5226815213215521,0.414791,264,-0.021897810218978075,0.036496350364963494
cancer,3,hard transfer,0.8321167883211679,0.13283952640481234,0.1455027418664282,205,227,0.36,137,3,severe,0.0,64,1,4920,1,0.6487113160029027,0.5226815213215521,0.004709,56,-0.021897810218978075,0.036496350364963494
cancer,3,FedDF,0.8029197080291971,0.14187727539549286,0.13736101972822592,205,227,0.36,137,3,severe,0.0,64,1,4920,1,0.6487113160029027,0.5226815213215521,0.0045,56,-0.021897810218978075,0.036496350364963494
cancer,3,FedMD-1r,0.8613138686131386,0.11098683762381924,0.14216642448252445,205,227,0.36,137,3,severe,0.0,64,1,4920,3,0.6487113160029027,0.5226815213215521,0.4165,264,-0.021897810218978075,0.036496350364963494
cancer,3,FedMD-2r,0.8832116788321168,0.0976186695574047,0.12835061984904522,205,227,0.36,137,3,severe,0.0,64,2,9840,3,0.6487113160029027,0.5226815213215521,0.415375,264,-0.021897810218978075,0.036496350364963494
cancer,3,FedMD,0.9051094890510949,0.08928399375221832,0.1340149768242951,205,227,0.36,137,3,severe,0.0,64,3,14760,3,0.6487113160029027,0.5226815213215521,0.415416,264,-0.021897810218978075,0.036496350364963494
cancer,3,centralized reference,0.9416058394160584,0.04808867881636318,0.07477241219409166,205,227,0.36,137,3,severe,0.0,64,0,0,1,0.6487113160029027,0.5226815213215521,0.004833,56,-0.021897810218978075,0.036496350364963494
cancer,0,best local,0.7956204379562044,0.15462607182295982,0.12702126617349352,68,364,0.12,137,3,severe,0.45,64,0,0,1,0.6741197148857575,0.5139512874345948,0.198959,104,-0.051094890510948954,0.009732360097323589
cancer,0,unweighted ensemble,0.8248175182481752,0.12916865624077797,0.2041016886969358,68,364,0.12,137,3,severe,0.45,64,1,1632,3,0.6741197148857575,0.5139512874345948,0.417084,264,-0.051094890510948954,0.009732360097323589
cancer,0,weighted ensemble,0.781021897810219,0.14247224200095157,0.13620913402267662,68,364,0.12,137,3,severe,0.45,64,1,1632,3,0.6741197148857575,0.5139512874345948,0.426625,264,-0.051094890510948954,0.009732360097323589
cancer,0,hard transfer,0.8248175182481752,0.13324758005896775,0.15921307690932007,68,364,0.12,137,3,severe,0.45,64,1,1632,1,0.6741197148857575,0.5139512874345948,0.004208,56,-0.051094890510948954,0.009732360097323589
cancer,0,FedDF,0.8029197080291971,0.13812039387589892,0.17845314989066494,68,364,0.12,137,3,severe,0.45,64,1,1632,1,0.6741197148857575,0.5139512874345948,0.004167,56,-0.051094890510948954,0.009732360097323589
cancer,0,FedMD-1r,0.8978102189781022,0.10418787077541594,0.19492036947831598,68,364,0.12,137,3,severe,0.45,64,1,1632,3,0.6741197148857575,0.5139512874345948,0.41475,264,-0.051094890510948954,0.009732360097323589
cancer,0,FedMD-2r,0.9051094890510949,0.09344789228614049,0.19028619607315597,68,364,0.12,137,3,severe,0.45,64,2,3264,3,0.6741197148857575,0.5139512874345948,0.416792,264,-0.051094890510948954,0.009732360097323589
cancer,0,FedMD,0.9343065693430657,0.08681993350543415,0.18488981557972778,68,364,0.12,137,3,severe,0.45,64,3,4896,3,0.6741197148857575,0.5139512874345948,0.413666,264,-0.051094890510948954,0.009732360097323589
cancer,0,centralized reference,0.927007299270073,0.038080374929008926,0.06394352573942999,68,364,0.12,137,3,severe,0.45,64,0,0,1,0.6741197148857575,0.5139512874345948,0.004666,56,-0.051094890510948954,0.009732360097323589
cancer,1,best local,0.8029197080291971,0.15105914027580392,0.10085915640385762,68,364,0.12,137,3,severe,0.45,64,0,0,1,0.6734426295436663,0.47912193832326117,0.204542,104,-0.058394160583941535,-0.02676399026763987
cancer,1,unweighted ensemble,0.8029197080291971,0.13469815412913536,0.15190988793147497,68,364,0.12,137,3,severe,0.45,64,1,1632,3,0.6734426295436663,0.47912193832326117,0.416209,264,-0.058394160583941535,-0.02676399026763987
cancer,1,weighted ensemble,0.7956204379562044,0.13970389562444369,0.07913127217401256,68,364,0.12,137,3,severe,0.45,64,1,1632,3,0.6734426295436663,0.47912193832326117,0.405833,264,-0.058394160583941535,-0.02676399026763987
cancer,1,hard transfer,0.8467153284671532,0.11717111753282217,0.12407869728536473,68,364,0.12,137,3,severe,0.45,64,1,1632,1,0.6734426295436663,0.47912193832326117,0.004375,56,-0.058394160583941535,-0.02676399026763987
cancer,1,FedDF,0.8905109489051095,0.12934764140393717,0.19601733156075457,68,364,0.12,137,3,severe,0.45,64,1,1632,1,0.6734426295436663,0.47912193832326117,0.00425,56,-0.058394160583941535,-0.02676399026763987
cancer,1,FedMD-1r,0.8978102189781022,0.10484197745111518,0.20367434551769165,68,364,0.12,137,3,severe,0.45,64,1,1632,3,0.6734426295436663,0.47912193832326117,0.412,264,-0.058394160583941535,-0.02676399026763987
cancer,1,FedMD-2r,0.9124087591240876,0.0947481162786266,0.20482068686920765,68,364,0.12,137,3,severe,0.45,64,2,3264,3,0.6734426295436663,0.47912193832326117,0.417375,264,-0.058394160583941535,-0.02676399026763987
cancer,1,FedMD,0.9124087591240876,0.0899001861209614,0.1963283810962894,68,364,0.12,137,3,severe,0.45,64,3,4896,3,0.6734426295436663,0.47912193832326117,0.407709,264,-0.058394160583941535,-0.02676399026763987
cancer,1,centralized reference,0.9416058394160584,0.04505385200169449,0.042961598279801845,68,364,0.12,137,3,severe,0.45,64,0,0,1,0.6734426295436663,0.47912193832326117,0.004541,56,-0.058394160583941535,-0.02676399026763987
cancer,2,best local,0.8102189781021898,0.10498130458611597,0.11426696862547629,68,364,0.12,137,3,severe,0.45,64,0,0,1,0.677185883001367,0.4429092451817005,0.199458,104,-0.11678832116788318,0.0
cancer,2,unweighted ensemble,0.8175182481751825,0.11098962954802678,0.21038269555686762,68,364,0.12,137,3,severe,0.45,64,1,1632,3,0.677185883001367,0.4429092451817005,0.414292,264,-0.11678832116788318,0.0
cancer,2,weighted ensemble,0.8175182481751825,0.10452035258105123,0.1543980127700957,68,364,0.12,137,3,severe,0.45,64,1,1632,3,0.677185883001367,0.4429092451817005,0.413,264,-0.11678832116788318,0.0
cancer,2,hard transfer,0.8175182481751825,0.1291948830832139,0.14123589290826044,68,364,0.12,137,3,severe,0.45,64,1,1632,1,0.677185883001367,0.4429092451817005,0.004667,56,-0.11678832116788318,0.0
cancer,2,FedDF,0.8613138686131386,0.11867587533612392,0.20525803274698473,68,364,0.12,137,3,severe,0.45,64,1,1632,1,0.677185883001367,0.4429092451817005,0.004583,56,-0.11678832116788318,0.0
cancer,2,FedMD-1r,0.9124087591240876,0.08667545644554774,0.20806943581484705,68,364,0.12,137,3,severe,0.45,64,1,1632,3,0.677185883001367,0.4429092451817005,0.409667,264,-0.11678832116788318,0.0
cancer,2,FedMD-2r,0.9562043795620438,0.07661865265493358,0.20860938938957432,68,364,0.12,137,3,severe,0.45,64,2,3264,3,0.677185883001367,0.4429092451817005,0.412916,264,-0.11678832116788318,0.0
cancer,2,FedMD,0.9635036496350365,0.07100371825638283,0.19862448035843727,68,364,0.12,137,3,severe,0.45,64,3,4896,3,0.677185883001367,0.4429092451817005,0.404166,264,-0.11678832116788318,0.0
cancer,2,centralized reference,0.9635036496350365,0.03768974837058662,0.0686385437841336,68,364,0.12,137,3,severe,0.45,64,0,0,1,0.677185883001367,0.4429092451817005,0.004416,56,-0.11678832116788318,0.0
cancer,3,best local,0.8029197080291971,0.13932837477925208,0.09323849357803438,68,364,0.12,137,3,severe,0.45,64,0,0,1,0.597991291508974,0.4861958978649396,0.204459,104,0.0948905109489051,0.1313868613138686
cancer,3,unweighted ensemble,0.8175182481751825,0.17226443795413648,0.17968795207498353,68,364,0.12,137,3,severe,0.45,64,1,1632,3,0.597991291508974,0.4861958978649396,0.4145,264,0.0948905109489051,0.1313868613138686
cancer,3,weighted ensemble,0.8029197080291971,0.14346352412200092,0.14323924589813158,68,364,0.12,137,3,severe,0.45,64,1,1632,3,0.597991291508974,0.4861958978649396,0.419584,264,0.0948905109489051,0.1313868613138686
cancer,3,hard transfer,0.781021897810219,0.1595802908396649,0.11876159481299658,68,364,0.12,137,3,severe,0.45,64,1,1632,1,0.597991291508974,0.4861958978649396,0.004791,56,0.0948905109489051,0.1313868613138686
cancer,3,FedDF,0.7518248175182481,0.19498209113982426,0.13920759758964096,68,364,0.12,137,3,severe,0.45,64,1,1632,1,0.597991291508974,0.4861958978649396,0.0045,56,0.0948905109489051,0.1313868613138686
cancer,3,FedMD-1r,0.8540145985401459,0.15093616813384436,0.23703624152735592,68,364,0.12,137,3,severe,0.45,64,1,1632,3,0.597991291508974,0.4861958978649396,0.408833,264,0.0948905109489051,0.1313868613138686
cancer,3,FedMD-2r,0.8613138686131386,0.13881665648920513,0.21766194673875966,68,364,0.12,137,3,severe,0.45,64,2,3264,3,0.597991291508974,0.4861958978649396,0.414375,264,0.0948905109489051,0.1313868613138686
cancer,3,FedMD,0.8686131386861314,0.13210552444282497,0.22118699803686148,68,364,0.12,137,3,severe,0.45,64,3,4896,3,0.597991291508974,0.4861958978649396,0.415833,264,0.0948905109489051,0.1313868613138686
cancer,3,centralized reference,0.9197080291970803,0.04875531524991248,0.07033123634229183,68,364,0.12,137,3,severe,0.45,64,0,0,1,0.597991291508974,0.4861958978649396,0.004333,56,0.0948905109489051,0.1313868613138686
cancer,0,best local,0.8248175182481752,0.1330893119763082,0.11276098738764023,137,295,0.24,137,3,severe,0.45,64,0,0,1,0.6330114291532436,0.5124944765195026,0.194375,104,-0.058394160583941646,0.009732360097323589
cancer,0,unweighted ensemble,0.8321167883211679,0.13048869827338216,0.16842363051793074,137,295,0.24,137,3,severe,0.45,64,1,3288,3,0.6330114291532436,0.5124944765195026,0.409416,264,-0.058394160583941646,0.009732360097323589
cancer,0,weighted ensemble,0.8321167883211679,0.12900944236853182,0.10895060279905669,137,295,0.24,137,3,severe,0.45,64,1,3288,3,0.6330114291532436,0.5124944765195026,0.40575,264,-0.058394160583941646,0.009732360097323589
cancer,0,hard transfer,0.8248175182481752,0.12627212221748133,0.15950261980436445,137,295,0.24,137,3,severe,0.45,64,1,3288,1,0.6330114291532436,0.5124944765195026,0.004292,56,-0.058394160583941646,0.009732360097323589
cancer,0,FedDF,0.8394160583941606,0.13813770991241686,0.22523636221513346,137,295,0.24,137,3,severe,0.45,64,1,3288,1,0.6330114291532436,0.5124944765195026,0.004208,56,-0.058394160583941646,0.009732360097323589
cancer,0,FedMD-1r,0.9124087591240876,0.10644762783181393,0.21767339499814137,137,295,0.24,137,3,severe,0.45,64,1,3288,3,0.6330114291532436,0.5124944765195026,0.394958,264,-0.058394160583941646,0.009732360097323589
cancer,0,FedMD-2r,0.9197080291970803,0.09556436358829193,0.21453571664016952,137,295,0.24,137,3,severe,0.45,64,2,6576,3,0.6330114291532436,0.5124944765195026,0.405833,264,-0.058394160583941646,0.009732360097323589
cancer,0,FedMD,0.9197080291970803,0.0894070141613999,0.20324152918056348,137,295,0.24,137,3,severe,0.45,64,3,9864,3,0.6330114291532436,0.5124944765195026,0.404917,264,-0.058394160583941646,0.009732360097323589
cancer,0,centralized reference,0.927007299270073,0.03756483672071832,0.07259169301027905,137,295,0.24,137,3,severe,0.45,64,0,0,1,0.6330114291532436,0.5124944765195026,0.00425,56,-0.058394160583941646,0.009732360097323589
cancer,1,best local,0.7445255474452555,0.19652153902247843,0.19232836655350613,137,295,0.24,137,3,severe,0.45,64,0,0,1,0.5820028077588036,0.444319053286728,0.194708,104,0.007299270072992803,0.02676399026763998
cancer,1,unweighted ensemble,0.7737226277372263,0.17155865022176744,0.11323722811503158,137,295,0.24,137,3,severe,0.45,64,1,3288,3,0.5820028077588036,0.444319053286728,0.39925,264,0.007299270072992803,0.02676399026763998
cancer,1,weighted ensemble,0.7226277372262774,0.18351796396528078,0.1333772630330735,137,295,0.24,137,3,severe,0.45,64,1,3288,3,0.5820028077588036,0.444319053286728,0.409584,264,0.007299270072992803,0.02676399026763998
cancer,1,hard transfer,0.7591240875912408,0.20186074754020517,0.19762757551295013,137,295,0.24,137,3,severe,0.45,64,1,3288,1,0.5820028077588036,0.444319053286728,0.004334,56,0.007299270072992803,0.02676399026763998
cancer,1,FedDF,0.7883211678832117,0.1733186673515345,0.1424202760426132,137,295,0.24,137,3,severe,0.45,64,1,3288,1,0.5820028077588036,0.444319053286728,0.004167,56,0.007299270072992803,0.02676399026763998
cancer,1,FedMD-1r,0.8175182481751825,0.1392739732711909,0.17804106594660965,137,295,0.24,137,3,severe,0.45,64,1,3288,3,0.5820028077588036,0.444319053286728,0.399083,264,0.007299270072992803,0.02676399026763998
cancer,1,FedMD-2r,0.8540145985401459,0.12984731208684275,0.184267791493305,137,295,0.24,137,3,severe,0.45,64,2,6576,3,0.5820028077588036,0.444319053286728,0.410584,264,0.007299270072992803,0.02676399026763998
cancer,1,FedMD,0.8540145985401459,0.1265101314308408,0.1998227246738094,137,295,0.24,137,3,severe,0.45,64,3,9864,3,0.5820028077588036,0.444319053286728,0.407959,264,0.007299270072992803,0.02676399026763998
cancer,1,centralized reference,0.9416058394160584,0.04584162726624034,0.04647109093483158,137,295,0.24,137,3,severe,0.45,64,0,0,1,0.5820028077588036,0.444319053286728,0.004708,56,0.007299270072992803,0.02676399026763998
cancer,2,best local,0.7518248175182481,0.18445555766257757,0.177787266268707,137,295,0.24,137,3,severe,0.45,64,0,0,1,0.6790643412124121,0.4793395497253683,0.197792,104,-0.058394160583941535,-0.0072992700729926545
cancer,2,unweighted ensemble,0.8029197080291971,0.144801159838049,0.1773375565053257,137,295,0.24,137,3,severe,0.45,64,1,3288,3,0.6790643412124121,0.4793395497253683,0.412209,264,-0.058394160583941535,-0.0072992700729926545
cancer,2,weighted ensemble,0.7518248175182481,0.16465671618428973,0.1561017259581606,137,295,0.24,137,3,severe,0.45,64,1,3288,3,0.6790643412124121,0.4793395497253683,0.410666,264,-0.058394160583941535,-0.0072992700729926545
cancer,2,hard transfer,0.8029197080291971,0.1659614878220658,0.18295757121254047,137,295,0.24,137,3,severe,0.45,64,1,3288,1,0.6790643412124121,0.4793395497253683,0.004542,56,-0.058394160583941535,-0.0072992700729926545
cancer,2,FedDF,0.8248175182481752,0.15013086708296686,0.16523872629084696,137,295,0.24,137,3,severe,0.45,64,1,3288,1,0.6790643412124121,0.4793395497253683,0.004458,56,-0.058394160583941535,-0.0072992700729926545
cancer,2,FedMD-1r,0.8540145985401459,0.12714073928763744,0.2086630934585272,137,295,0.24,137,3,severe,0.45,64,1,3288,3,0.6790643412124121,0.4793395497253683,0.405167,264,-0.058394160583941535,-0.0072992700729926545
cancer,2,FedMD-2r,0.8759124087591241,0.12203763905146796,0.21785165992991648,137,295,0.24,137,3,severe,0.45,64,2,6576,3,0.6790643412124121,0.4793395497253683,0.414125,264,-0.058394160583941535,-0.0072992700729926545
cancer,2,FedMD,0.8832116788321168,0.12001087165387708,0.21558691974503819,137,295,0.24,137,3,severe,0.45,64,3,9864,3,0.6790643412124121,0.4793395497253683,0.411542,264,-0.058394160583941535,-0.0072992700729926545
cancer,2,centralized reference,0.9562043795620438,0.041633864297022,0.051598764593346357,137,295,0.24,137,3,severe,0.45,64,0,0,1,0.6790643412124121,0.4793395497253683,0.004375,56,-0.058394160583941535,-0.0072992700729926545
cancer,3,best local,0.8467153284671532,0.09770704518036849,0.11021744690189529,137,295,0.24,137,3,severe,0.45,64,0,0,1,0.6711122847723473,0.5092982559093091,0.203458,104,-0.04379562043795615,0.07299270072992703
cancer,3,unweighted ensemble,0.8686131386861314,0.12126903174013294,0.21079586303876424,137,295,0.24,137,3,severe,0.45,64,1,3288,3,0.6711122847723473,0.5092982559093091,0.399375,264,-0.04379562043795615,0.07299270072992703
cancer,3,weighted ensemble,0.8540145985401459,0.10362621295890362,0.15081138567853533,137,295,0.24,137,3,severe,0.45,64,1,3288,3,0.6711122847723473,0.5092982559093091,0.406958,264,-0.04379562043795615,0.07299270072992703
cancer,3,hard transfer,0.8613138686131386,0.09007717959573124,0.10157055321239933,137,295,0.24,137,3,severe,0.45,64,1,3288,1,0.6711122847723473,0.5092982559093091,0.004833,56,-0.04379562043795615,0.07299270072992703
cancer,3,FedDF,0.8540145985401459,0.1367027228718106,0.22596136096298725,137,295,0.24,137,3,severe,0.45,64,1,3288,1,0.6711122847723473,0.5092982559093091,0.004708,56,-0.04379562043795615,0.07299270072992703
cancer,3,FedMD-1r,0.8978102189781022,0.10211117282614998,0.21561328884089387,137,295,0.24,137,3,severe,0.45,64,1,3288,3,0.6711122847723473,0.5092982559093091,0.408208,264,-0.04379562043795615,0.07299270072992703
cancer,3,FedMD-2r,0.9124087591240876,0.09192309228565296,0.19591772895774393,137,295,0.24,137,3,severe,0.45,64,2,6576,3,0.6711122847723473,0.5092982559093091,0.408875,264,-0.04379562043795615,0.07299270072992703
cancer,3,FedMD,0.9124087591240876,0.08597146290582626,0.18323988907960373,137,295,0.24,137,3,severe,0.45,64,3,9864,3,0.6711122847723473,0.5092982559093091,0.402166,264,-0.04379562043795615,0.07299270072992703
cancer,3,centralized reference,0.9197080291970803,0.04734630525519162,0.07091834894817378,137,295,0.24,137,3,severe,0.45,64,0,0,1,0.6711122847723473,0.5092982559093091,0.004542,56,-0.04379562043795615,0.07299270072992703
cancer,0,best local,0.7226277372262774,0.20970503575718724,0.2183864211578392,205,227,0.36,137,3,severe,0.45,64,0,0,1,0.6107260852862082,0.4775472745123148,0.201416,104,-0.0948905109489051,-0.026763990267639943
cancer,0,unweighted ensemble,0.7591240875912408,0.15159743857783564,0.21476913566882017,205,227,0.36,137,3,severe,0.45,64,1,4920,3,0.6107260852862082,0.4775472745123148,0.395459,264,-0.0948905109489051,-0.026763990267639943
cancer,0,weighted ensemble,0.7153284671532847,0.1855853172812862,0.20203518778777318,205,227,0.36,137,3,severe,0.45,64,1,4920,3,0.6107260852862082,0.4775472745123148,0.405667,264,-0.0948905109489051,-0.026763990267639943
cancer,0,hard transfer,0.7372262773722628,0.22197447386331268,0.24245009817173313,205,227,0.36,137,3,severe,0.45,64,1,4920,1,0.6107260852862082,0.4775472745123148,0.004959,56,-0.0948905109489051,-0.026763990267639943
cancer,0,FedDF,0.781021897810219,0.16855996743808646,0.15511091235924523,205,227,0.36,137,3,severe,0.45,64,1,4920,1,0.6107260852862082,0.4775472745123148,0.004667,56,-0.0948905109489051,-0.026763990267639943
cancer,0,FedMD-1r,0.8540145985401459,0.12464396715334264,0.21916255631593146,205,227,0.36,137,3,severe,0.45,64,1,4920,3,0.6107260852862082,0.4775472745123148,0.409125,264,-0.0948905109489051,-0.026763990267639943
cancer,0,FedMD-2r,0.8832116788321168,0.11423630190755672,0.22717761461993635,205,227,0.36,137,3,severe,0.45,64,2,9840,3,0.6107260852862082,0.4775472745123148,0.399583,264,-0.0948905109489051,-0.026763990267639943
cancer,0,FedMD,0.8978102189781022,0.1088946800962534,0.21937947314257816,205,227,0.36,137,3,severe,0.45,64,3,14760,3,0.6107260852862082,0.4775472745123148,0.41125,264,-0.0948905109489051,-0.026763990267639943
cancer,0,centralized reference,0.927007299270073,0.03864666525030401,0.06789019391482647,205,227,0.36,137,3,severe,0.45,64,0,0,1,0.6107260852862082,0.4775472745123148,0.004584,56,-0.0948905109489051,-0.026763990267639943
cancer,1,best local,0.7445255474452555,0.2065844070023122,0.2009020375091996,205,227,0.36,137,3,severe,0.45,64,0,0,1,0.580075126990225,0.47661416314508903,0.201791,104,-0.051094890510948954,-0.0072992700729927655
cancer,1,unweighted ensemble,0.7518248175182481,0.17543744990892346,0.11389218268670973,205,227,0.36,137,3,severe,0.45,64,1,4920,3,0.580075126990225,0.47661416314508903,0.412833,264,-0.051094890510948954,-0.0072992700729927655
cancer,1,weighted ensemble,0.7153284671532847,0.19066737375896078,0.13873035583851365,205,227,0.36,137,3,severe,0.45,64,1,4920,3,0.580075126990225,0.47661416314508903,0.403541,264,-0.051094890510948954,-0.0072992700729927655
cancer,1,hard transfer,0.7664233576642335,0.19927579809261214,0.2015475864933745,205,227,0.36,137,3,severe,0.45,64,1,4920,1,0.580075126990225,0.47661416314508903,0.004541,56,-0.051094890510948954,-0.0072992700729927655
cancer,1,FedDF,0.7737226277372263,0.17055012288550156,0.15941383625389088,205,227,0.36,137,3,severe,0.45,64,1,4920,1,0.580075126990225,0.47661416314508903,0.004375,56,-0.051094890510948954,-0.0072992700729927655
cancer,1,FedMD-1r,0.8248175182481752,0.1396788782816621,0.21904175447407792,205,227,0.36,137,3,severe,0.45,64,1,4920,3,0.580075126990225,0.47661416314508903,0.409,264,-0.051094890510948954,-0.0072992700729927655
cancer,1,FedMD-2r,0.8686131386861314,0.1290900449317058,0.22504686274534516,205,227,0.36,137,3,severe,0.45,64,2,9840,3,0.580075126990225,0.47661416314508903,0.40875,264,-0.051094890510948954,-0.0072992700729927655
cancer,1,FedMD,0.8686131386861314,0.12445569062417919,0.21021519023962718,205,227,0.36,137,3,severe,0.45,64,3,14760,3,0.580075126990225,0.47661416314508903,0.404708,264,-0.051094890510948954,-0.0072992700729927655
cancer,1,centralized reference,0.9343065693430657,0.046840236568473935,0.05037825512693395,205,227,0.36,137,3,severe,0.45,64,0,0,1,0.580075126990225,0.47661416314508903,0.004792,56,-0.051094890510948954,-0.0072992700729927655
cancer,2,best local,0.8467153284671532,0.10493936380914239,0.1524586073004702,205,227,0.36,137,3,severe,0.45,64,0,0,1,0.6944551158919195,0.46416271823110083,0.200333,104,-0.08759124087591241,0.012165450121654486
cancer,2,unweighted ensemble,0.8467153284671532,0.1212960331323451,0.20718074360369726,205,227,0.36,137,3,severe,0.45,64,1,4920,3,0.6944551158919195,0.46416271823110083,0.4125,264,-0.08759124087591241,0.012165450121654486
cancer,2,weighted ensemble,0.8248175182481752,0.11179424979219714,0.20921236371608762,205,227,0.36,137,3,severe,0.45,64,1,4920,3,0.6944551158919195,0.46416271823110083,0.4115,264,-0.08759124087591241,0.012165450121654486
cancer,2,hard transfer,0.8175182481751825,0.13066255799548956,0.16653573659460358,205,227,0.36,137,3,severe,0.45,64,1,4920,1,0.6944551158919195,0.46416271823110083,0.004458,56,-0.08759124087591241,0.012165450121654486
cancer,2,FedDF,0.8540145985401459,0.1291105140007375,0.203142824065804,205,227,0.36,137,3,severe,0.45,64,1,4920,1,0.6944551158919195,0.46416271823110083,0.004958,56,-0.08759124087591241,0.012165450121654486
cancer,2,FedMD-1r,0.8832116788321168,0.09760248707641825,0.21259209812526939,205,227,0.36,137,3,severe,0.45,64,1,4920,3,0.6944551158919195,0.46416271823110083,0.397334,264,-0.08759124087591241,0.012165450121654486
cancer,2,FedMD-2r,0.9124087591240876,0.08492853631286629,0.2153078352207406,205,227,0.36,137,3,severe,0.45,64,2,9840,3,0.6944551158919195,0.46416271823110083,0.415334,264,-0.08759124087591241,0.012165450121654486
cancer,2,FedMD,0.9197080291970803,0.07800407181679309,0.19263746597838166,205,227,0.36,137,3,severe,0.45,64,3,14760,3,0.6944551158919195,0.46416271823110083,0.414458,264,-0.08759124087591241,0.012165450121654486
cancer,2,centralized reference,0.9562043795620438,0.0436705225332632,0.06309340788306798,205,227,0.36,137,3,severe,0.45,64,0,0,1,0.6944551158919195,0.46416271823110083,0.004292,56,-0.08759124087591241,0.012165450121654486
cancer,3,best local,0.8029197080291971,0.16082730667048256,0.15957165933318695,205,227,0.36,137,3,severe,0.45,64,0,0,1,0.652669142442481,0.5237520809322577,0.201083,104,0.014598540145985384,0.0656934306569343
cancer,3,unweighted ensemble,0.8321167883211679,0.14430772470737788,0.16926737741414896,205,227,0.36,137,3,severe,0.45,64,1,4920,3,0.652669142442481,0.5237520809322577,0.41475,264,0.014598540145985384,0.0656934306569343
cancer,3,weighted ensemble,0.7883211678832117,0.15133168972916952,0.1627570537942413,205,227,0.36,137,3,severe,0.45,64,1,4920,3,0.652669142442481,0.5237520809322577,0.401084,264,0.014598540145985384,0.0656934306569343
cancer,3,hard transfer,0.8175182481751825,0.13402416201546327,0.15010146133622787,205,227,0.36,137,3,severe,0.45,64,1,4920,1,0.652669142442481,0.5237520809322577,0.00475,56,0.014598540145985384,0.0656934306569343
cancer,3,FedDF,0.8029197080291971,0.15220295130958675,0.19345143654155889,205,227,0.36,137,3,severe,0.45,64,1,4920,1,0.652669142442481,0.5237520809322577,0.004541,56,0.014598540145985384,0.0656934306569343
cancer,3,FedMD-1r,0.8832116788321168,0.12043266863374028,0.17867094352990523,205,227,0.36,137,3,severe,0.45,64,1,4920,3,0.652669142442481,0.5237520809322577,0.421583,264,0.014598540145985384,0.0656934306569343
cancer,3,FedMD-2r,0.8832116788321168,0.10616267409370789,0.16742851680600113,205,227,0.36,137,3,severe,0.45,64,2,9840,3,0.652669142442481,0.5237520809322577,0.416125,264,0.014598540145985384,0.0656934306569343
cancer,3,FedMD,0.9051094890510949,0.09775595789648057,0.16643950831107734,205,227,0.36,137,3,severe,0.45,64,3,14760,3,0.652669142442481,0.5237520809322577,0.400084,264,0.014598540145985384,0.0656934306569343
cancer,3,centralized reference,0.9416058394160584,0.04808867881636318,0.07477241219409166,205,227,0.36,137,3,severe,0.45,64,0,0,1,0.652669142442481,0.5237520809322577,0.00425,56,0.014598540145985384,0.0656934306569343
cancer,0,best local,0.7956204379562044,0.15462607182295982,0.12702126617349352,68,364,0.12,137,3,severe,0.75,64,0,0,1,0.6569674356233256,0.5098894346667037,0.201625,104,-0.007299270072992692,0.036496350364963535
cancer,0,unweighted ensemble,0.8102189781021898,0.1545931945207417,0.1796598344996832,68,364,0.12,137,3,severe,0.75,64,1,1632,3,0.6569674356233256,0.5098894346667037,0.414417,264,-0.007299270072992692,0.036496350364963535
cancer,0,weighted ensemble,0.7664233576642335,0.14913836627341248,0.11825004491501892,68,364,0.12,137,3,severe,0.75,64,1,1632,3,0.6569674356233256,0.5098894346667037,0.414292,264,-0.007299270072992692,0.036496350364963535
cancer,0,hard transfer,0.8248175182481752,0.13324758005896775,0.15921307690932007,68,364,0.12,137,3,severe,0.75,64,1,1632,1,0.6569674356233256,0.5098894346667037,0.004292,56,-0.007299270072992692,0.036496350364963535
cancer,0,FedDF,0.7956204379562044,0.16180963163518033,0.20624147379374097,68,364,0.12,137,3,severe,0.75,64,1,1632,1,0.6569674356233256,0.5098894346667037,0.004125,56,-0.007299270072992692,0.036496350364963535
cancer,0,FedMD-1r,0.9051094890510949,0.12975772508046726,0.2423151466000227,68,364,0.12,137,3,severe,0.75,64,1,1632,3,0.6569674356233256,0.5098894346667037,0.402,264,-0.007299270072992692,0.036496350364963535
cancer,0,FedMD-2r,0.9197080291970803,0.12055423567600794,0.24549306945083327,68,364,0.12,137,3,severe,0.75,64,2,3264,3,0.6569674356233256,0.5098894346667037,0.406166,264,-0.007299270072992692,0.036496350364963535
cancer,0,FedMD,0.9197080291970803,0.11541466423395043,0.2380966937584945,68,364,0.12,137,3,severe,0.75,64,3,4896,3,0.6569674356233256,0.5098894346667037,0.404625,264,-0.007299270072992692,0.036496350364963535
cancer,0,centralized reference,0.927007299270073,0.038080374929008926,0.06394352573942999,68,364,0.12,137,3,severe,0.75,64,0,0,1,0.6569674356233256,0.5098894346667037,0.004292,56,-0.007299270072992692,0.036496350364963535
cancer,1,best local,0.8029197080291971,0.15105914027580392,0.10085915640385762,68,364,0.12,137,3,severe,0.75,64,0,0,1,0.6565919730115234,0.48428974110221185,0.197791,104,-0.021897810218978075,0.007299270072992729
cancer,1,unweighted ensemble,0.7956204379562044,0.1556846127376996,0.16468162901685574,68,364,0.12,137,3,severe,0.75,64,1,1632,3,0.6565919730115234,0.48428974110221185,0.411709,264,-0.021897810218978075,0.007299270072992729
cancer,1,weighted ensemble,0.7883211678832117,0.14526960625428312,0.05619216210111032,68,364,0.12,137,3,severe,0.75,64,1,1632,3,0.6565919730115234,0.48428974110221185,0.4115,264,-0.021897810218978075,0.007299270072992729
cancer,1,hard transfer,0.8467153284671532,0.11717111753282217,0.12407869728536473,68,364,0.12,137,3,severe,0.75,64,1,1632,1,0.6565919730115234,0.48428974110221185,0.004333,56,-0.021897810218978075,0.007299270072992729
cancer,1,FedDF,0.8686131386861314,0.15221108439920428,0.22334675569756507,68,364,0.12,137,3,severe,0.75,64,1,1632,1,0.6565919730115234,0.48428974110221185,0.00425,56,-0.021897810218978075,0.007299270072992729
cancer,1,FedMD-1r,0.8905109489051095,0.1298945405229776,0.23342155836350478,68,364,0.12,137,3,severe,0.75,64,1,1632,3,0.6565919730115234,0.48428974110221185,0.41675,264,-0.021897810218978075,0.007299270072992729
cancer,1,FedMD-2r,0.9051094890510949,0.12159270625547867,0.24053586207992703,68,364,0.12,137,3,severe,0.75,64,2,3264,3,0.6565919730115234,0.48428974110221185,0.415041,264,-0.021897810218978075,0.007299270072992729
cancer,1,FedMD,0.9051094890510949,0.11786533554202883,0.24158872541280052,68,364,0.12,137,3,severe,0.75,64,3,4896,3,0.6565919730115234,0.48428974110221185,0.414333,264,-0.021897810218978075,0.007299270072992729
cancer,1,centralized reference,0.9416058394160584,0.04505385200169449,0.042961598279801845,68,364,0.12,137,3,severe,0.75,64,0,0,1,0.6565919730115234,0.48428974110221185,0.004291,56,-0.021897810218978075,0.007299270072992729
cancer,2,best local,0.8102189781021898,0.10498130458611597,0.11426696862547629,68,364,0.12,137,3,severe,0.75,64,0,0,1,0.6761402575363653,0.4399935587889073,0.199041,104,-0.06569343065693434,0.01703163017031632
cancer,2,unweighted ensemble,0.8102189781021898,0.14027716498960063,0.23447015565713572,68,364,0.12,137,3,severe,0.75,64,1,1632,3,0.6761402575363653,0.4399935587889073,0.420584,264,-0.06569343065693434,0.01703163017031632
cancer,2,weighted ensemble,0.8175182481751825,0.11708923377596168,0.18496506202058327,68,364,0.12,137,3,severe,0.75,64,1,1632,3,0.6761402575363653,0.4399935587889073,0.415208,264,-0.06569343065693434,0.01703163017031632
cancer,2,hard transfer,0.8467153284671532,0.1179130352245995,0.12536448499352165,68,364,0.12,137,3,severe,0.75,64,1,1632,1,0.6761402575363653,0.4399935587889073,0.0045,56,-0.06569343065693434,0.01703163017031632
cancer,2,FedDF,0.8759124087591241,0.14871960156086955,0.2505274549418463,68,364,0.12,137,3,severe,0.75,64,1,1632,1,0.6761402575363653,0.4399935587889073,0.004333,56,-0.06569343065693434,0.01703163017031632
cancer,2,FedMD-1r,0.948905109489051,0.11319577802903764,0.26261297270546025,68,364,0.12,137,3,severe,0.75,64,1,1632,3,0.6761402575363653,0.4399935587889073,0.409833,264,-0.06569343065693434,0.01703163017031632
cancer,2,FedMD-2r,0.9562043795620438,0.10330832577462593,0.25438575319604717,68,364,0.12,137,3,severe,0.75,64,2,3264,3,0.6761402575363653,0.4399935587889073,0.413375,264,-0.06569343065693434,0.01703163017031632
cancer,2,FedMD,0.9781021897810219,0.09868331980056612,0.26951926592170916,68,364,0.12,137,3,severe,0.75,64,3,4896,3,0.6761402575363653,0.4399935587889073,0.407458,264,-0.06569343065693434,0.01703163017031632
cancer,2,centralized reference,0.9635036496350365,0.03768974837058662,0.0686385437841336,68,364,0.12,137,3,severe,0.75,64,0,0,1,0.6761402575363653,0.4399935587889073,0.004417,56,-0.06569343065693434,0.01703163017031632
cancer,3,best local,0.8029197080291971,0.13932837477925208,0.09323849357803438,68,364,0.12,137,3,severe,0.75,64,0,0,1,0.5887214195980935,0.48549211149426535,0.197375,104,0.1021897810218978,0.11678832116788318
cancer,3,unweighted ensemble,0.8102189781021898,0.1717843975350867,0.1845755936134335,68,364,0.12,137,3,severe,0.75,64,1,1632,3,0.5887214195980935,0.48549211149426535,0.414541,264,0.1021897810218978,0.11678832116788318
cancer,3,weighted ensemble,0.7956204379562044,0.14334250033827245,0.1391150092492481,68,364,0.12,137,3,severe,0.75,64,1,1632,3,0.5887214195980935,0.48549211149426535,0.413292,264,0.1021897810218978,0.11678832116788318
cancer,3,hard transfer,0.7883211678832117,0.1437052737381805,0.09336235988745381,68,364,0.12,137,3,severe,0.75,64,1,1632,1,0.5887214195980935,0.48549211149426535,0.004709,56,0.1021897810218978,0.11678832116788318
cancer,3,FedDF,0.7664233576642335,0.19382155816269267,0.1639340452197337,68,364,0.12,137,3,severe,0.75,64,1,1632,1,0.5887214195980935,0.48549211149426535,0.004459,56,0.1021897810218978,0.11678832116788318
cancer,3,FedMD-1r,0.8540145985401459,0.15929636035338288,0.2608790865943403,68,364,0.12,137,3,severe,0.75,64,1,1632,3,0.5887214195980935,0.48549211149426535,0.402125,264,0.1021897810218978,0.11678832116788318
cancer,3,FedMD-2r,0.8686131386861314,0.1512127981241863,0.2787113720946299,68,364,0.12,137,3,severe,0.75,64,2,3264,3,0.5887214195980935,0.48549211149426535,0.412166,264,0.1021897810218978,0.11678832116788318
cancer,3,FedMD,0.8686131386861314,0.14680109712840916,0.2789952614363434,68,364,0.12,137,3,severe,0.75,64,3,4896,3,0.5887214195980935,0.48549211149426535,0.412667,264,0.1021897810218978,0.11678832116788318
cancer,3,centralized reference,0.9197080291970803,0.04875531524991248,0.07033123634229183,68,364,0.12,137,3,severe,0.75,64,0,0,1,0.5887214195980935,0.48549211149426535,0.004208,56,0.1021897810218978,0.11678832116788318
cancer,0,best local,0.8248175182481752,0.1330893119763082,0.11276098738764023,137,295,0.24,137,3,severe,0.75,64,0,0,1,0.6204487398439432,0.5133386097932501,0.19975,104,-0.03649635036496357,0.021897810218978075
cancer,0,unweighted ensemble,0.8321167883211679,0.14590404844233348,0.15933894123568315,137,295,0.24,137,3,severe,0.75,64,1,3288,3,0.6204487398439432,0.5133386097932501,0.416,264,-0.03649635036496357,0.021897810218978075
cancer,0,weighted ensemble,0.8248175182481752,0.13313603770951818,0.13308666074128522,137,295,0.24,137,3,severe,0.75,64,1,3288,3,0.6204487398439432,0.5133386097932501,0.394334,264,-0.03649635036496357,0.021897810218978075
cancer,0,hard transfer,0.8175182481751825,0.1306020585933934,0.16609511838466504,137,295,0.24,137,3,severe,0.75,64,1,3288,1,0.6204487398439432,0.5133386097932501,0.004291,56,-0.03649635036496357,0.021897810218978075
cancer,0,FedDF,0.8321167883211679,0.1511518256314698,0.2073399701538453,137,295,0.24,137,3,severe,0.75,64,1,3288,1,0.6204487398439432,0.5133386097932501,0.004125,56,-0.03649635036496357,0.021897810218978075
cancer,0,FedMD-1r,0.8978102189781022,0.12703447584290165,0.2527282486976007,137,295,0.24,137,3,severe,0.75,64,1,3288,3,0.6204487398439432,0.5133386097932501,0.399792,264,-0.03649635036496357,0.021897810218978075
cancer,0,FedMD-2r,0.9197080291970803,0.11980077092318883,0.25827444303429237,137,295,0.24,137,3,severe,0.75,64,2,6576,3,0.6204487398439432,0.5133386097932501,0.406416,264,-0.03649635036496357,0.021897810218978075
cancer,0,FedMD,0.9197080291970803,0.11582886515062443,0.25791096333819136,137,295,0.24,137,3,severe,0.75,64,3,9864,3,0.6204487398439432,0.5133386097932501,0.405625,264,-0.03649635036496357,0.021897810218978075
cancer,0,centralized reference,0.927007299270073,0.03756483672071832,0.07259169301027905,137,295,0.24,137,3,severe,0.75,64,0,0,1,0.6204487398439432,0.5133386097932501,0.004375,56,-0.03649635036496357,0.021897810218978075
cancer,1,best local,0.7445255474452555,0.19652153902247843,0.19232836655350613,137,295,0.24,137,3,severe,0.75,64,0,0,1,0.5647725579946643,0.43940321833961044,0.195167,104,0.02919708029197088,0.04379562043795626
cancer,1,unweighted ensemble,0.7737226277372263,0.1769846549711003,0.11604148945400322,137,295,0.24,137,3,severe,0.75,64,1,3288,3,0.5647725579946643,0.43940321833961044,0.4045,264,0.02919708029197088,0.04379562043795626
cancer,1,weighted ensemble,0.7226277372262774,0.18506655470366534,0.13143451706647033,137,295,0.24,137,3,severe,0.75,64,1,3288,3,0.5647725579946643,0.43940321833961044,0.403,264,0.02919708029197088,0.04379562043795626
cancer,1,hard transfer,0.7591240875912408,0.20186074754020517,0.19762757551295013,137,295,0.24,137,3,severe,0.75,64,1,3288,1,0.5647725579946643,0.43940321833961044,0.004417,56,0.02919708029197088,0.04379562043795626
cancer,1,FedDF,0.781021897810219,0.1774894755370188,0.16791564217551372,137,295,0.24,137,3,severe,0.75,64,1,3288,1,0.5647725579946643,0.43940321833961044,0.00425,56,0.02919708029197088,0.04379562043795626
cancer,1,FedMD-1r,0.8321167883211679,0.1557327258943602,0.1846474628227733,137,295,0.24,137,3,severe,0.75,64,1,3288,3,0.5647725579946643,0.43940321833961044,0.412625,264,0.02919708029197088,0.04379562043795626
cancer,1,FedMD-2r,0.8175182481751825,0.15144987227204781,0.21827398914221913,137,295,0.24,137,3,severe,0.75,64,2,6576,3,0.5647725579946643,0.43940321833961044,0.411125,264,0.02919708029197088,0.04379562043795626
cancer,1,FedMD,0.8394160583941606,0.15050474107971606,0.22683301018348767,137,295,0.24,137,3,severe,0.75,64,3,9864,3,0.5647725579946643,0.43940321833961044,0.406458,264,0.02919708029197088,0.04379562043795626
cancer,1,centralized reference,0.9416058394160584,0.04584162726624034,0.04647109093483158,137,295,0.24,137,3,severe,0.75,64,0,0,1,0.5647725579946643,0.43940321833961044,0.004542,56,0.02919708029197088,0.04379562043795626
cancer,2,best local,0.7518248175182481,0.18445555766257757,0.177787266268707,137,295,0.24,137,3,severe,0.75,64,0,0,1,0.6602203072484615,0.4771795616425439,0.204416,104,-0.03649635036496346,0.012165450121654523
cancer,2,unweighted ensemble,0.8029197080291971,0.1624108742694378,0.15627607550550213,137,295,0.24,137,3,severe,0.75,64,1,3288,3,0.6602203072484615,0.4771795616425439,0.413917,264,-0.03649635036496346,0.012165450121654523
cancer,2,weighted ensemble,0.7518248175182481,0.16816686615829127,0.11741259743235433,137,295,0.24,137,3,severe,0.75,64,1,3288,3,0.6602203072484615,0.4771795616425439,0.410417,264,-0.03649635036496346,0.012165450121654523
cancer,2,hard transfer,0.8029197080291971,0.1659614878220658,0.18295757121254047,137,295,0.24,137,3,severe,0.75,64,1,3288,1,0.6602203072484615,0.4771795616425439,0.004292,56,-0.03649635036496346,0.012165450121654523
cancer,2,FedDF,0.8321167883211679,0.16663902025856764,0.18277800099354471,137,295,0.24,137,3,severe,0.75,64,1,3288,1,0.6602203072484615,0.4771795616425439,0.004208,56,-0.03649635036496346,0.012165450121654523
cancer,2,FedMD-1r,0.8613138686131386,0.14883737671890843,0.22948866967633452,137,295,0.24,137,3,severe,0.75,64,1,3288,3,0.6602203072484615,0.4771795616425439,0.406083,264,-0.03649635036496346,0.012165450121654523
cancer,2,FedMD-2r,0.8613138686131386,0.14567119526967734,0.2514475802668219,137,295,0.24,137,3,severe,0.75,64,2,6576,3,0.6602203072484615,0.4771795616425439,0.4115,264,-0.03649635036496346,0.012165450121654523
cancer,2,FedMD,0.8613138686131386,0.14464277311263352,0.250887142166912,137,295,0.24,137,3,severe,0.75,64,3,9864,3,0.6602203072484615,0.4771795616425439,0.40675,264,-0.03649635036496346,0.012165450121654523
cancer,2,centralized reference,0.9562043795620438,0.041633864297022,0.051598764593346357,137,295,0.24,137,3,severe,0.75,64,0,0,1,0.6602203072484615,0.4771795616425439,0.004542,56,-0.03649635036496346,0.012165450121654523
cancer,3,best local,0.8467153284671532,0.09770704518036849,0.11021744690189529,137,295,0.24,137,3,severe,0.75,64,0,0,1,0.6557440937002981,0.5224816314493061,0.205458,104,-0.007299270072992803,0.10218978102189773
cancer,3,unweighted ensemble,0.8613138686131386,0.1471516820693917,0.26235851885789063,137,295,0.24,137,3,severe,0.75,64,1,3288,3,0.6557440937002981,0.5224816314493061,0.414708,264,-0.007299270072992803,0.10218978102189773
cancer,3,weighted ensemble,0.8394160583941606,0.11443506207479746,0.17096459676408243,137,295,0.24,137,3,severe,0.75,64,1,3288,3,0.6557440937002981,0.5224816314493061,0.408583,264,-0.007299270072992803,0.10218978102189773
cancer,3,hard transfer,0.8540145985401459,0.09344220775441499,0.11020128938849488,137,295,0.24,137,3,severe,0.75,64,1,3288,1,0.6557440937002981,0.5224816314493061,0.00475,56,-0.007299270072992803,0.10218978102189773
cancer,3,FedDF,0.8759124087591241,0.15838174839889166,0.2538410820210083,137,295,0.24,137,3,severe,0.75,64,1,3288,1,0.6557440937002981,0.5224816314493061,0.004542,56,-0.007299270072992803,0.10218978102189773
cancer,3,FedMD-1r,0.9051094890510949,0.12790061389853366,0.2623887899606158,137,295,0.24,137,3,severe,0.75,64,1,3288,3,0.6557440937002981,0.5224816314493061,0.4145,264,-0.007299270072992803,0.10218978102189773
cancer,3,FedMD-2r,0.9197080291970803,0.11953141481727557,0.26078485691183667,137,295,0.24,137,3,severe,0.75,64,2,6576,3,0.6557440937002981,0.5224816314493061,0.411167,264,-0.007299270072992803,0.10218978102189773
cancer,3,FedMD,0.9197080291970803,0.11499380312147484,0.2589464517656784,137,295,0.24,137,3,severe,0.75,64,3,9864,3,0.6557440937002981,0.5224816314493061,0.411667,264,-0.007299270072992803,0.10218978102189773
cancer,3,centralized reference,0.9197080291970803,0.04734630525519162,0.07091834894817378,137,295,0.24,137,3,severe,0.75,64,0,0,1,0.6557440937002981,0.5224816314493061,0.004708,56,-0.007299270072992803,0.10218978102189773
cancer,0,best local,0.7226277372262774,0.20970503575718724,0.2183864211578392,205,227,0.36,137,3,severe,0.75,64,0,0,1,0.5967114867460622,0.4768011269048533,0.206333,104,-0.06569343065693434,-0.002433090024330934
cancer,0,unweighted ensemble,0.7591240875912408,0.16887484654603457,0.19804144214559066,205,227,0.36,137,3,severe,0.75,64,1,4920,3,0.5967114867460622,0.4768011269048533,0.416333,264,-0.06569343065693434,-0.002433090024330934
cancer,0,weighted ensemble,0.7153284671532847,0.18923334516913914,0.16776521889812315,205,227,0.36,137,3,severe,0.75,64,1,4920,3,0.5967114867460622,0.4768011269048533,0.416375,264,-0.06569343065693434,-0.002433090024330934
cancer,0,hard transfer,0.7372262773722628,0.22197447386331268,0.24245009817173313,205,227,0.36,137,3,severe,0.75,64,1,4920,1,0.5967114867460622,0.4768011269048533,0.004709,56,-0.06569343065693434,-0.002433090024330934
cancer,0,FedDF,0.7737226277372263,0.18285363791442003,0.16720853687025208,205,227,0.36,137,3,severe,0.75,64,1,4920,1,0.5967114867460622,0.4768011269048533,0.004542,56,-0.06569343065693434,-0.002433090024330934
cancer,0,FedMD-1r,0.8467153284671532,0.1469434906398637,0.26947327911652286,205,227,0.36,137,3,severe,0.75,64,1,4920,3,0.5967114867460622,0.4768011269048533,0.420542,264,-0.06569343065693434,-0.002433090024330934
cancer,0,FedMD-2r,0.8832116788321168,0.13921224987462985,0.2635210545800681,205,227,0.36,137,3,severe,0.75,64,2,9840,3,0.5967114867460622,0.4768011269048533,0.418917,264,-0.06569343065693434,-0.002433090024330934
cancer,0,FedMD,0.8978102189781022,0.13537922014388168,0.26261895674892516,205,227,0.36,137,3,severe,0.75,64,3,14760,3,0.5967114867460622,0.4768011269048533,0.415459,264,-0.06569343065693434,-0.002433090024330934
cancer,0,centralized reference,0.927007299270073,0.03864666525030401,0.06789019391482647,205,227,0.36,137,3,severe,0.75,64,0,0,1,0.5967114867460622,0.4768011269048533,0.004708,56,-0.06569343065693434,-0.002433090024330934
cancer,1,best local,0.7445255474452555,0.2065844070023122,0.2009020375091996,205,227,0.36,137,3,severe,0.75,64,0,0,1,0.5701481196909549,0.47745763435352373,0.207458,104,-0.021897810218978186,0.0072992700729926545
cancer,1,unweighted ensemble,0.7518248175182481,0.1823078151049118,0.13626611929958074,205,227,0.36,137,3,severe,0.75,64,1,4920,3,0.5701481196909549,0.47745763435352373,0.41875,264,-0.021897810218978186,0.0072992700729926545
cancer,1,weighted ensemble,0.7153284671532847,0.19229904392172023,0.1299822998449091,205,227,0.36,137,3,severe,0.75,64,1,4920,3,0.5701481196909549,0.47745763435352373,0.396917,264,-0.021897810218978186,0.0072992700729926545
cancer,1,hard transfer,0.7664233576642335,0.19927579809261214,0.2015475864933745,205,227,0.36,137,3,severe,0.75,64,1,4920,1,0.5701481196909549,0.47745763435352373,0.004791,56,-0.021897810218978186,0.0072992700729926545
cancer,1,FedDF,0.7664233576642335,0.17683529403717568,0.18065583453043693,205,227,0.36,137,3,severe,0.75,64,1,4920,1,0.5701481196909549,0.47745763435352373,0.00425,56,-0.021897810218978186,0.0072992700729926545
cancer,1,FedMD-1r,0.8248175182481752,0.15478484907552023,0.24283453257572843,205,227,0.36,137,3,severe,0.75,64,1,4920,3,0.5701481196909549,0.47745763435352373,0.410291,264,-0.021897810218978186,0.0072992700729926545
cancer,1,FedMD-2r,0.8248175182481752,0.14901977556974405,0.2524367974438182,205,227,0.36,137,3,severe,0.75,64,2,9840,3,0.5701481196909549,0.47745763435352373,0.411666,264,-0.021897810218978186,0.0072992700729926545
cancer,1,FedMD,0.8613138686131386,0.1470369098715048,0.2574737482267628,205,227,0.36,137,3,severe,0.75,64,3,14760,3,0.5701481196909549,0.47745763435352373,0.410583,264,-0.021897810218978186,0.0072992700729926545
cancer,1,centralized reference,0.9343065693430657,0.046840236568473935,0.05037825512693395,205,227,0.36,137,3,severe,0.75,64,0,0,1,0.5701481196909549,0.47745763435352373,0.004666,56,-0.021897810218978186,0.0072992700729926545
cancer,2,best local,0.8467153284671532,0.10493936380914239,0.1524586073004702,205,227,0.36,137,3,severe,0.75,64,0,0,1,0.6837819609851881,0.458972126179195,0.2015,104,-0.04379562043795626,0.048661800486617945
cancer,2,unweighted ensemble,0.8467153284671532,0.14462140641918042,0.2586755304253444,205,227,0.36,137,3,severe,0.75,64,1,4920,3,0.6837819609851881,0.458972126179195,0.403459,264,-0.04379562043795626,0.048661800486617945
cancer,2,weighted ensemble,0.8175182481751825,0.12249626394358637,0.2309710277459957,205,227,0.36,137,3,severe,0.75,64,1,4920,3,0.6837819609851881,0.458972126179195,0.410542,264,-0.04379562043795626,0.048661800486617945
cancer,2,hard transfer,0.7956204379562044,0.14759621785658458,0.17759332251196477,205,227,0.36,137,3,severe,0.75,64,1,4920,1,0.6837819609851881,0.458972126179195,0.004583,56,-0.04379562043795626,0.048661800486617945
cancer,2,FedDF,0.8540145985401459,0.15142026424760668,0.25447572470115315,205,227,0.36,137,3,severe,0.75,64,1,4920,1,0.6837819609851881,0.458972126179195,0.004667,56,-0.04379562043795626,0.048661800486617945
cancer,2,FedMD-1r,0.8978102189781022,0.12296726980293829,0.26787514391833134,205,227,0.36,137,3,severe,0.75,64,1,4920,3,0.6837819609851881,0.458972126179195,0.414209,264,-0.04379562043795626,0.048661800486617945
cancer,2,FedMD-2r,0.9051094890510949,0.11120452071691941,0.26707885773055573,205,227,0.36,137,3,severe,0.75,64,2,9840,3,0.6837819609851881,0.458972126179195,0.405584,264,-0.04379562043795626,0.048661800486617945
cancer,2,FedMD,0.9124087591240876,0.10520234104948135,0.2629697129403973,205,227,0.36,137,3,severe,0.75,64,3,14760,3,0.6837819609851881,0.458972126179195,0.422167,264,-0.04379562043795626,0.048661800486617945
cancer,2,centralized reference,0.9562043795620438,0.0436705225332632,0.06309340788306798,205,227,0.36,137,3,severe,0.75,64,0,0,1,0.6837819609851881,0.458972126179195,0.004709,56,-0.04379562043795626,0.048661800486617945
cancer,3,best local,0.8029197080291971,0.16082730667048256,0.15957165933318695,205,227,0.36,137,3,severe,0.75,64,0,0,1,0.639368250309472,0.5209945789046827,0.205833,104,0.05109489051094884,0.08272506082725058
cancer,3,unweighted ensemble,0.8248175182481752,0.16406860378214327,0.17087465307827784,205,227,0.36,137,3,severe,0.75,64,1,4920,3,0.639368250309472,0.5209945789046827,0.413208,264,0.05109489051094884,0.08272506082725058
cancer,3,weighted ensemble,0.7883211678832117,0.1580128156476627,0.10713205900288512,205,227,0.36,137,3,severe,0.75,64,1,4920,3,0.639368250309472,0.5209945789046827,0.411,264,0.05109489051094884,0.08272506082725058
cancer,3,hard transfer,0.8175182481751825,0.13402416201546327,0.15010146133622787,205,227,0.36,137,3,severe,0.75,64,1,4920,1,0.639368250309472,0.5209945789046827,0.004667,56,0.05109489051094884,0.08272506082725058
cancer,3,FedDF,0.8321167883211679,0.16777202906287614,0.22777239011279865,205,227,0.36,137,3,severe,0.75,64,1,4920,1,0.639368250309472,0.5209945789046827,0.004417,56,0.05109489051094884,0.08272506082725058
cancer,3,FedMD-1r,0.8905109489051095,0.1415219098273829,0.23169890584976868,205,227,0.36,137,3,severe,0.75,64,1,4920,3,0.639368250309472,0.5209945789046827,0.408292,264,0.05109489051094884,0.08272506082725058
cancer,3,FedMD-2r,0.8978102189781022,0.12902129996623526,0.24062989219697178,205,227,0.36,137,3,severe,0.75,64,2,9840,3,0.639368250309472,0.5209945789046827,0.405959,264,0.05109489051094884,0.08272506082725058
cancer,3,FedMD,0.8978102189781022,0.12202073301397817,0.23018148706418715,205,227,0.36,137,3,severe,0.75,64,3,14760,3,0.639368250309472,0.5209945789046827,0.40925,264,0.05109489051094884,0.08272506082725058
cancer,3,centralized reference,0.9416058394160584,0.04808867881636318,0.07477241219409166,205,227,0.36,137,3,severe,0.75,64,0,0,1,0.639368250309472,0.5209945789046827,0.004333,56,0.05109489051094884,0.08272506082725058
digits,0,best local,0.9767441860465116,0.0192900902479063,0.0502580630153794,43,228,0.12,86,3,iid,0.0,64,0,0,1,0.5117809057527539,0.4981640146878825,0.004542,56,-0.011627906976744207,-0.007751937984496138
digits,0,unweighted ensemble,0.9767441860465116,0.018558942568027648,0.07802793873189769,43,228,0.12,86,3,iid,0.0,64,1,1032,3,0.5117809057527539,0.4981640146878825,0.3265,264,-0.011627906976744207,-0.007751937984496138
digits,0,weighted ensemble,0.9767441860465116,0.018467751854861745,0.07809259026958944,43,228,0.12,86,3,iid,0.0,64,1,1032,3,0.5117809057527539,0.4981640146878825,0.321084,264,-0.011627906976744207,-0.007751937984496138
digits,0,hard transfer,0.9069767441860465,0.05043141261686285,0.08193245503363752,43,228,0.12,86,3,iid,0.0,64,1,1032,1,0.5117809057527539,0.4981640146878825,0.004292,56,-0.011627906976744207,-0.007751937984496138
digits,0,FedDF,0.9767441860465116,0.03233874878623447,0.10939475624958561,43,228,0.12,86,3,iid,0.0,64,1,1032,1,0.5117809057527539,0.4981640146878825,0.004208,56,-0.011627906976744207,-0.007751937984496138
digits,0,FedMD-1r,0.9883720930232558,0.023193290561044713,0.08644993269765167,43,228,0.12,86,3,iid,0.0,64,1,1032,3,0.5117809057527539,0.4981640146878825,0.323542,264,-0.011627906976744207,-0.007751937984496138
digits,0,FedMD-2r,0.9767441860465116,0.02459198484347099,0.07667401735651928,43,228,0.12,86,3,iid,0.0,64,2,2064,3,0.5117809057527539,0.4981640146878825,0.330083,264,-0.011627906976744207,-0.007751937984496138
digits,0,FedMD,0.9767441860465116,0.025201834403727783,0.07914294376988248,43,228,0.12,86,3,iid,0.0,64,3,3096,3,0.5117809057527539,0.4981640146878825,0.331125,264,-0.011627906976744207,-0.007751937984496138
digits,0,centralized reference,0.9883720930232558,0.01817119630756343,0.05102950837090249,43,228,0.12,86,3,iid,0.0,64,0,0,1,0.5117809057527539,0.4981640146878825,0.004375,56,-0.011627906976744207,-0.007751937984496138
digits,1,best local,1.0,0.010897409026036487,0.05179323645396107,43,228,0.12,86,3,iid,0.0,64,0,0,1,0.47832517339861286,0.4876580987352101,0.00425,56,0.0,0.0
digits,1,unweighted ensemble,0.9883720930232558,0.018503706194244587,0.06636650834661248,43,228,0.12,86,3,iid,0.0,64,1,1032,3,0.47832517339861286,0.4876580987352101,0.321292,264,0.0,0.0
digits,1,weighted ensemble,0.9883720930232558,0.016607748831676816,0.06758920380066766,43,228,0.12,86,3,iid,0.0,64,1,1032,3,0.47832517339861286,0.4876580987352101,0.321125,264,0.0,0.0
digits,1,hard transfer,1.0,0.009616501269721155,0.05564917393887787,43,228,0.12,86,3,iid,0.0,64,1,1032,1,0.47832517339861286,0.4876580987352101,0.004125,56,0.0,0.0
digits,1,FedDF,1.0,0.027333675448427547,0.12905215114804874,43,228,0.12,86,3,iid,0.0,64,1,1032,1,0.47832517339861286,0.4876580987352101,0.004,56,0.0,0.0
digits,1,FedMD-1r,0.9883720930232558,0.02571233764851056,0.10056969442915713,43,228,0.12,86,3,iid,0.0,64,1,1032,3,0.47832517339861286,0.4876580987352101,0.322542,264,0.0,0.0
digits,1,FedMD-2r,0.9883720930232558,0.027884219087008673,0.11738180321785567,43,228,0.12,86,3,iid,0.0,64,2,2064,3,0.47832517339861286,0.4876580987352101,0.321375,264,0.0,0.0
digits,1,FedMD,0.9883720930232558,0.02872979939535214,0.12083376547805898,43,228,0.12,86,3,iid,0.0,64,3,3096,3,0.47832517339861286,0.4876580987352101,0.321833,264,0.0,0.0
digits,1,centralized reference,1.0,0.007120382716840951,0.044410859999182095,43,228,0.12,86,3,iid,0.0,64,0,0,1,0.47832517339861286,0.4876580987352101,0.003833,56,0.0,0.0
digits,2,best local,0.9651162790697675,0.026283827280887545,0.02857945041410733,43,228,0.12,86,3,iid,0.0,64,0,0,1,0.5011219910240717,0.45308037535699713,0.155333,104,-0.011627906976744207,-0.003875968992248069
digits,2,unweighted ensemble,0.9534883720930233,0.027827800249576533,0.04813221646726909,43,228,0.12,86,3,iid,0.0,64,1,1032,3,0.5011219910240717,0.45308037535699713,0.319583,264,-0.011627906976744207,-0.003875968992248069
digits,2,weighted ensemble,0.9534883720930233,0.027896934027846407,0.047772059682165614,43,228,0.12,86,3,iid,0.0,64,1,1032,3,0.5011219910240717,0.45308037535699713,0.31925,264,-0.011627906976744207,-0.003875968992248069
digits,2,hard transfer,0.9534883720930233,0.02953420250617842,0.0492603698375549,43,228,0.12,86,3,iid,0.0,64,1,1032,1,0.5011219910240717,0.45308037535699713,0.004166,56,-0.011627906976744207,-0.003875968992248069
digits,2,FedDF,0.9418604651162791,0.03274241461017434,0.0906578529151835,43,228,0.12,86,3,iid,0.0,64,1,1032,1,0.5011219910240717,0.45308037535699713,0.004042,56,-0.011627906976744207,-0.003875968992248069
digits,2,FedMD-1r,0.9651162790697675,0.02893021148506579,0.05119180043185174,43,228,0.12,86,3,iid,0.0,64,1,1032,3,0.5011219910240717,0.45308037535699713,0.320916,264,-0.011627906976744207,-0.003875968992248069
digits,2,FedMD-2r,0.9534883720930233,0.029566958060125013,0.06400659037288754,43,228,0.12,86,3,iid,0.0,64,2,2064,3,0.5011219910240717,0.45308037535699713,0.317917,264,-0.011627906976744207,-0.003875968992248069
digits,2,FedMD,0.9534883720930233,0.02986839678255618,0.06627516880079458,43,228,0.12,86,3,iid,0.0,64,3,3096,3,0.5011219910240717,0.45308037535699713,0.315666,264,-0.011627906976744207,-0.003875968992248069
digits,2,centralized reference,0.9418604651162791,0.029143700358559763,0.06020784538473606,43,228,0.12,86,3,iid,0.0,64,0,0,1,0.5011219910240717,0.45308037535699713,0.004125,56,-0.011627906976744207,-0.003875968992248069
digits,3,best local,1.0,0.008582244545822239,0.048144417364749885,43,228,0.12,86,3,iid,0.0,64,0,0,1,0.5028049775601795,0.5156568747450021,0.004167,56,0.0,0.003875968992248032
digits,3,unweighted ensemble,0.9767441860465116,0.022002882078676518,0.0727294946554348,43,228,0.12,86,3,iid,0.0,64,1,1032,3,0.5028049775601795,0.5156568747450021,0.319209,264,0.0,0.003875968992248032
digits,3,weighted ensemble,0.9651162790697675,0.02847678250415229,0.057523727338823355,43,228,0.12,86,3,iid,0.0,64,1,1032,3,0.5028049775601795,0.5156568747450021,0.314583,264,0.0,0.003875968992248032
digits,3,hard transfer,0.9767441860465116,0.019381855883932573,0.04673252822538257,43,228,0.12,86,3,iid,0.0,64,1,1032,1,0.5028049775601795,0.5156568747450021,0.004125,56,0.0,0.003875968992248032
digits,3,FedDF,0.9767441860465116,0.026026687095692513,0.08856684963770656,43,228,0.12,86,3,iid,0.0,64,1,1032,1,0.5028049775601795,0.5156568747450021,0.003917,56,0.0,0.003875968992248032
digits,3,FedMD-1r,0.9651162790697675,0.030786820166507176,0.08146121980585172,43,228,0.12,86,3,iid,0.0,64,1,1032,3,0.5028049775601795,0.5156568747450021,0.317,264,0.0,0.003875968992248032
digits,3,FedMD-2r,0.9651162790697675,0.032712536850763765,0.09097264307671298,43,228,0.12,86,3,iid,0.0,64,2,2064,3,0.5028049775601795,0.5156568747450021,0.314416,264,0.0,0.003875968992248032
digits,3,FedMD,0.9534883720930233,0.03338816450897933,0.09281897318431347,43,228,0.12,86,3,iid,0.0,64,3,3096,3,0.5028049775601795,0.5156568747450021,0.314708,264,0.0,0.003875968992248032
digits,3,centralized reference,1.0,0.007595327702876556,0.04391452290250504,43,228,0.12,86,3,iid,0.0,64,0,0,1,0.5028049775601795,0.5156568747450021,0.004083,56,0.0,0.003875968992248032
digits,0,best local,1.0,0.013542883422882141,0.0638014569640582,86,185,0.24,86,3,iid,0.0,64,0,0,1,0.5100035254715318,0.4822732322424868,0.004333,56,0.0,0.03100775193798448
digits,0,unweighted ensemble,1.0,0.021859673779263806,0.08815832454245065,86,185,0.24,86,3,iid,0.0,64,1,2064,3,0.5100035254715318,0.4822732322424868,0.316333,264,0.0,0.03100775193798448
digits,0,weighted ensemble,0.9883720930232558,0.020453247083531644,0.07541860806038436,86,185,0.24,86,3,iid,0.0,64,1,2064,3,0.5100035254715318,0.4822732322424868,0.313917,264,0.0,0.03100775193798448
digits,0,hard transfer,0.9418604651162791,0.033412994578835876,0.058923823445595803,86,185,0.24,86,3,iid,0.0,64,1,2064,1,0.5100035254715318,0.4822732322424868,0.004042,56,0.0,0.03100775193798448
digits,0,FedDF,0.9767441860465116,0.028389917276611776,0.09146005328868503,86,185,0.24,86,3,iid,0.0,64,1,2064,1,0.5100035254715318,0.4822732322424868,0.004,56,0.0,0.03100775193798448
digits,0,FedMD-1r,0.9651162790697675,0.027862604644276458,0.08559307584446736,86,185,0.24,86,3,iid,0.0,64,1,2064,3,0.5100035254715318,0.4822732322424868,0.315375,264,0.0,0.03100775193798448
digits,0,FedMD-2r,0.9534883720930233,0.029952514763435103,0.0941104859151812,86,185,0.24,86,3,iid,0.0,64,2,4128,3,0.5100035254715318,0.4822732322424868,0.315333,264,0.0,0.03100775193798448
digits,0,FedMD,0.9534883720930233,0.030697778708423287,0.09650567439800642,86,185,0.24,86,3,iid,0.0,64,3,6192,3,0.5100035254715318,0.4822732322424868,0.314833,264,0.0,0.03100775193798448
digits,0,centralized reference,0.9883720930232558,0.016077161316101516,0.05364863518625903,86,185,0.24,86,3,iid,0.0,64,0,0,1,0.5100035254715318,0.4822732322424868,0.004084,56,0.0,0.03100775193798448
digits,1,best local,0.9883720930232558,0.013379815903608424,0.04893075800692529,86,185,0.24,86,3,iid,0.0,64,0,0,1,0.46823386174412457,0.5682199238334174,0.004167,56,0.011627906976744207,0.011627906976744207
digits,1,unweighted ensemble,1.0,0.014570909386228674,0.07996671937590429,86,185,0.24,86,3,iid,0.0,64,1,2064,3,0.46823386174412457,0.5682199238334174,0.316375,264,0.011627906976744207,0.011627906976744207
digits,1,weighted ensemble,0.9883720930232558,0.015420378110195709,0.06856467711289872,86,185,0.24,86,3,iid,0.0,64,1,2064,3,0.46823386174412457,0.5682199238334174,0.318042,264,0.011627906976744207,0.011627906976744207
digits,1,hard transfer,0.9883720930232558,0.013507375675212827,0.05970024898012736,86,185,0.24,86,3,iid,0.0,64,1,2064,1,0.46823386174412457,0.5682199238334174,0.004125,56,0.011627906976744207,0.011627906976744207
digits,1,FedDF,0.9767441860465116,0.02661409020495907,0.1101574434365404,86,185,0.24,86,3,iid,0.0,64,1,2064,1,0.46823386174412457,0.5682199238334174,0.004041,56,0.011627906976744207,0.011627906976744207
digits,1,FedMD-1r,0.9883720930232558,0.01958859223205014,0.09291463842642117,86,185,0.24,86,3,iid,0.0,64,1,2064,3,0.46823386174412457,0.5682199238334174,0.31525,264,0.011627906976744207,0.011627906976744207
digits,1,FedMD-2r,0.9883720930232558,0.02151513586953602,0.10136131462889182,86,185,0.24,86,3,iid,0.0,64,2,4128,3,0.46823386174412457,0.5682199238334174,0.314792,264,0.011627906976744207,0.011627906976744207
digits,1,FedMD,0.9883720930232558,0.022290004636913927,0.10472691120948205,86,185,0.24,86,3,iid,0.0,64,3,6192,3,0.46823386174412457,0.5682199238334174,0.320625,264,0.011627906976744207,0.011627906976744207
digits,1,centralized reference,1.0,0.007656774432431226,0.04392767411195901,86,185,0.24,86,3,iid,0.0,64,0,0,1,0.46823386174412457,0.5682199238334174,0.004125,56,0.011627906976744207,0.011627906976744207
digits,2,best local,0.9767441860465116,0.034796219829128054,0.0645568278648045,86,185,0.24,86,3,iid,0.0,64,0,0,1,0.5018980154874785,0.5443205063560973,0.155791,104,0.0,0.003875968992248069
digits,2,unweighted ensemble,0.9534883720930233,0.03120799635808503,0.057866845764707686,86,185,0.24,86,3,iid,0.0,64,1,2064,3,0.5018980154874785,0.5443205063560973,0.318666,264,0.0,0.003875968992248069
digits,2,weighted ensemble,0.9534883720930233,0.0306142767777238,0.06524161081629909,86,185,0.24,86,3,iid,0.0,64,1,2064,3,0.5018980154874785,0.5443205063560973,0.315542,264,0.0,0.003875968992248069
digits,2,hard transfer,0.9534883720930233,0.03349568089256032,0.041316140587930185,86,185,0.24,86,3,iid,0.0,64,1,2064,1,0.5018980154874785,0.5443205063560973,0.004166,56,0.0,0.003875968992248069
digits,2,FedDF,0.9534883720930233,0.035709168512332655,0.09188271184479342,86,185,0.24,86,3,iid,0.0,64,1,2064,1,0.5018980154874785,0.5443205063560973,0.004083,56,0.0,0.003875968992248069
digits,2,FedMD-1r,0.9534883720930233,0.03155131877725135,0.07521702461551795,86,185,0.24,86,3,iid,0.0,64,1,2064,3,0.5018980154874785,0.5443205063560973,0.317833,264,0.0,0.003875968992248069
digits,2,FedMD-2r,0.9534883720930233,0.03206852087000425,0.07905157198678336,86,185,0.24,86,3,iid,0.0,64,2,4128,3,0.5018980154874785,0.5443205063560973,0.317041,264,0.0,0.003875968992248069
digits,2,FedMD,0.9534883720930233,0.032338461846288524,0.0806616446978837,86,185,0.24,86,3,iid,0.0,64,3,6192,3,0.5018980154874785,0.5443205063560973,0.3175,264,0.0,0.003875968992248069
digits,2,centralized reference,0.9418604651162791,0.029056511041417526,0.0641641645123389,86,185,0.24,86,3,iid,0.0,64,0,0,1,0.5018980154874785,0.5443205063560973,0.004209,56,0.0,0.003875968992248069
digits,3,best local,0.9883720930232558,0.02228348863788686,0.06762609022183134,86,185,0.24,86,3,iid,0.0,64,0,0,1,0.4920564157432801,0.4590245922136272,0.155417,104,-0.03488372093023251,-0.003875968992248032
digits,3,unweighted ensemble,0.9651162790697675,0.02354484479102357,0.06417303677706834,86,185,0.24,86,3,iid,0.0,64,1,2064,3,0.4920564157432801,0.4590245922136272,0.315834,264,-0.03488372093023251,-0.003875968992248032
digits,3,weighted ensemble,0.9651162790697675,0.022609334362177245,0.06530111289384057,86,185,0.24,86,3,iid,0.0,64,1,2064,3,0.4920564157432801,0.4590245922136272,0.322292,264,-0.03488372093023251,-0.003875968992248032
digits,3,hard transfer,0.9767441860465116,0.01580120969352997,0.050117298528659315,86,185,0.24,86,3,iid,0.0,64,1,2064,1,0.4920564157432801,0.4590245922136272,0.004291,56,-0.03488372093023251,-0.003875968992248032
digits,3,FedDF,0.9767441860465116,0.023071245080881514,0.08978198480182842,86,185,0.24,86,3,iid,0.0,64,1,2064,1,0.4920564157432801,0.4590245922136272,0.004041,56,-0.03488372093023251,-0.003875968992248032
digits,3,FedMD-1r,0.9651162790697675,0.025853317507004234,0.07688148702513675,86,185,0.24,86,3,iid,0.0,64,1,2064,3,0.4920564157432801,0.4590245922136272,0.315708,264,-0.03488372093023251,-0.003875968992248032
digits,3,FedMD-2r,0.9651162790697675,0.027242486189013083,0.08182102548961173,86,185,0.24,86,3,iid,0.0,64,2,4128,3,0.4920564157432801,0.4590245922136272,0.31575,264,-0.03488372093023251,-0.003875968992248032
digits,3,FedMD,0.9651162790697675,0.027860131480301264,0.08379833763532081,86,185,0.24,86,3,iid,0.0,64,3,6192,3,0.4920564157432801,0.4590245922136272,0.326125,264,-0.03488372093023251,-0.003875968992248032
digits,3,centralized reference,1.0,0.010020453552048376,0.045195458018131636,86,185,0.24,86,3,iid,0.0,64,0,0,1,0.4920564157432801,0.4590245922136272,0.004125,56,-0.03488372093023251,-0.003875968992248032
digits,0,best local,0.9534883720930233,0.03356025319499065,0.05524898046633593,129,142,0.36,86,3,iid,0.0,64,0,0,1,0.5580484771015449,0.5327722112265655,0.158542,104,0.0,0.02713178294573641
digits,0,unweighted ensemble,0.9767441860465116,0.037484521005341095,0.07331356742910533,129,142,0.36,86,3,iid,0.0,64,1,3096,3,0.5580484771015449,0.5327722112265655,0.319041,264,0.0,0.02713178294573641
digits,0,weighted ensemble,0.9767441860465116,0.036396370535985906,0.07039727564762517,129,142,0.36,86,3,iid,0.0,64,1,3096,3,0.5580484771015449,0.5327722112265655,0.315625,264,0.0,0.02713178294573641
digits,0,hard transfer,0.9534883720930233,0.03155193527076003,0.06169430826487625,129,142,0.36,86,3,iid,0.0,64,1,3096,1,0.5580484771015449,0.5327722112265655,0.00425,56,0.0,0.02713178294573641
digits,0,FedDF,0.9651162790697675,0.03545803432123186,0.09513127536129695,129,142,0.36,86,3,iid,0.0,64,1,3096,1,0.5580484771015449,0.5327722112265655,0.004042,56,0.0,0.02713178294573641
digits,0,FedMD-1r,0.9534883720930233,0.03351657359682046,0.08385958110964586,129,142,0.36,86,3,iid,0.0,64,1,3096,3,0.5580484771015449,0.5327722112265655,0.31875,264,0.0,0.02713178294573641
digits,0,FedMD-2r,0.9534883720930233,0.03347680479240965,0.08375609391978042,129,142,0.36,86,3,iid,0.0,64,2,6192,3,0.5580484771015449,0.5327722112265655,0.3205,264,0.0,0.02713178294573641
digits,0,FedMD,0.9534883720930233,0.03351866149423204,0.0883397172962756,129,142,0.36,86,3,iid,0.0,64,3,9288,3,0.5580484771015449,0.5327722112265655,0.320083,264,0.0,0.02713178294573641
digits,0,centralized reference,0.9883720930232558,0.018711057608869014,0.0590201561766774,129,142,0.36,86,3,iid,0.0,64,0,0,1,0.5580484771015449,0.5327722112265655,0.004125,56,0.0,0.02713178294573641
digits,1,best local,0.9767441860465116,0.01698531636753972,0.06029314848996169,129,142,0.36,86,3,iid,0.0,64,0,0,1,0.4945313788553521,0.45952567485843093,0.004292,56,0.0,0.007751937984496138
digits,1,unweighted ensemble,0.9883720930232558,0.018198905328947225,0.07536466354695041,129,142,0.36,86,3,iid,0.0,64,1,3096,3,0.4945313788553521,0.45952567485843093,0.326542,264,0.0,0.007751937984496138
digits,1,weighted ensemble,0.9883720930232558,0.019528741277664925,0.06080341244871408,129,142,0.36,86,3,iid,0.0,64,1,3096,3,0.4945313788553521,0.45952567485843093,0.326208,264,0.0,0.007751937984496138
digits,1,hard transfer,0.9651162790697675,0.01517669312813975,0.054759634041315355,129,142,0.36,86,3,iid,0.0,64,1,3096,1,0.4945313788553521,0.45952567485843093,0.004125,56,0.0,0.007751937984496138
digits,1,FedDF,0.9883720930232558,0.02065886010013375,0.08882998255674839,129,142,0.36,86,3,iid,0.0,64,1,3096,1,0.4945313788553521,0.45952567485843093,0.004042,56,0.0,0.007751937984496138
digits,1,FedMD-1r,0.9883720930232558,0.021200234168521532,0.07592319273374483,129,142,0.36,86,3,iid,0.0,64,1,3096,3,0.4945313788553521,0.45952567485843093,0.32275,264,0.0,0.007751937984496138
digits,1,FedMD-2r,0.9883720930232558,0.022228058310587266,0.081027757859818,129,142,0.36,86,3,iid,0.0,64,2,6192,3,0.4945313788553521,0.45952567485843093,0.322042,264,0.0,0.007751937984496138
digits,1,FedMD,0.9883720930232558,0.02259735161346606,0.08291982648844423,129,142,0.36,86,3,iid,0.0,64,3,9288,3,0.4945313788553521,0.45952567485843093,0.314875,264,0.0,0.007751937984496138
digits,1,centralized reference,1.0,0.00805395230497152,0.04372266160606219,129,142,0.36,86,3,iid,0.0,64,0,0,1,0.4945313788553521,0.45952567485843093,0.004042,56,0.0,0.007751937984496138
digits,2,best local,0.9767441860465116,0.02126591231620444,0.04308204882602399,129,142,0.36,86,3,iid,0.0,64,0,0,1,0.5204450492055638,0.4627573670899994,0.153541,104,0.0,0.003875968992248032
digits,2,unweighted ensemble,0.9767441860465116,0.022768842869557077,0.0549674416079009,129,142,0.36,86,3,iid,0.0,64,1,3096,3,0.5204450492055638,0.4627573670899994,0.314833,264,0.0,0.003875968992248032
digits,2,weighted ensemble,0.9767441860465116,0.022756975992508217,0.06058802760592544,129,142,0.36,86,3,iid,0.0,64,1,3096,3,0.5204450492055638,0.4627573670899994,0.312,264,0.0,0.003875968992248032
digits,2,hard transfer,0.9651162790697675,0.031145866793725652,0.03784030798492059,129,142,0.36,86,3,iid,0.0,64,1,3096,1,0.5204450492055638,0.4627573670899994,0.004041,56,0.0,0.003875968992248032
digits,2,FedDF,0.9651162790697675,0.03274405480197995,0.07243435468077809,129,142,0.36,86,3,iid,0.0,64,1,3096,1,0.5204450492055638,0.4627573670899994,0.003958,56,0.0,0.003875968992248032
digits,2,FedMD-1r,0.9767441860465116,0.02355191576283279,0.062026620884288404,129,142,0.36,86,3,iid,0.0,64,1,3096,3,0.5204450492055638,0.4627573670899994,0.316708,264,0.0,0.003875968992248032
digits,2,FedMD-2r,0.9767441860465116,0.024214149237546362,0.06659774634123015,129,142,0.36,86,3,iid,0.0,64,2,6192,3,0.5204450492055638,0.4627573670899994,0.313792,264,0.0,0.003875968992248032
digits,2,FedMD,0.9767441860465116,0.02452961087835681,0.06851668150203313,129,142,0.36,86,3,iid,0.0,64,3,9288,3,0.5204450492055638,0.4627573670899994,0.31375,264,0.0,0.003875968992248032
digits,2,centralized reference,0.9534883720930233,0.028389646885221928,0.051596112488864955,129,142,0.36,86,3,iid,0.0,64,0,0,1,0.5204450492055638,0.4627573670899994,0.004125,56,0.0,0.003875968992248032
digits,3,best local,0.9883720930232558,0.015435031583590239,0.05741735870516769,129,142,0.36,86,3,iid,0.0,64,0,0,1,0.46321265600087963,0.4754504783110671,0.004208,56,-0.011627906976744207,0.0077519379844961005
digits,3,unweighted ensemble,0.9883720930232558,0.019389301499615652,0.06966392668890908,129,142,0.36,86,3,iid,0.0,64,1,3096,3,0.46321265600087963,0.4754504783110671,0.327459,264,-0.011627906976744207,0.0077519379844961005
digits,3,weighted ensemble,1.0,0.018522397782542468,0.07727376120053246,129,142,0.36,86,3,iid,0.0,64,1,3096,3,0.46321265600087963,0.4754504783110671,0.310458,264,-0.011627906976744207,0.0077519379844961005
digits,3,hard transfer,0.9767441860465116,0.015259418448723245,0.04643764339169628,129,142,0.36,86,3,iid,0.0,64,1,3096,1,0.46321265600087963,0.4754504783110671,0.004125,56,-0.011627906976744207,0.0077519379844961005
digits,3,FedDF,0.9767441860465116,0.02247892701967981,0.09083674488231339,129,142,0.36,86,3,iid,0.0,64,1,3096,1,0.46321265600087963,0.4754504783110671,0.003958,56,-0.011627906976744207,0.0077519379844961005
digits,3,FedMD-1r,0.9883720930232558,0.02355546172660762,0.09894117695236981,129,142,0.36,86,3,iid,0.0,64,1,3096,3,0.46321265600087963,0.4754504783110671,0.319833,264,-0.011627906976744207,0.0077519379844961005
digits,3,FedMD-2r,0.9883720930232558,0.025493352058242866,0.09830768640068317,129,142,0.36,86,3,iid,0.0,64,2,6192,3,0.46321265600087963,0.4754504783110671,0.318667,264,-0.011627906976744207,0.0077519379844961005
digits,3,FedMD,0.9883720930232558,0.026278321169166056,0.10123299946024387,129,142,0.36,86,3,iid,0.0,64,3,9288,3,0.46321265600087963,0.4754504783110671,0.3205,264,-0.011627906976744207,0.0077519379844961005
digits,3,centralized reference,1.0,0.0120541750683875,0.052775807020687356,129,142,0.36,86,3,iid,0.0,64,0,0,1,0.46321265600087963,0.4754504783110671,0.003833,56,-0.011627906976744207,0.0077519379844961005
digits,0,best local,0.9767441860465116,0.0192900902479063,0.0502580630153794,43,228,0.12,86,3,iid,0.45,64,0,0,1,0.5139738882088943,0.49280905752753973,0.004458,56,-0.023255813953488413,-0.007751937984496138
digits,0,unweighted ensemble,0.9767441860465116,0.021152269835596548,0.06697444581737164,43,228,0.12,86,3,iid,0.45,64,1,1032,3,0.5139738882088943,0.49280905752753973,0.335583,264,-0.023255813953488413,-0.007751937984496138
digits,0,weighted ensemble,0.9767441860465116,0.019821826470988124,0.07578919144594128,43,228,0.12,86,3,iid,0.45,64,1,1032,3,0.5139738882088943,0.49280905752753973,0.332,264,-0.023255813953488413,-0.007751937984496138
digits,0,hard transfer,0.9069767441860465,0.05043141261686285,0.08193245503363752,43,228,0.12,86,3,iid,0.45,64,1,1032,1,0.5139738882088943,0.49280905752753973,0.004458,56,-0.023255813953488413,-0.007751937984496138
digits,0,FedDF,0.9651162790697675,0.04117365411732077,0.12110231945272,43,228,0.12,86,3,iid,0.45,64,1,1032,1,0.5139738882088943,0.49280905752753973,0.003958,56,-0.023255813953488413,-0.007751937984496138
digits,0,FedMD-1r,0.9767441860465116,0.028216372316512653,0.09273392609249034,43,228,0.12,86,3,iid,0.45,64,1,1032,3,0.5139738882088943,0.49280905752753973,0.330917,264,-0.023255813953488413,-0.007751937984496138
digits,0,FedMD-2r,0.9767441860465116,0.03055169109650349,0.10166837187361331,43,228,0.12,86,3,iid,0.45,64,2,2064,3,0.5139738882088943,0.49280905752753973,0.326,264,-0.023255813953488413,-0.007751937984496138
digits,0,FedMD,0.9767441860465116,0.031586245960024975,0.10554201400493159,43,228,0.12,86,3,iid,0.45,64,3,3096,3,0.5139738882088943,0.49280905752753973,0.32475,264,-0.023255813953488413,-0.007751937984496138
digits,0,centralized reference,0.9883720930232558,0.01817119630756343,0.05102950837090249,43,228,0.12,86,3,iid,0.45,64,0,0,1,0.5139738882088943,0.49280905752753973,0.004833,56,-0.023255813953488413,-0.007751937984496138
digits,1,best local,1.0,0.010897409026036487,0.05179323645396107,43,228,0.12,86,3,iid,0.45,64,0,0,1,0.4751631986944105,0.4819971440228478,0.00475,56,0.0,0.0
digits,1,unweighted ensemble,0.9883720930232558,0.022875131428914532,0.09156690635458722,43,228,0.12,86,3,iid,0.45,64,1,1032,3,0.4751631986944105,0.4819971440228478,0.333583,264,0.0,0.0
digits,1,weighted ensemble,0.9883720930232558,0.01888643689008467,0.08483387467298248,43,228,0.12,86,3,iid,0.45,64,1,1032,3,0.4751631986944105,0.4819971440228478,0.324792,264,0.0,0.0
digits,1,hard transfer,1.0,0.009616501269721155,0.05564917393887787,43,228,0.12,86,3,iid,0.45,64,1,1032,1,0.4751631986944105,0.4819971440228478,0.004209,56,0.0,0.0
digits,1,FedDF,1.0,0.034050621880062665,0.1517259705305979,43,228,0.12,86,3,iid,0.45,64,1,1032,1,0.4751631986944105,0.4819971440228478,0.004083,56,0.0,0.0
digits,1,FedMD-1r,0.9883720930232558,0.033388842611731424,0.1323916878459801,43,228,0.12,86,3,iid,0.45,64,1,1032,3,0.4751631986944105,0.4819971440228478,0.325792,264,0.0,0.0
digits,1,FedMD-2r,0.9883720930232558,0.03703658471652853,0.14508945282021257,43,228,0.12,86,3,iid,0.45,64,2,2064,3,0.4751631986944105,0.4819971440228478,0.326875,264,0.0,0.0
digits,1,FedMD,0.9883720930232558,0.03844437127336433,0.1498180960914599,43,228,0.12,86,3,iid,0.45,64,3,3096,3,0.4751631986944105,0.4819971440228478,0.324625,264,0.0,0.0
digits,1,centralized reference,1.0,0.007120382716840951,0.044410859999182095,43,228,0.12,86,3,iid,0.45,64,0,0,1,0.4751631986944105,0.4819971440228478,0.004083,56,0.0,0.0
digits,2,best local,0.9767441860465116,0.035062555656557956,0.08512053331408553,43,228,0.12,86,3,iid,0.45,64,0,0,1,0.4992860057119543,0.4578233374133007,0.160791,104,0.0,0.007751937984496138
digits,2,unweighted ensemble,0.9651162790697675,0.029586071936248952,0.05264227463872446,43,228,0.12,86,3,iid,0.45,64,1,1032,3,0.4992860057119543,0.4578233374133007,0.334625,264,0.0,0.007751937984496138
digits,2,weighted ensemble,0.9651162790697675,0.029032101692438153,0.05278659863533997,43,228,0.12,86,3,iid,0.45,64,1,1032,3,0.4992860057119543,0.4578233374133007,0.32825,264,0.0,0.007751937984496138
digits,2,hard transfer,0.9534883720930233,0.02953420250617842,0.0492603698375549,43,228,0.12,86,3,iid,0.45,64,1,1032,1,0.4992860057119543,0.4578233374133007,0.004209,56,0.0,0.007751937984496138
digits,2,FedDF,0.9534883720930233,0.03651294062199504,0.10118473282503015,43,228,0.12,86,3,iid,0.45,64,1,1032,1,0.4992860057119543,0.4578233374133007,0.004208,56,0.0,0.007751937984496138
digits,2,FedMD-1r,0.9651162790697675,0.03232818961609409,0.07094472373631476,43,228,0.12,86,3,iid,0.45,64,1,1032,3,0.4992860057119543,0.4578233374133007,0.327458,264,0.0,0.007751937984496138
digits,2,FedMD-2r,0.9651162790697675,0.03377080254564047,0.07887363043118148,43,228,0.12,86,3,iid,0.45,64,2,2064,3,0.4992860057119543,0.4578233374133007,0.330333,264,0.0,0.007751937984496138
digits,2,FedMD,0.9651162790697675,0.03442617659864518,0.08223500393441453,43,228,0.12,86,3,iid,0.45,64,3,3096,3,0.4992860057119543,0.4578233374133007,0.323083,264,0.0,0.007751937984496138
digits,2,centralized reference,0.9418604651162791,0.029143700358559763,0.06020784538473606,43,228,0.12,86,3,iid,0.45,64,0,0,1,0.4992860057119543,0.4578233374133007,0.004166,56,0.0,0.007751937984496138
digits,3,best local,1.0,0.008582244545822239,0.048144417364749885,43,228,0.12,86,3,iid,0.45,64,0,0,1,0.5143818849449203,0.5138208894328846,0.004041,56,-0.011627906976744207,0.003875968992248032
digits,3,unweighted ensemble,0.9767441860465116,0.024171449148007777,0.09248183249487675,43,228,0.12,86,3,iid,0.45,64,1,1032,3,0.5143818849449203,0.5138208894328846,0.334333,264,-0.011627906976744207,0.003875968992248032
digits,3,weighted ensemble,0.9767441860465116,0.03025993144371209,0.09301142123599677,43,228,0.12,86,3,iid,0.45,64,1,1032,3,0.5143818849449203,0.5138208894328846,0.322541,264,-0.011627906976744207,0.003875968992248032
digits,3,hard transfer,0.9767441860465116,0.019381855883932573,0.04673252822538257,43,228,0.12,86,3,iid,0.45,64,1,1032,1,0.5143818849449203,0.5138208894328846,0.004083,56,-0.011627906976744207,0.003875968992248032
digits,3,FedDF,0.9767441860465116,0.030179549943846713,0.10576176780301824,43,228,0.12,86,3,iid,0.45,64,1,1032,1,0.5143818849449203,0.5138208894328846,0.004,56,-0.011627906976744207,0.003875968992248032
digits,3,FedMD-1r,0.9767441860465116,0.03484357370561708,0.09503386273633174,43,228,0.12,86,3,iid,0.45,64,1,1032,3,0.5143818849449203,0.5138208894328846,0.327791,264,-0.011627906976744207,0.003875968992248032
digits,3,FedMD-2r,0.9534883720930233,0.037316786886934045,0.10224058840947799,43,228,0.12,86,3,iid,0.45,64,2,2064,3,0.5143818849449203,0.5138208894328846,0.326,264,-0.011627906976744207,0.003875968992248032
digits,3,FedMD,0.9534883720930233,0.03816746378666314,0.10475036469488713,43,228,0.12,86,3,iid,0.45,64,3,3096,3,0.5143818849449203,0.5138208894328846,0.335625,264,-0.011627906976744207,0.003875968992248032
digits,3,centralized reference,1.0,0.007595327702876556,0.04391452290250504,43,228,0.12,86,3,iid,0.45,64,0,0,1,0.5143818849449203,0.5138208894328846,0.003916,56,-0.011627906976744207,0.003875968992248032
digits,0,best local,1.0,0.013542883422882141,0.0638014569640582,86,185,0.24,86,3,iid,0.45,64,0,0,1,0.5140065754143454,0.4916136821090518,0.004,56,0.0,0.01550387596899224
digits,0,unweighted ensemble,1.0,0.02166252508234675,0.1026756933802079,86,185,0.24,86,3,iid,0.45,64,1,2064,3,0.5140065754143454,0.4916136821090518,0.32275,264,0.0,0.01550387596899224
digits,0,weighted ensemble,1.0,0.01933000373275851,0.09356768526997732,86,185,0.24,86,3,iid,0.45,64,1,2064,3,0.5140065754143454,0.4916136821090518,0.318625,264,0.0,0.01550387596899224
digits,0,hard transfer,0.9767441860465116,0.022392558389107132,0.056145788544918376,86,185,0.24,86,3,iid,0.45,64,1,2064,1,0.5140065754143454,0.4916136821090518,0.004209,56,0.0,0.01550387596899224
digits,0,FedDF,0.9767441860465116,0.03254081273348674,0.10931821791917168,86,185,0.24,86,3,iid,0.45,64,1,2064,1,0.5140065754143454,0.4916136821090518,0.003875,56,0.0,0.01550387596899224
digits,0,FedMD-1r,1.0,0.030450803007971827,0.13013032938218602,86,185,0.24,86,3,iid,0.45,64,1,2064,3,0.5140065754143454,0.4916136821090518,0.325667,264,0.0,0.01550387596899224
digits,0,FedMD-2r,1.0,0.033316613664257685,0.1393119176920084,86,185,0.24,86,3,iid,0.45,64,2,4128,3,0.5140065754143454,0.4916136821090518,0.322667,264,0.0,0.01550387596899224
digits,0,FedMD,0.9767441860465116,0.03441104224513807,0.11969226895817818,86,185,0.24,86,3,iid,0.45,64,3,6192,3,0.5140065754143454,0.4916136821090518,0.324375,264,0.0,0.01550387596899224
digits,0,centralized reference,0.9883720930232558,0.016077161316101516,0.05364863518625903,86,185,0.24,86,3,iid,0.45,64,0,0,1,0.5140065754143454,0.4916136821090518,0.003916,56,0.0,0.01550387596899224
digits,1,best local,0.9883720930232558,0.013379815903608424,0.04893075800692529,86,185,0.24,86,3,iid,0.45,64,0,0,1,0.46010068090793194,0.5583076096893076,0.004291,56,0.011627906976744207,0.011627906976744207
digits,1,unweighted ensemble,1.0,0.01997319801029796,0.10861175613050927,86,185,0.24,86,3,iid,0.45,64,1,2064,3,0.46010068090793194,0.5583076096893076,0.338709,264,0.011627906976744207,0.011627906976744207
digits,1,weighted ensemble,0.9883720930232558,0.017502923161764824,0.08279994540589308,86,185,0.24,86,3,iid,0.45,64,1,2064,3,0.46010068090793194,0.5583076096893076,0.319,264,0.011627906976744207,0.011627906976744207
digits,1,hard transfer,0.9883720930232558,0.013586196472834294,0.055623133574934806,86,185,0.24,86,3,iid,0.45,64,1,2064,1,0.46010068090793194,0.5583076096893076,0.004208,56,0.011627906976744207,0.011627906976744207
digits,1,FedDF,0.9883720930232558,0.03323424565756142,0.1317808785857956,86,185,0.24,86,3,iid,0.45,64,1,2064,1,0.46010068090793194,0.5583076096893076,0.003959,56,0.011627906976744207,0.011627906976744207
digits,1,FedMD-1r,0.9883720930232558,0.02872908849221038,0.13044258372994819,86,185,0.24,86,3,iid,0.45,64,1,2064,3,0.46010068090793194,0.5583076096893076,0.319875,264,0.011627906976744207,0.011627906976744207
digits,1,FedMD-2r,0.9883720930232558,0.03218016316285735,0.14199822040970417,86,185,0.24,86,3,iid,0.45,64,2,4128,3,0.46010068090793194,0.5583076096893076,0.32225,264,0.011627906976744207,0.011627906976744207
digits,1,FedMD,0.9883720930232558,0.033588699940755314,0.1465739722246719,86,185,0.24,86,3,iid,0.45,64,3,6192,3,0.46010068090793194,0.5583076096893076,0.324875,264,0.011627906976744207,0.011627906976744207
digits,1,centralized reference,1.0,0.007656774432431226,0.04392767411195901,86,185,0.24,86,3,iid,0.45,64,0,0,1,0.46010068090793194,0.5583076096893076,0.004,56,0.011627906976744207,0.011627906976744207
digits,2,best local,0.9534883720930233,0.04458407684564579,0.0688223838037763,86,185,0.24,86,3,iid,0.45,64,0,0,1,0.5040583916470921,0.5440663444549663,0.154417,104,0.0,0.0
digits,2,unweighted ensemble,0.9534883720930233,0.0334702318404271,0.07180249464454655,86,185,0.24,86,3,iid,0.45,64,1,2064,3,0.5040583916470921,0.5440663444549663,0.330458,264,0.0,0.0
digits,2,weighted ensemble,0.9418604651162791,0.0320360009338862,0.08167713266500984,86,185,0.24,86,3,iid,0.45,64,1,2064,3,0.5040583916470921,0.5440663444549663,0.320417,264,0.0,0.0
digits,2,hard transfer,0.9534883720930233,0.03349568089256032,0.041316140587930185,86,185,0.24,86,3,iid,0.45,64,1,2064,1,0.5040583916470921,0.5440663444549663,0.003958,56,0.0,0.0
digits,2,FedDF,0.9534883720930233,0.039939541481262796,0.09864270341407702,86,185,0.24,86,3,iid,0.45,64,1,2064,1,0.5040583916470921,0.5440663444549663,0.003875,56,0.0,0.0
digits,2,FedMD-1r,0.9534883720930233,0.03516802441328036,0.08674094304005509,86,185,0.24,86,3,iid,0.45,64,1,2064,3,0.5040583916470921,0.5440663444549663,0.32525,264,0.0,0.0
digits,2,FedMD-2r,0.9534883720930233,0.036272048113293924,0.09299083747005436,86,185,0.24,86,3,iid,0.45,64,2,4128,3,0.5040583916470921,0.5440663444549663,0.319875,264,0.0,0.0
digits,2,FedMD,0.9534883720930233,0.03679843020241173,0.09557164177593974,86,185,0.24,86,3,iid,0.45,64,3,6192,3,0.5040583916470921,0.5440663444549663,0.324417,264,0.0,0.0
digits,2,centralized reference,0.9418604651162791,0.029056511041417526,0.0641641645123389,86,185,0.24,86,3,iid,0.45,64,0,0,1,0.5040583916470921,0.5440663444549663,0.00425,56,0.0,0.0
digits,3,best local,0.9883720930232558,0.02228348863788686,0.06762609022183134,86,185,0.24,86,3,iid,0.45,64,0,0,1,0.49536052045798334,0.47166914679489547,0.158583,104,-0.023255813953488413,0.007751937984496064
digits,3,unweighted ensemble,0.9767441860465116,0.025310411519682927,0.0847767811791055,86,185,0.24,86,3,iid,0.45,64,1,2064,3,0.49536052045798334,0.47166914679489547,0.32325,264,-0.023255813953488413,0.007751937984496064
digits,3,weighted ensemble,0.9767441860465116,0.022836126604295418,0.09262990036357335,86,185,0.24,86,3,iid,0.45,64,1,2064,3,0.49536052045798334,0.47166914679489547,0.319458,264,-0.023255813953488413,0.007751937984496064
digits,3,hard transfer,0.9767441860465116,0.012911506758178927,0.03798252566336852,86,185,0.24,86,3,iid,0.45,64,1,2064,1,0.49536052045798334,0.47166914679489547,0.004125,56,-0.023255813953488413,0.007751937984496064
digits,3,FedDF,0.9767441860465116,0.02694640634031442,0.10717529336676543,86,185,0.24,86,3,iid,0.45,64,1,2064,1,0.49536052045798334,0.47166914679489547,0.004042,56,-0.023255813953488413,0.007751937984496064
digits,3,FedMD-1r,0.9651162790697675,0.0300632770420332,0.09543666028699649,86,185,0.24,86,3,iid,0.45,64,1,2064,3,0.49536052045798334,0.47166914679489547,0.330208,264,-0.023255813953488413,0.007751937984496064
digits,3,FedMD-2r,0.9651162790697675,0.03224630779944368,0.10259140438682787,86,185,0.24,86,3,iid,0.45,64,2,4128,3,0.49536052045798334,0.47166914679489547,0.323375,264,-0.023255813953488413,0.007751937984496064
digits,3,FedMD,0.9651162790697675,0.03313615389263545,0.10964321626056393,86,185,0.24,86,3,iid,0.45,64,3,6192,3,0.49536052045798334,0.47166914679489547,0.32175,264,-0.023255813953488413,0.007751937984496064
digits,3,centralized reference,1.0,0.010020453552048376,0.045195458018131636,86,185,0.24,86,3,iid,0.45,64,0,0,1,0.49536052045798334,0.47166914679489547,0.003958,56,-0.023255813953488413,0.007751937984496064
digits,0,best local,0.9651162790697675,0.043826739908281544,0.09351709845362978,129,142,0.36,86,3,iid,0.45,64,0,0,1,0.5502140716916818,0.5423384325691352,0.153416,104,0.011627906976744207,0.027131782945736482
digits,0,unweighted ensemble,0.9651162790697675,0.038985751812325734,0.09256982266338773,129,142,0.36,86,3,iid,0.45,64,1,3096,3,0.5502140716916818,0.5423384325691352,0.322583,264,0.011627906976744207,0.027131782945736482
digits,0,weighted ensemble,0.9534883720930233,0.038930148312935405,0.09355302401888196,129,142,0.36,86,3,iid,0.45,64,1,3096,3,0.5502140716916818,0.5423384325691352,0.321125,264,0.011627906976744207,0.027131782945736482
digits,0,hard transfer,0.9534883720930233,0.03155193527076003,0.06169430826487625,129,142,0.36,86,3,iid,0.45,64,1,3096,1,0.5502140716916818,0.5423384325691352,0.004166,56,0.011627906976744207,0.027131782945736482
digits,0,FedDF,0.9651162790697675,0.038151126321230744,0.10347014231430193,129,142,0.36,86,3,iid,0.45,64,1,3096,1,0.5502140716916818,0.5423384325691352,0.004041,56,0.011627906976744207,0.027131782945736482
digits,0,FedMD-1r,0.9534883720930233,0.03642879203111544,0.1129704281969357,129,142,0.36,86,3,iid,0.45,64,1,3096,3,0.5502140716916818,0.5423384325691352,0.321833,264,0.011627906976744207,0.027131782945736482
digits,0,FedMD-2r,0.9534883720930233,0.0368736481148518,0.11489971446526205,129,142,0.36,86,3,iid,0.45,64,2,6192,3,0.5502140716916818,0.5423384325691352,0.314416,264,0.011627906976744207,0.027131782945736482
digits,0,FedMD,0.9534883720930233,0.03708379360547813,0.11567495122791796,129,142,0.36,86,3,iid,0.45,64,3,9288,3,0.5502140716916818,0.5423384325691352,0.32075,264,0.011627906976744207,0.027131782945736482
digits,0,centralized reference,0.9883720930232558,0.018711057608869014,0.0590201561766774,129,142,0.36,86,3,iid,0.45,64,0,0,1,0.5502140716916818,0.5423384325691352,0.004083,56,0.011627906976744207,0.027131782945736482
digits,1,best local,0.9767441860465116,0.01698531636753972,0.06029314848996169,129,142,0.36,86,3,iid,0.45,64,0,0,1,0.5006339683325086,0.45795879377645826,0.00425,56,0.0,0.007751937984496138
digits,1,unweighted ensemble,0.9883720930232558,0.02022562006542723,0.07702390668835435,129,142,0.36,86,3,iid,0.45,64,1,3096,3,0.5006339683325086,0.45795879377645826,0.324375,264,0.0,0.007751937984496138
digits,1,weighted ensemble,0.9883720930232558,0.021950143868627505,0.08416183974115594,129,142,0.36,86,3,iid,0.45,64,1,3096,3,0.5006339683325086,0.45795879377645826,0.310375,264,0.0,0.007751937984496138
digits,1,hard transfer,0.9651162790697675,0.01517669312813975,0.054759634041315355,129,142,0.36,86,3,iid,0.45,64,1,3096,1,0.5006339683325086,0.45795879377645826,0.003958,56,0.0,0.007751937984496138
digits,1,FedDF,0.9883720930232558,0.02448104606743976,0.10621815988838897,129,142,0.36,86,3,iid,0.45,64,1,3096,1,0.5006339683325086,0.45795879377645826,0.003791,56,0.0,0.007751937984496138
digits,1,FedMD-1r,0.9883720930232558,0.02541177144275912,0.10130020916973317,129,142,0.36,86,3,iid,0.45,64,1,3096,3,0.5006339683325086,0.45795879377645826,0.318666,264,0.0,0.007751937984496138
digits,1,FedMD-2r,0.9883720930232558,0.027303749648116642,0.10923258426724136,129,142,0.36,86,3,iid,0.45,64,2,6192,3,0.5006339683325086,0.45795879377645826,0.318958,264,0.0,0.007751937984496138
digits,1,FedMD,0.9883720930232558,0.02804578356442804,0.11234826566515922,129,142,0.36,86,3,iid,0.45,64,3,9288,3,0.5006339683325086,0.45795879377645826,0.31925,264,0.0,0.007751937984496138
digits,1,centralized reference,1.0,0.00805395230497152,0.04372266160606219,129,142,0.36,86,3,iid,0.45,64,0,0,1,0.5006339683325086,0.45795879377645826,0.003875,56,0.0,0.007751937984496138
digits,2,best local,0.9767441860465116,0.03202300862203034,0.08256294974092415,129,142,0.36,86,3,iid,0.45,64,0,0,1,0.5219294628621695,0.47298332783550495,0.156833,104,0.0,0.003875968992248032
digits,2,unweighted ensemble,0.9767441860465116,0.025451642560580356,0.061114842127620174,129,142,0.36,86,3,iid,0.45,64,1,3096,3,0.5219294628621695,0.47298332783550495,0.312333,264,0.0,0.003875968992248032
digits,2,weighted ensemble,0.9651162790697675,0.024623351263883164,0.06977526531813613,129,142,0.36,86,3,iid,0.45,64,1,3096,3,0.5219294628621695,0.47298332783550495,0.314416,264,0.0,0.003875968992248032
digits,2,hard transfer,0.9651162790697675,0.031145866793725652,0.03784030798492059,129,142,0.36,86,3,iid,0.45,64,1,3096,1,0.5219294628621695,0.47298332783550495,0.004125,56,0.0,0.003875968992248032
digits,2,FedDF,0.9651162790697675,0.03567625175996599,0.09037430319060533,129,142,0.36,86,3,iid,0.45,64,1,3096,1,0.5219294628621695,0.47298332783550495,0.004042,56,0.0,0.003875968992248032
digits,2,FedMD-1r,0.9767441860465116,0.027436995778659046,0.08537829828262392,129,142,0.36,86,3,iid,0.45,64,1,3096,3,0.5219294628621695,0.47298332783550495,0.320708,264,0.0,0.003875968992248032
digits,2,FedMD-2r,0.9767441860465116,0.028640363296166853,0.09212363591788893,129,142,0.36,86,3,iid,0.45,64,2,6192,3,0.5219294628621695,0.47298332783550495,0.3205,264,0.0,0.003875968992248032
digits,2,FedMD,0.9767441860465116,0.029174335863205673,0.09489962412641736,129,142,0.36,86,3,iid,0.45,64,3,9288,3,0.5219294628621695,0.47298332783550495,0.311458,264,0.0,0.003875968992248032
digits,2,centralized reference,0.9534883720930233,0.028389646885221928,0.051596112488864955,129,142,0.36,86,3,iid,0.45,64,0,0,1,0.5219294628621695,0.47298332783550495,0.004125,56,0.0,0.003875968992248032
digits,3,best local,0.9883720930232558,0.015435031583590239,0.05741735870516769,129,142,0.36,86,3,iid,0.45,64,0,0,1,0.465851613612623,0.47949138215404913,0.004208,56,0.0,0.023255813953488375
digits,3,unweighted ensemble,1.0,0.02350396938078999,0.10191168599013127,129,142,0.36,86,3,iid,0.45,64,1,3096,3,0.465851613612623,0.47949138215404913,0.321708,264,0.0,0.023255813953488375
digits,3,weighted ensemble,1.0,0.02209764339746062,0.09429065537576228,129,142,0.36,86,3,iid,0.45,64,1,3096,3,0.465851613612623,0.47949138215404913,0.31825,264,0.0,0.023255813953488375
digits,3,hard transfer,0.9767441860465116,0.015259418448723245,0.04643764339169628,129,142,0.36,86,3,iid,0.45,64,1,3096,1,0.465851613612623,0.47949138215404913,0.004208,56,0.0,0.023255813953488375
digits,3,FedDF,0.9767441860465116,0.027063459351168138,0.10956827899858222,129,142,0.36,86,3,iid,0.45,64,1,3096,1,0.465851613612623,0.47949138215404913,0.004,56,0.0,0.023255813953488375
digits,3,FedMD-1r,0.9767441860465116,0.029890106805562765,0.1173029794645737,129,142,0.36,86,3,iid,0.45,64,1,3096,3,0.465851613612623,0.47949138215404913,0.323,264,0.0,0.023255813953488375
digits,3,FedMD-2r,0.9767441860465116,0.03247414036914078,0.1264463818043368,129,142,0.36,86,3,iid,0.45,64,2,6192,3,0.465851613612623,0.47949138215404913,0.323125,264,0.0,0.023255813953488375
digits,3,FedMD,0.9767441860465116,0.03352369442836374,0.13010578496280154,129,142,0.36,86,3,iid,0.45,64,3,9288,3,0.465851613612623,0.47949138215404913,0.3225,264,0.0,0.023255813953488375
digits,3,centralized reference,1.0,0.0120541750683875,0.052775807020687356,129,142,0.36,86,3,iid,0.45,64,0,0,1,0.465851613612623,0.47949138215404913,0.004375,56,0.0,0.023255813953488375
digits,0,best local,0.9767441860465116,0.0192900902479063,0.0502580630153794,43,228,0.12,86,3,iid,0.75,64,0,0,1,0.5091799265605875,0.48918808649530804,0.004125,56,-0.011627906976744207,-0.003875968992248069
digits,0,unweighted ensemble,0.9767441860465116,0.028313178194157188,0.11255128022071345,43,228,0.12,86,3,iid,0.75,64,1,1032,3,0.5091799265605875,0.48918808649530804,0.343917,264,-0.011627906976744207,-0.003875968992248069
digits,0,weighted ensemble,0.9767441860465116,0.021478000770928356,0.08917087254793758,43,228,0.12,86,3,iid,0.75,64,1,1032,3,0.5091799265605875,0.48918808649530804,0.335291,264,-0.011627906976744207,-0.003875968992248069
digits,0,hard transfer,0.9069767441860465,0.05043141261686285,0.08193245503363752,43,228,0.12,86,3,iid,0.75,64,1,1032,1,0.5091799265605875,0.48918808649530804,0.004041,56,-0.011627906976744207,-0.003875968992248069
digits,0,FedDF,0.9302325581395349,0.05819529094838637,0.1555387887465687,43,228,0.12,86,3,iid,0.75,64,1,1032,1,0.5091799265605875,0.48918808649530804,0.004084,56,-0.011627906976744207,-0.003875968992248069
digits,0,FedMD-1r,0.9767441860465116,0.04323778407635617,0.151278547924244,43,228,0.12,86,3,iid,0.75,64,1,1032,3,0.5091799265605875,0.48918808649530804,0.332375,264,-0.011627906976744207,-0.003875968992248069
digits,0,FedMD-2r,0.9767441860465116,0.04845660316887124,0.16638572314325464,43,228,0.12,86,3,iid,0.75,64,2,2064,3,0.5091799265605875,0.48918808649530804,0.332875,264,-0.011627906976744207,-0.003875968992248069
digits,0,FedMD,0.9767441860465116,0.05067128270999049,0.17249227880495568,43,228,0.12,86,3,iid,0.75,64,3,3096,3,0.5091799265605875,0.48918808649530804,0.331875,264,-0.011627906976744207,-0.003875968992248069
digits,0,centralized reference,0.9883720930232558,0.01817119630756343,0.05102950837090249,43,228,0.12,86,3,iid,0.75,64,0,0,1,0.5091799265605875,0.48918808649530804,0.004167,56,-0.011627906976744207,-0.003875968992248069
digits,1,best local,1.0,0.010897409026036487,0.05179323645396107,43,228,0.12,86,3,iid,0.75,64,0,0,1,0.46644226846185227,0.4802631578947368,0.004166,56,-0.011627906976744207,-0.003875968992248069
digits,1,unweighted ensemble,0.9883720930232558,0.03261849080408758,0.13965868107327145,43,228,0.12,86,3,iid,0.75,64,1,1032,3,0.46644226846185227,0.4802631578947368,0.330167,264,-0.011627906976744207,-0.003875968992248069
digits,1,weighted ensemble,0.9883720930232558,0.022158762148968385,0.10577637345696295,43,228,0.12,86,3,iid,0.75,64,1,1032,3,0.46644226846185227,0.4802631578947368,0.319583,264,-0.011627906976744207,-0.003875968992248069
digits,1,hard transfer,1.0,0.009616501269721155,0.05564917393887787,43,228,0.12,86,3,iid,0.75,64,1,1032,1,0.46644226846185227,0.4802631578947368,0.00425,56,-0.011627906976744207,-0.003875968992248069
digits,1,FedDF,0.9883720930232558,0.049621039951089574,0.18576212236024767,43,228,0.12,86,3,iid,0.75,64,1,1032,1,0.46644226846185227,0.4802631578947368,0.004,56,-0.011627906976744207,-0.003875968992248069
digits,1,FedMD-1r,0.9883720930232558,0.05199099308271096,0.193553417258321,43,228,0.12,86,3,iid,0.75,64,1,1032,3,0.46644226846185227,0.4802631578947368,0.323,264,-0.011627906976744207,-0.003875968992248069
digits,1,FedMD-2r,0.9883720930232558,0.05862626612318534,0.20852901045370384,43,228,0.12,86,3,iid,0.75,64,2,2064,3,0.46644226846185227,0.4802631578947368,0.321792,264,-0.011627906976744207,-0.003875968992248069
digits,1,FedMD,0.9883720930232558,0.06110353507916338,0.21446110530587706,43,228,0.12,86,3,iid,0.75,64,3,3096,3,0.46644226846185227,0.4802631578947368,0.318958,264,-0.011627906976744207,-0.003875968992248069
digits,1,centralized reference,1.0,0.007120382716840951,0.044410859999182095,43,228,0.12,86,3,iid,0.75,64,0,0,1,0.46644226846185227,0.4802631578947368,0.004042,56,-0.011627906976744207,-0.003875968992248069
digits,2,best local,0.9534883720930233,0.028655305458827378,0.050164845260745036,43,228,0.12,86,3,iid,0.75,64,0,0,1,0.5031619747042023,0.461954304365565,0.310417,104,0.0,0.007751937984496138
digits,2,unweighted ensemble,0.9651162790697675,0.037265685570084854,0.09580522521605282,43,228,0.12,86,3,iid,0.75,64,1,1032,3,0.5031619747042023,0.461954304365565,0.340334,264,0.0,0.007751937984496138
digits,2,weighted ensemble,0.9651162790697675,0.03086490099986769,0.06466344325122582,43,228,0.12,86,3,iid,0.75,64,1,1032,3,0.5031619747042023,0.461954304365565,0.334083,264,0.0,0.007751937984496138
digits,2,hard transfer,0.9534883720930233,0.02953420250617842,0.0492603698375549,43,228,0.12,86,3,iid,0.75,64,1,1032,1,0.5031619747042023,0.461954304365565,0.0045,56,0.0,0.007751937984496138
digits,2,FedDF,0.9534883720930233,0.05012458574025448,0.14628091229381146,43,228,0.12,86,3,iid,0.75,64,1,1032,1,0.5031619747042023,0.461954304365565,0.004084,56,0.0,0.007751937984496138
digits,2,FedMD-1r,0.9651162790697675,0.047714441417932144,0.1380174230428995,43,228,0.12,86,3,iid,0.75,64,1,1032,3,0.5031619747042023,0.461954304365565,0.347542,264,0.0,0.007751937984496138
digits,2,FedMD-2r,0.9767441860465116,0.052169460594439256,0.16243254033558316,43,228,0.12,86,3,iid,0.75,64,2,2064,3,0.5031619747042023,0.461954304365565,0.339583,264,0.0,0.007751937984496138
digits,2,FedMD,0.9767441860465116,0.054035588787753774,0.16818218054388334,43,228,0.12,86,3,iid,0.75,64,3,3096,3,0.5031619747042023,0.461954304365565,0.324542,264,0.0,0.007751937984496138
digits,2,centralized reference,0.9418604651162791,0.029143700358559763,0.06020784538473606,43,228,0.12,86,3,iid,0.75,64,0,0,1,0.5031619747042023,0.461954304365565,0.004208,56,0.0,0.007751937984496138
digits,3,best local,1.0,0.008582244545822239,0.048144417364749885,43,228,0.12,86,3,iid,0.75,64,0,0,1,0.5312117503059975,0.5052529579763362,0.004125,56,-0.011627906976744207,0.0077519379844961005
digits,3,unweighted ensemble,0.9883720930232558,0.03315337897173054,0.14919937059967706,43,228,0.12,86,3,iid,0.75,64,1,1032,3,0.5312117503059975,0.5052529579763362,0.329334,264,-0.011627906976744207,0.0077519379844961005
digits,3,weighted ensemble,0.9767441860465116,0.030080241259334967,0.12311669814406528,43,228,0.12,86,3,iid,0.75,64,1,1032,3,0.5312117503059975,0.5052529579763362,0.321708,264,-0.011627906976744207,0.0077519379844961005
digits,3,hard transfer,0.9767441860465116,0.019381855883932573,0.04673252822538257,43,228,0.12,86,3,iid,0.75,64,1,1032,1,0.5312117503059975,0.5052529579763362,0.004167,56,-0.011627906976744207,0.0077519379844961005
digits,3,FedDF,0.9767441860465116,0.04073076021707098,0.14214607276463004,43,228,0.12,86,3,iid,0.75,64,1,1032,1,0.5312117503059975,0.5052529579763362,0.004,56,-0.011627906976744207,0.0077519379844961005
digits,3,FedMD-1r,0.9767441860465116,0.049423822882143864,0.16389490187995195,43,228,0.12,86,3,iid,0.75,64,1,1032,3,0.5312117503059975,0.5052529579763362,0.32225,264,-0.011627906976744207,0.0077519379844961005
digits,3,FedMD-2r,0.9651162790697675,0.05357971556570783,0.1582134881886735,43,228,0.12,86,3,iid,0.75,64,2,2064,3,0.5312117503059975,0.5052529579763362,0.325833,264,-0.011627906976744207,0.0077519379844961005
digits,3,FedMD,0.9651162790697675,0.05506814102945603,0.16215995587136273,43,228,0.12,86,3,iid,0.75,64,3,3096,3,0.5312117503059975,0.5052529579763362,0.328791,264,-0.011627906976744207,0.0077519379844961005
digits,3,centralized reference,1.0,0.007595327702876556,0.04391452290250504,43,228,0.12,86,3,iid,0.75,64,0,0,1,0.5312117503059975,0.5052529579763362,0.004042,56,-0.011627906976744207,0.0077519379844961005
digits,0,best local,1.0,0.013542883422882141,0.0638014569640582,86,185,0.24,86,3,iid,0.75,64,0,0,1,0.5138794944637799,0.5012718343520307,0.004083,56,0.0,0.007751937984496138
digits,0,unweighted ensemble,1.0,0.02808325959956755,0.14123610023390837,86,185,0.24,86,3,iid,0.75,64,1,2064,3,0.5138794944637799,0.5012718343520307,0.324375,264,0.0,0.007751937984496138
digits,0,weighted ensemble,1.0,0.019818828706981328,0.1072161183094309,86,185,0.24,86,3,iid,0.75,64,1,2064,3,0.5138794944637799,0.5012718343520307,0.322542,264,0.0,0.007751937984496138
digits,0,hard transfer,0.9767441860465116,0.021720807366183602,0.05361557180450612,86,185,0.24,86,3,iid,0.75,64,1,2064,1,0.5138794944637799,0.5012718343520307,0.004125,56,0.0,0.007751937984496138
digits,0,FedDF,0.9767441860465116,0.04380243416682121,0.15300180052872722,86,185,0.24,86,3,iid,0.75,64,1,2064,1,0.5138794944637799,0.5012718343520307,0.004,56,0.0,0.007751937984496138
digits,0,FedMD-1r,1.0,0.04327526372498718,0.18254853222543932,86,185,0.24,86,3,iid,0.75,64,1,2064,3,0.5138794944637799,0.5012718343520307,0.316959,264,0.0,0.007751937984496138
digits,0,FedMD-2r,1.0,0.048419689626941834,0.19618549890205525,86,185,0.24,86,3,iid,0.75,64,2,4128,3,0.5138794944637799,0.5012718343520307,0.323292,264,0.0,0.007751937984496138
digits,0,FedMD,1.0,0.05043292231342103,0.20144550926177493,86,185,0.24,86,3,iid,0.75,64,3,6192,3,0.5138794944637799,0.5012718343520307,0.321875,264,0.0,0.007751937984496138
digits,0,centralized reference,0.9883720930232558,0.016077161316101516,0.05364863518625903,86,185,0.24,86,3,iid,0.75,64,0,0,1,0.5138794944637799,0.5012718343520307,0.004167,56,0.0,0.007751937984496138
digits,1,best local,0.9883720930232558,0.013379815903608424,0.04893075800692529,86,185,0.24,86,3,iid,0.75,64,0,0,1,0.45381017385493916,0.5459172170091703,0.004166,56,-0.011627906976744207,-0.003875968992248069
digits,1,unweighted ensemble,0.9883720930232558,0.032591343378370156,0.14832477639583228,86,185,0.24,86,3,iid,0.75,64,1,2064,3,0.45381017385493916,0.5459172170091703,0.32425,264,-0.011627906976744207,-0.003875968992248069
digits,1,weighted ensemble,0.9883720930232558,0.020369262369107997,0.0997768239934884,86,185,0.24,86,3,iid,0.75,64,1,2064,3,0.45381017385493916,0.5459172170091703,0.319875,264,-0.011627906976744207,-0.003875968992248069
digits,1,hard transfer,0.9883720930232558,0.015972330343908905,0.05144853867270442,86,185,0.24,86,3,iid,0.75,64,1,2064,1,0.45381017385493916,0.5459172170091703,0.003916,56,-0.011627906976744207,-0.003875968992248069
digits,1,FedDF,0.9883720930232558,0.050491468070413166,0.19140812121101572,86,185,0.24,86,3,iid,0.75,64,1,2064,1,0.45381017385493916,0.5459172170091703,0.00375,56,-0.011627906976744207,-0.003875968992248069
digits,1,FedMD-1r,0.9883720930232558,0.05151206809882986,0.19858834163459702,86,185,0.24,86,3,iid,0.75,64,1,2064,3,0.45381017385493916,0.5459172170091703,0.318166,264,-0.011627906976744207,-0.003875968992248069
digits,1,FedMD-2r,0.9883720930232558,0.058350167008704414,0.21462959742710608,86,185,0.24,86,3,iid,0.75,64,2,4128,3,0.45381017385493916,0.5459172170091703,0.324167,264,-0.011627906976744207,-0.003875968992248069
digits,1,FedMD,0.9883720930232558,0.06096949641016175,0.220546248412982,86,185,0.24,86,3,iid,0.75,64,3,6192,3,0.45381017385493916,0.5459172170091703,0.319083,264,-0.011627906976744207,-0.003875968992248069
digits,1,centralized reference,1.0,0.007656774432431226,0.04392767411195901,86,185,0.24,86,3,iid,0.75,64,0,0,1,0.45381017385493916,0.5459172170091703,0.004125,56,-0.011627906976744207,-0.003875968992248069
digits,2,best local,0.9418604651162791,0.045799008615547976,0.06840121617593335,86,185,0.24,86,3,iid,0.75,64,0,0,1,0.5079343606393402,0.5426684539987456,0.004166,56,-0.023255813953488413,-0.019379844961240345
digits,2,unweighted ensemble,0.9302325581395349,0.04158504260908884,0.1254273240503023,86,185,0.24,86,3,iid,0.75,64,1,2064,3,0.5079343606393402,0.5426684539987456,0.319875,264,-0.023255813953488413,-0.019379844961240345
digits,2,weighted ensemble,0.9418604651162791,0.03484955981132485,0.09999930136718277,86,185,0.24,86,3,iid,0.75,64,1,2064,3,0.5079343606393402,0.5426684539987456,0.31675,264,-0.023255813953488413,-0.019379844961240345
digits,2,hard transfer,0.9534883720930233,0.03349568089256032,0.041316140587930185,86,185,0.24,86,3,iid,0.75,64,1,2064,1,0.5079343606393402,0.5426684539987456,0.004167,56,-0.023255813953488413,-0.019379844961240345
digits,2,FedDF,0.9534883720930233,0.053055538365006746,0.152979249495861,86,185,0.24,86,3,iid,0.75,64,1,2064,1,0.5079343606393402,0.5426684539987456,0.004042,56,-0.023255813953488413,-0.019379844961240345
digits,2,FedMD-1r,0.9418604651162791,0.04859081147134677,0.13940309649437943,86,185,0.24,86,3,iid,0.75,64,1,2064,3,0.5079343606393402,0.5426684539987456,0.31825,264,-0.023255813953488413,-0.019379844961240345
digits,2,FedMD-2r,0.9418604651162791,0.052046446593272226,0.15148770673534187,86,185,0.24,86,3,iid,0.75,64,2,4128,3,0.5079343606393402,0.5426684539987456,0.323667,264,-0.023255813953488413,-0.019379844961240345
digits,2,FedMD,0.9418604651162791,0.05349144993304494,0.1562020550785684,86,185,0.24,86,3,iid,0.75,64,3,6192,3,0.5079343606393402,0.5426684539987456,0.322458,264,-0.023255813953488413,-0.019379844961240345
digits,2,centralized reference,0.9418604651162791,0.029056511041417526,0.0641641645123389,86,185,0.24,86,3,iid,0.75,64,0,0,1,0.5079343606393402,0.5426684539987456,0.004125,56,-0.023255813953488413,-0.019379844961240345
digits,3,best local,0.9883720930232558,0.02228348863788686,0.06762609022183134,86,185,0.24,86,3,iid,0.75,64,0,0,1,0.502985377491914,0.47745133004562623,0.154583,104,-0.023255813953488413,0.0038759689922479947
digits,3,unweighted ensemble,0.9767441860465116,0.032876167177080085,0.13263370197797925,86,185,0.24,86,3,iid,0.75,64,1,2064,3,0.502985377491914,0.47745133004562623,0.323334,264,-0.023255813953488413,0.0038759689922479947
digits,3,weighted ensemble,0.9767441860465116,0.023830186844586182,0.11085040343370373,86,185,0.24,86,3,iid,0.75,64,1,2064,3,0.502985377491914,0.47745133004562623,0.323667,264,-0.023255813953488413,0.0038759689922479947
digits,3,hard transfer,0.9883720930232558,0.011642792190591668,0.034673964636056834,86,185,0.24,86,3,iid,0.75,64,1,2064,1,0.502985377491914,0.47745133004562623,0.004209,56,-0.023255813953488413,0.0038759689922479947
digits,3,FedDF,0.9767441860465116,0.036773668620297004,0.14575528192047035,86,185,0.24,86,3,iid,0.75,64,1,2064,1,0.502985377491914,0.47745133004562623,0.004041,56,-0.023255813953488413,0.0038759689922479947
digits,3,FedMD-1r,0.9767441860465116,0.04334083460237767,0.1653280110852575,86,185,0.24,86,3,iid,0.75,64,1,2064,3,0.502985377491914,0.47745133004562623,0.333167,264,-0.023255813953488413,0.0038759689922479947
digits,3,FedMD-2r,0.9767441860465116,0.04740148575988892,0.15958828249276394,86,185,0.24,86,3,iid,0.75,64,2,4128,3,0.502985377491914,0.47745133004562623,0.322334,264,-0.023255813953488413,0.0038759689922479947
digits,3,FedMD,0.9767441860465116,0.04887646200618834,0.163502939643262,86,185,0.24,86,3,iid,0.75,64,3,6192,3,0.502985377491914,0.47745133004562623,0.330125,264,-0.023255813953488413,0.0038759689922479947
digits,3,centralized reference,1.0,0.010020453552048376,0.045195458018131636,86,185,0.24,86,3,iid,0.75,64,0,0,1,0.502985377491914,0.47745133004562623,0.004083,56,-0.023255813953488413,0.0038759689922479947
digits,0,best local,0.9302325581395349,0.0679274528579414,0.07865496687466003,129,142,0.36,86,3,iid,0.75,64,0,0,1,0.5457608307218649,0.5460494667106494,0.158375,104,0.023255813953488413,0.023255813953488413
digits,0,unweighted ensemble,0.9534883720930233,0.05089850647716806,0.11852799985873706,129,142,0.36,86,3,iid,0.75,64,1,3096,3,0.5457608307218649,0.5460494667106494,0.317917,264,0.023255813953488413,0.023255813953488413
digits,0,weighted ensemble,0.9534883720930233,0.04873500449380516,0.10205106284830331,129,142,0.36,86,3,iid,0.75,64,1,3096,3,0.5457608307218649,0.5460494667106494,0.323958,264,0.023255813953488413,0.023255813953488413
digits,0,hard transfer,0.9302325581395349,0.0415218200681417,0.06438300157009878,129,142,0.36,86,3,iid,0.75,64,1,3096,1,0.5457608307218649,0.5460494667106494,0.004167,56,0.023255813953488413,0.023255813953488413
digits,0,FedDF,0.9651162790697675,0.05026383670503556,0.1558471184394647,129,142,0.36,86,3,iid,0.75,64,1,3096,1,0.5457608307218649,0.5460494667106494,0.004041,56,0.023255813953488413,0.023255813953488413
digits,0,FedMD-1r,0.9534883720930233,0.05246829452302532,0.16716347577424762,129,142,0.36,86,3,iid,0.75,64,1,3096,3,0.5457608307218649,0.5460494667106494,0.328709,264,0.023255813953488413,0.023255813953488413
digits,0,FedMD-2r,0.9534883720930233,0.05493817765978867,0.17473907043730016,129,142,0.36,86,3,iid,0.75,64,2,6192,3,0.5457608307218649,0.5460494667106494,0.328667,264,0.023255813953488413,0.023255813953488413
digits,0,FedMD,0.9534883720930233,0.05596200176056088,0.17767426509869982,129,142,0.36,86,3,iid,0.75,64,3,9288,3,0.5457608307218649,0.5460494667106494,0.327875,264,0.023255813953488413,0.023255813953488413
digits,0,centralized reference,0.9883720930232558,0.018711057608869014,0.0590201561766774,129,142,0.36,86,3,iid,0.75,64,0,0,1,0.5457608307218649,0.5460494667106494,0.00425,56,0.023255813953488413,0.023255813953488413
digits,1,best local,0.9767441860465116,0.01698531636753972,0.06029314848996169,129,142,0.36,86,3,iid,0.75,64,0,0,1,0.5090456457199406,0.45870100060476116,0.004583,56,0.0,0.007751937984496138
digits,1,unweighted ensemble,0.9883720930232558,0.029504775070645705,0.12449252785874593,129,142,0.36,86,3,iid,0.75,64,1,3096,3,0.5090456457199406,0.45870100060476116,0.323208,264,0.0,0.007751937984496138
digits,1,weighted ensemble,0.9883720930232558,0.025887596000723923,0.10689989184573465,129,142,0.36,86,3,iid,0.75,64,1,3096,3,0.5090456457199406,0.45870100060476116,0.320417,264,0.0,0.007751937984496138
digits,1,hard transfer,0.9883720930232558,0.00949296231739699,0.048350823260106715,129,142,0.36,86,3,iid,0.75,64,1,3096,1,0.5090456457199406,0.45870100060476116,0.004166,56,0.0,0.007751937984496138
digits,1,FedDF,0.9883720930232558,0.03713997942870971,0.15029348854156369,129,142,0.36,86,3,iid,0.75,64,1,3096,1,0.5090456457199406,0.45870100060476116,0.004,56,0.0,0.007751937984496138
digits,1,FedMD-1r,0.9883720930232558,0.04145670110172395,0.16266396102606276,129,142,0.36,86,3,iid,0.75,64,1,3096,3,0.5090456457199406,0.45870100060476116,0.329541,264,0.0,0.007751937984496138
digits,1,FedMD-2r,1.0,0.0461277992523144,0.1877961232569358,129,142,0.36,86,3,iid,0.75,64,2,6192,3,0.5090456457199406,0.45870100060476116,0.330458,264,0.0,0.007751937984496138
digits,1,FedMD,1.0,0.04796852923848236,0.1927640887783999,129,142,0.36,86,3,iid,0.75,64,3,9288,3,0.5090456457199406,0.45870100060476116,0.316708,264,0.0,0.007751937984496138
digits,1,centralized reference,1.0,0.00805395230497152,0.04372266160606219,129,142,0.36,86,3,iid,0.75,64,0,0,1,0.5090456457199406,0.45870100060476116,0.004209,56,0.0,0.007751937984496138
digits,2,best local,0.9651162790697675,0.02301594637922475,0.05570585690041744,129,142,0.36,86,3,iid,0.75,64,0,0,1,0.5205275166309308,0.4828794188795425,0.157666,104,0.0,0.007751937984496064
digits,2,unweighted ensemble,0.9767441860465116,0.03256314545415168,0.09784878732604742,129,142,0.36,86,3,iid,0.75,64,1,3096,3,0.5205275166309308,0.4828794188795425,0.316292,264,0.0,0.007751937984496064
digits,2,weighted ensemble,0.9651162790697675,0.02732596974087786,0.0884606296652931,129,142,0.36,86,3,iid,0.75,64,1,3096,3,0.5205275166309308,0.4828794188795425,0.313042,264,0.0,0.007751937984496064
digits,2,hard transfer,0.9651162790697675,0.031145866793725652,0.03784030798492059,129,142,0.36,86,3,iid,0.75,64,1,3096,1,0.5205275166309308,0.4828794188795425,0.003958,56,0.0,0.007751937984496064
digits,2,FedDF,0.9651162790697675,0.0460539989488847,0.1353366018444021,129,142,0.36,86,3,iid,0.75,64,1,3096,1,0.5205275166309308,0.4828794188795425,0.003875,56,0.0,0.007751937984496064
digits,2,FedMD-1r,0.9767441860465116,0.040199941678164146,0.127838600148869,129,142,0.36,86,3,iid,0.75,64,1,3096,3,0.5205275166309308,0.4828794188795425,0.315833,264,0.0,0.007751937984496064
digits,2,FedMD-2r,0.9767441860465116,0.043653819211802884,0.1450127017672881,129,142,0.36,86,3,iid,0.75,64,2,6192,3,0.5205275166309308,0.4828794188795425,0.315708,264,0.0,0.007751937984496064
digits,2,FedMD,0.9767441860465116,0.04504916697858479,0.14985589737829044,129,142,0.36,86,3,iid,0.75,64,3,9288,3,0.5205275166309308,0.4828794188795425,0.317833,264,0.0,0.007751937984496064
digits,2,centralized reference,0.9534883720930233,0.028389646885221928,0.051596112488864955,129,142,0.36,86,3,iid,0.75,64,0,0,1,0.5205275166309308,0.4828794188795425,0.004125,56,0.0,0.007751937984496064
digits,3,best local,0.9883720930232558,0.015435031583590239,0.05741735870516769,129,142,0.36,86,3,iid,0.75,64,0,0,1,0.4849015888723954,0.492521235362032,0.004125,56,-0.011627906976744207,0.0077519379844961005
digits,3,unweighted ensemble,0.9883720930232558,0.03643925719295183,0.1483875493325934,129,142,0.36,86,3,iid,0.75,64,1,3096,3,0.4849015888723954,0.492521235362032,0.323042,264,-0.011627906976744207,0.0077519379844961005
digits,3,weighted ensemble,0.9767441860465116,0.026589381354174255,0.1061565510073631,129,142,0.36,86,3,iid,0.75,64,1,3096,3,0.4849015888723954,0.492521235362032,0.318,264,-0.011627906976744207,0.0077519379844961005
digits,3,hard transfer,0.9883720930232558,0.01344755509904568,0.05408223792964076,129,142,0.36,86,3,iid,0.75,64,1,3096,1,0.4849015888723954,0.492521235362032,0.004125,56,-0.011627906976744207,0.0077519379844961005
digits,3,FedDF,0.9883720930232558,0.04190172011740238,0.1632330225686469,129,142,0.36,86,3,iid,0.75,64,1,3096,1,0.4849015888723954,0.492521235362032,0.003959,56,-0.011627906976744207,0.0077519379844961005
digits,3,FedMD-1r,1.0,0.050038450412818854,0.1958148950166677,129,142,0.36,86,3,iid,0.75,64,1,3096,3,0.4849015888723954,0.492521235362032,0.309792,264,-0.011627906976744207,0.0077519379844961005
digits,3,FedMD-2r,1.0,0.054919845207488514,0.20855965404761925,129,142,0.36,86,3,iid,0.75,64,2,6192,3,0.4849015888723954,0.492521235362032,0.318959,264,-0.011627906976744207,0.0077519379844961005
digits,3,FedMD,1.0,0.05680766768348474,0.2133755205028306,129,142,0.36,86,3,iid,0.75,64,3,9288,3,0.4849015888723954,0.492521235362032,0.318583,264,-0.011627906976744207,0.0077519379844961005
digits,3,centralized reference,1.0,0.0120541750683875,0.052775807020687356,129,142,0.36,86,3,iid,0.75,64,0,0,1,0.4849015888723954,0.492521235362032,0.004,56,-0.011627906976744207,0.0077519379844961005
digits,0,best local,0.9883720930232558,0.014765985755852229,0.048023355060518996,43,228,0.12,86,3,severe,0.0,64,0,0,1,0.5306178059666432,0.5305492413203551,0.156958,104,0.08139534883720934,0.18217054263565893
digits,0,unweighted ensemble,0.9883720930232558,0.09935434676259626,0.2927528461426576,43,228,0.12,86,3,severe,0.0,64,1,1032,3,0.5306178059666432,0.5305492413203551,0.321375,264,0.08139534883720934,0.18217054263565893
digits,0,weighted ensemble,0.9883720930232558,0.04920577357168975,0.19521932939582234,43,228,0.12,86,3,severe,0.0,64,1,1032,3,0.5306178059666432,0.5305492413203551,0.314583,264,0.08139534883720934,0.18217054263565893
digits,0,hard transfer,0.9534883720930233,0.031065715143108606,0.04341971180426518,43,228,0.12,86,3,severe,0.0,64,1,1032,1,0.5306178059666432,0.5305492413203551,0.003834,56,0.08139534883720934,0.18217054263565893
digits,0,FedDF,0.9418604651162791,0.10937843160810395,0.3154571462765074,43,228,0.12,86,3,severe,0.0,64,1,1032,1,0.5306178059666432,0.5305492413203551,0.00375,56,0.08139534883720934,0.18217054263565893
digits,0,FedMD-1r,0.9767441860465116,0.10554230560785856,0.3111412791166138,43,228,0.12,86,3,severe,0.0,64,1,1032,3,0.5306178059666432,0.5305492413203551,0.324291,264,0.08139534883720934,0.18217054263565893
digits,0,FedMD-2r,0.9767441860465116,0.10847831514359331,0.2983471587382731,43,228,0.12,86,3,severe,0.0,64,2,2064,3,0.5306178059666432,0.5305492413203551,0.323917,264,0.08139534883720934,0.18217054263565893
digits,0,FedMD,0.9651162790697675,0.10927517471935427,0.29667272111597676,43,228,0.12,86,3,severe,0.0,64,3,3096,3,0.5306178059666432,0.5305492413203551,0.324458,264,0.08139534883720934,0.18217054263565893
digits,0,centralized reference,0.9883720930232558,0.01817119630756343,0.05102950837090249,43,228,0.12,86,3,severe,0.0,64,0,0,1,0.5306178059666432,0.5305492413203551,0.003667,56,0.08139534883720934,0.18217054263565893
digits,1,best local,0.9767441860465116,0.021877530736314023,0.05663400213206733,43,228,0.12,86,3,severe,0.0,64,0,0,1,0.5773525250759032,0.46447601562044644,0.157875,104,0.023255813953488302,0.17441860465116274
digits,1,unweighted ensemble,0.9883720930232558,0.11092297271413415,0.31295417401157605,43,228,0.12,86,3,severe,0.0,64,1,1032,3,0.5773525250759032,0.46447601562044644,0.322917,264,0.023255813953488302,0.17441860465116274
digits,1,weighted ensemble,0.9883720930232558,0.056382925617564465,0.20870877812262065,43,228,0.12,86,3,severe,0.0,64,1,1032,3,0.5773525250759032,0.46447601562044644,0.312417,264,0.023255813953488302,0.17441860465116274
digits,1,hard transfer,0.9651162790697675,0.020114009203820594,0.06976041215548308,43,228,0.12,86,3,severe,0.0,64,1,1032,1,0.5773525250759032,0.46447601562044644,0.003875,56,0.023255813953488302,0.17441860465116274
digits,1,FedDF,1.0,0.12886126289891844,0.35334978122848637,43,228,0.12,86,3,severe,0.0,64,1,1032,1,0.5773525250759032,0.46447601562044644,0.003917,56,0.023255813953488302,0.17441860465116274
digits,1,FedMD-1r,0.9767441860465116,0.08304814760138725,0.2562104878351993,43,228,0.12,86,3,severe,0.0,64,1,1032,3,0.5773525250759032,0.46447601562044644,0.322042,264,0.023255813953488302,0.17441860465116274
digits,1,FedMD-2r,0.9767441860465116,0.061628562080195216,0.20509417376989028,43,228,0.12,86,3,severe,0.0,64,2,2064,3,0.5773525250759032,0.46447601562044644,0.321166,264,0.023255813953488302,0.17441860465116274
digits,1,FedMD,0.9767441860465116,0.05029264774677107,0.1753562318884049,43,228,0.12,86,3,severe,0.0,64,3,3096,3,0.5773525250759032,0.46447601562044644,0.322583,264,0.023255813953488302,0.17441860465116274
digits,1,centralized reference,1.0,0.007120382716840951,0.044410859999182095,43,228,0.12,86,3,severe,0.0,64,0,0,1,0.5773525250759032,0.46447601562044644,0.005167,56,0.023255813953488302,0.17441860465116274
digits,2,best local,0.9651162790697675,0.02458888284228253,0.03976732303464504,43,228,0.12,86,3,severe,0.0,64,0,0,1,0.6009791921664626,0.49153406772745817,0.15775,104,0.011627906976744207,0.019379844961240345
digits,2,unweighted ensemble,0.9651162790697675,0.07281622650108881,0.21236449092650966,43,228,0.12,86,3,severe,0.0,64,1,1032,3,0.6009791921664626,0.49153406772745817,0.323792,264,0.011627906976744207,0.019379844961240345
digits,2,weighted ensemble,0.9651162790697675,0.04379872424803234,0.14972001767530066,43,228,0.12,86,3,severe,0.0,64,1,1032,3,0.6009791921664626,0.49153406772745817,0.314417,264,0.011627906976744207,0.019379844961240345
digits,2,hard transfer,0.9534883720930233,0.02953420250617842,0.0492603698375549,43,228,0.12,86,3,severe,0.0,64,1,1032,1,0.6009791921664626,0.49153406772745817,0.003791,56,0.011627906976744207,0.019379844961240345
digits,2,FedDF,0.9534883720930233,0.08909744999625314,0.24716954565542892,43,228,0.12,86,3,severe,0.0,64,1,1032,1,0.6009791921664626,0.49153406772745817,0.003709,56,0.011627906976744207,0.019379844961240345
digits,2,FedMD-1r,0.9534883720930233,0.05498359610485182,0.1642850886155653,43,228,0.12,86,3,severe,0.0,64,1,1032,3,0.6009791921664626,0.49153406772745817,0.323458,264,0.011627906976744207,0.019379844961240345
digits,2,FedMD-2r,0.9534883720930233,0.04420879906201005,0.12976181596664604,43,228,0.12,86,3,severe,0.0,64,2,2064,3,0.6009791921664626,0.49153406772745817,0.324291,264,0.011627906976744207,0.019379844961240345
digits,2,FedMD,0.9534883720930233,0.03880110265912512,0.10800990901200389,43,228,0.12,86,3,severe,0.0,64,3,3096,3,0.6009791921664626,0.49153406772745817,0.322916,264,0.011627906976744207,0.019379844961240345
digits,2,centralized reference,0.9418604651162791,0.029143700358559763,0.06020784538473606,43,228,0.12,86,3,severe,0.0,64,0,0,1,0.6009791921664626,0.49153406772745817,0.003958,56,0.011627906976744207,0.019379844961240345
digits,3,best local,0.9418604651162791,0.046177381217014986,0.10872207506830038,43,228,0.12,86,3,severe,0.0,64,0,0,1,0.5990231039190648,0.5429374705262099,0.158958,104,0.023255813953488413,0.09689922480620157
digits,3,unweighted ensemble,0.9534883720930233,0.11639756355905788,0.3110280462851933,43,228,0.12,86,3,severe,0.0,64,1,1032,3,0.5990231039190648,0.5429374705262099,0.322625,264,0.023255813953488413,0.09689922480620157
digits,3,weighted ensemble,0.9418604651162791,0.07581626073398501,0.23324640197517713,43,228,0.12,86,3,severe,0.0,64,1,1032,3,0.5990231039190648,0.5429374705262099,0.31575,264,0.023255813953488413,0.09689922480620157
digits,3,hard transfer,0.9186046511627907,0.05250103610972435,0.09402341486536603,43,228,0.12,86,3,severe,0.0,64,1,1032,1,0.5990231039190648,0.5429374705262099,0.004167,56,0.023255813953488413,0.09689922480620157
digits,3,FedDF,0.8372093023255814,0.1392360270572362,0.21715616222355427,43,228,0.12,86,3,severe,0.0,64,1,1032,1,0.5990231039190648,0.5429374705262099,0.004041,56,0.023255813953488413,0.09689922480620157
digits,3,FedMD-1r,0.9883720930232558,0.09822404940898329,0.28674927932978733,43,228,0.12,86,3,severe,0.0,64,1,1032,3,0.5990231039190648,0.5429374705262099,0.330333,264,0.023255813953488413,0.09689922480620157
digits,3,FedMD-2r,0.9883720930232558,0.08778795610943385,0.2701514815395362,43,228,0.12,86,3,severe,0.0,64,2,2064,3,0.5990231039190648,0.5429374705262099,0.327584,264,0.023255813953488413,0.09689922480620157
digits,3,FedMD,0.9883720930232558,0.0837713330230058,0.26321303895732134,43,228,0.12,86,3,severe,0.0,64,3,3096,3,0.5990231039190648,0.5429374705262099,0.318667,264,0.023255813953488413,0.09689922480620157
digits,3,centralized reference,1.0,0.007595327702876556,0.04391452290250504,43,228,0.12,86,3,severe,0.0,64,0,0,1,0.5990231039190648,0.5429374705262099,0.003792,56,0.023255813953488413,0.09689922480620157
digits,0,best local,0.8953488372093024,0.0704680757198778,0.060185762054020375,86,185,0.24,86,3,severe,0.0,64,0,0,1,0.5467236848894762,0.504417671878287,0.152667,104,0.08139534883720922,0.1589147286821705
digits,0,unweighted ensemble,0.9069767441860465,0.12849333587940673,0.2696378996451735,86,185,0.24,86,3,severe,0.0,64,1,2064,3,0.5467236848894762,0.504417671878287,0.321834,264,0.08139534883720922,0.1589147286821705
digits,0,weighted ensemble,0.9069767441860465,0.0862547354289571,0.15246915058037364,86,185,0.24,86,3,severe,0.0,64,1,2064,3,0.5467236848894762,0.504417671878287,0.319167,264,0.08139534883720922,0.1589147286821705
digits,0,hard transfer,0.8488372093023255,0.09828950930537429,0.13233428398543257,86,185,0.24,86,3,severe,0.0,64,1,2064,1,0.5467236848894762,0.504417671878287,0.004125,56,0.08139534883720922,0.1589147286821705
digits,0,FedDF,0.872093023255814,0.13792479869139398,0.27572210680510195,86,185,0.24,86,3,severe,0.0,64,1,2064,1,0.5467236848894762,0.504417671878287,0.004042,56,0.08139534883720922,0.1589147286821705
digits,0,FedMD-1r,0.9069767441860465,0.1219413545331452,0.31572579665140854,86,185,0.24,86,3,severe,0.0,64,1,2064,3,0.5467236848894762,0.504417671878287,0.322667,264,0.08139534883720922,0.1589147286821705
digits,0,FedMD-2r,0.8953488372093024,0.11856241081379609,0.29322981069747783,86,185,0.24,86,3,severe,0.0,64,2,4128,3,0.5467236848894762,0.504417671878287,0.320833,264,0.08139534883720922,0.1589147286821705
digits,0,FedMD,0.8837209302325582,0.11729293910042873,0.2743917628292262,86,185,0.24,86,3,severe,0.0,64,3,6192,3,0.5467236848894762,0.504417671878287,0.325458,264,0.08139534883720922,0.1589147286821705
digits,0,centralized reference,0.9883720930232558,0.016077161316101516,0.05364863518625903,86,185,0.24,86,3,severe,0.0,64,0,0,1,0.5467236848894762,0.504417671878287,0.004208,56,0.08139534883720922,0.1589147286821705
digits,1,best local,0.9186046511627907,0.06826286347659628,0.0929370138954406,86,185,0.24,86,3,severe,0.0,64,0,0,1,0.6144919166299512,0.4835321925719525,0.153791,104,0.0,0.05038759689922482
digits,1,unweighted ensemble,0.9651162790697675,0.08779290569354031,0.2458133576383523,86,185,0.24,86,3,severe,0.0,64,1,2064,3,0.6144919166299512,0.4835321925719525,0.32225,264,0.0,0.05038759689922482
digits,1,weighted ensemble,0.9302325581395349,0.06973941042824952,0.17420023343642668,86,185,0.24,86,3,severe,0.0,64,1,2064,3,0.6144919166299512,0.4835321925719525,0.325375,264,0.0,0.05038759689922482
digits,1,hard transfer,0.9883720930232558,0.018826026844337145,0.052669405463388726,86,185,0.24,86,3,severe,0.0,64,1,2064,1,0.6144919166299512,0.4835321925719525,0.00425,56,0.0,0.05038759689922482
digits,1,FedDF,0.9418604651162791,0.10191965913103283,0.27096333659239635,86,185,0.24,86,3,severe,0.0,64,1,2064,1,0.6144919166299512,0.4835321925719525,0.004083,56,0.0,0.05038759689922482
digits,1,FedMD-1r,0.9883720930232558,0.07156267583363626,0.23635187388891019,86,185,0.24,86,3,severe,0.0,64,1,2064,3,0.6144919166299512,0.4835321925719525,0.323,264,0.0,0.05038759689922482
digits,1,FedMD-2r,0.9883720930232558,0.06201035437364926,0.21620145325173487,86,185,0.24,86,3,severe,0.0,64,2,4128,3,0.6144919166299512,0.4835321925719525,0.322541,264,0.0,0.05038759689922482
digits,1,FedMD,0.9883720930232558,0.05693212298317862,0.20389839849829014,86,185,0.24,86,3,severe,0.0,64,3,6192,3,0.6144919166299512,0.4835321925719525,0.3245,264,0.0,0.05038759689922482
digits,1,centralized reference,1.0,0.007656774432431226,0.04392767411195901,86,185,0.24,86,3,severe,0.0,64,0,0,1,0.6144919166299512,0.4835321925719525,0.004208,56,0.0,0.05038759689922482
digits,2,best local,0.9651162790697675,0.026450445688374208,0.06030079698089165,86,185,0.24,86,3,severe,0.0,64,0,0,1,0.5514952150736097,0.5032821697487865,0.159917,104,0.09302325581395343,0.19379844961240303
digits,2,unweighted ensemble,0.9767441860465116,0.12380820094938828,0.32013901426418706,86,185,0.24,86,3,severe,0.0,64,1,2064,3,0.5514952150736097,0.5032821697487865,0.327416,264,0.09302325581395343,0.19379844961240303
digits,2,weighted ensemble,0.9651162790697675,0.06308387980119573,0.19765404692554708,86,185,0.24,86,3,severe,0.0,64,1,2064,3,0.5514952150736097,0.5032821697487865,0.321042,264,0.09302325581395343,0.19379844961240303
digits,2,hard transfer,0.9302325581395349,0.03769824764578162,0.07956703906516491,86,185,0.24,86,3,severe,0.0,64,1,2064,1,0.5514952150736097,0.5032821697487865,0.003833,56,0.09302325581395343,0.19379844961240303
digits,2,FedDF,0.9302325581395349,0.14302971234648426,0.2930703901852573,86,185,0.24,86,3,severe,0.0,64,1,2064,1,0.5514952150736097,0.5032821697487865,0.00375,56,0.09302325581395343,0.19379844961240303
digits,2,FedMD-1r,0.9534883720930233,0.08857360535628309,0.23899471518002746,86,185,0.24,86,3,severe,0.0,64,1,2064,3,0.5514952150736097,0.5032821697487865,0.326042,264,0.09302325581395343,0.19379844961240303
digits,2,FedMD-2r,0.9651162790697675,0.06870363851442504,0.20175286303821338,86,185,0.24,86,3,severe,0.0,64,2,4128,3,0.5514952150736097,0.5032821697487865,0.316167,264,0.09302325581395343,0.19379844961240303
digits,2,FedMD,0.9651162790697675,0.058450630299763204,0.17398290107903033,86,185,0.24,86,3,severe,0.0,64,3,6192,3,0.5514952150736097,0.5032821697487865,0.323125,264,0.09302325581395343,0.19379844961240303
digits,2,centralized reference,0.9418604651162791,0.029056511041417526,0.0641641645123389,86,185,0.24,86,3,severe,0.0,64,0,0,1,0.5514952150736097,0.5032821697487865,0.003958,56,0.09302325581395343,0.19379844961240303
digits,3,best local,0.9302325581395349,0.05753530929897399,0.09061256149391704,86,185,0.24,86,3,severe,0.0,64,0,0,1,0.6071784339527504,0.5080532428189014,0.161959,104,0.0,0.04651162790697675
digits,3,unweighted ensemble,0.9534883720930233,0.09118927446540646,0.22156983901211846,86,185,0.24,86,3,severe,0.0,64,1,2064,3,0.6071784339527504,0.5080532428189014,0.327833,264,0.0,0.04651162790697675
digits,3,weighted ensemble,0.9302325581395349,0.06573789904667976,0.16524767204912066,86,185,0.24,86,3,severe,0.0,64,1,2064,3,0.6071784339527504,0.5080532428189014,0.322334,264,0.0,0.04651162790697675
digits,3,hard transfer,0.9186046511627907,0.05991276398153668,0.09471912541475727,86,185,0.24,86,3,severe,0.0,64,1,2064,1,0.6071784339527504,0.5080532428189014,0.004167,56,0.0,0.04651162790697675
digits,3,FedDF,0.9302325581395349,0.09612456580988774,0.2378951137340443,86,185,0.24,86,3,severe,0.0,64,1,2064,1,0.6071784339527504,0.5080532428189014,0.004042,56,0.0,0.04651162790697675
digits,3,FedMD-1r,0.9418604651162791,0.06560115311540174,0.17101578710236734,86,185,0.24,86,3,severe,0.0,64,1,2064,3,0.6071784339527504,0.5080532428189014,0.326666,264,0.0,0.04651162790697675
digits,3,FedMD-2r,0.9534883720930233,0.0519267748283782,0.14244511801158577,86,185,0.24,86,3,severe,0.0,64,2,4128,3,0.6071784339527504,0.5080532428189014,0.325708,264,0.0,0.04651162790697675
digits,3,FedMD,0.9651162790697675,0.04512855681294977,0.13402733422966265,86,185,0.24,86,3,severe,0.0,64,3,6192,3,0.6071784339527504,0.5080532428189014,0.313875,264,0.0,0.04651162790697675
digits,3,centralized reference,1.0,0.010020453552048376,0.045195458018131636,86,185,0.24,86,3,severe,0.0,64,0,0,1,0.6071784339527504,0.5080532428189014,0.004291,56,0.0,0.04651162790697675
digits,0,best local,0.9651162790697675,0.030095419797134274,0.06619454657362485,129,142,0.36,86,3,severe,0.0,64,0,0,1,0.5697176101686506,0.5138477222526384,0.160375,104,0.10465116279069764,0.23643410852713176
digits,0,unweighted ensemble,0.9767441860465116,0.11082827159869604,0.30354528459467034,129,142,0.36,86,3,severe,0.0,64,1,3096,3,0.5697176101686506,0.5138477222526384,0.323708,264,0.10465116279069764,0.23643410852713176
digits,0,weighted ensemble,0.9767441860465116,0.06333434004094217,0.21323020536109394,129,142,0.36,86,3,severe,0.0,64,1,3096,3,0.5697176101686506,0.5138477222526384,0.321083,264,0.10465116279069764,0.23643410852713176
digits,0,hard transfer,0.9767441860465116,0.021313687915145416,0.047304801011511216,129,142,0.36,86,3,severe,0.0,64,1,3096,1,0.5697176101686506,0.5138477222526384,0.003875,56,0.10465116279069764,0.23643410852713176
digits,0,FedDF,0.9534883720930233,0.12183941635844035,0.28847618250165563,129,142,0.36,86,3,severe,0.0,64,1,3096,1,0.5697176101686506,0.5138477222526384,0.00375,56,0.10465116279069764,0.23643410852713176
digits,0,FedMD-1r,0.9651162790697675,0.11145007440736643,0.29305247535269524,129,142,0.36,86,3,severe,0.0,64,1,3096,3,0.5697176101686506,0.5138477222526384,0.315292,264,0.10465116279069764,0.23643410852713176
digits,0,FedMD-2r,0.9534883720930233,0.11008968162489967,0.305174567483087,129,142,0.36,86,3,severe,0.0,64,2,6192,3,0.5697176101686506,0.5138477222526384,0.319667,264,0.10465116279069764,0.23643410852713176
digits,0,FedMD,0.9186046511627907,0.10960998999607201,0.2864726799781964,129,142,0.36,86,3,severe,0.0,64,3,9288,3,0.5697176101686506,0.5138477222526384,0.331542,264,0.10465116279069764,0.23643410852713176
digits,0,centralized reference,0.9883720930232558,0.018711057608869014,0.0590201561766774,129,142,0.36,86,3,severe,0.0,64,0,0,1,0.5697176101686506,0.5138477222526384,0.004,56,0.10465116279069764,0.23643410852713176
digits,1,best local,0.9651162790697675,0.03484810819242234,0.06320146356376202,129,142,0.36,86,3,severe,0.0,64,0,0,1,0.5535971676281036,0.4880194661174497,0.160417,104,0.10465116279069775,0.16666666666666674
digits,1,unweighted ensemble,0.9651162790697675,0.11105897180972334,0.27399418157662553,129,142,0.36,86,3,severe,0.0,64,1,3096,3,0.5535971676281036,0.4880194661174497,0.324333,264,0.10465116279069775,0.16666666666666674
digits,1,weighted ensemble,0.9767441860465116,0.06417460479699268,0.19400036475513027,129,142,0.36,86,3,severe,0.0,64,1,3096,3,0.5535971676281036,0.4880194661174497,0.322,264,0.10465116279069775,0.16666666666666674
digits,1,hard transfer,0.9767441860465116,0.023892189516605197,0.0654068736216465,129,142,0.36,86,3,severe,0.0,64,1,3096,1,0.5535971676281036,0.4880194661174497,0.004334,56,0.10465116279069775,0.16666666666666674
digits,1,FedDF,0.9302325581395349,0.1231583408466037,0.2602065953822507,129,142,0.36,86,3,severe,0.0,64,1,3096,1,0.5535971676281036,0.4880194661174497,0.004167,56,0.10465116279069775,0.16666666666666674
digits,1,FedMD-1r,0.9534883720930233,0.10724572675549517,0.2570296873057276,129,142,0.36,86,3,severe,0.0,64,1,3096,3,0.5535971676281036,0.4880194661174497,0.329,264,0.10465116279069775,0.16666666666666674
digits,1,FedMD-2r,0.9418604651162791,0.10212029789058241,0.23939509343274437,129,142,0.36,86,3,severe,0.0,64,2,6192,3,0.5535971676281036,0.4880194661174497,0.326625,264,0.10465116279069775,0.16666666666666674
digits,1,FedMD,0.9418604651162791,0.09929192911051704,0.22849978839666976,129,142,0.36,86,3,severe,0.0,64,3,9288,3,0.5535971676281036,0.4880194661174497,0.312916,264,0.10465116279069775,0.16666666666666674
digits,1,centralized reference,1.0,0.00805395230497152,0.04372266160606219,129,142,0.36,86,3,severe,0.0,64,0,0,1,0.5535971676281036,0.4880194661174497,0.003834,56,0.10465116279069775,0.16666666666666674
digits,2,best local,0.872093023255814,0.08702893280314297,0.148285331400846,129,142,0.36,86,3,severe,0.0,64,0,0,1,0.6554120217456431,0.48967796141109887,0.004042,56,-0.15116279069767435,0.05038759689922486
digits,2,unweighted ensemble,0.8372093023255814,0.12441375309259302,0.26482168434103504,129,142,0.36,86,3,severe,0.0,64,1,3096,3,0.6554120217456431,0.48967796141109887,0.3195,264,-0.15116279069767435,0.05038759689922486
digits,2,weighted ensemble,0.8255813953488372,0.12194173383340862,0.18158003314611226,129,142,0.36,86,3,severe,0.0,64,1,3096,3,0.6554120217456431,0.48967796141109887,0.32425,264,-0.15116279069767435,0.05038759689922486
digits,2,hard transfer,0.7093023255813954,0.22165987256436567,0.2463721565063165,129,142,0.36,86,3,severe,0.0,64,1,3096,1,0.6554120217456431,0.48967796141109887,0.004041,56,-0.15116279069767435,0.05038759689922486
digits,2,FedDF,0.7558139534883721,0.153033047716512,0.2615857421271716,129,142,0.36,86,3,severe,0.0,64,1,3096,1,0.6554120217456431,0.48967796141109887,0.004542,56,-0.15116279069767435,0.05038759689922486
digits,2,FedMD-1r,0.872093023255814,0.0973543654621012,0.2338973023082706,129,142,0.36,86,3,severe,0.0,64,1,3096,3,0.6554120217456431,0.48967796141109887,0.322875,264,-0.15116279069767435,0.05038759689922486
digits,2,FedMD-2r,0.8953488372093024,0.08778561981310645,0.21720983407695274,129,142,0.36,86,3,severe,0.0,64,2,6192,3,0.6554120217456431,0.48967796141109887,0.319083,264,-0.15116279069767435,0.05038759689922486
digits,2,FedMD,0.8953488372093024,0.08382450858893209,0.2093446923521718,129,142,0.36,86,3,severe,0.0,64,3,9288,3,0.6554120217456431,0.48967796141109887,0.322167,264,-0.15116279069767435,0.05038759689922486
digits,2,centralized reference,0.9534883720930233,0.028389646885221928,0.051596112488864955,129,142,0.36,86,3,severe,0.0,64,0,0,1,0.6554120217456431,0.48967796141109887,0.00425,56,-0.15116279069767435,0.05038759689922486
digits,3,best local,0.8953488372093024,0.09672097336734299,0.0976591374560273,129,142,0.36,86,3,severe,0.0,64,0,0,1,0.49998295039031887,0.47049839448289266,0.162459,104,0.12790697674418605,0.20542635658914732
digits,3,unweighted ensemble,0.8953488372093024,0.14133805460874047,0.22785922259286442,129,142,0.36,86,3,severe,0.0,64,1,3096,3,0.49998295039031887,0.47049839448289266,0.32275,264,0.12790697674418605,0.20542635658914732
digits,3,weighted ensemble,0.8953488372093024,0.10363510681634718,0.1524944748546943,129,142,0.36,86,3,severe,0.0,64,1,3096,3,0.49998295039031887,0.47049839448289266,0.324334,264,0.12790697674418605,0.20542635658914732
digits,3,hard transfer,0.9302325581395349,0.058109401078273205,0.05811707832636963,129,142,0.36,86,3,severe,0.0,64,1,3096,1,0.49998295039031887,0.47049839448289266,0.004166,56,0.12790697674418605,0.20542635658914732
digits,3,FedDF,0.9069767441860465,0.1513251566987864,0.2740041037072783,129,142,0.36,86,3,severe,0.0,64,1,3096,1,0.49998295039031887,0.47049839448289266,0.004041,56,0.12790697674418605,0.20542635658914732
digits,3,FedMD-1r,0.9186046511627907,0.12634251408751493,0.25553183717785594,129,142,0.36,86,3,severe,0.0,64,1,3096,3,0.49998295039031887,0.47049839448289266,0.324959,264,0.12790697674418605,0.20542635658914732
digits,3,FedMD-2r,0.9302325581395349,0.12056197558794624,0.2613142338404415,129,142,0.36,86,3,severe,0.0,64,2,6192,3,0.49998295039031887,0.47049839448289266,0.317125,264,0.12790697674418605,0.20542635658914732
digits,3,FedMD,0.9302325581395349,0.11869659755836973,0.26854030508586035,129,142,0.36,86,3,severe,0.0,64,3,9288,3,0.49998295039031887,0.47049839448289266,0.319334,264,0.12790697674418605,0.20542635658914732
digits,3,centralized reference,1.0,0.0120541750683875,0.052775807020687356,129,142,0.36,86,3,severe,0.0,64,0,0,1,0.49998295039031887,0.47049839448289266,0.004167,56,0.12790697674418605,0.20542635658914732
digits,0,best local,0.9883720930232558,0.014765985755852229,0.048023355060518996,43,228,0.12,86,3,severe,0.45,64,0,0,1,0.5277237491190979,0.5325130656097609,0.160958,104,0.08139534883720934,0.15503875968992245
digits,0,unweighted ensemble,0.9883720930232558,0.09970376485101216,0.2933880579666142,43,228,0.12,86,3,severe,0.45,64,1,1032,3,0.5277237491190979,0.5325130656097609,0.331167,264,0.08139534883720934,0.15503875968992245
digits,0,weighted ensemble,0.9883720930232558,0.04923496624341311,0.1954028891408273,43,228,0.12,86,3,severe,0.45,64,1,1032,3,0.5277237491190979,0.5325130656097609,0.325834,264,0.08139534883720934,0.15503875968992245
digits,0,hard transfer,0.9534883720930233,0.031065715143108606,0.04341971180426518,43,228,0.12,86,3,severe,0.45,64,1,1032,1,0.5277237491190979,0.5325130656097609,0.004166,56,0.08139534883720934,0.15503875968992245
digits,0,FedDF,0.9418604651162791,0.1092871219697165,0.31526256243333656,43,228,0.12,86,3,severe,0.45,64,1,1032,1,0.5277237491190979,0.5325130656097609,0.004875,56,0.08139534883720934,0.15503875968992245
digits,0,FedMD-1r,0.9767441860465116,0.1054499395713269,0.31077015099072436,43,228,0.12,86,3,severe,0.45,64,1,1032,3,0.5277237491190979,0.5325130656097609,0.327292,264,0.08139534883720934,0.15503875968992245
digits,0,FedMD-2r,0.9651162790697675,0.10840480917693752,0.2975960378223561,43,228,0.12,86,3,severe,0.45,64,2,2064,3,0.5277237491190979,0.5325130656097609,0.330958,264,0.08139534883720934,0.15503875968992245
digits,0,FedMD,0.9651162790697675,0.10929015837583889,0.2959373936407743,43,228,0.12,86,3,severe,0.45,64,3,3096,3,0.5277237491190979,0.5325130656097609,0.33025,264,0.08139534883720934,0.15503875968992245
digits,0,centralized reference,0.9883720930232558,0.01817119630756343,0.05102950837090249,43,228,0.12,86,3,severe,0.45,64,0,0,1,0.5277237491190979,0.5325130656097609,0.003917,56,0.08139534883720934,0.15503875968992245
digits,1,best local,0.9767441860465116,0.021877530736314023,0.05663400213206733,43,228,0.12,86,3,severe,0.45,64,0,0,1,0.5585411555668593,0.4708842843542966,0.160833,104,0.03488372093023251,0.18992248062015502
digits,1,unweighted ensemble,0.9883720930232558,0.11256951509539855,0.31540977886280397,43,228,0.12,86,3,severe,0.45,64,1,1032,3,0.5585411555668593,0.4708842843542966,0.332959,264,0.03488372093023251,0.18992248062015502
digits,1,weighted ensemble,0.9883720930232558,0.057167519883875945,0.2104943946614583,43,228,0.12,86,3,severe,0.45,64,1,1032,3,0.5585411555668593,0.4708842843542966,0.322166,264,0.03488372093023251,0.18992248062015502
digits,1,hard transfer,0.9651162790697675,0.020114009203820594,0.06976041215548308,43,228,0.12,86,3,severe,0.45,64,1,1032,1,0.5585411555668593,0.4708842843542966,0.00425,56,0.03488372093023251,0.18992248062015502
digits,1,FedDF,0.9883720930232558,0.13179056246478293,0.3456513240713775,43,228,0.12,86,3,severe,0.45,64,1,1032,1,0.5585411555668593,0.4708842843542966,0.004042,56,0.03488372093023251,0.18992248062015502
digits,1,FedMD-1r,0.9767441860465116,0.09158573034478189,0.2660265181057434,43,228,0.12,86,3,severe,0.45,64,1,1032,3,0.5585411555668593,0.4708842843542966,0.327541,264,0.03488372093023251,0.18992248062015502
digits,1,FedMD-2r,0.9767441860465116,0.0737291648333015,0.22955055290978904,43,228,0.12,86,3,severe,0.45,64,2,2064,3,0.5585411555668593,0.4708842843542966,0.324834,264,0.03488372093023251,0.18992248062015502
digits,1,FedMD,0.9767441860465116,0.06441737814828476,0.20793203069175054,43,228,0.12,86,3,severe,0.45,64,3,3096,3,0.5585411555668593,0.4708842843542966,0.325209,264,0.03488372093023251,0.18992248062015502
digits,1,centralized reference,1.0,0.007120382716840951,0.044410859999182095,43,228,0.12,86,3,severe,0.45,64,0,0,1,0.5585411555668593,0.4708842843542966,0.004083,56,0.03488372093023251,0.18992248062015502
digits,2,best local,0.9651162790697675,0.02458888284228253,0.03976732303464504,43,228,0.12,86,3,severe,0.45,64,0,0,1,0.5957772337821297,0.49362505099959203,0.158625,104,0.011627906976744207,0.019379844961240345
digits,2,unweighted ensemble,0.9651162790697675,0.08562280038734317,0.23517830661448544,43,228,0.12,86,3,severe,0.45,64,1,1032,3,0.5957772337821297,0.49362505099959203,0.32775,264,0.011627906976744207,0.019379844961240345
digits,2,weighted ensemble,0.9534883720930233,0.048480700553686244,0.1678151851551836,43,228,0.12,86,3,severe,0.45,64,1,1032,3,0.5957772337821297,0.49362505099959203,0.319041,264,0.011627906976744207,0.019379844961240345
digits,2,hard transfer,0.9534883720930233,0.02953420250617842,0.0492603698375549,43,228,0.12,86,3,severe,0.45,64,1,1032,1,0.5957772337821297,0.49362505099959203,0.003916,56,0.011627906976744207,0.019379844961240345
digits,2,FedDF,0.9186046511627907,0.1076921626131986,0.2628963597534284,43,228,0.12,86,3,severe,0.45,64,1,1032,1,0.5957772337821297,0.49362505099959203,0.004083,56,0.011627906976744207,0.019379844961240345
digits,2,FedMD-1r,0.9651162790697675,0.06870626267416759,0.20502874999127185,43,228,0.12,86,3,severe,0.45,64,1,1032,3,0.5957772337821297,0.49362505099959203,0.32825,264,0.011627906976744207,0.019379844961240345
digits,2,FedMD-2r,0.9651162790697675,0.05607102091689828,0.1608304232028135,43,228,0.12,86,3,severe,0.45,64,2,2064,3,0.5957772337821297,0.49362505099959203,0.32825,264,0.011627906976744207,0.019379844961240345
digits,2,FedMD,0.9534883720930233,0.049698296173561286,0.13597978294893098,43,228,0.12,86,3,severe,0.45,64,3,3096,3,0.5957772337821297,0.49362505099959203,0.3275,264,0.011627906976744207,0.019379844961240345
digits,2,centralized reference,0.9418604651162791,0.029143700358559763,0.06020784538473606,43,228,0.12,86,3,severe,0.45,64,0,0,1,0.5957772337821297,0.49362505099959203,0.003834,56,0.011627906976744207,0.019379844961240345
digits,3,best local,0.9418604651162791,0.046177381217014986,0.10872207506830038,43,228,0.12,86,3,severe,0.45,64,0,0,1,0.6002634139965841,0.543299227632153,0.161708,104,0.011627906976744207,0.08139534883720934
digits,3,unweighted ensemble,0.9534883720930233,0.1231618911896915,0.30407284222920566,43,228,0.12,86,3,severe,0.45,64,1,1032,3,0.6002634139965841,0.543299227632153,0.329333,264,0.011627906976744207,0.08139534883720934
digits,3,weighted ensemble,0.9302325581395349,0.0793009880155812,0.2298699667494424,43,228,0.12,86,3,severe,0.45,64,1,1032,3,0.6002634139965841,0.543299227632153,0.315375,264,0.011627906976744207,0.08139534883720934
digits,3,hard transfer,0.9186046511627907,0.05250103610972435,0.09402341486536603,43,228,0.12,86,3,severe,0.45,64,1,1032,1,0.6002634139965841,0.543299227632153,0.005208,56,0.011627906976744207,0.08139534883720934
digits,3,FedDF,0.8488372093023255,0.14229740228575358,0.2667316549266377,43,228,0.12,86,3,severe,0.45,64,1,1032,1,0.6002634139965841,0.543299227632153,0.004,56,0.011627906976744207,0.08139534883720934
digits,3,FedMD-1r,0.9883720930232558,0.10587121264942703,0.30244352676002434,43,228,0.12,86,3,severe,0.45,64,1,1032,3,0.6002634139965841,0.543299227632153,0.325375,264,0.011627906976744207,0.08139534883720934
digits,3,FedMD-2r,0.9883720930232558,0.09498662596354389,0.2844144512050848,43,228,0.12,86,3,severe,0.45,64,2,2064,3,0.6002634139965841,0.543299227632153,0.325084,264,0.011627906976744207,0.08139534883720934
digits,3,FedMD,0.9883720930232558,0.09062453384374673,0.276427439818667,43,228,0.12,86,3,severe,0.45,64,3,3096,3,0.6002634139965841,0.543299227632153,0.320584,264,0.011627906976744207,0.08139534883720934
digits,3,centralized reference,1.0,0.007595327702876556,0.04391452290250504,43,228,0.12,86,3,severe,0.45,64,0,0,1,0.6002634139965841,0.543299227632153,0.003833,56,0.011627906976744207,0.08139534883720934
digits,0,best local,0.8953488372093024,0.0704680757198778,0.060185762054020375,86,185,0.24,86,3,severe,0.45,64,0,0,1,0.5449148993597605,0.5008001008188555,0.159833,104,0.08139534883720922,0.16279069767441853
digits,0,unweighted ensemble,0.9069767441860465,0.12968005365921867,0.27588566151677485,86,185,0.24,86,3,severe,0.45,64,1,2064,3,0.5449148993597605,0.5008001008188555,0.315417,264,0.08139534883720922,0.16279069767441853
digits,0,weighted ensemble,0.9069767441860465,0.08659941063291296,0.15330197039035146,86,185,0.24,86,3,severe,0.45,64,1,2064,3,0.5449148993597605,0.5008001008188555,0.313083,264,0.08139534883720922,0.16279069767441853
digits,0,hard transfer,0.8488372093023255,0.10151017665553355,0.1354703168517848,86,185,0.24,86,3,severe,0.45,64,1,2064,1,0.5449148993597605,0.5008001008188555,0.004,56,0.08139534883720922,0.16279069767441853
digits,0,FedDF,0.872093023255814,0.1379897674770722,0.2850696634711047,86,185,0.24,86,3,severe,0.45,64,1,2064,1,0.5449148993597605,0.5008001008188555,0.003875,56,0.08139534883720922,0.16279069767441853
digits,0,FedMD-1r,0.8953488372093024,0.1247564814310471,0.3213796096840373,86,185,0.24,86,3,severe,0.45,64,1,2064,3,0.5449148993597605,0.5008001008188555,0.316125,264,0.08139534883720922,0.16279069767441853
digits,0,FedMD-2r,0.8953488372093024,0.1237426955264006,0.31666367766803805,86,185,0.24,86,3,severe,0.45,64,2,4128,3,0.5449148993597605,0.5008001008188555,0.313959,264,0.08139534883720922,0.16279069767441853
digits,0,FedMD,0.8953488372093024,0.12360406022581111,0.2857991134470036,86,185,0.24,86,3,severe,0.45,64,3,6192,3,0.5449148993597605,0.5008001008188555,0.317,264,0.08139534883720922,0.16279069767441853
digits,0,centralized reference,0.9883720930232558,0.016077161316101516,0.05364863518625903,86,185,0.24,86,3,severe,0.45,64,0,0,1,0.5449148993597605,0.5008001008188555,0.004083,56,0.08139534883720922,0.16279069767441853
digits,1,best local,0.9186046511627907,0.06826286347659628,0.0929370138954406,86,185,0.24,86,3,severe,0.45,64,0,0,1,0.6070629760614756,0.4891523476107122,0.156791,104,0.0,0.062015503875969026
digits,1,unweighted ensemble,0.9651162790697675,0.0929515013904924,0.25693427776373184,86,185,0.24,86,3,severe,0.45,64,1,2064,3,0.6070629760614756,0.4891523476107122,0.317208,264,0.0,0.062015503875969026
digits,1,weighted ensemble,0.9302325581395349,0.07133828935966173,0.1788958935639902,86,185,0.24,86,3,severe,0.45,64,1,2064,3,0.6070629760614756,0.4891523476107122,0.321458,264,0.0,0.062015503875969026
digits,1,hard transfer,0.9883720930232558,0.018826026844337145,0.052669405463388726,86,185,0.24,86,3,severe,0.45,64,1,2064,1,0.6070629760614756,0.4891523476107122,0.004041,56,0.0,0.062015503875969026
digits,1,FedDF,0.9534883720930233,0.10735401965899426,0.281228198744855,86,185,0.24,86,3,severe,0.45,64,1,2064,1,0.6070629760614756,0.4891523476107122,0.003959,56,0.0,0.062015503875969026
digits,1,FedMD-1r,0.9883720930232558,0.08430243078400576,0.261645769648166,86,185,0.24,86,3,severe,0.45,64,1,2064,3,0.6070629760614756,0.4891523476107122,0.318292,264,0.0,0.062015503875969026
digits,1,FedMD-2r,1.0,0.07800787424811172,0.2621430478919045,86,185,0.24,86,3,severe,0.45,64,2,4128,3,0.6070629760614756,0.4891523476107122,0.320375,264,0.0,0.062015503875969026
digits,1,FedMD,1.0,0.07486061984312165,0.25602492719907116,86,185,0.24,86,3,severe,0.45,64,3,6192,3,0.6070629760614756,0.4891523476107122,0.319791,264,0.0,0.062015503875969026
digits,1,centralized reference,1.0,0.007656774432431226,0.04392767411195901,86,185,0.24,86,3,severe,0.45,64,0,0,1,0.6070629760614756,0.4891523476107122,0.004125,56,0.0,0.062015503875969026
digits,2,best local,0.9651162790697675,0.026450445688374208,0.06030079698089165,86,185,0.24,86,3,severe,0.45,64,0,0,1,0.5474900471149533,0.5048325573456857,0.157,104,0.11627906976744184,0.1976744186046511
digits,2,unweighted ensemble,0.9767441860465116,0.12492141183696667,0.3224619374634677,86,185,0.24,86,3,severe,0.45,64,1,2064,3,0.5474900471149533,0.5048325573456857,0.320375,264,0.11627906976744184,0.1976744186046511
digits,2,weighted ensemble,0.9651162790697675,0.06427926989292951,0.20053260381335056,86,185,0.24,86,3,severe,0.45,64,1,2064,3,0.5474900471149533,0.5048325573456857,0.322458,264,0.11627906976744184,0.1976744186046511
digits,2,hard transfer,0.9302325581395349,0.03769824764578162,0.07956703906516491,86,185,0.24,86,3,severe,0.45,64,1,2064,1,0.5474900471149533,0.5048325573456857,0.004208,56,0.11627906976744184,0.1976744186046511
digits,2,FedDF,0.9418604651162791,0.14520812398475866,0.30904913377811766,86,185,0.24,86,3,severe,0.45,64,1,2064,1,0.5474900471149533,0.5048325573456857,0.004084,56,0.11627906976744184,0.1976744186046511
digits,2,FedMD-1r,0.9418604651162791,0.0967927094075618,0.265167978968213,86,185,0.24,86,3,severe,0.45,64,1,2064,3,0.5474900471149533,0.5048325573456857,0.321542,264,0.11627906976744184,0.1976744186046511
digits,2,FedMD-2r,0.9651162790697675,0.07979170044725509,0.22429428743751909,86,185,0.24,86,3,severe,0.45,64,2,4128,3,0.5474900471149533,0.5048325573456857,0.320542,264,0.11627906976744184,0.1976744186046511
digits,2,FedMD,0.9651162790697675,0.0713037386265884,0.20362780305524397,86,185,0.24,86,3,severe,0.45,64,3,6192,3,0.5474900471149533,0.5048325573456857,0.318542,264,0.11627906976744184,0.1976744186046511
digits,2,centralized reference,0.9418604651162791,0.029056511041417526,0.0641641645123389,86,185,0.24,86,3,severe,0.45,64,0,0,1,0.5474900471149533,0.5048325573456857,0.004125,56,0.11627906976744184,0.1976744186046511
digits,3,best local,0.9302325581395349,0.05753530929897399,0.09061256149391704,86,185,0.24,86,3,severe,0.45,64,0,0,1,0.6057405744878842,0.5105538679751905,0.159542,104,-0.011627906976744207,0.06201550387596899
digits,3,unweighted ensemble,0.9418604651162791,0.10024194911739844,0.23635065715815642,86,185,0.24,86,3,severe,0.45,64,1,2064,3,0.6057405744878842,0.5105538679751905,0.320417,264,-0.011627906976744207,0.06201550387596899
digits,3,weighted ensemble,0.9302325581395349,0.06830997886041691,0.1714517631347777,86,185,0.24,86,3,severe,0.45,64,1,2064,3,0.6057405744878842,0.5105538679751905,0.327083,264,-0.011627906976744207,0.06201550387596899
digits,3,hard transfer,0.9186046511627907,0.05991276398153668,0.09471912541475727,86,185,0.24,86,3,severe,0.45,64,1,2064,1,0.6057405744878842,0.5105538679751905,0.004167,56,-0.011627906976744207,0.06201550387596899
digits,3,FedDF,0.9069767441860465,0.10542545482187525,0.24481371280197117,86,185,0.24,86,3,severe,0.45,64,1,2064,1,0.6057405744878842,0.5105538679751905,0.004125,56,-0.011627906976744207,0.06201550387596899
digits,3,FedMD-1r,0.9302325581395349,0.07614819504154179,0.19968893979839245,86,185,0.24,86,3,severe,0.45,64,1,2064,3,0.6057405744878842,0.5105538679751905,0.327459,264,-0.011627906976744207,0.06201550387596899
digits,3,FedMD-2r,0.9534883720930233,0.06245702953387547,0.16880310087297062,86,185,0.24,86,3,severe,0.45,64,2,4128,3,0.6057405744878842,0.5105538679751905,0.323,264,-0.011627906976744207,0.06201550387596899
digits,3,FedMD,0.9651162790697675,0.055854445441135304,0.16242262108264305,86,185,0.24,86,3,severe,0.45,64,3,6192,3,0.6057405744878842,0.5105538679751905,0.323375,264,-0.011627906976744207,0.06201550387596899
digits,3,centralized reference,1.0,0.010020453552048376,0.045195458018131636,86,185,0.24,86,3,severe,0.45,64,0,0,1,0.6057405744878842,0.5105538679751905,0.004416,56,-0.011627906976744207,0.06201550387596899
digits,0,best local,0.9651162790697675,0.030095419797134274,0.06619454657362485,129,142,0.36,86,3,severe,0.45,64,0,0,1,0.5666842431312391,0.5115726969745796,0.164958,104,0.10465116279069764,0.1782945736434108
digits,0,unweighted ensemble,0.9767441860465116,0.11388567231563791,0.308887183988321,129,142,0.36,86,3,severe,0.45,64,1,3096,3,0.5666842431312391,0.5115726969745796,0.322625,264,0.10465116279069764,0.1782945736434108
digits,0,weighted ensemble,0.9767441860465116,0.06393870039865461,0.2272423091181051,129,142,0.36,86,3,severe,0.45,64,1,3096,3,0.5666842431312391,0.5115726969745796,0.324416,264,0.10465116279069764,0.1782945736434108
digits,0,hard transfer,0.9767441860465116,0.027361396439468652,0.05538295151205148,129,142,0.36,86,3,severe,0.45,64,1,3096,1,0.5666842431312391,0.5115726969745796,0.00525,56,0.10465116279069764,0.1782945736434108
digits,0,FedDF,0.9418604651162791,0.12207690033478664,0.27930232909497155,129,142,0.36,86,3,severe,0.45,64,1,3096,1,0.5666842431312391,0.5115726969745796,0.005291,56,0.10465116279069764,0.1782945736434108
digits,0,FedMD-1r,0.9302325581395349,0.11259137501338362,0.3124803037220378,129,142,0.36,86,3,severe,0.45,64,1,3096,3,0.5666842431312391,0.5115726969745796,0.325583,264,0.10465116279069764,0.1782945736434108
digits,0,FedMD-2r,0.9186046511627907,0.11125959846223783,0.2910423178140652,129,142,0.36,86,3,severe,0.45,64,2,6192,3,0.5666842431312391,0.5115726969745796,0.326792,264,0.10465116279069764,0.1782945736434108
digits,0,FedMD,0.9069767441860465,0.1111592249117841,0.2949332160811595,129,142,0.36,86,3,severe,0.45,64,3,9288,3,0.5666842431312391,0.5115726969745796,0.32425,264,0.10465116279069764,0.1782945736434108
digits,0,centralized reference,0.9883720930232558,0.018711057608869014,0.0590201561766774,129,142,0.36,86,3,severe,0.45,64,0,0,1,0.5666842431312391,0.5115726969745796,0.00425,56,0.10465116279069764,0.1782945736434108
digits,1,best local,0.9651162790697675,0.03484810819242234,0.06320146356376202,129,142,0.36,86,3,severe,0.45,64,0,0,1,0.5541027288010055,0.4866713029897112,0.160834,104,0.09302325581395354,0.14341085271317836
digits,1,unweighted ensemble,0.9651162790697675,0.11136130079387585,0.2779142907935809,129,142,0.36,86,3,severe,0.45,64,1,3096,3,0.5541027288010055,0.4866713029897112,0.33325,264,0.09302325581395354,0.14341085271317836
digits,1,weighted ensemble,0.9767441860465116,0.0645795007597378,0.19604031120771165,129,142,0.36,86,3,severe,0.45,64,1,3096,3,0.5541027288010055,0.4866713029897112,0.324333,264,0.09302325581395354,0.14341085271317836
digits,1,hard transfer,0.9883720930232558,0.020818633457262516,0.0713172597356098,129,142,0.36,86,3,severe,0.45,64,1,3096,1,0.5541027288010055,0.4866713029897112,0.004,56,0.09302325581395354,0.14341085271317836
digits,1,FedDF,0.9302325581395349,0.12420704000222783,0.26624335088795104,129,142,0.36,86,3,severe,0.45,64,1,3096,1,0.5541027288010055,0.4866713029897112,0.003834,56,0.09302325581395354,0.14341085271317836
digits,1,FedMD-1r,0.9418604651162791,0.11048885494674254,0.25366626073085163,129,142,0.36,86,3,severe,0.45,64,1,3096,3,0.5541027288010055,0.4866713029897112,0.326625,264,0.09302325581395354,0.14341085271317836
digits,1,FedMD-2r,0.9534883720930233,0.10628569685873257,0.2608889494771474,129,142,0.36,86,3,severe,0.45,64,2,6192,3,0.5541027288010055,0.4866713029897112,0.330167,264,0.09302325581395354,0.14341085271317836
digits,1,FedMD,0.9418604651162791,0.10414010698278459,0.24215167795254655,129,142,0.36,86,3,severe,0.45,64,3,9288,3,0.5541027288010055,0.4866713029897112,0.3275,264,0.09302325581395354,0.14341085271317836
digits,1,centralized reference,1.0,0.00805395230497152,0.04372266160606219,129,142,0.36,86,3,severe,0.45,64,0,0,1,0.5541027288010055,0.4866713029897112,0.004209,56,0.09302325581395354,0.14341085271317836
digits,2,best local,0.872093023255814,0.08702893280314297,0.148285331400846,129,142,0.36,86,3,severe,0.45,64,0,0,1,0.6455535788740555,0.4898464818020661,0.00425,56,-0.17441860465116277,0.023255813953488375
digits,2,unweighted ensemble,0.813953488372093,0.12717349117089374,0.2707578797667386,129,142,0.36,86,3,severe,0.45,64,1,3096,3,0.6455535788740555,0.4898464818020661,0.329834,264,-0.17441860465116277,0.023255813953488375
digits,2,weighted ensemble,0.8255813953488372,0.12122182694213084,0.1933466832409011,129,142,0.36,86,3,severe,0.45,64,1,3096,3,0.6455535788740555,0.4898464818020661,0.322417,264,-0.17441860465116277,0.023255813953488375
digits,2,hard transfer,0.7093023255813954,0.2193550291474627,0.2434516636248058,129,142,0.36,86,3,severe,0.45,64,1,3096,1,0.6455535788740555,0.4898464818020661,0.004292,56,-0.17441860465116277,0.023255813953488375
digits,2,FedDF,0.7441860465116279,0.15571024349911597,0.2699729215058,129,142,0.36,86,3,severe,0.45,64,1,3096,1,0.6455535788740555,0.4898464818020661,0.004042,56,-0.17441860465116277,0.023255813953488375
digits,2,FedMD-1r,0.872093023255814,0.10794219085323291,0.261414351265084,129,142,0.36,86,3,severe,0.45,64,1,3096,3,0.6455535788740555,0.4898464818020661,0.323708,264,-0.17441860465116277,0.023255813953488375
digits,2,FedMD-2r,0.872093023255814,0.10175079587058071,0.24553583354728598,129,142,0.36,86,3,severe,0.45,64,2,6192,3,0.6455535788740555,0.4898464818020661,0.32875,264,-0.17441860465116277,0.023255813953488375
digits,2,FedMD,0.872093023255814,0.09951410962307192,0.24198761813055358,129,142,0.36,86,3,severe,0.45,64,3,9288,3,0.6455535788740555,0.4898464818020661,0.333917,264,-0.17441860465116277,0.023255813953488375
digits,2,centralized reference,0.9534883720930233,0.028389646885221928,0.051596112488864955,129,142,0.36,86,3,severe,0.45,64,0,0,1,0.6455535788740555,0.4898464818020661,0.00425,56,-0.17441860465116277,0.023255813953488375
digits,3,best local,0.8953488372093024,0.09672097336734299,0.0976591374560273,129,142,0.36,86,3,severe,0.45,64,0,0,1,0.5042802203599853,0.4709196954603109,0.157875,104,0.11627906976744184,0.16666666666666666
digits,3,unweighted ensemble,0.8953488372093024,0.14240486402001662,0.22974228307507752,129,142,0.36,86,3,severe,0.45,64,1,3096,3,0.5042802203599853,0.4709196954603109,0.335875,264,0.11627906976744184,0.16666666666666666
digits,3,weighted ensemble,0.8953488372093024,0.1043071468628135,0.1547347078595895,129,142,0.36,86,3,severe,0.45,64,1,3096,3,0.5042802203599853,0.4709196954603109,0.389334,264,0.11627906976744184,0.16666666666666666
digits,3,hard transfer,0.9302325581395349,0.058109401078273205,0.05811707832636963,129,142,0.36,86,3,severe,0.45,64,1,3096,1,0.5042802203599853,0.4709196954603109,0.004375,56,0.11627906976744184,0.16666666666666666
digits,3,FedDF,0.9069767441860465,0.15154739946164356,0.27584533769658814,129,142,0.36,86,3,severe,0.45,64,1,3096,1,0.5042802203599853,0.4709196954603109,0.004459,56,0.11627906976744184,0.16666666666666666
digits,3,FedMD-1r,0.9186046511627907,0.1273505771309465,0.2578818772280191,129,142,0.36,86,3,severe,0.45,64,1,3096,3,0.5042802203599853,0.4709196954603109,0.520667,264,0.11627906976744184,0.16666666666666666
digits,3,FedMD-2r,0.9302325581395349,0.12157726675705231,0.26370879379296674,129,142,0.36,86,3,severe,0.45,64,2,6192,3,0.5042802203599853,0.4709196954603109,0.317334,264,0.11627906976744184,0.16666666666666666
digits,3,FedMD,0.9302325581395349,0.11971360505165407,0.27082945986797125,129,142,0.36,86,3,severe,0.45,64,3,9288,3,0.5042802203599853,0.4709196954603109,0.313958,264,0.11627906976744184,0.16666666666666666
digits,3,centralized reference,1.0,0.0120541750683875,0.052775807020687356,129,142,0.36,86,3,severe,0.45,64,0,0,1,0.5042802203599853,0.4709196954603109,0.004167,56,0.11627906976744184,0.16666666666666666
digits,0,best local,0.9883720930232558,0.014765985755852229,0.048023355060518996,43,228,0.12,86,3,severe,0.75,64,0,0,1,0.5256048860700023,0.531014357599425,0.161583,104,0.08139534883720934,0.14728682170542637
digits,0,unweighted ensemble,0.9883720930232558,0.09993273387189713,0.2937911524582545,43,228,0.12,86,3,severe,0.75,64,1,1032,3,0.5256048860700023,0.531014357599425,0.329,264,0.08139534883720934,0.14728682170542637
digits,0,weighted ensemble,0.9883720930232558,0.049332255392945674,0.19571275257035647,43,228,0.12,86,3,severe,0.75,64,1,1032,3,0.5256048860700023,0.531014357599425,0.319625,264,0.08139534883720934,0.14728682170542637
digits,0,hard transfer,0.9534883720930233,0.031065715143108606,0.04341971180426518,43,228,0.12,86,3,severe,0.75,64,1,1032,1,0.5256048860700023,0.531014357599425,0.004,56,0.08139534883720934,0.14728682170542637
digits,0,FedDF,0.9418604651162791,0.10941610283349598,0.3061442317500592,43,228,0.12,86,3,severe,0.75,64,1,1032,1,0.5256048860700023,0.531014357599425,0.003917,56,0.08139534883720934,0.14728682170542637
digits,0,FedMD-1r,0.9651162790697675,0.10620231931075241,0.3117853730264958,43,228,0.12,86,3,severe,0.75,64,1,1032,3,0.5256048860700023,0.531014357599425,0.322625,264,0.08139534883720934,0.14728682170542637
digits,0,FedMD-2r,0.9651162790697675,0.10932730148694653,0.2990725282549131,43,228,0.12,86,3,severe,0.75,64,2,2064,3,0.5256048860700023,0.531014357599425,0.324375,264,0.08139534883720934,0.14728682170542637
digits,0,FedMD,0.9651162790697675,0.1103781358335905,0.2979351269143706,43,228,0.12,86,3,severe,0.75,64,3,3096,3,0.5256048860700023,0.531014357599425,0.31975,264,0.08139534883720934,0.14728682170542637
digits,0,centralized reference,0.9883720930232558,0.01817119630756343,0.05102950837090249,43,228,0.12,86,3,severe,0.75,64,0,0,1,0.5256048860700023,0.531014357599425,0.003792,56,0.08139534883720934,0.14728682170542637
digits,1,best local,0.9767441860465116,0.021877530736314023,0.05663400213206733,43,228,0.12,86,3,severe,0.75,64,0,0,1,0.5202465819234484,0.4747085737599814,0.154959,104,0.03488372093023251,0.21317829457364337
digits,1,unweighted ensemble,0.9883720930232558,0.11365271388471769,0.317010846832701,43,228,0.12,86,3,severe,0.75,64,1,1032,3,0.5202465819234484,0.4747085737599814,0.324583,264,0.03488372093023251,0.21317829457364337
digits,1,weighted ensemble,0.9883720930232558,0.057654723337640115,0.21164094528466354,43,228,0.12,86,3,severe,0.75,64,1,1032,3,0.5202465819234484,0.4747085737599814,0.321459,264,0.03488372093023251,0.21317829457364337
digits,1,hard transfer,0.9651162790697675,0.020114009203820594,0.06976041215548308,43,228,0.12,86,3,severe,0.75,64,1,1032,1,0.5202465819234484,0.4747085737599814,0.004167,56,0.03488372093023251,0.21317829457364337
digits,1,FedDF,0.9883720930232558,0.13328101720782434,0.34772202441061345,43,228,0.12,86,3,severe,0.75,64,1,1032,1,0.5202465819234484,0.4747085737599814,0.003958,56,0.03488372093023251,0.21317829457364337
digits,1,FedMD-1r,0.9767441860465116,0.10883990521293346,0.29462757850818505,43,228,0.12,86,3,severe,0.75,64,1,1032,3,0.5202465819234484,0.4747085737599814,0.324542,264,0.03488372093023251,0.21317829457364337
digits,1,FedMD-2r,0.9767441860465116,0.09986950161042092,0.27602877452656066,43,228,0.12,86,3,severe,0.75,64,2,2064,3,0.5202465819234484,0.4747085737599814,0.32625,264,0.03488372093023251,0.21317829457364337
digits,1,FedMD,0.9651162790697675,0.09542788209841811,0.26909497995654036,43,228,0.12,86,3,severe,0.75,64,3,3096,3,0.5202465819234484,0.4747085737599814,0.321125,264,0.03488372093023251,0.21317829457364337
digits,1,centralized reference,1.0,0.007120382716840951,0.044410859999182095,43,228,0.12,86,3,severe,0.75,64,0,0,1,0.5202465819234484,0.4747085737599814,0.004125,56,0.03488372093023251,0.21317829457364337
digits,2,best local,0.9651162790697675,0.02458888284228253,0.03976732303464504,43,228,0.12,86,3,severe,0.75,64,0,0,1,0.5870563035495716,0.494390044879641,0.158,104,0.03488372093023262,0.09689922480620157
digits,2,unweighted ensemble,0.9651162790697675,0.09376383334629033,0.24863110850071793,43,228,0.12,86,3,severe,0.75,64,1,1032,3,0.5870563035495716,0.494390044879641,0.315834,264,0.03488372093023262,0.09689922480620157
digits,2,weighted ensemble,0.9534883720930233,0.0509746451642509,0.16613986198832023,43,228,0.12,86,3,severe,0.75,64,1,1032,3,0.5870563035495716,0.494390044879641,0.321833,264,0.03488372093023262,0.09689922480620157
digits,2,hard transfer,0.9534883720930233,0.02953420250617842,0.0492603698375549,43,228,0.12,86,3,severe,0.75,64,1,1032,1,0.5870563035495716,0.494390044879641,0.004084,56,0.03488372093023262,0.09689922480620157
digits,2,FedDF,0.8837209302325582,0.11782811686766954,0.2767680491428676,43,228,0.12,86,3,severe,0.75,64,1,1032,1,0.5870563035495716,0.494390044879641,0.003958,56,0.03488372093023262,0.09689922480620157
digits,2,FedMD-1r,0.9534883720930233,0.08893696169501777,0.23124984765053247,43,228,0.12,86,3,severe,0.75,64,1,1032,3,0.5870563035495716,0.494390044879641,0.323167,264,0.03488372093023262,0.09689922480620157
digits,2,FedMD-2r,0.9651162790697675,0.08192198225937146,0.2234948294634585,43,228,0.12,86,3,severe,0.75,64,2,2064,3,0.5870563035495716,0.494390044879641,0.322041,264,0.03488372093023262,0.09689922480620157
digits,2,FedMD,0.9651162790697675,0.07858358938677663,0.21625657609175086,43,228,0.12,86,3,severe,0.75,64,3,3096,3,0.5870563035495716,0.494390044879641,0.319291,264,0.03488372093023262,0.09689922480620157
digits,2,centralized reference,0.9418604651162791,0.029143700358559763,0.06020784538473606,43,228,0.12,86,3,severe,0.75,64,0,0,1,0.5870563035495716,0.494390044879641,0.004166,56,0.03488372093023262,0.09689922480620157
digits,3,best local,0.9418604651162791,0.046177381217014986,0.10872207506830038,43,228,0.12,86,3,severe,0.75,64,0,0,1,0.5736484269164808,0.5429374705262099,0.160583,104,0.03488372093023262,0.11240310077519385
digits,3,unweighted ensemble,0.9534883720930233,0.12707656293302613,0.30741398485622057,43,228,0.12,86,3,severe,0.75,64,1,1032,3,0.5736484269164808,0.5429374705262099,0.315292,264,0.03488372093023262,0.11240310077519385
digits,3,weighted ensemble,0.9186046511627907,0.08135027901962712,0.22519878477425503,43,228,0.12,86,3,severe,0.75,64,1,1032,3,0.5736484269164808,0.5429374705262099,0.317958,264,0.03488372093023262,0.11240310077519385
digits,3,hard transfer,0.9186046511627907,0.05250103610972435,0.09402341486536603,43,228,0.12,86,3,severe,0.75,64,1,1032,1,0.5736484269164808,0.5429374705262099,0.004042,56,0.03488372093023262,0.11240310077519385
digits,3,FedDF,0.8604651162790697,0.14479205846807933,0.24791603133059587,43,228,0.12,86,3,severe,0.75,64,1,1032,1,0.5736484269164808,0.5429374705262099,0.004,56,0.03488372093023262,0.11240310077519385
digits,3,FedMD-1r,0.9883720930232558,0.11569625809094965,0.31824452158090133,43,228,0.12,86,3,severe,0.75,64,1,1032,3,0.5736484269164808,0.5429374705262099,0.322292,264,0.03488372093023262,0.11240310077519385
digits,3,FedMD-2r,0.9651162790697675,0.10723518264087122,0.28838068213620915,43,228,0.12,86,3,severe,0.75,64,2,2064,3,0.5736484269164808,0.5429374705262099,0.322875,264,0.03488372093023262,0.11240310077519385
digits,3,FedMD,0.9651162790697675,0.10412806804449445,0.31087404615477077,43,228,0.12,86,3,severe,0.75,64,3,3096,3,0.5736484269164808,0.5429374705262099,0.319542,264,0.03488372093023262,0.11240310077519385
digits,3,centralized reference,1.0,0.007595327702876556,0.04391452290250504,43,228,0.12,86,3,severe,0.75,64,0,0,1,0.5736484269164808,0.5429374705262099,0.004083,56,0.03488372093023262,0.11240310077519385
digits,0,best local,0.8953488372093024,0.0704680757198778,0.060185762054020375,86,185,0.24,86,3,severe,0.75,64,0,0,1,0.550405855432112,0.5080352429377185,0.154167,104,0.08139534883720922,0.17441860465116274
digits,0,unweighted ensemble,0.9069767441860465,0.1299019552986243,0.27605798195786685,86,185,0.24,86,3,severe,0.75,64,1,2064,3,0.550405855432112,0.5080352429377185,0.321959,264,0.08139534883720922,0.17441860465116274
digits,0,weighted ensemble,0.9069767441860465,0.08666468352645339,0.15345883785527598,86,185,0.24,86,3,severe,0.75,64,1,2064,3,0.550405855432112,0.5080352429377185,0.321542,264,0.08139534883720922,0.17441860465116274
digits,0,hard transfer,0.8488372093023255,0.10151017665553355,0.1354703168517848,86,185,0.24,86,3,severe,0.75,64,1,2064,1,0.550405855432112,0.5080352429377185,0.004125,56,0.08139534883720922,0.17441860465116274
digits,0,FedDF,0.872093023255814,0.13814482628799574,0.28532099306615355,86,185,0.24,86,3,severe,0.75,64,1,2064,1,0.550405855432112,0.5080352429377185,0.004084,56,0.08139534883720922,0.17441860465116274
digits,0,FedMD-1r,0.8953488372093024,0.12847323371448952,0.3130387432285899,86,185,0.24,86,3,severe,0.75,64,1,2064,3,0.550405855432112,0.5080352429377185,0.3245,264,0.08139534883720922,0.17441860465116274
digits,0,FedMD-2r,0.8953488372093024,0.12987731521258666,0.3110087070315535,86,185,0.24,86,3,severe,0.75,64,2,4128,3,0.550405855432112,0.5080352429377185,0.314208,264,0.08139534883720922,0.17441860465116274
digits,0,FedMD,0.8837209302325582,0.13070156530722976,0.29546127705867953,86,185,0.24,86,3,severe,0.75,64,3,6192,3,0.550405855432112,0.5080352429377185,0.319667,264,0.08139534883720922,0.17441860465116274
digits,0,centralized reference,0.9883720930232558,0.016077161316101516,0.05364863518625903,86,185,0.24,86,3,severe,0.75,64,0,0,1,0.550405855432112,0.5080352429377185,0.004042,56,0.08139534883720922,0.17441860465116274
digits,1,best local,0.9186046511627907,0.06826286347659628,0.0929370138954406,86,185,0.24,86,3,severe,0.75,64,0,0,1,0.5900087124955842,0.49516009954869666,0.158791,104,0.023255813953488413,0.07751937984496127
digits,1,unweighted ensemble,0.9651162790697675,0.09833890159781511,0.2575102476834696,86,185,0.24,86,3,severe,0.75,64,1,2064,3,0.5900087124955842,0.49516009954869666,0.31875,264,0.023255813953488413,0.07751937984496127
digits,1,weighted ensemble,0.9302325581395349,0.07262218073283665,0.18293274758625613,86,185,0.24,86,3,severe,0.75,64,1,2064,3,0.5900087124955842,0.49516009954869666,0.3225,264,0.023255813953488413,0.07751937984496127
digits,1,hard transfer,0.9883720930232558,0.018826026844337145,0.052669405463388726,86,185,0.24,86,3,severe,0.75,64,1,2064,1,0.5900087124955842,0.49516009954869666,0.004125,56,0.023255813953488413,0.07751937984496127
digits,1,FedDF,0.9534883720930233,0.11393943878751597,0.2903727866561183,86,185,0.24,86,3,severe,0.75,64,1,2064,1,0.5900087124955842,0.49516009954869666,0.004042,56,0.023255813953488413,0.07751937984496127
digits,1,FedMD-1r,0.9767441860465116,0.10444331124111694,0.2849043090001937,86,185,0.24,86,3,severe,0.75,64,1,2064,3,0.5900087124955842,0.49516009954869666,0.325833,264,0.023255813953488413,0.07751937984496127
digits,1,FedMD-2r,0.9767441860465116,0.10502334459661211,0.28665822760225945,86,185,0.24,86,3,severe,0.75,64,2,4128,3,0.5900087124955842,0.49516009954869666,0.322125,264,0.023255813953488413,0.07751937984496127
digits,1,FedMD,0.9651162790697675,0.10534839231028421,0.2815752886866816,86,185,0.24,86,3,severe,0.75,64,3,6192,3,0.5900087124955842,0.49516009954869666,0.319209,264,0.023255813953488413,0.07751937984496127
digits,1,centralized reference,1.0,0.007656774432431226,0.04392767411195901,86,185,0.24,86,3,severe,0.75,64,0,0,1,0.5900087124955842,0.49516009954869666,0.00425,56,0.023255813953488413,0.07751937984496127
digits,2,best local,0.9651162790697675,0.026450445688374208,0.06030079698089165,86,185,0.24,86,3,severe,0.75,64,0,0,1,0.5365727344534547,0.5075457356402593,0.158291,104,0.19767441860465107,0.23643410852713173
digits,2,unweighted ensemble,0.9767441860465116,0.12662647596073312,0.3255277045087326,86,185,0.24,86,3,severe,0.75,64,1,2064,3,0.5365727344534547,0.5075457356402593,0.325333,264,0.19767441860465107,0.23643410852713173
digits,2,weighted ensemble,0.9651162790697675,0.06552146748561818,0.20337534105555669,86,185,0.24,86,3,severe,0.75,64,1,2064,3,0.5365727344534547,0.5075457356402593,0.310875,264,0.19767441860465107,0.23643410852713173
digits,2,hard transfer,0.9302325581395349,0.03769824764578162,0.07956703906516491,86,185,0.24,86,3,severe,0.75,64,1,2064,1,0.5365727344534547,0.5075457356402593,0.003916,56,0.19767441860465107,0.23643410852713173
digits,2,FedDF,0.9418604651162791,0.14754262120630587,0.3125026455346718,86,185,0.24,86,3,severe,0.75,64,1,2064,1,0.5365727344534547,0.5075457356402593,0.003792,56,0.19767441860465107,0.23643410852713173
digits,2,FedMD-1r,0.9302325581395349,0.11287401525125153,0.2813495383227864,86,185,0.24,86,3,severe,0.75,64,1,2064,3,0.5365727344534547,0.5075457356402593,0.325292,264,0.19767441860465107,0.23643410852713173
digits,2,FedMD-2r,0.9534883720930233,0.10239459726826708,0.25191003607677454,86,185,0.24,86,3,severe,0.75,64,2,4128,3,0.5365727344534547,0.5075457356402593,0.3225,264,0.19767441860465107,0.23643410852713173
digits,2,FedMD,0.9534883720930233,0.09759862087051642,0.23992294834297515,86,185,0.24,86,3,severe,0.75,64,3,6192,3,0.5365727344534547,0.5075457356402593,0.318792,264,0.19767441860465107,0.23643410852713173
digits,2,centralized reference,0.9418604651162791,0.029056511041417526,0.0641641645123389,86,185,0.24,86,3,severe,0.75,64,0,0,1,0.5365727344534547,0.5075457356402593,0.004209,56,0.19767441860465107,0.23643410852713173
digits,3,best local,0.9302325581395349,0.05753530929897399,0.09061256149391704,86,185,0.24,86,3,severe,0.75,64,0,0,1,0.6014895117221928,0.511804180553335,0.160125,104,-0.023255813953488413,0.09689922480620154
digits,3,unweighted ensemble,0.9302325581395349,0.10842986918354623,0.23322935297911518,86,185,0.24,86,3,severe,0.75,64,1,2064,3,0.6014895117221928,0.511804180553335,0.330834,264,-0.023255813953488413,0.09689922480620154
digits,3,weighted ensemble,0.9302325581395349,0.07032488130146564,0.17564503654418823,86,185,0.24,86,3,severe,0.75,64,1,2064,3,0.6014895117221928,0.511804180553335,0.328042,264,-0.023255813953488413,0.09689922480620154
digits,3,hard transfer,0.9186046511627907,0.05991276398153668,0.09471912541475727,86,185,0.24,86,3,severe,0.75,64,1,2064,1,0.6014895117221928,0.511804180553335,0.004083,56,-0.023255813953488413,0.09689922480620154
digits,3,FedDF,0.872093023255814,0.11440488066118373,0.25656505677713887,86,185,0.24,86,3,severe,0.75,64,1,2064,1,0.6014895117221928,0.511804180553335,0.004916,56,-0.023255813953488413,0.09689922480620154
digits,3,FedMD-1r,0.9302325581395349,0.09450075331590085,0.22714258885824842,86,185,0.24,86,3,severe,0.75,64,1,2064,3,0.6014895117221928,0.511804180553335,0.336875,264,-0.023255813953488413,0.09689922480620154
digits,3,FedMD-2r,0.9418604651162791,0.0850943942601068,0.21651955068811848,86,185,0.24,86,3,severe,0.75,64,2,4128,3,0.6014895117221928,0.511804180553335,0.336291,264,-0.023255813953488413,0.09689922480620154
digits,3,FedMD,0.9186046511627907,0.0809489160286955,0.2141634006872459,86,185,0.24,86,3,severe,0.75,64,3,6192,3,0.6014895117221928,0.511804180553335,0.33375,264,-0.023255813953488413,0.09689922480620154
digits,3,centralized reference,1.0,0.010020453552048376,0.045195458018131636,86,185,0.24,86,3,severe,0.75,64,0,0,1,0.6014895117221928,0.511804180553335,0.00425,56,-0.023255813953488413,0.09689922480620154
digits,0,best local,0.9651162790697675,0.030095419797134274,0.06619454657362485,129,142,0.36,86,3,severe,0.75,64,0,0,1,0.5621341925751219,0.5163755281171479,0.211042,104,0.09302325581395354,0.16279069767441864
digits,0,unweighted ensemble,0.9651162790697675,0.11606116432742183,0.31174659021147233,129,142,0.36,86,3,severe,0.75,64,1,3096,3,0.5621341925751219,0.5163755281171479,0.345917,264,0.09302325581395354,0.16279069767441864
digits,0,weighted ensemble,0.9651162790697675,0.0643240102803532,0.21535409378581605,129,142,0.36,86,3,severe,0.75,64,1,3096,3,0.5621341925751219,0.5163755281171479,0.443083,264,0.09302325581395354,0.16279069767441864
digits,0,hard transfer,0.9651162790697675,0.032365480236047316,0.0443463540389913,129,142,0.36,86,3,severe,0.75,64,1,3096,1,0.5621341925751219,0.5163755281171479,0.005875,56,0.09302325581395354,0.16279069767441864
digits,0,FedDF,0.9302325581395349,0.1220445111289944,0.29773853872183387,129,142,0.36,86,3,severe,0.75,64,1,3096,1,0.5621341925751219,0.5163755281171479,0.006,56,0.09302325581395354,0.16279069767441864
digits,0,FedMD-1r,0.9186046511627907,0.11433128957860754,0.2996643794054257,129,142,0.36,86,3,severe,0.75,64,1,3096,3,0.5621341925751219,0.5163755281171479,0.329834,264,0.09302325581395354,0.16279069767441864
digits,0,FedMD-2r,0.9069767441860465,0.11352486218686066,0.3008946630523809,129,142,0.36,86,3,severe,0.75,64,2,6192,3,0.5621341925751219,0.5163755281171479,0.321625,264,0.09302325581395354,0.16279069767441864
digits,0,FedMD,0.9069767441860465,0.11381184871181357,0.2791375673024631,129,142,0.36,86,3,severe,0.75,64,3,9288,3,0.5621341925751219,0.5163755281171479,0.321792,264,0.09302325581395354,0.16279069767441864
digits,0,centralized reference,0.9883720930232558,0.018711057608869014,0.0590201561766774,129,142,0.36,86,3,severe,0.75,64,0,0,1,0.5621341925751219,0.5163755281171479,0.004083,56,0.09302325581395354,0.16279069767441864
digits,1,best local,0.9651162790697675,0.03484810819242234,0.06320146356376202,129,142,0.36,86,3,severe,0.75,64,0,0,1,0.5563777540790642,0.4851546194710054,0.156917,104,0.11627906976744184,0.1589147286821705
digits,1,unweighted ensemble,0.9767441860465116,0.11346495457759494,0.29528475782195074,129,142,0.36,86,3,severe,0.75,64,1,3096,3,0.5563777540790642,0.4851546194710054,0.326416,264,0.11627906976744184,0.1589147286821705
digits,1,weighted ensemble,0.9767441860465116,0.0657908075063749,0.19955144461149474,129,142,0.36,86,3,severe,0.75,64,1,3096,3,0.5563777540790642,0.4851546194710054,0.324209,264,0.11627906976744184,0.1589147286821705
digits,1,hard transfer,0.9883720930232558,0.01740029404943804,0.05202135149306582,129,142,0.36,86,3,severe,0.75,64,1,3096,1,0.5563777540790642,0.4851546194710054,0.003917,56,0.11627906976744184,0.1589147286821705
digits,1,FedDF,0.9534883720930233,0.1265845457236211,0.29684301660776974,129,142,0.36,86,3,severe,0.75,64,1,3096,1,0.5563777540790642,0.4851546194710054,0.003833,56,0.11627906976744184,0.1589147286821705
digits,1,FedMD-1r,0.9651162790697675,0.11559483696937191,0.2899810392169627,129,142,0.36,86,3,severe,0.75,64,1,3096,3,0.5563777540790642,0.4851546194710054,0.327,264,0.11627906976744184,0.1589147286821705
digits,1,FedMD-2r,0.9651162790697675,0.1130573464096851,0.2792717597573301,129,142,0.36,86,3,severe,0.75,64,2,6192,3,0.5563777540790642,0.4851546194710054,0.329458,264,0.11627906976744184,0.1589147286821705
digits,1,FedMD,0.9534883720930233,0.11188660895294819,0.28431064443127363,129,142,0.36,86,3,severe,0.75,64,3,9288,3,0.5563777540790642,0.4851546194710054,0.32675,264,0.11627906976744184,0.1589147286821705
digits,1,centralized reference,1.0,0.00805395230497152,0.04372266160606219,129,142,0.36,86,3,severe,0.75,64,0,0,1,0.5563777540790642,0.4851546194710054,0.004125,56,0.11627906976744184,0.1589147286821705
digits,2,best local,0.872093023255814,0.08702893280314297,0.148285331400846,129,142,0.36,86,3,severe,0.75,64,0,0,1,0.6167365920186461,0.48571773222336717,0.004166,56,-0.17441860465116277,0.04651162790697675
digits,2,unweighted ensemble,0.813953488372093,0.13098251362562632,0.2768757904500952,129,142,0.36,86,3,severe,0.75,64,1,3096,3,0.6167365920186461,0.48571773222336717,0.327875,264,-0.17441860465116277,0.04651162790697675
digits,2,weighted ensemble,0.8372093023255814,0.12047148604249376,0.19522461466227015,129,142,0.36,86,3,severe,0.75,64,1,3096,3,0.6167365920186461,0.48571773222336717,0.318083,264,-0.17441860465116277,0.04651162790697675
digits,2,hard transfer,0.7209302325581395,0.21151792980956288,0.2455794194301675,129,142,0.36,86,3,severe,0.75,64,1,3096,1,0.6167365920186461,0.48571773222336717,0.003958,56,-0.17441860465116277,0.04651162790697675
digits,2,FedDF,0.7325581395348837,0.15959580496691564,0.2981387897606641,129,142,0.36,86,3,severe,0.75,64,1,3096,1,0.6167365920186461,0.48571773222336717,0.003792,56,-0.17441860465116277,0.04651162790697675
digits,2,FedMD-1r,0.8372093023255814,0.12707494882787784,0.3051249762319416,129,142,0.36,86,3,severe,0.75,64,1,3096,3,0.6167365920186461,0.48571773222336717,0.321958,264,-0.17441860465116277,0.04651162790697675
digits,2,FedMD-2r,0.8372093023255814,0.1272635614098204,0.3070081653402083,129,142,0.36,86,3,severe,0.75,64,2,6192,3,0.6167365920186461,0.48571773222336717,0.322084,264,-0.17441860465116277,0.04651162790697675
digits,2,FedMD,0.8488372093023255,0.127754297042708,0.3010899143979065,129,142,0.36,86,3,severe,0.75,64,3,9288,3,0.6167365920186461,0.48571773222336717,0.324375,264,-0.17441860465116277,0.04651162790697675
digits,2,centralized reference,0.9534883720930233,0.028389646885221928,0.051596112488864955,129,142,0.36,86,3,severe,0.75,64,0,0,1,0.6167365920186461,0.48571773222336717,0.003916,56,-0.17441860465116277,0.04651162790697675
digits,3,best local,0.8953488372093024,0.09672097336734299,0.0976591374560273,129,142,0.36,86,3,severe,0.75,64,0,0,1,0.5114423369760958,0.476228087775781,0.160416,104,0.08139534883720934,0.13178294573643412
digits,3,unweighted ensemble,0.8953488372093024,0.1427705366652,0.23073432488821652,129,142,0.36,86,3,severe,0.75,64,1,3096,3,0.5114423369760958,0.476228087775781,0.329459,264,0.08139534883720934,0.13178294573643412
digits,3,weighted ensemble,0.8953488372093024,0.10464430673720367,0.1563372143162169,129,142,0.36,86,3,severe,0.75,64,1,3096,3,0.5114423369760958,0.476228087775781,0.324792,264,0.08139534883720934,0.13178294573643412
digits,3,hard transfer,0.9302325581395349,0.058109401078273205,0.05811707832636963,129,142,0.36,86,3,severe,0.75,64,1,3096,1,0.5114423369760958,0.476228087775781,0.003875,56,0.08139534883720934,0.13178294573643412
digits,3,FedDF,0.9069767441860465,0.15178296649013032,0.2767316672014952,129,142,0.36,86,3,severe,0.75,64,1,3096,1,0.5114423369760958,0.476228087775781,0.00375,56,0.08139534883720934,0.13178294573643412
digits,3,FedMD-1r,0.9186046511627907,0.12808271591668244,0.2594518509916875,129,142,0.36,86,3,severe,0.75,64,1,3096,3,0.5114423369760958,0.476228087775781,0.321792,264,0.08139534883720934,0.13178294573643412
digits,3,FedMD-2r,0.9302325581395349,0.1226897640369428,0.2584081420218601,129,142,0.36,86,3,severe,0.75,64,2,6192,3,0.5114423369760958,0.476228087775781,0.329459,264,0.08139534883720934,0.13178294573643412
digits,3,FedMD,0.9302325581395349,0.12096327786547634,0.273446571662891,129,142,0.36,86,3,severe,0.75,64,3,9288,3,0.5114423369760958,0.476228087775781,0.325459,264,0.08139534883720934,0.13178294573643412
digits,3,centralized reference,1.0,0.0120541750683875,0.052775807020687356,129,142,0.36,86,3,severe,0.75,64,0,0,1,0.5114423369760958,0.476228087775781,0.003875,56,0.08139534883720934,0.13178294573643412
ran-5g,0,best local,0.9699248120300752,0.03784942829266924,0.06519252659138305,66,353,0.12,133,3,iid,0.0,64,0,0,1,0.4878321037999897,0.5038652331248228,0.196375,104,-0.007518796992481258,-3.700743415417188e-17
ran-5g,0,unweighted ensemble,0.9624060150375939,0.035998383846657,0.06290802098231986,66,353,0.12,133,3,iid,0.0,64,1,1584,3,0.4878321037999897,0.5038652331248228,0.406417,264,-0.007518796992481258,-3.700743415417188e-17
ran-5g,0,weighted ensemble,0.9624060150375939,0.03600992859723156,0.06320459679518736,66,353,0.12,133,3,iid,0.0,64,1,1584,3,0.4878321037999897,0.5038652331248228,0.406959,264,-0.007518796992481258,-3.700743415417188e-17
ran-5g,0,hard transfer,0.9624060150375939,0.041749554863242055,0.05365938047069138,66,353,0.12,133,3,iid,0.0,64,1,1584,1,0.4878321037999897,0.5038652331248228,0.0045,56,-0.007518796992481258,-3.700743415417188e-17
ran-5g,0,FedDF,0.9398496240601504,0.040910842240232934,0.08640903694693305,66,353,0.12,133,3,iid,0.0,64,1,1584,1,0.4878321037999897,0.5038652331248228,0.004458,56,-0.007518796992481258,-3.700743415417188e-17
ran-5g,0,FedMD-1r,0.9699248120300752,0.037475493575433255,0.08523404263731986,66,353,0.12,133,3,iid,0.0,64,1,1584,3,0.4878321037999897,0.5038652331248228,0.408375,264,-0.007518796992481258,-3.700743415417188e-17
ran-5g,0,FedMD-2r,0.9699248120300752,0.038377209659676045,0.08775435819819628,66,353,0.12,133,3,iid,0.0,64,2,3168,3,0.4878321037999897,0.5038652331248228,0.408709,264,-0.007518796992481258,-3.700743415417188e-17
ran-5g,0,FedMD,0.9699248120300752,0.03883919300827366,0.09022141080820044,66,353,0.12,133,3,iid,0.0,64,3,4752,3,0.4878321037999897,0.5038652331248228,0.413209,264,-0.007518796992481258,-3.700743415417188e-17
ran-5g,0,centralized reference,0.9473684210526315,0.03596803965902082,0.04676867063873208,66,353,0.12,133,3,iid,0.0,64,0,0,1,0.4878321037999897,0.5038652331248228,0.004542,56,-0.007518796992481258,-3.700743415417188e-17
ran-5g,1,best local,0.9548872180451128,0.051639861410209834,0.07027319087216183,66,353,0.12,133,3,iid,0.0,64,0,0,1,0.5738066737174677,0.5022158104227685,0.1935,104,0.0,0.005012531328320839
ran-5g,1,unweighted ensemble,0.9699248120300752,0.044833162202110956,0.09218905258649962,66,353,0.12,133,3,iid,0.0,64,1,1584,3,0.5738066737174677,0.5022158104227685,0.407375,264,0.0,0.005012531328320839
ran-5g,1,weighted ensemble,0.9699248120300752,0.045807888021022605,0.08397625178307923,66,353,0.12,133,3,iid,0.0,64,1,1584,3,0.5738066737174677,0.5022158104227685,0.403708,264,0.0,0.005012531328320839
ran-5g,1,hard transfer,0.9548872180451128,0.0368140422411456,0.03254243604662352,66,353,0.12,133,3,iid,0.0,64,1,1584,1,0.5738066737174677,0.5022158104227685,0.004584,56,0.0,0.005012531328320839
ran-5g,1,FedDF,0.9548872180451128,0.049233421651126666,0.09727659038111916,66,353,0.12,133,3,iid,0.0,64,1,1584,1,0.5738066737174677,0.5022158104227685,0.004459,56,0.0,0.005012531328320839
ran-5g,1,FedMD-1r,0.9548872180451128,0.04747036305886505,0.10628870954166095,66,353,0.12,133,3,iid,0.0,64,1,1584,3,0.5738066737174677,0.5022158104227685,0.39825,264,0.0,0.005012531328320839
ran-5g,1,FedMD-2r,0.9548872180451128,0.04867067029366432,0.11171983154797366,66,353,0.12,133,3,iid,0.0,64,2,3168,3,0.5738066737174677,0.5022158104227685,0.407,264,0.0,0.005012531328320839
ran-5g,1,FedMD,0.9548872180451128,0.049269757537915286,0.11417537031467166,66,353,0.12,133,3,iid,0.0,64,3,4752,3,0.5738066737174677,0.5022158104227685,0.407458,264,0.0,0.005012531328320839
ran-5g,1,centralized reference,0.9323308270676691,0.045697787539311634,0.07757255490406928,66,353,0.12,133,3,iid,0.0,64,0,0,1,0.5738066737174677,0.5022158104227685,0.004333,56,0.0,0.005012531328320839
ran-5g,2,best local,0.9699248120300752,0.030030354080964976,0.03812912079513333,66,353,0.12,133,3,iid,0.0,64,0,0,1,0.4506923182213103,0.4851010983928023,0.004334,56,0.0,0.0
ran-5g,2,unweighted ensemble,0.9699248120300752,0.031989804013275835,0.06597938832443101,66,353,0.12,133,3,iid,0.0,64,1,1584,3,0.4506923182213103,0.4851010983928023,0.410791,264,0.0,0.0
ran-5g,2,weighted ensemble,0.9699248120300752,0.031267608200877796,0.06352698552344842,66,353,0.12,133,3,iid,0.0,64,1,1584,3,0.4506923182213103,0.4851010983928023,0.407167,264,0.0,0.0
ran-5g,2,hard transfer,0.9624060150375939,0.030698051508495406,0.0315271054367272,66,353,0.12,133,3,iid,0.0,64,1,1584,1,0.4506923182213103,0.4851010983928023,0.004208,56,0.0,0.0
ran-5g,2,FedDF,0.9624060150375939,0.035869120662143185,0.06716182142419158,66,353,0.12,133,3,iid,0.0,64,1,1584,1,0.4506923182213103,0.4851010983928023,0.004166,56,0.0,0.0
ran-5g,2,FedMD-1r,0.9699248120300752,0.03360816173414073,0.07322084703605684,66,353,0.12,133,3,iid,0.0,64,1,1584,3,0.4506923182213103,0.4851010983928023,0.4035,264,0.0,0.0
ran-5g,2,FedMD-2r,0.9699248120300752,0.03417312953737869,0.07317539606637433,66,353,0.12,133,3,iid,0.0,64,2,3168,3,0.4506923182213103,0.4851010983928023,0.409292,264,0.0,0.0
ran-5g,2,FedMD,0.9699248120300752,0.034409939547227326,0.074870506612571,66,353,0.12,133,3,iid,0.0,64,3,4752,3,0.4506923182213103,0.4851010983928023,0.406459,264,0.0,0.0
ran-5g,2,centralized reference,0.9624060150375939,0.03254195838838191,0.04732775562634594,66,353,0.12,133,3,iid,0.0,64,0,0,1,0.4506923182213103,0.4851010983928023,0.004208,56,0.0,0.0
ran-5g,3,best local,0.9699248120300752,0.029926304150222488,0.07469975986098418,66,353,0.12,133,3,iid,0.0,64,0,0,1,0.5119974352802186,0.5121314077603105,0.204,104,0.0,0.007518796992481221
ran-5g,3,unweighted ensemble,0.9699248120300752,0.030395669877380772,0.08343414621959697,66,353,0.12,133,3,iid,0.0,64,1,1584,3,0.5119974352802186,0.5121314077603105,0.409959,264,0.0,0.007518796992481221
ran-5g,3,weighted ensemble,0.9699248120300752,0.030027772101172998,0.08400450116049862,66,353,0.12,133,3,iid,0.0,64,1,1584,3,0.5119974352802186,0.5121314077603105,0.406875,264,0.0,0.007518796992481221
ran-5g,3,hard transfer,0.9624060150375939,0.028401029462676478,0.03418674650076123,66,353,0.12,133,3,iid,0.0,64,1,1584,1,0.5119974352802186,0.5121314077603105,0.004208,56,0.0,0.007518796992481221
ran-5g,3,FedDF,0.9624060150375939,0.03399476158539164,0.10432382445810594,66,353,0.12,133,3,iid,0.0,64,1,1584,1,0.5119974352802186,0.5121314077603105,0.004042,56,0.0,0.007518796992481221
ran-5g,3,FedMD-1r,0.9624060150375939,0.032997106019872664,0.0992163102871356,66,353,0.12,133,3,iid,0.0,64,1,1584,3,0.5119974352802186,0.5121314077603105,0.400208,264,0.0,0.007518796992481221
ran-5g,3,FedMD-2r,0.9624060150375939,0.034465342764858735,0.09517879689056924,66,353,0.12,133,3,iid,0.0,64,2,3168,3,0.5119974352802186,0.5121314077603105,0.400375,264,0.0,0.007518796992481221
ran-5g,3,FedMD,0.9624060150375939,0.035058989459306925,0.09173000918089762,66,353,0.12,133,3,iid,0.0,64,3,4752,3,0.5119974352802186,0.5121314077603105,0.401792,264,0.0,0.007518796992481221
ran-5g,3,centralized reference,0.9699248120300752,0.026168972668042377,0.07098192029305099,66,353,0.12,133,3,iid,0.0,64,0,0,1,0.5119974352802186,0.5121314077603105,0.004375,56,0.0,0.007518796992481221
ran-5g,0,best local,0.9699248120300752,0.03273367125764863,0.06563476316042086,132,287,0.24,133,3,iid,0.0,64,0,0,1,0.4832580354394758,0.5117802730510487,0.199834,104,0.007518796992481258,0.01253132832080206
ran-5g,0,unweighted ensemble,0.9699248120300752,0.03340874689822784,0.07134572144721207,132,287,0.24,133,3,iid,0.0,64,1,3168,3,0.4832580354394758,0.5117802730510487,0.402209,264,0.007518796992481258,0.01253132832080206
ran-5g,0,weighted ensemble,0.9699248120300752,0.03318466901379413,0.07090875443507563,132,287,0.24,133,3,iid,0.0,64,1,3168,3,0.4832580354394758,0.5117802730510487,0.393875,264,0.007518796992481258,0.01253132832080206
ran-5g,0,hard transfer,0.9699248120300752,0.03437484956631917,0.040365293264448675,132,287,0.24,133,3,iid,0.0,64,1,3168,1,0.4832580354394758,0.5117802730510487,0.004417,56,0.007518796992481258,0.01253132832080206
ran-5g,0,FedDF,0.9699248120300752,0.038586931053306774,0.07815467581071535,132,287,0.24,133,3,iid,0.0,64,1,3168,1,0.4832580354394758,0.5117802730510487,0.004291,56,0.007518796992481258,0.01253132832080206
ran-5g,0,FedMD-1r,0.9699248120300752,0.036564213665956066,0.08792645063980595,132,287,0.24,133,3,iid,0.0,64,1,3168,3,0.4832580354394758,0.5117802730510487,0.397041,264,0.007518796992481258,0.01253132832080206
ran-5g,0,FedMD-2r,0.9699248120300752,0.03783102770906019,0.09333594914280641,132,287,0.24,133,3,iid,0.0,64,2,6336,3,0.4832580354394758,0.5117802730510487,0.390083,264,0.007518796992481258,0.01253132832080206
ran-5g,0,FedMD,0.9699248120300752,0.03839958511670984,0.09565951906537959,132,287,0.24,133,3,iid,0.0,64,3,9504,3,0.4832580354394758,0.5117802730510487,0.393334,264,0.007518796992481258,0.01253132832080206
ran-5g,0,centralized reference,0.9548872180451128,0.03509402525423102,0.04407770166665369,132,287,0.24,133,3,iid,0.0,64,0,0,1,0.4832580354394758,0.5117802730510487,0.004458,56,0.007518796992481258,0.01253132832080206
ran-5g,1,best local,0.9548872180451128,0.0435926236974132,0.05160869877627052,132,287,0.24,133,3,iid,0.0,64,0,0,1,0.5676798905157631,0.48221952908587257,0.00425,56,0.0,0.0025062656641604195
ran-5g,1,unweighted ensemble,0.9398496240601504,0.052047782738542825,0.08172009273690331,132,287,0.24,133,3,iid,0.0,64,1,3168,3,0.5676798905157631,0.48221952908587257,0.40325,264,0.0,0.0025062656641604195
ran-5g,1,weighted ensemble,0.9323308270676691,0.05184912154735073,0.06953515810014665,132,287,0.24,133,3,iid,0.0,64,1,3168,3,0.5676798905157631,0.48221952908587257,0.385583,264,0.0,0.0025062656641604195
ran-5g,1,hard transfer,0.9172932330827067,0.04913011816435754,0.03765828099153978,132,287,0.24,133,3,iid,0.0,64,1,3168,1,0.5676798905157631,0.48221952908587257,0.004292,56,0.0,0.0025062656641604195
ran-5g,1,FedDF,0.9473684210526315,0.05377533090941884,0.08013096806430868,132,287,0.24,133,3,iid,0.0,64,1,3168,1,0.5676798905157631,0.48221952908587257,0.00425,56,0.0,0.0025062656641604195
ran-5g,1,FedMD-1r,0.9323308270676691,0.05445988031526292,0.07655571962117756,132,287,0.24,133,3,iid,0.0,64,1,3168,3,0.5676798905157631,0.48221952908587257,0.39825,264,0.0,0.0025062656641604195
ran-5g,1,FedMD-2r,0.9398496240601504,0.054983876246739935,0.0719327882850012,132,287,0.24,133,3,iid,0.0,64,2,6336,3,0.5676798905157631,0.48221952908587257,0.39775,264,0.0,0.0025062656641604195
ran-5g,1,FedMD,0.9398496240601504,0.05524720639326679,0.07389262684110111,132,287,0.24,133,3,iid,0.0,64,3,9504,3,0.5676798905157631,0.48221952908587257,0.404125,264,0.0,0.0025062656641604195
ran-5g,1,centralized reference,0.9624060150375939,0.03957598747661816,0.073813573775058,132,287,0.24,133,3,iid,0.0,64,0,0,1,0.5676798905157631,0.48221952908587257,0.004542,56,0.0,0.0025062656641604195
ran-5g,2,best local,0.9699248120300752,0.02965091123335508,0.048069533771348615,132,287,0.24,133,3,iid,0.0,64,0,0,1,0.4249299234929429,0.5362724244822584,0.00425,56,0.0,0.005012531328320802
ran-5g,2,unweighted ensemble,0.9699248120300752,0.0321054118981905,0.07539810779275945,132,287,0.24,133,3,iid,0.0,64,1,3168,3,0.4249299234929429,0.5362724244822584,0.400791,264,0.0,0.005012531328320802
ran-5g,2,weighted ensemble,0.9699248120300752,0.0314672124977626,0.07261542410384353,132,287,0.24,133,3,iid,0.0,64,1,3168,3,0.4249299234929429,0.5362724244822584,0.394041,264,0.0,0.005012531328320802
ran-5g,2,hard transfer,0.9548872180451128,0.03465400907293366,0.036159071302122404,132,287,0.24,133,3,iid,0.0,64,1,3168,1,0.4249299234929429,0.5362724244822584,0.004291,56,0.0,0.005012531328320802
ran-5g,2,FedDF,0.9548872180451128,0.0362437754120938,0.0894980825904763,132,287,0.24,133,3,iid,0.0,64,1,3168,1,0.4249299234929429,0.5362724244822584,0.004208,56,0.0,0.005012531328320802
ran-5g,2,FedMD-1r,0.9699248120300752,0.03363942679661994,0.07481727511523673,132,287,0.24,133,3,iid,0.0,64,1,3168,3,0.4249299234929429,0.5362724244822584,0.402291,264,0.0,0.005012531328320802
ran-5g,2,FedMD-2r,0.9699248120300752,0.034447666720515316,0.07867750717484463,132,287,0.24,133,3,iid,0.0,64,2,6336,3,0.4249299234929429,0.5362724244822584,0.412792,264,0.0,0.005012531328320802
ran-5g,2,FedMD,0.9699248120300752,0.03481323566160617,0.08047810796256154,132,287,0.24,133,3,iid,0.0,64,3,9504,3,0.4249299234929429,0.5362724244822584,0.3995,264,0.0,0.005012531328320802
ran-5g,2,centralized reference,0.9548872180451128,0.03285079636273993,0.053917446682222765,132,287,0.24,133,3,iid,0.0,64,0,0,1,0.4249299234929429,0.5362724244822584,0.004625,56,0.0,0.005012531328320802
ran-5g,3,best local,0.9473684210526315,0.034948315835664226,0.06350864826149685,132,287,0.24,133,3,iid,0.0,64,0,0,1,0.5140609198434684,0.5093490304709142,0.004292,56,0.0,0.007518796992481184
ran-5g,3,unweighted ensemble,0.9473684210526315,0.036740752404369574,0.0670253468524455,132,287,0.24,133,3,iid,0.0,64,1,3168,3,0.5140609198434684,0.5093490304709142,0.404375,264,0.0,0.007518796992481184
ran-5g,3,weighted ensemble,0.9624060150375939,0.03499725980569911,0.0658162450258234,132,287,0.24,133,3,iid,0.0,64,1,3168,3,0.5140609198434684,0.5093490304709142,0.401875,264,0.0,0.007518796992481184
ran-5g,3,hard transfer,0.9624060150375939,0.030868538640081072,0.039037928277273044,132,287,0.24,133,3,iid,0.0,64,1,3168,1,0.5140609198434684,0.5093490304709142,0.0045,56,0.0,0.007518796992481184
ran-5g,3,FedDF,0.9473684210526315,0.03807601517536331,0.09105983731602428,132,287,0.24,133,3,iid,0.0,64,1,3168,1,0.5140609198434684,0.5093490304709142,0.004333,56,0.0,0.007518796992481184
ran-5g,3,FedMD-1r,0.9473684210526315,0.041031553834323935,0.07661886888112537,132,287,0.24,133,3,iid,0.0,64,1,3168,3,0.5140609198434684,0.5093490304709142,0.404292,264,0.0,0.007518796992481184
ran-5g,3,FedMD-2r,0.9473684210526315,0.04196549173540411,0.08186375390459967,132,287,0.24,133,3,iid,0.0,64,2,6336,3,0.5140609198434684,0.5093490304709142,0.399542,264,0.0,0.007518796992481184
ran-5g,3,FedMD,0.9473684210526315,0.042328858410868295,0.08418375443460052,132,287,0.24,133,3,iid,0.0,64,3,9504,3,0.5140609198434684,0.5093490304709142,0.400417,264,0.0,0.007518796992481184
ran-5g,3,centralized reference,0.9699248120300752,0.03025631451983476,0.06630506943122344,132,287,0.24,133,3,iid,0.0,64,0,0,1,0.5140609198434684,0.5093490304709142,0.0045,56,0.0,0.007518796992481184
ran-5g,0,best local,0.9699248120300752,0.02906337883941819,0.030426042956316193,199,220,0.36,133,3,iid,0.0,64,0,0,1,0.508307514435849,0.5027790691092782,0.004333,56,0.007518796992481258,0.01002506265664164
ran-5g,0,unweighted ensemble,0.9699248120300752,0.040294793146358386,0.07297514073365324,199,220,0.36,133,3,iid,0.0,64,1,4776,3,0.508307514435849,0.5027790691092782,0.402292,264,0.007518796992481258,0.01002506265664164
ran-5g,0,weighted ensemble,0.9699248120300752,0.035121366827589644,0.0736327344280821,199,220,0.36,133,3,iid,0.0,64,1,4776,3,0.508307514435849,0.5027790691092782,0.39875,264,0.007518796992481258,0.01002506265664164
ran-5g,0,hard transfer,0.9699248120300752,0.03598498278891553,0.046582243987223965,199,220,0.36,133,3,iid,0.0,64,1,4776,1,0.508307514435849,0.5027790691092782,0.004667,56,0.007518796992481258,0.01002506265664164
ran-5g,0,FedDF,0.9473684210526315,0.047556247013048086,0.09180179929774611,199,220,0.36,133,3,iid,0.0,64,1,4776,1,0.508307514435849,0.5027790691092782,0.004625,56,0.007518796992481258,0.01002506265664164
ran-5g,0,FedMD-1r,0.9624060150375939,0.04369381654687143,0.07924408229078787,199,220,0.36,133,3,iid,0.0,64,1,4776,3,0.508307514435849,0.5027790691092782,0.400125,264,0.007518796992481258,0.01002506265664164
ran-5g,0,FedMD-2r,0.9624060150375939,0.0443504267392457,0.08814093028418857,199,220,0.36,133,3,iid,0.0,64,2,9552,3,0.508307514435849,0.5027790691092782,0.396292,264,0.007518796992481258,0.01002506265664164
ran-5g,0,FedMD,0.9624060150375939,0.04456367438142689,0.09371454492051377,199,220,0.36,133,3,iid,0.0,64,3,14328,3,0.508307514435849,0.5027790691092782,0.400083,264,0.007518796992481258,0.01002506265664164
ran-5g,0,centralized reference,0.9548872180451128,0.03383336167582239,0.04088815751441213,199,220,0.36,133,3,iid,0.0,64,0,0,1,0.508307514435849,0.5027790691092782,0.004333,56,0.007518796992481258,0.01002506265664164
ran-5g,1,best local,0.9473684210526315,0.04021262783340224,0.06812104585063515,199,220,0.36,133,3,iid,0.0,64,0,0,1,0.5538063039865492,0.5293444644562165,0.004417,56,-0.015037593984962405,-0.007518796992481184
ran-5g,1,unweighted ensemble,0.9398496240601504,0.041208438578146496,0.06341726551084076,199,220,0.36,133,3,iid,0.0,64,1,4776,3,0.5538063039865492,0.5293444644562165,0.400584,264,-0.015037593984962405,-0.007518796992481184
ran-5g,1,weighted ensemble,0.9398496240601504,0.04201559634736436,0.05347674324807566,199,220,0.36,133,3,iid,0.0,64,1,4776,3,0.5538063039865492,0.5293444644562165,0.386291,264,-0.015037593984962405,-0.007518796992481184
ran-5g,1,hard transfer,0.9473684210526315,0.03988005333233668,0.026316380241855012,199,220,0.36,133,3,iid,0.0,64,1,4776,1,0.5538063039865492,0.5293444644562165,0.004167,56,-0.015037593984962405,-0.007518796992481184
ran-5g,1,FedDF,0.9548872180451128,0.044661877172749026,0.06445097542995655,199,220,0.36,133,3,iid,0.0,64,1,4776,1,0.5538063039865492,0.5293444644562165,0.004042,56,-0.015037593984962405,-0.007518796992481184
ran-5g,1,FedMD-1r,0.9473684210526315,0.04460672756673603,0.05470958557628082,199,220,0.36,133,3,iid,0.0,64,1,4776,3,0.5538063039865492,0.5293444644562165,0.397625,264,-0.015037593984962405,-0.007518796992481184
ran-5g,1,FedMD-2r,0.9473684210526315,0.04582547734911201,0.05954866663573014,199,220,0.36,133,3,iid,0.0,64,2,9552,3,0.5538063039865492,0.5293444644562165,0.398875,264,-0.015037593984962405,-0.007518796992481184
ran-5g,1,FedMD,0.9473684210526315,0.04622777419236532,0.06144337987707979,199,220,0.36,133,3,iid,0.0,64,3,14328,3,0.5538063039865492,0.5293444644562165,0.402708,264,-0.015037593984962405,-0.007518796992481184
ran-5g,1,centralized reference,0.9548872180451128,0.040766164761900016,0.06313816851078957,199,220,0.36,133,3,iid,0.0,64,0,0,1,0.5538063039865492,0.5293444644562165,0.004292,56,-0.015037593984962405,-0.007518796992481184
ran-5g,2,best local,0.9548872180451128,0.03517393437892588,0.05019036548929493,199,220,0.36,133,3,iid,0.0,64,0,0,1,0.43296412077954977,0.4887375788601455,0.004292,56,0.0,0.0025062656641604195
ran-5g,2,unweighted ensemble,0.9699248120300752,0.030008097892000263,0.07811418502097517,199,220,0.36,133,3,iid,0.0,64,1,4776,3,0.43296412077954977,0.4887375788601455,0.402667,264,0.0,0.0025062656641604195
ran-5g,2,weighted ensemble,0.9699248120300752,0.030109226958246405,0.07995887143854687,199,220,0.36,133,3,iid,0.0,64,1,4776,3,0.43296412077954977,0.4887375788601455,0.397625,264,0.0,0.0025062656641604195
ran-5g,2,hard transfer,0.9699248120300752,0.028153235277862846,0.035776404667795185,199,220,0.36,133,3,iid,0.0,64,1,4776,1,0.43296412077954977,0.4887375788601455,0.004333,56,0.0,0.0025062656641604195
ran-5g,2,FedDF,0.9548872180451128,0.040442054727181986,0.10161716984115976,199,220,0.36,133,3,iid,0.0,64,1,4776,1,0.43296412077954977,0.4887375788601455,0.004292,56,0.0,0.0025062656641604195
ran-5g,2,FedMD-1r,0.9699248120300752,0.03268625866038208,0.0795809904482181,199,220,0.36,133,3,iid,0.0,64,1,4776,3,0.43296412077954977,0.4887375788601455,0.39325,264,0.0,0.0025062656641604195
ran-5g,2,FedMD-2r,0.9699248120300752,0.03353386773761171,0.08257513622552642,199,220,0.36,133,3,iid,0.0,64,2,9552,3,0.43296412077954977,0.4887375788601455,0.397459,264,0.0,0.0025062656641604195
ran-5g,2,FedMD,0.9699248120300752,0.03390201325359062,0.08464581809454717,199,220,0.36,133,3,iid,0.0,64,3,14328,3,0.43296412077954977,0.4887375788601455,0.397167,264,0.0,0.0025062656641604195
ran-5g,2,centralized reference,0.9624060150375939,0.03256606647195869,0.05880787029403177,199,220,0.36,133,3,iid,0.0,64,0,0,1,0.43296412077954977,0.4887375788601455,0.00425,56,0.0,0.0025062656641604195
ran-5g,3,best local,0.9774436090225563,0.03431698645911025,0.11224417505172665,199,220,0.36,133,3,iid,0.0,64,0,0,1,0.5113473242528758,0.5089542627394106,0.192458,104,0.007518796992481147,0.012531328320801985
ran-5g,3,unweighted ensemble,0.9624060150375939,0.035002305175484104,0.06842097700639947,199,220,0.36,133,3,iid,0.0,64,1,4776,3,0.5113473242528758,0.5089542627394106,0.408042,264,0.007518796992481147,0.012531328320801985
ran-5g,3,weighted ensemble,0.9398496240601504,0.03639985794050571,0.06401359222351055,199,220,0.36,133,3,iid,0.0,64,1,4776,3,0.5113473242528758,0.5089542627394106,0.398084,264,0.007518796992481147,0.012531328320801985
ran-5g,3,hard transfer,0.9398496240601504,0.03466754526139391,0.032770469409068644,199,220,0.36,133,3,iid,0.0,64,1,4776,1,0.5113473242528758,0.5089542627394106,0.004208,56,0.007518796992481147,0.012531328320801985
ran-5g,3,FedDF,0.9398496240601504,0.038839300499446845,0.06824865128806745,199,220,0.36,133,3,iid,0.0,64,1,4776,1,0.5113473242528758,0.5089542627394106,0.004042,56,0.007518796992481147,0.012531328320801985
ran-5g,3,FedMD-1r,0.9624060150375939,0.03404976187675006,0.06710843952902767,199,220,0.36,133,3,iid,0.0,64,1,4776,3,0.5113473242528758,0.5089542627394106,0.397083,264,0.007518796992481147,0.012531328320801985
ran-5g,3,FedMD-2r,0.9624060150375939,0.03463653335420715,0.07831815450336023,199,220,0.36,133,3,iid,0.0,64,2,9552,3,0.5113473242528758,0.5089542627394106,0.397041,264,0.007518796992481147,0.012531328320801985
ran-5g,3,FedMD,0.9624060150375939,0.0348577575334343,0.07975098640254959,199,220,0.36,133,3,iid,0.0,64,3,14328,3,0.5113473242528758,0.5089542627394106,0.400792,264,0.007518796992481147,0.012531328320801985
ran-5g,3,centralized reference,0.9699248120300752,0.03195319808752315,0.0725254935703667,199,220,0.36,133,3,iid,0.0,64,0,0,1,0.5113473242528758,0.5089542627394106,0.004291,56,0.007518796992481147,0.012531328320801985
ran-5g,0,best local,0.9548872180451128,0.05469520031774262,0.12056994776445379,66,353,0.12,133,3,iid,0.45,64,0,0,1,0.49500816360762845,0.5054932347528244,0.201625,104,0.0,0.005012531328320802
ran-5g,0,unweighted ensemble,0.9624060150375939,0.0392126353773094,0.07259947460843524,66,353,0.12,133,3,iid,0.45,64,1,1584,3,0.49500816360762845,0.5054932347528244,0.399709,264,0.0,0.005012531328320802
ran-5g,0,weighted ensemble,0.9624060150375939,0.03835867447352319,0.06525244316942502,66,353,0.12,133,3,iid,0.45,64,1,1584,3,0.49500816360762845,0.5054932347528244,0.404917,264,0.0,0.005012531328320802
ran-5g,0,hard transfer,0.9624060150375939,0.041749554863242055,0.05365938047069138,66,353,0.12,133,3,iid,0.45,64,1,1584,1,0.49500816360762845,0.5054932347528244,0.004541,56,0.0,0.005012531328320802
ran-5g,0,FedDF,0.9398496240601504,0.044596681081806325,0.11048603571068485,66,353,0.12,133,3,iid,0.45,64,1,1584,1,0.49500816360762845,0.5054932347528244,0.004416,56,0.0,0.005012531328320802
ran-5g,0,FedMD-1r,0.9699248120300752,0.04271510636752735,0.09634722048527584,66,353,0.12,133,3,iid,0.45,64,1,1584,3,0.49500816360762845,0.5054932347528244,0.4095,264,0.0,0.005012531328320802
ran-5g,0,FedMD-2r,0.9699248120300752,0.04457545734305821,0.10477543323211028,66,353,0.12,133,3,iid,0.45,64,2,3168,3,0.49500816360762845,0.5054932347528244,0.392792,264,0.0,0.005012531328320802
ran-5g,0,FedMD,0.9699248120300752,0.04545138695981313,0.10837646356122156,66,353,0.12,133,3,iid,0.45,64,3,4752,3,0.49500816360762845,0.5054932347528244,0.3995,264,0.0,0.005012531328320802
ran-5g,0,centralized reference,0.9473684210526315,0.03596803965902082,0.04676867063873208,66,353,0.12,133,3,iid,0.45,64,0,0,1,0.49500816360762845,0.5054932347528244,0.004417,56,0.0,0.005012531328320802
ran-5g,1,best local,0.9548872180451128,0.051639861410209834,0.07027319087216183,66,353,0.12,133,3,iid,0.45,64,0,0,1,0.5688155634631995,0.5098845549336183,0.1985,104,0.0,0.005012531328320802
ran-5g,1,unweighted ensemble,0.9624060150375939,0.04898181159135781,0.10931262655378432,66,353,0.12,133,3,iid,0.45,64,1,1584,3,0.5688155634631995,0.5098845549336183,0.403291,264,0.0,0.005012531328320802
ran-5g,1,weighted ensemble,0.9624060150375939,0.048638573536709244,0.10723603542182983,66,353,0.12,133,3,iid,0.45,64,1,1584,3,0.5688155634631995,0.5098845549336183,0.402834,264,0.0,0.005012531328320802
ran-5g,1,hard transfer,0.9398496240601504,0.04683697071005913,0.029546506352177867,66,353,0.12,133,3,iid,0.45,64,1,1584,1,0.5688155634631995,0.5098845549336183,0.004625,56,0.0,0.005012531328320802
ran-5g,1,FedDF,0.9548872180451128,0.05326667375832397,0.10573696883786025,66,353,0.12,133,3,iid,0.45,64,1,1584,1,0.5688155634631995,0.5098845549336183,0.004417,56,0.0,0.005012531328320802
ran-5g,1,FedMD-1r,0.9473684210526315,0.053754877020152324,0.1193437261825029,66,353,0.12,133,3,iid,0.45,64,1,1584,3,0.5688155634631995,0.5098845549336183,0.401917,264,0.0,0.005012531328320802
ran-5g,1,FedMD-2r,0.9473684210526315,0.05566156439439099,0.1266329004080746,66,353,0.12,133,3,iid,0.45,64,2,3168,3,0.5688155634631995,0.5098845549336183,0.402666,264,0.0,0.005012531328320802
ran-5g,1,FedMD,0.9473684210526315,0.05656642176160251,0.12982848632066799,66,353,0.12,133,3,iid,0.45,64,3,4752,3,0.5688155634631995,0.5098845549336183,0.405708,264,0.0,0.005012531328320802
ran-5g,1,centralized reference,0.9323308270676691,0.045697787539311634,0.07757255490406928,66,353,0.12,133,3,iid,0.45,64,0,0,1,0.5688155634631995,0.5098845549336183,0.004666,56,0.0,0.005012531328320802
ran-5g,2,best local,0.9699248120300752,0.030030354080964976,0.03812912079513333,66,353,0.12,133,3,iid,0.45,64,0,0,1,0.45045668640673103,0.4839657814680116,0.004625,56,0.0,0.0
ran-5g,2,unweighted ensemble,0.9699248120300752,0.0342178166129452,0.07583678333871977,66,353,0.12,133,3,iid,0.45,64,1,1584,3,0.45045668640673103,0.4839657814680116,0.412084,264,0.0,0.0
ran-5g,2,weighted ensemble,0.9699248120300752,0.031173768585266097,0.06683438320535062,66,353,0.12,133,3,iid,0.45,64,1,1584,3,0.45045668640673103,0.4839657814680116,0.389583,264,0.0,0.0
ran-5g,2,hard transfer,0.9624060150375939,0.030698051508495406,0.0315271054367272,66,353,0.12,133,3,iid,0.45,64,1,1584,1,0.45045668640673103,0.4839657814680116,0.004541,56,0.0,0.0
ran-5g,2,FedDF,0.9624060150375939,0.040976198563015806,0.08720553466252837,66,353,0.12,133,3,iid,0.45,64,1,1584,1,0.45045668640673103,0.4839657814680116,0.004458,56,0.0,0.0
ran-5g,2,FedMD-1r,0.9699248120300752,0.038250904399254146,0.08964355722762203,66,353,0.12,133,3,iid,0.45,64,1,1584,3,0.45045668640673103,0.4839657814680116,0.404166,264,0.0,0.0
ran-5g,2,FedMD-2r,0.9624060150375939,0.03952010303367814,0.09413891993712405,66,353,0.12,133,3,iid,0.45,64,2,3168,3,0.45045668640673103,0.4839657814680116,0.403125,264,0.0,0.0
ran-5g,2,FedMD,0.9624060150375939,0.04004119239190784,0.09680334286518918,66,353,0.12,133,3,iid,0.45,64,3,4752,3,0.45045668640673103,0.4839657814680116,0.406583,264,0.0,0.0
ran-5g,2,centralized reference,0.9624060150375939,0.03254195838838191,0.04732775562634594,66,353,0.12,133,3,iid,0.45,64,0,0,1,0.45045668640673103,0.4839657814680116,0.004542,56,0.0,0.0
ran-5g,3,best local,0.9699248120300752,0.029926304150222488,0.07469975986098418,66,353,0.12,133,3,iid,0.45,64,0,0,1,0.5094697485420054,0.5134595143515751,0.197875,104,0.007518796992481147,0.02005012531328317
ran-5g,3,unweighted ensemble,0.9774436090225563,0.03352887660773113,0.1039102059045491,66,353,0.12,133,3,iid,0.45,64,1,1584,3,0.5094697485420054,0.5134595143515751,0.404042,264,0.007518796992481147,0.02005012531328317
ran-5g,3,weighted ensemble,0.9774436090225563,0.03205723632471786,0.10372695542957067,66,353,0.12,133,3,iid,0.45,64,1,1584,3,0.5094697485420054,0.5134595143515751,0.396208,264,0.007518796992481147,0.02005012531328317
ran-5g,3,hard transfer,0.9624060150375939,0.028401029462676478,0.03418674650076123,66,353,0.12,133,3,iid,0.45,64,1,1584,1,0.5094697485420054,0.5134595143515751,0.004583,56,0.007518796992481147,0.02005012531328317
ran-5g,3,FedDF,0.9473684210526315,0.03879721744692928,0.11721435673347955,66,353,0.12,133,3,iid,0.45,64,1,1584,1,0.5094697485420054,0.5134595143515751,0.004208,56,0.007518796992481147,0.02005012531328317
ran-5g,3,FedMD-1r,0.9699248120300752,0.0380494765868579,0.11420092460316193,66,353,0.12,133,3,iid,0.45,64,1,1584,3,0.5094697485420054,0.5134595143515751,0.408209,264,0.007518796992481147,0.02005012531328317
ran-5g,3,FedMD-2r,0.9699248120300752,0.04023577124021853,0.12135076746663015,66,353,0.12,133,3,iid,0.45,64,2,3168,3,0.5094697485420054,0.5134595143515751,0.407667,264,0.007518796992481147,0.02005012531328317
ran-5g,3,FedMD,0.9624060150375939,0.04115835886488338,0.11700746081808995,66,353,0.12,133,3,iid,0.45,64,3,4752,3,0.5094697485420054,0.5134595143515751,0.397,264,0.007518796992481147,0.02005012531328317
ran-5g,3,centralized reference,0.9699248120300752,0.026168972668042377,0.07098192029305099,66,353,0.12,133,3,iid,0.45,64,0,0,1,0.5094697485420054,0.5134595143515751,0.004334,56,0.007518796992481147,0.02005012531328317
ran-5g,0,best local,0.9624060150375939,0.05573111142545488,0.12106215082096804,132,287,0.24,133,3,iid,0.45,64,0,0,1,0.4883760937431297,0.5211985555995251,0.199584,104,0.015037593984962405,0.017543859649122823
ran-5g,0,unweighted ensemble,0.9699248120300752,0.03766368180000856,0.09949355535572628,132,287,0.24,133,3,iid,0.45,64,1,3168,3,0.4883760937431297,0.5211985555995251,0.408583,264,0.015037593984962405,0.017543859649122823
ran-5g,0,weighted ensemble,0.9624060150375939,0.037617330236830636,0.08324485436360997,132,287,0.24,133,3,iid,0.45,64,1,3168,3,0.4883760937431297,0.5211985555995251,0.403167,264,0.015037593984962405,0.017543859649122823
ran-5g,0,hard transfer,0.9624060150375939,0.03606378814836976,0.03793606541541167,132,287,0.24,133,3,iid,0.45,64,1,3168,1,0.4883760937431297,0.5211985555995251,0.004583,56,0.015037593984962405,0.017543859649122823
ran-5g,0,FedDF,0.9699248120300752,0.04464554019417671,0.1019657251677094,132,287,0.24,133,3,iid,0.45,64,1,3168,1,0.4883760937431297,0.5211985555995251,0.004458,56,0.015037593984962405,0.017543859649122823
ran-5g,0,FedMD-1r,0.9699248120300752,0.043040226245979266,0.11593523294844234,132,287,0.24,133,3,iid,0.45,64,1,3168,3,0.4883760937431297,0.5211985555995251,0.408417,264,0.015037593984962405,0.017543859649122823
ran-5g,0,FedMD-2r,0.9699248120300752,0.04530899684275441,0.11776032725407178,132,287,0.24,133,3,iid,0.45,64,2,6336,3,0.4883760937431297,0.5211985555995251,0.40675,264,0.015037593984962405,0.017543859649122823
ran-5g,0,FedMD,0.9699248120300752,0.04630916917702251,0.121041189158681,132,287,0.24,133,3,iid,0.45,64,3,9504,3,0.4883760937431297,0.5211985555995251,0.405416,264,0.015037593984962405,0.017543859649122823
ran-5g,0,centralized reference,0.9548872180451128,0.03509402525423102,0.04407770166665369,132,287,0.24,133,3,iid,0.45,64,0,0,1,0.4883760937431297,0.5211985555995251,0.004542,56,0.015037593984962405,0.017543859649122823
ran-5g,1,best local,0.9548872180451128,0.0435926236974132,0.05160869877627052,132,287,0.24,133,3,iid,0.45,64,0,0,1,0.5492390515763091,0.48435645033636715,0.004417,56,0.0,0.007518796992481221
ran-5g,1,unweighted ensemble,0.9398496240601504,0.05518032230939446,0.07957257643705412,132,287,0.24,133,3,iid,0.45,64,1,3168,3,0.5492390515763091,0.48435645033636715,0.403709,264,0.0,0.007518796992481221
ran-5g,1,weighted ensemble,0.9398496240601504,0.055005075785030555,0.0789017599068506,132,287,0.24,133,3,iid,0.45,64,1,3168,3,0.5492390515763091,0.48435645033636715,0.405334,264,0.0,0.007518796992481221
ran-5g,1,hard transfer,0.924812030075188,0.04850190799884358,0.053522856552788094,132,287,0.24,133,3,iid,0.45,64,1,3168,1,0.5492390515763091,0.48435645033636715,0.004542,56,0.0,0.007518796992481221
ran-5g,1,FedDF,0.9398496240601504,0.057628156965374974,0.09363895803008868,132,287,0.24,133,3,iid,0.45,64,1,3168,1,0.5492390515763091,0.48435645033636715,0.004209,56,0.0,0.007518796992481221
ran-5g,1,FedMD-1r,0.9398496240601504,0.059560804920669334,0.10314565389785549,132,287,0.24,133,3,iid,0.45,64,1,3168,3,0.5492390515763091,0.48435645033636715,0.406834,264,0.0,0.007518796992481221
ran-5g,1,FedMD-2r,0.9473684210526315,0.06094670239167981,0.11935154052872092,132,287,0.24,133,3,iid,0.45,64,2,6336,3,0.5492390515763091,0.48435645033636715,0.397208,264,0.0,0.007518796992481221
ran-5g,1,FedMD,0.9473684210526315,0.0615776694585123,0.12174066770379725,132,287,0.24,133,3,iid,0.45,64,3,9504,3,0.5492390515763091,0.48435645033636715,0.403125,264,0.0,0.007518796992481221
ran-5g,1,centralized reference,0.9624060150375939,0.03957598747661816,0.073813573775058,132,287,0.24,133,3,iid,0.45,64,0,0,1,0.5492390515763091,0.48435645033636715,0.004542,56,0.0,0.007518796992481221
ran-5g,2,best local,0.9699248120300752,0.02965091123335508,0.048069533771348615,132,287,0.24,133,3,iid,0.45,64,0,0,1,0.42606433847777336,0.5383565822450865,0.004292,56,0.0,0.005012531328320802
ran-5g,2,unweighted ensemble,0.9699248120300752,0.03440682513240534,0.08559165413039144,132,287,0.24,133,3,iid,0.45,64,1,3168,3,0.42606433847777336,0.5383565822450865,0.404459,264,0.0,0.005012531328320802
ran-5g,2,weighted ensemble,0.9699248120300752,0.03220665152003956,0.07538710384539678,132,287,0.24,133,3,iid,0.45,64,1,3168,3,0.42606433847777336,0.5383565822450865,0.4,264,0.0,0.005012531328320802
ran-5g,2,hard transfer,0.9548872180451128,0.03465400907293366,0.036159071302122404,132,287,0.24,133,3,iid,0.45,64,1,3168,1,0.42606433847777336,0.5383565822450865,0.004291,56,0.0,0.005012531328320802
ran-5g,2,FedDF,0.9624060150375939,0.04049060833773904,0.1080179569977565,132,287,0.24,133,3,iid,0.45,64,1,3168,1,0.42606433847777336,0.5383565822450865,0.004209,56,0.0,0.005012531328320802
ran-5g,2,FedMD-1r,0.9699248120300752,0.03762042548876203,0.09393702950336703,132,287,0.24,133,3,iid,0.45,64,1,3168,3,0.42606433847777336,0.5383565822450865,0.400041,264,0.0,0.005012531328320802
ran-5g,2,FedMD-2r,0.9624060150375939,0.039074163008784815,0.099886744044264,132,287,0.24,133,3,iid,0.45,64,2,6336,3,0.42606433847777336,0.5383565822450865,0.398208,264,0.0,0.005012531328320802
ran-5g,2,FedMD,0.9624060150375939,0.03976132940946533,0.10267050482879328,132,287,0.24,133,3,iid,0.45,64,3,9504,3,0.42606433847777336,0.5383565822450865,0.388583,264,0.0,0.005012531328320802
ran-5g,2,centralized reference,0.9548872180451128,0.03285079636273993,0.053917446682222765,132,287,0.24,133,3,iid,0.45,64,0,0,1,0.42606433847777336,0.5383565822450865,0.004458,56,0.0,0.005012531328320802
ran-5g,3,best local,0.9473684210526315,0.034948315835664226,0.06350864826149685,132,287,0.24,133,3,iid,0.45,64,0,0,1,0.5148787539022996,0.5290298113705316,0.004375,56,0.0,0.007518796992481184
ran-5g,3,unweighted ensemble,0.9473684210526315,0.038786057656629895,0.07756019713700571,132,287,0.24,133,3,iid,0.45,64,1,3168,3,0.5148787539022996,0.5290298113705316,0.405459,264,0.0,0.007518796992481184
ran-5g,3,weighted ensemble,0.9473684210526315,0.03711799620179252,0.0741946998600162,132,287,0.24,133,3,iid,0.45,64,1,3168,3,0.5148787539022996,0.5290298113705316,0.388958,264,0.0,0.007518796992481184
ran-5g,3,hard transfer,0.9624060150375939,0.030868538640081072,0.039037928277273044,132,287,0.24,133,3,iid,0.45,64,1,3168,1,0.5148787539022996,0.5290298113705316,0.004375,56,0.0,0.007518796992481184
ran-5g,3,FedDF,0.9548872180451128,0.03925380320772468,0.1011151529919993,132,287,0.24,133,3,iid,0.45,64,1,3168,1,0.5148787539022996,0.5290298113705316,0.004,56,0.0,0.007518796992481184
ran-5g,3,FedMD-1r,0.9398496240601504,0.04335604410589277,0.09690642601113313,132,287,0.24,133,3,iid,0.45,64,1,3168,3,0.5148787539022996,0.5290298113705316,0.397583,264,0.0,0.007518796992481184
ran-5g,3,FedMD-2r,0.9398496240601504,0.04475755502279997,0.0970104641933495,132,287,0.24,133,3,iid,0.45,64,2,6336,3,0.5148787539022996,0.5290298113705316,0.396834,264,0.0,0.007518796992481184
ran-5g,3,FedMD,0.9398496240601504,0.04533645289311532,0.0999259624054398,132,287,0.24,133,3,iid,0.45,64,3,9504,3,0.5148787539022996,0.5290298113705316,0.390583,264,0.0,0.007518796992481184
ran-5g,3,centralized reference,0.9699248120300752,0.03025631451983476,0.06630506943122344,132,287,0.24,133,3,iid,0.45,64,0,0,1,0.5148787539022996,0.5290298113705316,0.004208,56,0.0,0.007518796992481184
ran-5g,0,best local,0.9699248120300752,0.02906337883941819,0.030426042956316193,199,220,0.36,133,3,iid,0.45,64,0,0,1,0.5099898023474086,0.5001698062260428,0.004458,56,0.0,0.007518796992481221
ran-5g,0,unweighted ensemble,0.9699248120300752,0.04087614209793549,0.08778306027500352,199,220,0.36,133,3,iid,0.45,64,1,4776,3,0.5099898023474086,0.5001698062260428,0.3955,264,0.0,0.007518796992481221
ran-5g,0,weighted ensemble,0.9699248120300752,0.035631311554457167,0.07453682892654746,199,220,0.36,133,3,iid,0.45,64,1,4776,3,0.5099898023474086,0.5001698062260428,0.404625,264,0.0,0.007518796992481221
ran-5g,0,hard transfer,0.9699248120300752,0.03598498278891553,0.046582243987223965,199,220,0.36,133,3,iid,0.45,64,1,4776,1,0.5099898023474086,0.5001698062260428,0.0045,56,0.0,0.007518796992481221
ran-5g,0,FedDF,0.9398496240601504,0.050522319528576526,0.10207436947038608,199,220,0.36,133,3,iid,0.45,64,1,4776,1,0.5099898023474086,0.5001698062260428,0.004458,56,0.0,0.007518796992481221
ran-5g,0,FedMD-1r,0.9624060150375939,0.04595371732118182,0.10904769849767831,199,220,0.36,133,3,iid,0.45,64,1,4776,3,0.5099898023474086,0.5001698062260428,0.407541,264,0.0,0.007518796992481221
ran-5g,0,FedMD-2r,0.9624060150375939,0.047388898086416296,0.11530752781498982,199,220,0.36,133,3,iid,0.45,64,2,9552,3,0.5099898023474086,0.5001698062260428,0.393083,264,0.0,0.007518796992481221
ran-5g,0,FedMD,0.9624060150375939,0.04797460687886627,0.11796599536007318,199,220,0.36,133,3,iid,0.45,64,3,14328,3,0.5099898023474086,0.5001698062260428,0.400375,264,0.0,0.007518796992481221
ran-5g,0,centralized reference,0.9548872180451128,0.03383336167582239,0.04088815751441213,199,220,0.36,133,3,iid,0.45,64,0,0,1,0.5099898023474086,0.5001698062260428,0.004625,56,0.0,0.007518796992481221
ran-5g,1,best local,0.9473684210526315,0.04021262783340224,0.06812104585063515,199,220,0.36,133,3,iid,0.45,64,0,0,1,0.5395240229414707,0.5238169470325202,0.004666,56,-0.015037593984962405,-0.010025062656641603
ran-5g,1,unweighted ensemble,0.9398496240601504,0.04507485691896478,0.05875818752400205,199,220,0.36,133,3,iid,0.45,64,1,4776,3,0.5395240229414707,0.5238169470325202,0.405667,264,-0.015037593984962405,-0.010025062656641603
ran-5g,1,weighted ensemble,0.9473684210526315,0.04493485874336666,0.06148235020139323,199,220,0.36,133,3,iid,0.45,64,1,4776,3,0.5395240229414707,0.5238169470325202,0.404083,264,-0.015037593984962405,-0.010025062656641603
ran-5g,1,hard transfer,0.9473684210526315,0.03988005333233668,0.026316380241855012,199,220,0.36,133,3,iid,0.45,64,1,4776,1,0.5395240229414707,0.5238169470325202,0.00475,56,-0.015037593984962405,-0.010025062656641603
ran-5g,1,FedDF,0.9548872180451128,0.048421707939719005,0.099022885061633,199,220,0.36,133,3,iid,0.45,64,1,4776,1,0.5395240229414707,0.5238169470325202,0.004584,56,-0.015037593984962405,-0.010025062656641603
ran-5g,1,FedMD-1r,0.9473684210526315,0.04965299984167811,0.0756935814066099,199,220,0.36,133,3,iid,0.45,64,1,4776,3,0.5395240229414707,0.5238169470325202,0.406292,264,-0.015037593984962405,-0.010025062656641603
ran-5g,1,FedMD-2r,0.9473684210526315,0.051610012886938124,0.08364210164571631,199,220,0.36,133,3,iid,0.45,64,2,9552,3,0.5395240229414707,0.5238169470325202,0.391,264,-0.015037593984962405,-0.010025062656641603
ran-5g,1,FedMD,0.9473684210526315,0.052339508896546726,0.08685082339576812,199,220,0.36,133,3,iid,0.45,64,3,14328,3,0.5395240229414707,0.5238169470325202,0.403375,264,-0.015037593984962405,-0.010025062656641603
ran-5g,1,centralized reference,0.9548872180451128,0.040766164761900016,0.06313816851078957,199,220,0.36,133,3,iid,0.45,64,0,0,1,0.5395240229414707,0.5238169470325202,0.004542,56,-0.015037593984962405,-0.010025062656641603
ran-5g,2,best local,0.9548872180451128,0.03517393437892588,0.05019036548929493,199,220,0.36,133,3,iid,0.45,64,0,0,1,0.43413142259573406,0.4936471129693912,0.004333,56,0.0,0.0025062656641604195
ran-5g,2,unweighted ensemble,0.9699248120300752,0.03258178600724994,0.07624630896705616,199,220,0.36,133,3,iid,0.45,64,1,4776,3,0.43413142259573406,0.4936471129693912,0.395,264,0.0,0.0025062656641604195
ran-5g,2,weighted ensemble,0.9699248120300752,0.03327723771280839,0.08482007324665708,199,220,0.36,133,3,iid,0.45,64,1,4776,3,0.43413142259573406,0.4936471129693912,0.398416,264,0.0,0.0025062656641604195
ran-5g,2,hard transfer,0.9624060150375939,0.03160642352607696,0.02778343964788237,199,220,0.36,133,3,iid,0.45,64,1,4776,1,0.43413142259573406,0.4936471129693912,0.0045,56,0.0,0.0025062656641604195
ran-5g,2,FedDF,0.9548872180451128,0.04476221580756263,0.11726719376238116,199,220,0.36,133,3,iid,0.45,64,1,4776,1,0.43413142259573406,0.4936471129693912,0.0045,56,0.0,0.0025062656641604195
ran-5g,2,FedMD-1r,0.9699248120300752,0.03681249758892734,0.09518253483555811,199,220,0.36,133,3,iid,0.45,64,1,4776,3,0.43413142259573406,0.4936471129693912,0.403958,264,0.0,0.0025062656641604195
ran-5g,2,FedMD-2r,0.9699248120300752,0.038329578038773064,0.10187333476930117,199,220,0.36,133,3,iid,0.45,64,2,9552,3,0.43413142259573406,0.4936471129693912,0.390833,264,0.0,0.0025062656641604195
ran-5g,2,FedMD,0.9699248120300752,0.03902025206440357,0.10489283905260294,199,220,0.36,133,3,iid,0.45,64,3,14328,3,0.43413142259573406,0.4936471129693912,0.401959,264,0.0,0.0025062656641604195
ran-5g,2,centralized reference,0.9624060150375939,0.03256606647195869,0.05880787029403177,199,220,0.36,133,3,iid,0.45,64,0,0,1,0.43413142259573406,0.4936471129693912,0.0045,56,0.0,0.0025062656641604195
ran-5g,3,best local,0.9699248120300752,0.05434577159527569,0.14884101050483664,199,220,0.36,133,3,iid,0.45,64,0,0,1,0.5150895565459372,0.5155804171665744,0.200083,104,0.007518796992481258,0.007518796992481258
ran-5g,3,unweighted ensemble,0.9548872180451128,0.03909225392687887,0.07776619841779071,199,220,0.36,133,3,iid,0.45,64,1,4776,3,0.5150895565459372,0.5155804171665744,0.405042,264,0.007518796992481258,0.007518796992481258
ran-5g,3,weighted ensemble,0.9473684210526315,0.03932410612791432,0.062161144526930515,199,220,0.36,133,3,iid,0.45,64,1,4776,3,0.5150895565459372,0.5155804171665744,0.402833,264,0.007518796992481258,0.007518796992481258
ran-5g,3,hard transfer,0.9398496240601504,0.03466754526139391,0.032770469409068644,199,220,0.36,133,3,iid,0.45,64,1,4776,1,0.5150895565459372,0.5155804171665744,0.004584,56,0.007518796992481258,0.007518796992481258
ran-5g,3,FedDF,0.9398496240601504,0.04253407883580163,0.0804494376372897,199,220,0.36,133,3,iid,0.45,64,1,4776,1,0.5150895565459372,0.5155804171665744,0.0045,56,0.007518796992481258,0.007518796992481258
ran-5g,3,FedMD-1r,0.9548872180451128,0.0392651111190702,0.08958483877800183,199,220,0.36,133,3,iid,0.45,64,1,4776,3,0.5150895565459372,0.5155804171665744,0.404292,264,0.007518796992481258,0.007518796992481258
ran-5g,3,FedMD-2r,0.9548872180451128,0.04033220560999121,0.09698702999534946,199,220,0.36,133,3,iid,0.45,64,2,9552,3,0.5150895565459372,0.5155804171665744,0.390416,264,0.007518796992481258,0.007518796992481258
ran-5g,3,FedMD,0.9548872180451128,0.040773914849723966,0.09910895036928624,199,220,0.36,133,3,iid,0.45,64,3,14328,3,0.5150895565459372,0.5155804171665744,0.405167,264,0.007518796992481258,0.007518796992481258
ran-5g,3,centralized reference,0.9699248120300752,0.03195319808752315,0.0725254935703667,199,220,0.36,133,3,iid,0.45,64,0,0,1,0.5150895565459372,0.5155804171665744,0.0045,56,0.007518796992481258,0.007518796992481258
ran-5g,0,best local,0.9473684210526315,0.03735812263252507,0.05366271311583563,66,353,0.12,133,3,iid,0.75,64,0,0,1,0.504412015116743,0.5095632388228285,0.198667,104,-0.007518796992481147,3.700743415417188e-17
ran-5g,0,unweighted ensemble,0.9548872180451128,0.048403412820039446,0.10854268920558556,66,353,0.12,133,3,iid,0.75,64,1,1584,3,0.504412015116743,0.5095632388228285,0.414917,264,-0.007518796992481147,3.700743415417188e-17
ran-5g,0,weighted ensemble,0.9548872180451128,0.04079021134379819,0.08174694916700301,66,353,0.12,133,3,iid,0.75,64,1,1584,3,0.504412015116743,0.5095632388228285,0.41025,264,-0.007518796992481147,3.700743415417188e-17
ran-5g,0,hard transfer,0.9624060150375939,0.041749554863242055,0.05365938047069138,66,353,0.12,133,3,iid,0.75,64,1,1584,1,0.504412015116743,0.5095632388228285,0.004416,56,-0.007518796992481147,3.700743415417188e-17
ran-5g,0,FedDF,0.9398496240601504,0.05673037181737346,0.14139158795918,66,353,0.12,133,3,iid,0.75,64,1,1584,1,0.504412015116743,0.5095632388228285,0.004625,56,-0.007518796992481147,3.700743415417188e-17
ran-5g,0,FedMD-1r,0.9699248120300752,0.058895987583621266,0.15449751211447155,66,353,0.12,133,3,iid,0.75,64,1,1584,3,0.504412015116743,0.5095632388228285,0.413541,264,-0.007518796992481147,3.700743415417188e-17
ran-5g,0,FedMD-2r,0.9699248120300752,0.06361752362878212,0.16786051994519482,66,353,0.12,133,3,iid,0.75,64,2,3168,3,0.504412015116743,0.5095632388228285,0.418042,264,-0.007518796992481147,3.700743415417188e-17
ran-5g,0,FedMD,0.9699248120300752,0.0655933583545105,0.17294014140482786,66,353,0.12,133,3,iid,0.75,64,3,4752,3,0.504412015116743,0.5095632388228285,0.407417,264,-0.007518796992481147,3.700743415417188e-17
ran-5g,0,centralized reference,0.9473684210526315,0.03596803965902082,0.04676867063873208,66,353,0.12,133,3,iid,0.75,64,0,0,1,0.504412015116743,0.5095632388228285,0.0045,56,-0.007518796992481147,3.700743415417188e-17
ran-5g,1,best local,0.9548872180451128,0.051639861410209834,0.07027319087216183,66,353,0.12,133,3,iid,0.75,64,0,0,1,0.5607398185453494,0.5175961415925734,0.201042,104,-0.007518796992481147,0.005012531328320839
ran-5g,1,unweighted ensemble,0.9548872180451128,0.058573026699694476,0.1324781485478883,66,353,0.12,133,3,iid,0.75,64,1,1584,3,0.5607398185453494,0.5175961415925734,0.408584,264,-0.007518796992481147,0.005012531328320839
ran-5g,1,weighted ensemble,0.9548872180451128,0.0508460231662234,0.11576304879893363,66,353,0.12,133,3,iid,0.75,64,1,1584,3,0.5607398185453494,0.5175961415925734,0.413459,264,-0.007518796992481147,0.005012531328320839
ran-5g,1,hard transfer,0.9548872180451128,0.041483670093552576,0.032287647810711216,66,353,0.12,133,3,iid,0.75,64,1,1584,1,0.5607398185453494,0.5175961415925734,0.00475,56,-0.007518796992481147,0.005012531328320839
ran-5g,1,FedDF,0.9398496240601504,0.0637175158931455,0.1450917282777845,66,353,0.12,133,3,iid,0.75,64,1,1584,1,0.5607398185453494,0.5175961415925734,0.004708,56,-0.007518796992481147,0.005012531328320839
ran-5g,1,FedMD-1r,0.9398496240601504,0.06936069353911734,0.1690190171715142,66,353,0.12,133,3,iid,0.75,64,1,1584,3,0.5607398185453494,0.5175961415925734,0.412084,264,-0.007518796992481147,0.005012531328320839
ran-5g,1,FedMD-2r,0.9398496240601504,0.07331515599650766,0.17062988276106858,66,353,0.12,133,3,iid,0.75,64,2,3168,3,0.5607398185453494,0.5175961415925734,0.407417,264,-0.007518796992481147,0.005012531328320839
ran-5g,1,FedMD,0.9398496240601504,0.07498760302239331,0.1656647248671611,66,353,0.12,133,3,iid,0.75,64,3,4752,3,0.5607398185453494,0.5175961415925734,0.408125,264,-0.007518796992481147,0.005012531328320839
ran-5g,1,centralized reference,0.9323308270676691,0.045697787539311634,0.07757255490406928,66,353,0.12,133,3,iid,0.75,64,0,0,1,0.5607398185453494,0.5175961415925734,0.004792,56,-0.007518796992481147,0.005012531328320839
ran-5g,2,best local,0.9699248120300752,0.030030354080964976,0.03812912079513333,66,353,0.12,133,3,iid,0.75,64,0,0,1,0.45202042481257476,0.482894727765379,0.005125,56,0.0,0.007518796992481221
ran-5g,2,unweighted ensemble,0.9699248120300752,0.04178921384398441,0.11645431174852763,66,353,0.12,133,3,iid,0.75,64,1,1584,3,0.45202042481257476,0.482894727765379,0.422041,264,0.0,0.007518796992481221
ran-5g,2,weighted ensemble,0.9624060150375939,0.032470577983611915,0.08335171318316785,66,353,0.12,133,3,iid,0.75,64,1,1584,3,0.45202042481257476,0.482894727765379,0.406708,264,0.0,0.007518796992481221
ran-5g,2,hard transfer,0.9323308270676691,0.050580707692184305,0.05750128705974431,66,353,0.12,133,3,iid,0.75,64,1,1584,1,0.45202042481257476,0.482894727765379,0.004667,56,0.0,0.007518796992481221
ran-5g,2,FedDF,0.9473684210526315,0.05216241392770061,0.13767126954691944,66,353,0.12,133,3,iid,0.75,64,1,1584,1,0.45202042481257476,0.482894727765379,0.0045,56,0.0,0.007518796992481221
ran-5g,2,FedMD-1r,0.9624060150375939,0.052164614628276304,0.138096831663686,66,353,0.12,133,3,iid,0.75,64,1,1584,3,0.45202042481257476,0.482894727765379,0.416167,264,0.0,0.007518796992481221
ran-5g,2,FedMD-2r,0.9624060150375939,0.05563836696015503,0.146178330766394,66,353,0.12,133,3,iid,0.75,64,2,3168,3,0.45202042481257476,0.482894727765379,0.402666,264,0.0,0.007518796992481221
ran-5g,2,FedMD,0.9624060150375939,0.056947678796597775,0.15931815447384348,66,353,0.12,133,3,iid,0.75,64,3,4752,3,0.45202042481257476,0.482894727765379,0.407875,264,0.0,0.007518796992481221
ran-5g,2,centralized reference,0.9624060150375939,0.03254195838838191,0.04732775562634594,66,353,0.12,133,3,iid,0.75,64,0,0,1,0.45202042481257476,0.482894727765379,0.004417,56,0.0,0.007518796992481221
ran-5g,3,best local,0.9699248120300752,0.029926304150222488,0.07469975986098418,66,353,0.12,133,3,iid,0.75,64,0,0,1,0.5053997444720014,0.51834351923558,0.206041,104,0.007518796992481147,0.032581453634085156
ran-5g,3,unweighted ensemble,0.9774436090225563,0.042973863212690075,0.14172565693248734,66,353,0.12,133,3,iid,0.75,64,1,1584,3,0.5053997444720014,0.51834351923558,0.409042,264,0.007518796992481147,0.032581453634085156
ran-5g,3,weighted ensemble,0.9774436090225563,0.0339563539983892,0.12490927830640093,66,353,0.12,133,3,iid,0.75,64,1,1584,3,0.5053997444720014,0.51834351923558,0.420917,264,0.007518796992481147,0.032581453634085156
ran-5g,3,hard transfer,0.9699248120300752,0.03347974400015664,0.05213527116920848,66,353,0.12,133,3,iid,0.75,64,1,1584,1,0.5053997444720014,0.51834351923558,0.004833,56,0.007518796992481147,0.032581453634085156
ran-5g,3,FedDF,0.9473684210526315,0.05166902882354932,0.15510408365213013,66,353,0.12,133,3,iid,0.75,64,1,1584,1,0.5053997444720014,0.51834351923558,0.004625,56,0.007518796992481147,0.032581453634085156
ran-5g,3,FedMD-1r,0.9699248120300752,0.0536668559164791,0.1659046314824062,66,353,0.12,133,3,iid,0.75,64,1,1584,3,0.5053997444720014,0.51834351923558,0.414125,264,0.007518796992481147,0.032581453634085156
ran-5g,3,FedMD-2r,0.9624060150375939,0.05797635462113354,0.17696229798996654,66,353,0.12,133,3,iid,0.75,64,2,3168,3,0.5053997444720014,0.51834351923558,0.426708,264,0.007518796992481147,0.032581453634085156
ran-5g,3,FedMD,0.9624060150375939,0.059756932241705744,0.18144073309917252,66,353,0.12,133,3,iid,0.75,64,3,4752,3,0.5053997444720014,0.51834351923558,0.415959,264,0.007518796992481147,0.032581453634085156
ran-5g,3,centralized reference,0.9699248120300752,0.026168972668042377,0.07098192029305099,66,353,0.12,133,3,iid,0.75,64,0,0,1,0.5053997444720014,0.51834351923558,0.004708,56,0.007518796992481147,0.032581453634085156
ran-5g,0,best local,0.9548872180451128,0.040259719543376746,0.041743536494611225,132,287,0.24,133,3,iid,0.75,64,0,0,1,0.4981109572176054,0.5128883062920458,0.004833,56,0.022556390977443663,0.022556390977443663
ran-5g,0,unweighted ensemble,0.9699248120300752,0.04943726615422141,0.1500529691099525,132,287,0.24,133,3,iid,0.75,64,1,3168,3,0.4981109572176054,0.5128883062920458,0.424625,264,0.022556390977443663,0.022556390977443663
ran-5g,0,weighted ensemble,0.9624060150375939,0.040536648853023556,0.10036110998691145,132,287,0.24,133,3,iid,0.75,64,1,3168,3,0.4981109572176054,0.5128883062920458,0.405916,264,0.022556390977443663,0.022556390977443663
ran-5g,0,hard transfer,0.9624060150375939,0.03606378814836976,0.03793606541541167,132,287,0.24,133,3,iid,0.75,64,1,3168,1,0.4981109572176054,0.5128883062920458,0.004208,56,0.022556390977443663,0.022556390977443663
ran-5g,0,FedDF,0.9473684210526315,0.060150073279268426,0.13485597661902232,132,287,0.24,133,3,iid,0.75,64,1,3168,1,0.4981109572176054,0.5128883062920458,0.004292,56,0.022556390977443663,0.022556390977443663
ran-5g,0,FedMD-1r,0.9699248120300752,0.06175370561495652,0.16587874363845256,132,287,0.24,133,3,iid,0.75,64,1,3168,3,0.4981109572176054,0.5128883062920458,0.417542,264,0.022556390977443663,0.022556390977443663
ran-5g,0,FedMD-2r,0.9473684210526315,0.06642429337141222,0.16409724355638536,132,287,0.24,133,3,iid,0.75,64,2,6336,3,0.4981109572176054,0.5128883062920458,0.405583,264,0.022556390977443663,0.022556390977443663
ran-5g,0,FedMD,0.9473684210526315,0.06829214922425016,0.16854055860686012,132,287,0.24,133,3,iid,0.75,64,3,9504,3,0.4981109572176054,0.5128883062920458,0.416125,264,0.022556390977443663,0.022556390977443663
ran-5g,0,centralized reference,0.9548872180451128,0.03509402525423102,0.04407770166665369,132,287,0.24,133,3,iid,0.75,64,0,0,1,0.4981109572176054,0.5128883062920458,0.00475,56,0.022556390977443663,0.022556390977443663
ran-5g,1,best local,0.9548872180451128,0.0435926236974132,0.05160869877627052,132,287,0.24,133,3,iid,0.75,64,0,0,1,0.5423006529481599,0.48841923888669037,0.004417,56,0.0,0.012531328320802023
ran-5g,1,unweighted ensemble,0.9398496240601504,0.06352117328167947,0.10783365337191982,132,287,0.24,133,3,iid,0.75,64,1,3168,3,0.5423006529481599,0.48841923888669037,0.405292,264,0.0,0.012531328320802023
ran-5g,1,weighted ensemble,0.9398496240601504,0.059600229402274836,0.08442480867411,132,287,0.24,133,3,iid,0.75,64,1,3168,3,0.5423006529481599,0.48841923888669037,0.405042,264,0.0,0.012531328320802023
ran-5g,1,hard transfer,0.9323308270676691,0.051314583509368926,0.04861701954514719,132,287,0.24,133,3,iid,0.75,64,1,3168,1,0.5423006529481599,0.48841923888669037,0.004708,56,0.0,0.012531328320802023
ran-5g,1,FedDF,0.9323308270676691,0.06916736722958988,0.1437413100397564,132,287,0.24,133,3,iid,0.75,64,1,3168,1,0.5423006529481599,0.48841923888669037,0.004583,56,0.0,0.012531328320802023
ran-5g,1,FedMD-1r,0.9398496240601504,0.07401101909871412,0.1397816642414184,132,287,0.24,133,3,iid,0.75,64,1,3168,3,0.5423006529481599,0.48841923888669037,0.401417,264,0.0,0.012531328320802023
ran-5g,1,FedMD-2r,0.924812030075188,0.0775302075937592,0.14996057090590817,132,287,0.24,133,3,iid,0.75,64,2,6336,3,0.5423006529481599,0.48841923888669037,0.414167,264,0.0,0.012531328320802023
ran-5g,1,FedMD,0.924812030075188,0.078931234688141,0.15406553165109632,132,287,0.24,133,3,iid,0.75,64,3,9504,3,0.5423006529481599,0.48841923888669037,0.423625,264,0.0,0.012531328320802023
ran-5g,1,centralized reference,0.9624060150375939,0.03957598747661816,0.073813573775058,132,287,0.24,133,3,iid,0.75,64,0,0,1,0.5423006529481599,0.48841923888669037,0.004708,56,0.0,0.012531328320802023
ran-5g,2,best local,0.9699248120300752,0.02965091123335508,0.048069533771348615,132,287,0.24,133,3,iid,0.75,64,0,0,1,0.4420252934969002,0.5368528228465902,0.004333,56,0.0,0.007518796992481221
ran-5g,2,unweighted ensemble,0.9699248120300752,0.04208896048069573,0.12202372777865687,132,287,0.24,133,3,iid,0.75,64,1,3168,3,0.4420252934969002,0.5368528228465902,0.395375,264,0.0,0.007518796992481221
ran-5g,2,weighted ensemble,0.9699248120300752,0.033197349066579215,0.09713469325172656,132,287,0.24,133,3,iid,0.75,64,1,3168,3,0.4420252934969002,0.5368528228465902,0.392542,264,0.0,0.007518796992481221
ran-5g,2,hard transfer,0.9548872180451128,0.03465400907293366,0.036159071302122404,132,287,0.24,133,3,iid,0.75,64,1,3168,1,0.4420252934969002,0.5368528228465902,0.004375,56,0.0,0.007518796992481221
ran-5g,2,FedDF,0.9398496240601504,0.054462278193915116,0.15064181675397398,132,287,0.24,133,3,iid,0.75,64,1,3168,1,0.4420252934969002,0.5368528228465902,0.004292,56,0.0,0.007518796992481221
ran-5g,2,FedMD-1r,0.9624060150375939,0.05181775115799704,0.15350755165550345,132,287,0.24,133,3,iid,0.75,64,1,3168,3,0.4420252934969002,0.5368528228465902,0.395542,264,0.0,0.007518796992481221
ran-5g,2,FedMD-2r,0.9624060150375939,0.05556187426519866,0.15790663208679553,132,287,0.24,133,3,iid,0.75,64,2,6336,3,0.4420252934969002,0.5368528228465902,0.393791,264,0.0,0.007518796992481221
ran-5g,2,FedMD,0.9624060150375939,0.057229298801150144,0.15628844228585206,132,287,0.24,133,3,iid,0.75,64,3,9504,3,0.4420252934969002,0.5368528228465902,0.393209,264,0.0,0.007518796992481221
ran-5g,2,centralized reference,0.9548872180451128,0.03285079636273993,0.053917446682222765,132,287,0.24,133,3,iid,0.75,64,0,0,1,0.4420252934969002,0.5368528228465902,0.004375,56,0.0,0.007518796992481221
ran-5g,3,best local,0.9473684210526315,0.034948315835664226,0.06350864826149685,132,287,0.24,133,3,iid,0.75,64,0,0,1,0.5097606955986458,0.5366805170821791,0.004667,56,-0.007518796992481147,0.01002506265664164
ran-5g,3,unweighted ensemble,0.9398496240601504,0.04536603509602617,0.10964876042908839,132,287,0.24,133,3,iid,0.75,64,1,3168,3,0.5097606955986458,0.5366805170821791,0.416583,264,-0.007518796992481147,0.01002506265664164
ran-5g,3,weighted ensemble,0.9473684210526315,0.0421137046736568,0.10010371213915935,132,287,0.24,133,3,iid,0.75,64,1,3168,3,0.5097606955986458,0.5366805170821791,0.397083,264,-0.007518796992481147,0.01002506265664164
ran-5g,3,hard transfer,0.9624060150375939,0.030868538640081072,0.039037928277273044,132,287,0.24,133,3,iid,0.75,64,1,3168,1,0.5097606955986458,0.5366805170821791,0.004458,56,-0.007518796992481147,0.01002506265664164
ran-5g,3,FedDF,0.9473684210526315,0.045584784583476284,0.12424711904313247,132,287,0.24,133,3,iid,0.75,64,1,3168,1,0.5097606955986458,0.5366805170821791,0.004292,56,-0.007518796992481147,0.01002506265664164
ran-5g,3,FedMD-1r,0.9398496240601504,0.0534138807252421,0.13996529227876048,132,287,0.24,133,3,iid,0.75,64,1,3168,3,0.5097606955986458,0.5366805170821791,0.398334,264,-0.007518796992481147,0.01002506265664164
ran-5g,3,FedMD-2r,0.9473684210526315,0.05666363497540438,0.14398400864010644,132,287,0.24,133,3,iid,0.75,64,2,6336,3,0.5097606955986458,0.5366805170821791,0.406166,264,-0.007518796992481147,0.01002506265664164
ran-5g,3,FedMD,0.9473684210526315,0.05798513376738339,0.14824977132524214,132,287,0.24,133,3,iid,0.75,64,3,9504,3,0.5097606955986458,0.5366805170821791,0.41425,264,-0.007518796992481147,0.01002506265664164
ran-5g,3,centralized reference,0.9699248120300752,0.03025631451983476,0.06630506943122344,132,287,0.24,133,3,iid,0.75,64,0,0,1,0.5097606955986458,0.5366805170821791,0.004708,56,-0.007518796992481147,0.01002506265664164
ran-5g,0,best local,0.9699248120300752,0.02906337883941819,0.030426042956316193,199,220,0.36,133,3,iid,0.75,64,0,0,1,0.5093031542202414,0.495740925805814,0.00475,56,0.0,0.005012531328320839
ran-5g,0,unweighted ensemble,0.9699248120300752,0.04547710510376214,0.10942189043399013,199,220,0.36,133,3,iid,0.75,64,1,4776,3,0.5093031542202414,0.495740925805814,0.396375,264,0.0,0.005012531328320839
ran-5g,0,weighted ensemble,0.9624060150375939,0.03640916295505469,0.07675153277115034,199,220,0.36,133,3,iid,0.75,64,1,4776,3,0.5093031542202414,0.495740925805814,0.409833,264,0.0,0.005012531328320839
ran-5g,0,hard transfer,0.9699248120300752,0.03598498278891553,0.046582243987223965,199,220,0.36,133,3,iid,0.75,64,1,4776,1,0.5093031542202414,0.495740925805814,0.004667,56,0.0,0.005012531328320839
ran-5g,0,FedDF,0.9398496240601504,0.05866239903290698,0.12960677756326833,199,220,0.36,133,3,iid,0.75,64,1,4776,1,0.5093031542202414,0.495740925805814,0.004584,56,0.0,0.005012531328320839
ran-5g,0,FedMD-1r,0.9699248120300752,0.05630010390193159,0.1352007811912038,199,220,0.36,133,3,iid,0.75,64,1,4776,3,0.5093031542202414,0.495740925805814,0.408833,264,0.0,0.005012531328320839
ran-5g,0,FedMD-2r,0.9699248120300752,0.060159751152108115,0.14691947836992922,199,220,0.36,133,3,iid,0.75,64,2,9552,3,0.5093031542202414,0.495740925805814,0.403583,264,0.0,0.005012531328320839
ran-5g,0,FedMD,0.9699248120300752,0.061691156098953405,0.15146059623483898,199,220,0.36,133,3,iid,0.75,64,3,14328,3,0.5093031542202414,0.495740925805814,0.403416,264,0.0,0.005012531328320839
ran-5g,0,centralized reference,0.9548872180451128,0.03383336167582239,0.04088815751441213,199,220,0.36,133,3,iid,0.75,64,0,0,1,0.5093031542202414,0.495740925805814,0.004542,56,0.0,0.005012531328320839
ran-5g,1,best local,0.9473684210526315,0.04021262783340224,0.06812104585063515,199,220,0.36,133,3,iid,0.75,64,0,0,1,0.5452575348033172,0.513448560312295,0.004583,56,-0.007518796992481258,0.005012531328320764
ran-5g,1,unweighted ensemble,0.9473684210526315,0.054884479563304764,0.10410694228668689,199,220,0.36,133,3,iid,0.75,64,1,4776,3,0.5452575348033172,0.513448560312295,0.404542,264,-0.007518796992481258,0.005012531328320764
ran-5g,1,weighted ensemble,0.9473684210526315,0.04754809800727219,0.0858066239239344,199,220,0.36,133,3,iid,0.75,64,1,4776,3,0.5452575348033172,0.513448560312295,0.409583,264,-0.007518796992481258,0.005012531328320764
ran-5g,1,hard transfer,0.9548872180451128,0.04085533480293777,0.03314643583106832,199,220,0.36,133,3,iid,0.75,64,1,4776,1,0.5452575348033172,0.513448560312295,0.00575,56,-0.007518796992481258,0.005012531328320764
ran-5g,1,FedDF,0.9473684210526315,0.062105356936111834,0.12893555644159405,199,220,0.36,133,3,iid,0.75,64,1,4776,1,0.5452575348033172,0.513448560312295,0.004292,56,-0.007518796992481258,0.005012531328320764
ran-5g,1,FedMD-1r,0.9398496240601504,0.06557361021820404,0.13290575783378258,199,220,0.36,133,3,iid,0.75,64,1,4776,3,0.5452575348033172,0.513448560312295,0.406459,264,-0.007518796992481258,0.005012531328320764
ran-5g,1,FedMD-2r,0.9398496240601504,0.0698185508342872,0.14539103089297215,199,220,0.36,133,3,iid,0.75,64,2,9552,3,0.5452575348033172,0.513448560312295,0.399334,264,-0.007518796992481258,0.005012531328320764
ran-5g,1,FedMD,0.9398496240601504,0.07147802743324966,0.15012853490466918,199,220,0.36,133,3,iid,0.75,64,3,14328,3,0.5452575348033172,0.513448560312295,0.416583,264,-0.007518796992481258,0.005012531328320764
ran-5g,1,centralized reference,0.9548872180451128,0.040766164761900016,0.06313816851078957,199,220,0.36,133,3,iid,0.75,64,0,0,1,0.5452575348033172,0.513448560312295,0.004583,56,-0.007518796992481258,0.005012531328320764
ran-5g,2,best local,0.9548872180451128,0.03517393437892588,0.05019036548929493,199,220,0.36,133,3,iid,0.75,64,0,0,1,0.4476583907009286,0.5113283022439475,0.004583,56,0.0,0.015037593984962442
ran-5g,2,unweighted ensemble,0.9699248120300752,0.044476407024315164,0.1267741941470124,199,220,0.36,133,3,iid,0.75,64,1,4776,3,0.4476583907009286,0.5113283022439475,0.411042,264,0.0,0.015037593984962442
ran-5g,2,weighted ensemble,0.9548872180451128,0.04280679608559456,0.12791971357677456,199,220,0.36,133,3,iid,0.75,64,1,4776,3,0.4476583907009286,0.5113283022439475,0.408375,264,0.0,0.015037593984962442
ran-5g,2,hard transfer,0.9548872180451128,0.034201373016929,0.038394532812797644,199,220,0.36,133,3,iid,0.75,64,1,4776,1,0.4476583907009286,0.5113283022439475,0.004667,56,0.0,0.015037593984962442
ran-5g,2,FedDF,0.924812030075188,0.06157466672961057,0.15728673654201134,199,220,0.36,133,3,iid,0.75,64,1,4776,1,0.4476583907009286,0.5113283022439475,0.004625,56,0.0,0.015037593984962442
ran-5g,2,FedMD-1r,0.9624060150375939,0.05452148871726075,0.13528849888865785,199,220,0.36,133,3,iid,0.75,64,1,4776,3,0.4476583907009286,0.5113283022439475,0.416292,264,0.0,0.015037593984962442
ran-5g,2,FedMD-2r,0.9624060150375939,0.058353967590886326,0.15820126424038844,199,220,0.36,133,3,iid,0.75,64,2,9552,3,0.4476583907009286,0.5113283022439475,0.419167,264,0.0,0.015037593984962442
ran-5g,2,FedMD,0.9548872180451128,0.06000994333354199,0.16269197672996258,199,220,0.36,133,3,iid,0.75,64,3,14328,3,0.4476583907009286,0.5113283022439475,0.414125,264,0.0,0.015037593984962442
ran-5g,2,centralized reference,0.9624060150375939,0.03256606647195869,0.05880787029403177,199,220,0.36,133,3,iid,0.75,64,0,0,1,0.4476583907009286,0.5113283022439475,0.004666,56,0.0,0.015037593984962442
ran-5g,3,best local,0.924812030075188,0.04914440345789302,0.042433008152657554,199,220,0.36,133,3,iid,0.75,64,0,0,1,0.5189004536517153,0.5126278302197552,0.00425,56,0.0,0.015037593984962405
ran-5g,3,unweighted ensemble,0.9473684210526315,0.04855489118914929,0.10765650561947038,199,220,0.36,133,3,iid,0.75,64,1,4776,3,0.5189004536517153,0.5126278302197552,0.404708,264,0.0,0.015037593984962405
ran-5g,3,weighted ensemble,0.9398496240601504,0.0429317785743976,0.08767562702822143,199,220,0.36,133,3,iid,0.75,64,1,4776,3,0.5189004536517153,0.5126278302197552,0.398083,264,0.0,0.015037593984962405
ran-5g,3,hard transfer,0.9398496240601504,0.03466754526139391,0.032770469409068644,199,220,0.36,133,3,iid,0.75,64,1,4776,1,0.5189004536517153,0.5126278302197552,0.004458,56,0.0,0.015037593984962405
ran-5g,3,FedDF,0.924812030075188,0.05153800966113786,0.12141558639167638,199,220,0.36,133,3,iid,0.75,64,1,4776,1,0.5189004536517153,0.5126278302197552,0.004292,56,0.0,0.015037593984962405
ran-5g,3,FedMD-1r,0.9473684210526315,0.05382275379413039,0.1387362873373565,199,220,0.36,133,3,iid,0.75,64,1,4776,3,0.5189004536517153,0.5126278302197552,0.407167,264,0.0,0.015037593984962405
ran-5g,3,FedMD-2r,0.9473684210526315,0.056837674618629,0.14341363451045833,199,220,0.36,133,3,iid,0.75,64,2,9552,3,0.5189004536517153,0.5126278302197552,0.406542,264,0.0,0.015037593984962405
ran-5g,3,FedMD,0.9473684210526315,0.058065681048326365,0.14740092561047047,199,220,0.36,133,3,iid,0.75,64,3,14328,3,0.5189004536517153,0.5126278302197552,0.404709,264,0.0,0.015037593984962405
ran-5g,3,centralized reference,0.9699248120300752,0.03195319808752315,0.0725254935703667,199,220,0.36,133,3,iid,0.75,64,0,0,1,0.5189004536517153,0.5126278302197552,0.004625,56,0.0,0.015037593984962405
ran-5g,0,best local,0.8270676691729323,0.09567023035216582,0.14094315087567247,66,353,0.12,133,3,severe,0.0,64,0,0,1,0.6335603967182916,0.5064938530594195,0.193625,104,-0.1278195488721804,0.007518796992481258
ran-5g,0,unweighted ensemble,0.8195488721804511,0.14403948765341557,0.29345024453195795,66,353,0.12,133,3,severe,0.0,64,1,1584,3,0.6335603967182916,0.5064938530594195,0.404625,264,-0.1278195488721804,0.007518796992481258
ran-5g,0,weighted ensemble,0.8045112781954887,0.11422868448380148,0.2164772624092543,66,353,0.12,133,3,severe,0.0,64,1,1584,3,0.6335603967182916,0.5064938530594195,0.402833,264,-0.1278195488721804,0.007518796992481258
ran-5g,0,hard transfer,0.8270676691729323,0.15273192528211768,0.15799938364699634,66,353,0.12,133,3,severe,0.0,64,1,1584,1,0.6335603967182916,0.5064938530594195,0.004292,56,-0.1278195488721804,0.007518796992481258
ran-5g,0,FedDF,0.8195488721804511,0.14622650574129106,0.2501554305643976,66,353,0.12,133,3,severe,0.0,64,1,1584,1,0.6335603967182916,0.5064938530594195,0.004208,56,-0.1278195488721804,0.007518796992481258
ran-5g,0,FedMD-1r,0.9473684210526315,0.10500657157644736,0.2383144798218805,66,353,0.12,133,3,severe,0.0,64,1,1584,3,0.6335603967182916,0.5064938530594195,0.405791,264,-0.1278195488721804,0.007518796992481258
ran-5g,0,FedMD-2r,0.9473684210526315,0.08699434270419767,0.21353896275598852,66,353,0.12,133,3,severe,0.0,64,2,3168,3,0.6335603967182916,0.5064938530594195,0.408875,264,-0.1278195488721804,0.007518796992481258
ran-5g,0,FedMD,0.9473684210526315,0.07721276966366995,0.19248205200364382,66,353,0.12,133,3,severe,0.0,64,3,4752,3,0.6335603967182916,0.5064938530594195,0.408,264,-0.1278195488721804,0.007518796992481258
ran-5g,0,centralized reference,0.9473684210526315,0.03596803965902082,0.04676867063873208,66,353,0.12,133,3,severe,0.0,64,0,0,1,0.6335603967182916,0.5064938530594195,0.00425,56,-0.1278195488721804,0.007518796992481258
ran-5g,1,best local,0.8120300751879699,0.15515265426963398,0.2572948551739875,66,353,0.12,133,3,severe,0.0,64,0,0,1,0.6890146473551431,0.4776352387828305,0.2,104,-0.06015037593984962,0.012531328320801985
ran-5g,1,unweighted ensemble,0.7819548872180451,0.1412961956715278,0.17809718373430036,66,353,0.12,133,3,severe,0.0,64,1,1584,3,0.6890146473551431,0.4776352387828305,0.410083,264,-0.06015037593984962,0.012531328320801985
ran-5g,1,weighted ensemble,0.7518796992481203,0.17162836432501238,0.16416733253204413,66,353,0.12,133,3,severe,0.0,64,1,1584,3,0.6890146473551431,0.4776352387828305,0.406875,264,-0.06015037593984962,0.012531328320801985
ran-5g,1,hard transfer,0.7819548872180451,0.18607104053747753,0.1761434902126718,66,353,0.12,133,3,severe,0.0,64,1,1584,1,0.6890146473551431,0.4776352387828305,0.004333,56,-0.06015037593984962,0.012531328320801985
ran-5g,1,FedDF,0.7518796992481203,0.14949314248995976,0.1682521494356353,66,353,0.12,133,3,severe,0.0,64,1,1584,1,0.6890146473551431,0.4776352387828305,0.004208,56,-0.06015037593984962,0.012531328320801985
ran-5g,1,FedMD-1r,0.8195488721804511,0.11696566635802948,0.18835705238752395,66,353,0.12,133,3,severe,0.0,64,1,1584,3,0.6890146473551431,0.4776352387828305,0.411334,264,-0.06015037593984962,0.012531328320801985
ran-5g,1,FedMD-2r,0.8571428571428571,0.10341182906809382,0.17757973420610437,66,353,0.12,133,3,severe,0.0,64,2,3168,3,0.6890146473551431,0.4776352387828305,0.411542,264,-0.06015037593984962,0.012531328320801985
ran-5g,1,FedMD,0.8872180451127819,0.09592790477587548,0.17044310337859536,66,353,0.12,133,3,severe,0.0,64,3,4752,3,0.6890146473551431,0.4776352387828305,0.400209,264,-0.06015037593984962,0.012531328320801985
ran-5g,1,centralized reference,0.9323308270676691,0.045697787539311634,0.07757255490406928,66,353,0.12,133,3,severe,0.0,64,0,0,1,0.6890146473551431,0.4776352387828305,0.004583,56,-0.06015037593984962,0.012531328320801985
ran-5g,2,best local,0.8045112781954887,0.17083796211543736,0.17296747603838936,66,353,0.12,133,3,severe,0.0,64,0,0,1,0.555718026852071,0.47630206532149916,0.004333,56,0.022556390977443552,0.1203007518796992
ran-5g,2,unweighted ensemble,0.8421052631578947,0.154618248951709,0.2158871762156218,66,353,0.12,133,3,severe,0.0,64,1,1584,3,0.555718026852071,0.47630206532149916,0.396875,264,0.022556390977443552,0.1203007518796992
ran-5g,2,weighted ensemble,0.7969924812030075,0.1338387209008721,0.1464883162552455,66,353,0.12,133,3,severe,0.0,64,1,1584,3,0.555718026852071,0.47630206532149916,0.402375,264,0.022556390977443552,0.1203007518796992
ran-5g,2,hard transfer,0.8120300751879699,0.16953594026450144,0.184266532953093,66,353,0.12,133,3,severe,0.0,64,1,1584,1,0.555718026852071,0.47630206532149916,0.004542,56,0.022556390977443552,0.1203007518796992
ran-5g,2,FedDF,0.8195488721804511,0.16962835069128998,0.17414368884532375,66,353,0.12,133,3,severe,0.0,64,1,1584,1,0.555718026852071,0.47630206532149916,0.004416,56,0.022556390977443552,0.1203007518796992
ran-5g,2,FedMD-1r,0.9022556390977443,0.12234996926805533,0.26131465383729874,66,353,0.12,133,3,severe,0.0,64,1,1584,3,0.555718026852071,0.47630206532149916,0.403625,264,0.022556390977443552,0.1203007518796992
ran-5g,2,FedMD-2r,0.9398496240601504,0.1033437271400965,0.22848143031887025,66,353,0.12,133,3,severe,0.0,64,2,3168,3,0.555718026852071,0.47630206532149916,0.408833,264,0.022556390977443552,0.1203007518796992
ran-5g,2,FedMD,0.9548872180451128,0.09347697450368844,0.22151677388079843,66,353,0.12,133,3,severe,0.0,64,3,4752,3,0.555718026852071,0.47630206532149916,0.41025,264,0.022556390977443552,0.1203007518796992
ran-5g,2,centralized reference,0.9624060150375939,0.03254195838838191,0.04732775562634594,66,353,0.12,133,3,severe,0.0,64,0,0,1,0.555718026852071,0.47630206532149916,0.004666,56,0.022556390977443552,0.1203007518796992
ran-5g,3,best local,0.6842105263157895,0.24612259199245123,0.19329763926390467,66,353,0.12,133,3,severe,0.0,64,0,0,1,0.6861801759214784,0.49975474685554966,0.2,104,-0.18045112781954886,-0.08521303258145359
ran-5g,3,unweighted ensemble,0.6842105263157895,0.18411154912153668,0.24894169288635962,66,353,0.12,133,3,severe,0.0,64,1,1584,3,0.6861801759214784,0.49975474685554966,0.408209,264,-0.18045112781954886,-0.08521303258145359
ran-5g,3,weighted ensemble,0.6842105263157895,0.22599581616544775,0.1601210779691375,66,353,0.12,133,3,severe,0.0,64,1,1584,3,0.6861801759214784,0.49975474685554966,0.405125,264,-0.18045112781954886,-0.08521303258145359
ran-5g,3,hard transfer,0.6766917293233082,0.323307610411185,0.32330724675231703,66,353,0.12,133,3,severe,0.0,64,1,1584,1,0.6861801759214784,0.49975474685554966,0.004583,56,-0.18045112781954886,-0.08521303258145359
ran-5g,3,FedDF,0.6766917293233082,0.1859349723445778,0.27977661100084555,66,353,0.12,133,3,severe,0.0,64,1,1584,1,0.6861801759214784,0.49975474685554966,0.004458,56,-0.18045112781954886,-0.08521303258145359
ran-5g,3,FedMD-1r,0.8571428571428571,0.1248478942512185,0.28409096314758114,66,353,0.12,133,3,severe,0.0,64,1,1584,3,0.6861801759214784,0.49975474685554966,0.4065,264,-0.18045112781954886,-0.08521303258145359
ran-5g,3,FedMD-2r,0.8947368421052632,0.09690685930502246,0.26265343011914943,66,353,0.12,133,3,severe,0.0,64,2,3168,3,0.6861801759214784,0.49975474685554966,0.406084,264,-0.18045112781954886,-0.08521303258145359
ran-5g,3,FedMD,0.9172932330827067,0.0829268994833725,0.2382451951003805,66,353,0.12,133,3,severe,0.0,64,3,4752,3,0.6861801759214784,0.49975474685554966,0.414958,264,-0.18045112781954886,-0.08521303258145359
ran-5g,3,centralized reference,0.9699248120300752,0.026168972668042377,0.07098192029305099,66,353,0.12,133,3,severe,0.0,64,0,0,1,0.6861801759214784,0.49975474685554966,0.004667,56,-0.18045112781954886,-0.08521303258145359
ran-5g,0,best local,0.7443609022556391,0.21879108780850146,0.20318447561235808,132,287,0.24,133,3,severe,0.0,64,0,0,1,0.5534592529341926,0.48859615451218524,0.20075,104,-0.022556390977443552,0.05263157894736844
ran-5g,0,unweighted ensemble,0.7293233082706767,0.19576759920148412,0.1546736686203628,132,287,0.24,133,3,severe,0.0,64,1,3168,3,0.5534592529341926,0.48859615451218524,0.409541,264,-0.022556390977443552,0.05263157894736844
ran-5g,0,weighted ensemble,0.706766917293233,0.2020543973255409,0.12898399793175055,132,287,0.24,133,3,severe,0.0,64,1,3168,3,0.5534592529341926,0.48859615451218524,0.406208,264,-0.022556390977443552,0.05263157894736844
ran-5g,0,hard transfer,0.7368421052631579,0.23327783977400532,0.23930044415903615,132,287,0.24,133,3,severe,0.0,64,1,3168,1,0.5534592529341926,0.48859615451218524,0.004333,56,-0.022556390977443552,0.05263157894736844
ran-5g,0,FedDF,0.7443609022556391,0.19446695240242623,0.19787657144413257,132,287,0.24,133,3,severe,0.0,64,1,3168,1,0.5534592529341926,0.48859615451218524,0.004209,56,-0.022556390977443552,0.05263157894736844
ran-5g,0,FedMD-1r,0.8345864661654135,0.1517384518150836,0.24130346140928288,132,287,0.24,133,3,severe,0.0,64,1,3168,3,0.5534592529341926,0.48859615451218524,0.398333,264,-0.022556390977443552,0.05263157894736844
ran-5g,0,FedMD-2r,0.8421052631578947,0.13529463739860823,0.26390770535242525,132,287,0.24,133,3,severe,0.0,64,2,6336,3,0.5534592529341926,0.48859615451218524,0.408042,264,-0.022556390977443552,0.05263157894736844
ran-5g,0,FedMD,0.8721804511278195,0.12806690633714496,0.28049576831298195,132,287,0.24,133,3,severe,0.0,64,3,9504,3,0.5534592529341926,0.48859615451218524,0.394042,264,-0.022556390977443552,0.05263157894736844
ran-5g,0,centralized reference,0.9548872180451128,0.03509402525423102,0.04407770166665369,132,287,0.24,133,3,severe,0.0,64,0,0,1,0.5534592529341926,0.48859615451218524,0.004292,56,-0.022556390977443552,0.05263157894736844
ran-5g,1,best local,0.7518796992481203,0.19435016307627123,0.18272302485640018,132,287,0.24,133,3,severe,0.0,64,0,0,1,0.6412053739213869,0.5059802745420985,0.201625,104,-0.022556390977443552,0.10776942355889725
ran-5g,1,unweighted ensemble,0.7744360902255639,0.17798751823198458,0.2501603916422902,132,287,0.24,133,3,severe,0.0,64,1,3168,3,0.6412053739213869,0.5059802745420985,0.38925,264,-0.022556390977443552,0.10776942355889725
ran-5g,1,weighted ensemble,0.706766917293233,0.17353921569417338,0.14749527328030362,132,287,0.24,133,3,severe,0.0,64,1,3168,3,0.6412053739213869,0.5059802745420985,0.398167,264,-0.022556390977443552,0.10776942355889725
ran-5g,1,hard transfer,0.7744360902255639,0.20638530295186347,0.20457880245945792,132,287,0.24,133,3,severe,0.0,64,1,3168,1,0.6412053739213869,0.5059802745420985,0.004583,56,-0.022556390977443552,0.10776942355889725
ran-5g,1,FedDF,0.7593984962406015,0.19168582215881078,0.217349086134984,132,287,0.24,133,3,severe,0.0,64,1,3168,1,0.6412053739213869,0.5059802745420985,0.004459,56,-0.022556390977443552,0.10776942355889725
ran-5g,1,FedMD-1r,0.8571428571428571,0.13409861995296096,0.22962143335202068,132,287,0.24,133,3,severe,0.0,64,1,3168,3,0.6412053739213869,0.5059802745420985,0.400084,264,-0.022556390977443552,0.10776942355889725
ran-5g,1,FedMD-2r,0.8646616541353384,0.11383394682356626,0.22546373059199123,132,287,0.24,133,3,severe,0.0,64,2,6336,3,0.6412053739213869,0.5059802745420985,0.400458,264,-0.022556390977443552,0.10776942355889725
ran-5g,1,FedMD,0.8796992481203008,0.10464034156246198,0.20966265919732513,132,287,0.24,133,3,severe,0.0,64,3,9504,3,0.6412053739213869,0.5059802745420985,0.40325,264,-0.022556390977443552,0.10776942355889725
ran-5g,1,centralized reference,0.9624060150375939,0.03957598747661816,0.073813573775058,132,287,0.24,133,3,severe,0.0,64,0,0,1,0.6412053739213869,0.5059802745420985,0.004542,56,-0.022556390977443552,0.10776942355889725
ran-5g,2,best local,0.7894736842105263,0.17988648899225704,0.154694430987531,132,287,0.24,133,3,severe,0.0,64,0,0,1,0.5605307389076626,0.48947722201790206,0.191708,104,0.015037593984962405,0.14035087719298242
ran-5g,2,unweighted ensemble,0.7969924812030075,0.1686037869073763,0.21848241062248275,132,287,0.24,133,3,severe,0.0,64,1,3168,3,0.5605307389076626,0.48947722201790206,0.40375,264,0.015037593984962405,0.14035087719298242
ran-5g,2,weighted ensemble,0.7368421052631579,0.15977867917922461,0.11372863696199689,132,287,0.24,133,3,severe,0.0,64,1,3168,3,0.5605307389076626,0.48947722201790206,0.4035,264,0.015037593984962405,0.14035087719298242
ran-5g,2,hard transfer,0.7819548872180451,0.1807664451252024,0.18812311877448368,132,287,0.24,133,3,severe,0.0,64,1,3168,1,0.5605307389076626,0.48947722201790206,0.004542,56,0.015037593984962405,0.14035087719298242
ran-5g,2,FedDF,0.7819548872180451,0.17878094208528222,0.18518194524118128,132,287,0.24,133,3,severe,0.0,64,1,3168,1,0.5605307389076626,0.48947722201790206,0.004458,56,0.015037593984962405,0.14035087719298242
ran-5g,2,FedMD-1r,0.8796992481203008,0.12076593890015082,0.26259030873200717,132,287,0.24,133,3,severe,0.0,64,1,3168,3,0.5605307389076626,0.48947722201790206,0.399334,264,0.015037593984962405,0.14035087719298242
ran-5g,2,FedMD-2r,0.9022556390977443,0.09364832777275331,0.23843170288169369,132,287,0.24,133,3,severe,0.0,64,2,6336,3,0.5605307389076626,0.48947722201790206,0.401458,264,0.015037593984962405,0.14035087719298242
ran-5g,2,FedMD,0.9323308270676691,0.07851238742655677,0.2167481615201874,132,287,0.24,133,3,severe,0.0,64,3,9504,3,0.5605307389076626,0.48947722201790206,0.4065,264,0.015037593984962405,0.14035087719298242
ran-5g,2,centralized reference,0.9548872180451128,0.03285079636273993,0.053917446682222765,132,287,0.24,133,3,severe,0.0,64,0,0,1,0.5605307389076626,0.48947722201790206,0.004291,56,0.015037593984962405,0.14035087719298242
ran-5g,3,best local,0.8120300751879699,0.1214517322189831,0.07630889396058542,132,287,0.24,133,3,severe,0.0,64,0,0,1,0.6754081546265313,0.5112546253767782,0.1975,104,0.06015037593984962,0.15037593984962408
ran-5g,3,unweighted ensemble,0.8195488721804511,0.16567293242815964,0.19749738436231773,132,287,0.24,133,3,severe,0.0,64,1,3168,3,0.6754081546265313,0.5112546253767782,0.407125,264,0.06015037593984962,0.15037593984962408
ran-5g,3,weighted ensemble,0.8195488721804511,0.12675673552699251,0.14245816254429622,132,287,0.24,133,3,severe,0.0,64,1,3168,3,0.6754081546265313,0.5112546253767782,0.40425,264,0.06015037593984962,0.15037593984962408
ran-5g,3,hard transfer,0.8421052631578947,0.11330211358730242,0.09588804243851658,132,287,0.24,133,3,severe,0.0,64,1,3168,1,0.6754081546265313,0.5112546253767782,0.004333,56,0.06015037593984962,0.15037593984962408
ran-5g,3,FedDF,0.8345864661654135,0.1659004734715798,0.22026603129325403,132,287,0.24,133,3,severe,0.0,64,1,3168,1,0.6754081546265313,0.5112546253767782,0.004291,56,0.06015037593984962,0.15037593984962408
ran-5g,3,FedMD-1r,0.9398496240601504,0.13004212102416213,0.28022028458175335,132,287,0.24,133,3,severe,0.0,64,1,3168,3,0.6754081546265313,0.5112546253767782,0.40425,264,0.06015037593984962,0.15037593984962408
ran-5g,3,FedMD-2r,0.924812030075188,0.11626622633016963,0.25836859334440565,132,287,0.24,133,3,severe,0.0,64,2,6336,3,0.6754081546265313,0.5112546253767782,0.406583,264,0.06015037593984962,0.15037593984962408
ran-5g,3,FedMD,0.924812030075188,0.11029332011486333,0.24563000757599765,132,287,0.24,133,3,severe,0.0,64,3,9504,3,0.6754081546265313,0.5112546253767782,0.406792,264,0.06015037593984962,0.15037593984962408
ran-5g,3,centralized reference,0.9699248120300752,0.03025631451983476,0.06630506943122344,132,287,0.24,133,3,severe,0.0,64,0,0,1,0.6754081546265313,0.5112546253767782,0.00425,56,0.06015037593984962,0.15037593984962408
ran-5g,0,best local,0.7969924812030075,0.1316153617728258,0.10397902973096862,199,220,0.36,133,3,severe,0.0,64,0,0,1,0.6946200737765266,0.5258954654520624,0.199292,104,0.0,0.08270676691729324
ran-5g,0,unweighted ensemble,0.7894736842105263,0.16777257091536993,0.29191711737347625,199,220,0.36,133,3,severe,0.0,64,1,4776,3,0.6946200737765266,0.5258954654520624,0.395417,264,0.0,0.08270676691729324
ran-5g,0,weighted ensemble,0.7819548872180451,0.14065430176374535,0.16338612292162388,199,220,0.36,133,3,severe,0.0,64,1,4776,3,0.6946200737765266,0.5258954654520624,0.403208,264,0.0,0.08270676691729324
ran-5g,0,hard transfer,0.8345864661654135,0.10410860537570447,0.13890629865675017,199,220,0.36,133,3,severe,0.0,64,1,4776,1,0.6946200737765266,0.5258954654520624,0.0045,56,0.0,0.08270676691729324
ran-5g,0,FedDF,0.8947368421052632,0.1598653506673451,0.27151159047520496,199,220,0.36,133,3,severe,0.0,64,1,4776,1,0.6946200737765266,0.5258954654520624,0.004416,56,0.0,0.08270676691729324
ran-5g,0,FedMD-1r,0.9323308270676691,0.11639179743231583,0.27577320079351597,199,220,0.36,133,3,severe,0.0,64,1,4776,3,0.6946200737765266,0.5258954654520624,0.406292,264,0.0,0.08270676691729324
ran-5g,0,FedMD-2r,0.9548872180451128,0.09584323063678633,0.24056224460165399,199,220,0.36,133,3,severe,0.0,64,2,9552,3,0.6946200737765266,0.5258954654520624,0.396833,264,0.0,0.08270676691729324
ran-5g,0,FedMD,0.9548872180451128,0.08528579349799062,0.20919301872070722,199,220,0.36,133,3,severe,0.0,64,3,14328,3,0.6946200737765266,0.5258954654520624,0.402,264,0.0,0.08270676691729324
ran-5g,0,centralized reference,0.9548872180451128,0.03383336167582239,0.04088815751441213,199,220,0.36,133,3,severe,0.0,64,0,0,1,0.6946200737765266,0.5258954654520624,0.0045,56,0.0,0.08270676691729324
ran-5g,1,best local,0.7293233082706767,0.2409148700230697,0.2272972400137642,199,220,0.36,133,3,severe,0.0,64,0,0,1,0.6627294453790489,0.5092418832469301,0.004375,56,-0.12030075187969924,-0.05012531328320802
ran-5g,1,unweighted ensemble,0.7593984962406015,0.1556764514147812,0.25441980305366996,199,220,0.36,133,3,severe,0.0,64,1,4776,3,0.6627294453790489,0.5092418832469301,0.407417,264,-0.12030075187969924,-0.05012531328320802
ran-5g,1,weighted ensemble,0.6917293233082706,0.18820199653398997,0.14274298753308556,199,220,0.36,133,3,severe,0.0,64,1,4776,3,0.6627294453790489,0.5092418832469301,0.395459,264,-0.12030075187969924,-0.05012531328320802
ran-5g,1,hard transfer,0.7368421052631579,0.24127839105879045,0.25275062882861915,199,220,0.36,133,3,severe,0.0,64,1,4776,1,0.6627294453790489,0.5092418832469301,0.004666,56,-0.12030075187969924,-0.05012531328320802
ran-5g,1,FedDF,0.7142857142857143,0.17303973092922603,0.23384207261259848,199,220,0.36,133,3,severe,0.0,64,1,4776,1,0.6627294453790489,0.5092418832469301,0.004541,56,-0.12030075187969924,-0.05012531328320802
ran-5g,1,FedMD-1r,0.849624060150376,0.12081059970481405,0.23284884752858112,199,220,0.36,133,3,severe,0.0,64,1,4776,3,0.6627294453790489,0.5092418832469301,0.407417,264,-0.12030075187969924,-0.05012531328320802
ran-5g,1,FedMD-2r,0.8796992481203008,0.10317327105582995,0.20981593950571503,199,220,0.36,133,3,severe,0.0,64,2,9552,3,0.6627294453790489,0.5092418832469301,0.40725,264,-0.12030075187969924,-0.05012531328320802
ran-5g,1,FedMD,0.9097744360902256,0.09482714640669536,0.19724153311019424,199,220,0.36,133,3,severe,0.0,64,3,14328,3,0.6627294453790489,0.5092418832469301,0.396583,264,-0.12030075187969924,-0.05012531328320802
ran-5g,1,centralized reference,0.9548872180451128,0.040766164761900016,0.06313816851078957,199,220,0.36,133,3,severe,0.0,64,0,0,1,0.6627294453790489,0.5092418832469301,0.004334,56,-0.12030075187969924,-0.05012531328320802
ran-5g,2,best local,0.7368421052631579,0.18642773689727618,0.18651915973566047,199,220,0.36,133,3,severe,0.0,64,0,0,1,0.6024949931907394,0.5101960380403062,0.198417,104,-0.03759398496240607,0.13533834586466162
ran-5g,2,unweighted ensemble,0.7518796992481203,0.1993255285020296,0.20858936642648998,199,220,0.36,133,3,severe,0.0,64,1,4776,3,0.6024949931907394,0.5101960380403062,0.405709,264,-0.03759398496240607,0.13533834586466162
ran-5g,2,weighted ensemble,0.7368421052631579,0.18409572844584324,0.15151793244657444,199,220,0.36,133,3,severe,0.0,64,1,4776,3,0.6024949931907394,0.5101960380403062,0.402583,264,-0.03759398496240607,0.13533834586466162
ran-5g,2,hard transfer,0.7443609022556391,0.23515071695371037,0.237962375220158,199,220,0.36,133,3,severe,0.0,64,1,4776,1,0.6024949931907394,0.5101960380403062,0.004542,56,-0.03759398496240607,0.13533834586466162
ran-5g,2,FedDF,0.7368421052631579,0.2045542375873824,0.19491525317147723,199,220,0.36,133,3,severe,0.0,64,1,4776,1,0.6024949931907394,0.5101960380403062,0.004417,56,-0.03759398496240607,0.13533834586466162
ran-5g,2,FedMD-1r,0.8947368421052632,0.14077451966985138,0.2939740923283961,199,220,0.36,133,3,severe,0.0,64,1,4776,3,0.6024949931907394,0.5101960380403062,0.403208,264,-0.03759398496240607,0.13533834586466162
ran-5g,2,FedMD-2r,0.9097744360902256,0.11400511805310852,0.26819478479171366,199,220,0.36,133,3,severe,0.0,64,2,9552,3,0.6024949931907394,0.5101960380403062,0.402459,264,-0.03759398496240607,0.13533834586466162
ran-5g,2,FedMD,0.924812030075188,0.09961201559599527,0.24235202657216887,199,220,0.36,133,3,severe,0.0,64,3,14328,3,0.6024949931907394,0.5101960380403062,0.393167,264,-0.03759398496240607,0.13533834586466162
ran-5g,2,centralized reference,0.9624060150375939,0.03256606647195869,0.05880787029403177,199,220,0.36,133,3,severe,0.0,64,0,0,1,0.6024949931907394,0.5101960380403062,0.004333,56,-0.03759398496240607,0.13533834586466162
ran-5g,3,best local,0.7669172932330827,0.1625667714021581,0.1326442950119715,199,220,0.36,133,3,severe,0.0,64,0,0,1,0.6645667822524347,0.5378224289796028,0.201959,104,0.06766917293233088,0.14536340852130328
ran-5g,3,unweighted ensemble,0.849624060150376,0.16131706514863967,0.2865744992792321,199,220,0.36,133,3,severe,0.0,64,1,4776,3,0.6645667822524347,0.5378224289796028,0.3965,264,0.06766917293233088,0.14536340852130328
ran-5g,3,weighted ensemble,0.8120300751879699,0.14121705114748587,0.16579606871655053,199,220,0.36,133,3,severe,0.0,64,1,4776,3,0.6645667822524347,0.5378224289796028,0.405167,264,0.06766917293233088,0.14536340852130328
ran-5g,3,hard transfer,0.8345864661654135,0.09833329161940682,0.15821091558460335,199,220,0.36,133,3,severe,0.0,64,1,4776,1,0.6645667822524347,0.5378224289796028,0.004541,56,0.06766917293233088,0.14536340852130328
ran-5g,3,FedDF,0.8571428571428571,0.1611758062051454,0.3444540547208051,199,220,0.36,133,3,severe,0.0,64,1,4776,1,0.6645667822524347,0.5378224289796028,0.004417,56,0.06766917293233088,0.14536340852130328
ran-5g,3,FedMD-1r,0.8947368421052632,0.12308519814120727,0.2930642742837885,199,220,0.36,133,3,severe,0.0,64,1,4776,3,0.6645667822524347,0.5378224289796028,0.406292,264,0.06766917293233088,0.14536340852130328
ran-5g,3,FedMD-2r,0.9022556390977443,0.10679044830482329,0.24708902808438155,199,220,0.36,133,3,severe,0.0,64,2,9552,3,0.6645667822524347,0.5378224289796028,0.398708,264,0.06766917293233088,0.14536340852130328
ran-5g,3,FedMD,0.9323308270676691,0.09881066536456612,0.22225437452120364,199,220,0.36,133,3,severe,0.0,64,3,14328,3,0.6645667822524347,0.5378224289796028,0.403333,264,0.06766917293233088,0.14536340852130328
ran-5g,3,centralized reference,0.9699248120300752,0.03195319808752315,0.0725254935703667,199,220,0.36,133,3,severe,0.0,64,0,0,1,0.6645667822524347,0.5378224289796028,0.004583,56,0.06766917293233088,0.14536340852130328
ran-5g,0,best local,0.8270676691729323,0.09567023035216582,0.14094315087567247,66,353,0.12,133,3,severe,0.45,64,0,0,1,0.6105755842597947,0.5081646968355265,0.202875,104,-0.1428571428571429,-0.0025062656641604195
ran-5g,0,unweighted ensemble,0.7969924812030075,0.15061347284662482,0.27954653487323894,66,353,0.12,133,3,severe,0.45,64,1,1584,3,0.6105755842597947,0.5081646968355265,0.393333,264,-0.1428571428571429,-0.0025062656641604195
ran-5g,0,weighted ensemble,0.7969924812030075,0.11750118560940179,0.21154368232534548,66,353,0.12,133,3,severe,0.45,64,1,1584,3,0.6105755842597947,0.5081646968355265,0.399916,264,-0.1428571428571429,-0.0025062656641604195
ran-5g,0,hard transfer,0.7969924812030075,0.17109235355012348,0.17714370771313437,66,353,0.12,133,3,severe,0.45,64,1,1584,1,0.6105755842597947,0.5081646968355265,0.005375,56,-0.1428571428571429,-0.0025062656641604195
ran-5g,0,FedDF,0.8195488721804511,0.15438919063077247,0.26752807536570844,66,353,0.12,133,3,severe,0.45,64,1,1584,1,0.6105755842597947,0.5081646968355265,0.004375,56,-0.1428571428571429,-0.0025062656641604195
ran-5g,0,FedMD-1r,0.9323308270676691,0.11472826924655098,0.2594273947906307,66,353,0.12,133,3,severe,0.45,64,1,1584,3,0.6105755842597947,0.5081646968355265,0.402792,264,-0.1428571428571429,-0.0025062656641604195
ran-5g,0,FedMD-2r,0.9473684210526315,0.09834446057443888,0.2358915301652765,66,353,0.12,133,3,severe,0.45,64,2,3168,3,0.6105755842597947,0.5081646968355265,0.3965,264,-0.1428571428571429,-0.0025062656641604195
ran-5g,0,FedMD,0.9473684210526315,0.08952683559750045,0.2333764153385493,66,353,0.12,133,3,severe,0.45,64,3,4752,3,0.6105755842597947,0.5081646968355265,0.406583,264,-0.1428571428571429,-0.0025062656641604195
ran-5g,0,centralized reference,0.9473684210526315,0.03596803965902082,0.04676867063873208,66,353,0.12,133,3,severe,0.45,64,0,0,1,0.6105755842597947,0.5081646968355265,0.004459,56,-0.1428571428571429,-0.0025062656641604195
ran-5g,1,best local,0.7593984962406015,0.2086603491087964,0.19271917093948815,66,353,0.12,133,3,severe,0.45,64,0,0,1,0.6910239810341682,0.48107055120180897,0.19825,104,-0.06015037593984962,0.01002506265664164
ran-5g,1,unweighted ensemble,0.7744360902255639,0.16039932499776893,0.16780574572929627,66,353,0.12,133,3,severe,0.45,64,1,1584,3,0.6910239810341682,0.48107055120180897,0.402417,264,-0.06015037593984962,0.01002506265664164
ran-5g,1,weighted ensemble,0.7293233082706767,0.17972863272991652,0.12158352523807402,66,353,0.12,133,3,severe,0.45,64,1,1584,3,0.6910239810341682,0.48107055120180897,0.409625,264,-0.06015037593984962,0.01002506265664164
ran-5g,1,hard transfer,0.7819548872180451,0.18607104053747753,0.1761434902126718,66,353,0.12,133,3,severe,0.45,64,1,1584,1,0.6910239810341682,0.48107055120180897,0.004584,56,-0.06015037593984962,0.01002506265664164
ran-5g,1,FedDF,0.7593984962406015,0.16430829582394907,0.2014130957399631,66,353,0.12,133,3,severe,0.45,64,1,1584,1,0.6910239810341682,0.48107055120180897,0.0045,56,-0.06015037593984962,0.01002506265664164
ran-5g,1,FedMD-1r,0.8120300751879699,0.12829575925075556,0.20853302049432984,66,353,0.12,133,3,severe,0.45,64,1,1584,3,0.6910239810341682,0.48107055120180897,0.39975,264,-0.06015037593984962,0.01002506265664164
ran-5g,1,FedMD-2r,0.849624060150376,0.11240246174234421,0.21081089640819087,66,353,0.12,133,3,severe,0.45,64,2,3168,3,0.6910239810341682,0.48107055120180897,0.4055,264,-0.06015037593984962,0.01002506265664164
ran-5g,1,FedMD,0.8872180451127819,0.10423500248577178,0.195219867598926,66,353,0.12,133,3,severe,0.45,64,3,4752,3,0.6910239810341682,0.48107055120180897,0.4065,264,-0.06015037593984962,0.01002506265664164
ran-5g,1,centralized reference,0.9323308270676691,0.045697787539311634,0.07757255490406928,66,353,0.12,133,3,severe,0.45,64,0,0,1,0.6910239810341682,0.48107055120180897,0.004625,56,-0.06015037593984962,0.01002506265664164
ran-5g,2,best local,0.8045112781954887,0.17083796211543736,0.17296747603838936,66,353,0.12,133,3,severe,0.45,64,0,0,1,0.5432515157467214,0.48077445318771644,0.004417,56,0.03759398496240596,0.08521303258145359
ran-5g,2,unweighted ensemble,0.8421052631578947,0.1541921550234624,0.21060388901559396,66,353,0.12,133,3,severe,0.45,64,1,1584,3,0.5432515157467214,0.48077445318771644,0.412333,264,0.03759398496240596,0.08521303258145359
ran-5g,2,weighted ensemble,0.7969924812030075,0.13426659424865825,0.13380861222406776,66,353,0.12,133,3,severe,0.45,64,1,1584,3,0.5432515157467214,0.48077445318771644,0.393583,264,0.03759398496240596,0.08521303258145359
ran-5g,2,hard transfer,0.8120300751879699,0.16953594026450144,0.184266532953093,66,353,0.12,133,3,severe,0.45,64,1,1584,1,0.5432515157467214,0.48077445318771644,0.004542,56,0.03759398496240596,0.08521303258145359
ran-5g,2,FedDF,0.8195488721804511,0.16899798369401214,0.17509438081557804,66,353,0.12,133,3,severe,0.45,64,1,1584,1,0.5432515157467214,0.48077445318771644,0.004208,56,0.03759398496240596,0.08521303258145359
ran-5g,2,FedMD-1r,0.8872180451127819,0.12554935020610378,0.26716878795104704,66,353,0.12,133,3,severe,0.45,64,1,1584,3,0.5432515157467214,0.48077445318771644,0.407208,264,0.03759398496240596,0.08521303258145359
ran-5g,2,FedMD-2r,0.9398496240601504,0.10879354223526017,0.2557619726829122,66,353,0.12,133,3,severe,0.45,64,2,3168,3,0.5432515157467214,0.48077445318771644,0.4095,264,0.03759398496240596,0.08521303258145359
ran-5g,2,FedMD,0.9473684210526315,0.10015846454499651,0.2313733297044493,66,353,0.12,133,3,severe,0.45,64,3,4752,3,0.5432515157467214,0.48077445318771644,0.398916,264,0.03759398496240596,0.08521303258145359
ran-5g,2,centralized reference,0.9624060150375939,0.03254195838838191,0.04732775562634594,66,353,0.12,133,3,severe,0.45,64,0,0,1,0.5432515157467214,0.48077445318771644,0.004667,56,0.03759398496240596,0.08521303258145359
ran-5g,3,best local,0.6842105263157895,0.24612259199245123,0.19329763926390467,66,353,0.12,133,3,severe,0.45,64,0,0,1,0.6714210558992004,0.5009543270024982,0.202584,104,-0.10526315789473684,-0.03759398496240599
ran-5g,3,unweighted ensemble,0.6842105263157895,0.19787942174058648,0.09342727103248484,66,353,0.12,133,3,severe,0.45,64,1,1584,3,0.6714210558992004,0.5009543270024982,0.405083,264,-0.10526315789473684,-0.03759398496240599
ran-5g,3,weighted ensemble,0.6842105263157895,0.22865158171702069,0.15386710245349475,66,353,0.12,133,3,severe,0.45,64,1,1584,3,0.6714210558992004,0.5009543270024982,0.407375,264,-0.10526315789473684,-0.03759398496240599
ran-5g,3,hard transfer,0.6766917293233082,0.323307610411185,0.32330724675231703,66,353,0.12,133,3,severe,0.45,64,1,1584,1,0.6714210558992004,0.5009543270024982,0.004625,56,-0.10526315789473684,-0.03759398496240599
ran-5g,3,FedDF,0.6766917293233082,0.19983186520559412,0.07527422603709674,66,353,0.12,133,3,severe,0.45,64,1,1584,1,0.6714210558992004,0.5009543270024982,0.004583,56,-0.10526315789473684,-0.03759398496240599
ran-5g,3,FedMD-1r,0.8421052631578947,0.1337340518406276,0.2715115590077609,66,353,0.12,133,3,severe,0.45,64,1,1584,3,0.6714210558992004,0.5009543270024982,0.409916,264,-0.10526315789473684,-0.03759398496240599
ran-5g,3,FedMD-2r,0.8947368421052632,0.10496484986749723,0.2599159696639893,66,353,0.12,133,3,severe,0.45,64,2,3168,3,0.6714210558992004,0.5009543270024982,0.402084,264,-0.10526315789473684,-0.03759398496240599
ran-5g,3,FedMD,0.9097744360902256,0.09097297799591555,0.24603666370911917,66,353,0.12,133,3,severe,0.45,64,3,4752,3,0.6714210558992004,0.5009543270024982,0.405833,264,-0.10526315789473684,-0.03759398496240599
ran-5g,3,centralized reference,0.9699248120300752,0.026168972668042377,0.07098192029305099,66,353,0.12,133,3,severe,0.45,64,0,0,1,0.6714210558992004,0.5009543270024982,0.004791,56,-0.10526315789473684,-0.03759398496240599
ran-5g,0,best local,0.7443609022556391,0.21879108780850146,0.20318447561235808,132,287,0.24,133,3,severe,0.45,64,0,0,1,0.5495932048352218,0.49520842988145947,0.199709,104,-0.045112781954887216,-0.01002506265664164
ran-5g,0,unweighted ensemble,0.7218045112781954,0.19456079638502533,0.16538125375589868,132,287,0.24,133,3,severe,0.45,64,1,3168,3,0.5495932048352218,0.49520842988145947,0.403708,264,-0.045112781954887216,-0.01002506265664164
ran-5g,0,weighted ensemble,0.706766917293233,0.2023490352026318,0.1302497614591588,132,287,0.24,133,3,severe,0.45,64,1,3168,3,0.5495932048352218,0.49520842988145947,0.399041,264,-0.045112781954887216,-0.01002506265664164
ran-5g,0,hard transfer,0.7368421052631579,0.2383946738008616,0.2438793440311029,132,287,0.24,133,3,severe,0.45,64,1,3168,1,0.5495932048352218,0.49520842988145947,0.004583,56,-0.045112781954887216,-0.01002506265664164
ran-5g,0,FedDF,0.7142857142857143,0.19483673134150165,0.18816103481894494,132,287,0.24,133,3,severe,0.45,64,1,3168,1,0.5495932048352218,0.49520842988145947,0.0045,56,-0.045112781954887216,-0.01002506265664164
ran-5g,0,FedMD-1r,0.8195488721804511,0.1556027542525326,0.2249231461472172,132,287,0.24,133,3,severe,0.45,64,1,3168,3,0.5495932048352218,0.49520842988145947,0.405,264,-0.045112781954887216,-0.01002506265664164
ran-5g,0,FedMD-2r,0.849624060150376,0.14134378096156655,0.2626300220789769,132,287,0.24,133,3,severe,0.45,64,2,6336,3,0.5495932048352218,0.49520842988145947,0.405125,264,-0.045112781954887216,-0.01002506265664164
ran-5g,0,FedMD,0.8646616541353384,0.13506619341064643,0.2630892568577431,132,287,0.24,133,3,severe,0.45,64,3,9504,3,0.5495932048352218,0.49520842988145947,0.401541,264,-0.045112781954887216,-0.01002506265664164
ran-5g,0,centralized reference,0.9548872180451128,0.03509402525423102,0.04407770166665369,132,287,0.24,133,3,severe,0.45,64,0,0,1,0.5495932048352218,0.49520842988145947,0.0045,56,-0.045112781954887216,-0.01002506265664164
ran-5g,1,best local,0.7518796992481203,0.19435016307627123,0.18272302485640018,132,287,0.24,133,3,severe,0.45,64,0,0,1,0.6354462953739545,0.5034740088779381,0.19475,104,0.0,0.07268170426065161
ran-5g,1,unweighted ensemble,0.7518796992481203,0.17855226294726062,0.23202336652018588,132,287,0.24,133,3,severe,0.45,64,1,3168,3,0.6354462953739545,0.5034740088779381,0.397334,264,0.0,0.07268170426065161
ran-5g,1,weighted ensemble,0.706766917293233,0.17445240036108847,0.13781583353412047,132,287,0.24,133,3,severe,0.45,64,1,3168,3,0.6354462953739545,0.5034740088779381,0.404459,264,0.0,0.07268170426065161
ran-5g,1,hard transfer,0.7744360902255639,0.20638530295186347,0.20457880245945792,132,287,0.24,133,3,severe,0.45,64,1,3168,1,0.6354462953739545,0.5034740088779381,0.004584,56,0.0,0.07268170426065161
ran-5g,1,FedDF,0.7518796992481203,0.19040557988198836,0.19649824766522087,132,287,0.24,133,3,severe,0.45,64,1,3168,1,0.6354462953739545,0.5034740088779381,0.0045,56,0.0,0.07268170426065161
ran-5g,1,FedMD-1r,0.8421052631578947,0.1404002122573305,0.22381482564820723,132,287,0.24,133,3,severe,0.45,64,1,3168,3,0.6354462953739545,0.5034740088779381,0.40725,264,0.0,0.07268170426065161
ran-5g,1,FedMD-2r,0.8571428571428571,0.12245366515271934,0.22690404233533987,132,287,0.24,133,3,severe,0.45,64,2,6336,3,0.6354462953739545,0.5034740088779381,0.401709,264,0.0,0.07268170426065161
ran-5g,1,FedMD,0.8646616541353384,0.11426132707986345,0.21789134251404788,132,287,0.24,133,3,severe,0.45,64,3,9504,3,0.6354462953739545,0.5034740088779381,0.4005,264,0.0,0.07268170426065161
ran-5g,1,centralized reference,0.9624060150375939,0.03957598747661816,0.073813573775058,132,287,0.24,133,3,severe,0.45,64,0,0,1,0.6354462953739545,0.5034740088779381,0.004458,56,0.0,0.07268170426065161
ran-5g,2,best local,0.7894736842105263,0.17988648899225704,0.154694430987531,132,287,0.24,133,3,severe,0.45,64,0,0,1,0.564183487801173,0.4920368124834276,0.196125,104,0.022556390977443552,0.07017543859649118
ran-5g,2,unweighted ensemble,0.7969924812030075,0.16610484412587034,0.21061949785241033,132,287,0.24,133,3,severe,0.45,64,1,3168,3,0.564183487801173,0.4920368124834276,0.404,264,0.022556390977443552,0.07017543859649118
ran-5g,2,weighted ensemble,0.7293233082706767,0.16012376763290942,0.10924658058426727,132,287,0.24,133,3,severe,0.45,64,1,3168,3,0.564183487801173,0.4920368124834276,0.4025,264,0.022556390977443552,0.07017543859649118
ran-5g,2,hard transfer,0.7894736842105263,0.18419361877632134,0.19581680646956584,132,287,0.24,133,3,severe,0.45,64,1,3168,1,0.564183487801173,0.4920368124834276,0.0045,56,0.022556390977443552,0.07017543859649118
ran-5g,2,FedDF,0.7819548872180451,0.17729833054017385,0.18847714928848056,132,287,0.24,133,3,severe,0.45,64,1,3168,1,0.564183487801173,0.4920368124834276,0.0045,56,0.022556390977443552,0.07017543859649118
ran-5g,2,FedMD-1r,0.8721804511278195,0.1269535629977799,0.23427619239453917,132,287,0.24,133,3,severe,0.45,64,1,3168,3,0.564183487801173,0.4920368124834276,0.398208,264,0.022556390977443552,0.07017543859649118
ran-5g,2,FedMD-2r,0.8947368421052632,0.10348553381841166,0.25062791526426437,132,287,0.24,133,3,severe,0.45,64,2,6336,3,0.564183487801173,0.4920368124834276,0.407542,264,0.022556390977443552,0.07017543859649118
ran-5g,2,FedMD,0.924812030075188,0.09021759355387807,0.24049894349352569,132,287,0.24,133,3,severe,0.45,64,3,9504,3,0.564183487801173,0.4920368124834276,0.410167,264,0.022556390977443552,0.07017543859649118
ran-5g,2,centralized reference,0.9548872180451128,0.03285079636273993,0.053917446682222765,132,287,0.24,133,3,severe,0.45,64,0,0,1,0.564183487801173,0.4920368124834276,0.004417,56,0.022556390977443552,0.07017543859649118
ran-5g,3,best local,0.8120300751879699,0.1214517322189831,0.07630889396058542,132,287,0.24,133,3,severe,0.45,64,0,0,1,0.669462439274321,0.5119745101952072,0.193875,104,0.045112781954887216,0.12531328320802004
ran-5g,3,unweighted ensemble,0.8120300751879699,0.16589962284018092,0.1902527520709425,132,287,0.24,133,3,severe,0.45,64,1,3168,3,0.669462439274321,0.5119745101952072,0.409834,264,0.045112781954887216,0.12531328320802004
ran-5g,3,weighted ensemble,0.8195488721804511,0.12707370795520645,0.14646691176733764,132,287,0.24,133,3,severe,0.45,64,1,3168,3,0.669462439274321,0.5119745101952072,0.406334,264,0.045112781954887216,0.12531328320802004
ran-5g,3,hard transfer,0.8421052631578947,0.11330211358730242,0.09588804243851658,132,287,0.24,133,3,severe,0.45,64,1,3168,1,0.669462439274321,0.5119745101952072,0.00425,56,0.045112781954887216,0.12531328320802004
ran-5g,3,FedDF,0.8345864661654135,0.16518876074313463,0.22579951768378798,132,287,0.24,133,3,severe,0.45,64,1,3168,1,0.669462439274321,0.5119745101952072,0.004208,56,0.045112781954887216,0.12531328320802004
ran-5g,3,FedMD-1r,0.9398496240601504,0.13347876959707028,0.2861719348936331,132,287,0.24,133,3,severe,0.45,64,1,3168,3,0.669462439274321,0.5119745101952072,0.39925,264,0.045112781954887216,0.12531328320802004
ran-5g,3,FedMD-2r,0.9323308270676691,0.12132519313659772,0.25906314068913144,132,287,0.24,133,3,severe,0.45,64,2,6336,3,0.669462439274321,0.5119745101952072,0.401,264,0.045112781954887216,0.12531328320802004
ran-5g,3,FedMD,0.924812030075188,0.11622549705001511,0.25216534714260447,132,287,0.24,133,3,severe,0.45,64,3,9504,3,0.669462439274321,0.5119745101952072,0.3895,264,0.045112781954887216,0.12531328320802004
ran-5g,3,centralized reference,0.9699248120300752,0.03025631451983476,0.06630506943122344,132,287,0.24,133,3,severe,0.45,64,0,0,1,0.669462439274321,0.5119745101952072,0.004375,56,0.045112781954887216,0.12531328320802004
ran-5g,0,best local,0.7969924812030075,0.1316153617728258,0.10397902973096862,199,220,0.36,133,3,severe,0.45,64,0,0,1,0.702521772467699,0.5324396035751481,0.193416,104,0.03007518796992481,0.05513784461152882
ran-5g,0,unweighted ensemble,0.7969924812030075,0.16410114814865237,0.2558912618905948,199,220,0.36,133,3,severe,0.45,64,1,4776,3,0.702521772467699,0.5324396035751481,0.401792,264,0.03007518796992481,0.05513784461152882
ran-5g,0,weighted ensemble,0.7819548872180451,0.1404465332653343,0.16690751683977406,199,220,0.36,133,3,severe,0.45,64,1,4776,3,0.702521772467699,0.5324396035751481,0.387709,264,0.03007518796992481,0.05513784461152882
ran-5g,0,hard transfer,0.8345864661654135,0.11022706230978906,0.1430534319793859,199,220,0.36,133,3,severe,0.45,64,1,4776,1,0.702521772467699,0.5324396035751481,0.004583,56,0.03007518796992481,0.05513784461152882
ran-5g,0,FedDF,0.8721804511278195,0.15868676232554188,0.2742122123831694,199,220,0.36,133,3,severe,0.45,64,1,4776,1,0.702521772467699,0.5324396035751481,0.004375,56,0.03007518796992481,0.05513784461152882
ran-5g,0,FedMD-1r,0.9172932330827067,0.11927985559139435,0.27947302886794567,199,220,0.36,133,3,severe,0.45,64,1,4776,3,0.702521772467699,0.5324396035751481,0.398417,264,0.03007518796992481,0.05513784461152882
ran-5g,0,FedMD-2r,0.9473684210526315,0.10169618175733881,0.2463922938090563,199,220,0.36,133,3,severe,0.45,64,2,9552,3,0.702521772467699,0.5324396035751481,0.399417,264,0.03007518796992481,0.05513784461152882
ran-5g,0,FedMD,0.9473684210526315,0.09257018921670933,0.22675462089203366,199,220,0.36,133,3,severe,0.45,64,3,14328,3,0.702521772467699,0.5324396035751481,0.386208,264,0.03007518796992481,0.05513784461152882
ran-5g,0,centralized reference,0.9548872180451128,0.03383336167582239,0.04088815751441213,199,220,0.36,133,3,severe,0.45,64,0,0,1,0.702521772467699,0.5324396035751481,0.004416,56,0.03007518796992481,0.05513784461152882
ran-5g,1,best local,0.7293233082706767,0.2409148700230697,0.2272972400137642,199,220,0.36,133,3,severe,0.45,64,0,0,1,0.655106220650561,0.5114000564577349,0.004333,56,-0.1278195488721805,-0.052631578947368474
ran-5g,1,unweighted ensemble,0.7218045112781954,0.17096474124340705,0.17295752090032515,199,220,0.36,133,3,severe,0.45,64,1,4776,3,0.655106220650561,0.5114000564577349,0.388,264,-0.1278195488721805,-0.052631578947368474
ran-5g,1,weighted ensemble,0.6842105263157895,0.19308266829956017,0.13831489327946647,199,220,0.36,133,3,severe,0.45,64,1,4776,3,0.655106220650561,0.5114000564577349,0.395791,264,-0.1278195488721805,-0.052631578947368474
ran-5g,1,hard transfer,0.7368421052631579,0.24129092397739277,0.2538709024722925,199,220,0.36,133,3,severe,0.45,64,1,4776,1,0.655106220650561,0.5114000564577349,0.004417,56,-0.1278195488721805,-0.052631578947368474
ran-5g,1,FedDF,0.706766917293233,0.18464248759861251,0.1518333413358527,199,220,0.36,133,3,severe,0.45,64,1,4776,1,0.655106220650561,0.5114000564577349,0.004333,56,-0.1278195488721805,-0.052631578947368474
ran-5g,1,FedMD-1r,0.8345864661654135,0.130826512777091,0.2610663672828603,199,220,0.36,133,3,severe,0.45,64,1,4776,3,0.655106220650561,0.5114000564577349,0.397959,264,-0.1278195488721805,-0.052631578947368474
ran-5g,1,FedMD-2r,0.8796992481203008,0.11258253153237611,0.2249609388550131,199,220,0.36,133,3,severe,0.45,64,2,9552,3,0.655106220650561,0.5114000564577349,0.39475,264,-0.1278195488721805,-0.052631578947368474
ran-5g,1,FedMD,0.9022556390977443,0.10424567974095711,0.21407778722506418,199,220,0.36,133,3,severe,0.45,64,3,14328,3,0.655106220650561,0.5114000564577349,0.406333,264,-0.1278195488721805,-0.052631578947368474
ran-5g,1,centralized reference,0.9548872180451128,0.040766164761900016,0.06313816851078957,199,220,0.36,133,3,severe,0.45,64,0,0,1,0.655106220650561,0.5114000564577349,0.004708,56,-0.1278195488721805,-0.052631578947368474
ran-5g,2,best local,0.7368421052631579,0.18642773689727618,0.18651915973566047,199,220,0.36,133,3,severe,0.45,64,0,0,1,0.6224755000133515,0.5063670210533945,0.197708,104,-0.045112781954887216,0.10526315789473685
ran-5g,2,unweighted ensemble,0.7443609022556391,0.19374283126117442,0.16839079378348965,199,220,0.36,133,3,severe,0.45,64,1,4776,3,0.6224755000133515,0.5063670210533945,0.395459,264,-0.045112781954887216,0.10526315789473685
ran-5g,2,weighted ensemble,0.7368421052631579,0.18318145518109,0.15887356946843037,199,220,0.36,133,3,severe,0.45,64,1,4776,3,0.6224755000133515,0.5063670210533945,0.40525,264,-0.045112781954887216,0.10526315789473685
ran-5g,2,hard transfer,0.7368421052631579,0.23943599590227968,0.24182802629673947,199,220,0.36,133,3,severe,0.45,64,1,4776,1,0.6224755000133515,0.5063670210533945,0.004792,56,-0.045112781954887216,0.10526315789473685
ran-5g,2,FedDF,0.7368421052631579,0.2005668817191334,0.2123295844933724,199,220,0.36,133,3,severe,0.45,64,1,4776,1,0.6224755000133515,0.5063670210533945,0.004584,56,-0.045112781954887216,0.10526315789473685
ran-5g,2,FedMD-1r,0.8796992481203008,0.14111052670258709,0.29402154615093457,199,220,0.36,133,3,severe,0.45,64,1,4776,3,0.6224755000133515,0.5063670210533945,0.411583,264,-0.045112781954887216,0.10526315789473685
ran-5g,2,FedMD-2r,0.9022556390977443,0.11757365734638252,0.27470660496441623,199,220,0.36,133,3,severe,0.45,64,2,9552,3,0.6224755000133515,0.5063670210533945,0.395375,264,-0.045112781954887216,0.10526315789473685
ran-5g,2,FedMD,0.9172932330827067,0.10507381725978433,0.2629062315307394,199,220,0.36,133,3,severe,0.45,64,3,14328,3,0.6224755000133515,0.5063670210533945,0.405708,264,-0.045112781954887216,0.10526315789473685
ran-5g,2,centralized reference,0.9624060150375939,0.03256606647195869,0.05880787029403177,199,220,0.36,133,3,severe,0.45,64,0,0,1,0.6224755000133515,0.5063670210533945,0.004542,56,-0.045112781954887216,0.10526315789473685
ran-5g,3,best local,0.7669172932330827,0.1625667714021581,0.1326442950119715,199,220,0.36,133,3,severe,0.45,64,0,0,1,0.6422192467470045,0.5313131001018528,0.192959,104,0.09022556390977443,0.15538847117794485
ran-5g,3,unweighted ensemble,0.849624060150376,0.1633983320215729,0.27035240452976234,199,220,0.36,133,3,severe,0.45,64,1,4776,3,0.6422192467470045,0.5313131001018528,0.40675,264,0.09022556390977443,0.15538847117794485
ran-5g,3,weighted ensemble,0.8120300751879699,0.14216007710941767,0.1657627041416204,199,220,0.36,133,3,severe,0.45,64,1,4776,3,0.6422192467470045,0.5313131001018528,0.404375,264,0.09022556390977443,0.15538847117794485
ran-5g,3,hard transfer,0.8270676691729323,0.10284497072748938,0.1498565955510053,199,220,0.36,133,3,severe,0.45,64,1,4776,1,0.6422192467470045,0.5313131001018528,0.00425,56,0.09022556390977443,0.15538847117794485
ran-5g,3,FedDF,0.8571428571428571,0.1615925004748389,0.34195707503118417,199,220,0.36,133,3,severe,0.45,64,1,4776,1,0.6422192467470045,0.5313131001018528,0.004166,56,0.09022556390977443,0.15538847117794485
ran-5g,3,FedMD-1r,0.8947368421052632,0.1303428350995359,0.29641151467432264,199,220,0.36,133,3,severe,0.45,64,1,4776,3,0.6422192467470045,0.5313131001018528,0.407542,264,0.09022556390977443,0.15538847117794485
ran-5g,3,FedMD-2r,0.9022556390977443,0.11659907652477405,0.2655939888826888,199,220,0.36,133,3,severe,0.45,64,2,9552,3,0.6422192467470045,0.5313131001018528,0.403041,264,0.09022556390977443,0.15538847117794485
ran-5g,3,FedMD,0.924812030075188,0.10998395401311926,0.24220952890688718,199,220,0.36,133,3,severe,0.45,64,3,14328,3,0.6422192467470045,0.5313131001018528,0.395625,264,0.09022556390977443,0.15538847117794485
ran-5g,3,centralized reference,0.9699248120300752,0.03195319808752315,0.0725254935703667,199,220,0.36,133,3,severe,0.45,64,0,0,1,0.6422192467470045,0.5313131001018528,0.004333,56,0.09022556390977443,0.15538847117794485
ran-5g,0,best local,0.8270676691729323,0.09567023035216582,0.14094315087567247,66,353,0.12,133,3,severe,0.75,64,0,0,1,0.560064691643639,0.5161975996052713,0.196334,104,-0.13533834586466165,0.007518796992481184
ran-5g,0,unweighted ensemble,0.7819548872180451,0.1584602617602075,0.2799447070556496,66,353,0.12,133,3,severe,0.75,64,1,1584,3,0.560064691643639,0.5161975996052713,0.407875,264,-0.13533834586466165,0.007518796992481184
ran-5g,0,weighted ensemble,0.7894736842105263,0.12072154472152653,0.22682495963743507,66,353,0.12,133,3,severe,0.75,64,1,1584,3,0.560064691643639,0.5161975996052713,0.405542,264,-0.13533834586466165,0.007518796992481184
ran-5g,0,hard transfer,0.7969924812030075,0.17109235355012348,0.17714370771313437,66,353,0.12,133,3,severe,0.75,64,1,1584,1,0.560064691643639,0.5161975996052713,0.004291,56,-0.13533834586466165,0.007518796992481184
ran-5g,0,FedDF,0.8120300751879699,0.16284407245940608,0.30641550796898465,66,353,0.12,133,3,severe,0.75,64,1,1584,1,0.560064691643639,0.5161975996052713,0.004209,56,-0.13533834586466165,0.007518796992481184
ran-5g,0,FedMD-1r,0.8947368421052632,0.13404159010959354,0.29937194810690265,66,353,0.12,133,3,severe,0.75,64,1,1584,3,0.560064691643639,0.5161975996052713,0.395167,264,-0.13533834586466165,0.007518796992481184
ran-5g,0,FedMD-2r,0.9473684210526315,0.12369178031369503,0.28882606318899484,66,353,0.12,133,3,severe,0.75,64,2,3168,3,0.560064691643639,0.5161975996052713,0.400042,264,-0.13533834586466165,0.007518796992481184
ran-5g,0,FedMD,0.9473684210526315,0.11817338741278818,0.28101504533448685,66,353,0.12,133,3,severe,0.75,64,3,4752,3,0.560064691643639,0.5161975996052713,0.399958,264,-0.13533834586466165,0.007518796992481184
ran-5g,0,centralized reference,0.9473684210526315,0.03596803965902082,0.04676867063873208,66,353,0.12,133,3,severe,0.75,64,0,0,1,0.560064691643639,0.5161975996052713,0.0045,56,-0.13533834586466165,0.007518796992481184
ran-5g,1,best local,0.7593984962406015,0.2086603491087964,0.19271917093948815,66,353,0.12,133,3,severe,0.75,64,0,0,1,0.6724214401993226,0.4779161133831243,0.196792,104,-0.022556390977443552,0.025062656641604047
ran-5g,1,unweighted ensemble,0.7593984962406015,0.1779637032974278,0.1389469126263153,66,353,0.12,133,3,severe,0.75,64,1,1584,3,0.6724214401993226,0.4779161133831243,0.403208,264,-0.022556390977443552,0.025062656641604047
ran-5g,1,weighted ensemble,0.7142857142857143,0.18423474143679786,0.10790053764894633,66,353,0.12,133,3,severe,0.75,64,1,1584,3,0.6724214401993226,0.4779161133831243,0.40075,264,-0.022556390977443552,0.025062656641604047
ran-5g,1,hard transfer,0.7593984962406015,0.192110334993824,0.1917250412648045,66,353,0.12,133,3,severe,0.75,64,1,1584,1,0.6724214401993226,0.4779161133831243,0.004833,56,-0.022556390977443552,0.025062656641604047
ran-5g,1,FedDF,0.7593984962406015,0.1832848852876587,0.15075924470240024,66,353,0.12,133,3,severe,0.75,64,1,1584,1,0.6724214401993226,0.4779161133831243,0.004666,56,-0.022556390977443552,0.025062656641604047
ran-5g,1,FedMD-1r,0.8045112781954887,0.1492121131529584,0.20989825916259802,66,353,0.12,133,3,severe,0.75,64,1,1584,3,0.6724214401993226,0.4779161133831243,0.409209,264,-0.022556390977443552,0.025062656641604047
ran-5g,1,FedMD-2r,0.8345864661654135,0.1341906184458287,0.20486975348048053,66,353,0.12,133,3,severe,0.75,64,2,3168,3,0.6724214401993226,0.4779161133831243,0.413667,264,-0.022556390977443552,0.025062656641604047
ran-5g,1,FedMD,0.8571428571428571,0.12690529658501043,0.1991543026488267,66,353,0.12,133,3,severe,0.75,64,3,4752,3,0.6724214401993226,0.4779161133831243,0.395917,264,-0.022556390977443552,0.025062656641604047
ran-5g,1,centralized reference,0.9323308270676691,0.045697787539311634,0.07757255490406928,66,353,0.12,133,3,severe,0.75,64,0,0,1,0.6724214401993226,0.4779161133831243,0.004667,56,-0.022556390977443552,0.025062656641604047
ran-5g,2,best local,0.8045112781954887,0.17083796211543736,0.17296747603838936,66,353,0.12,133,3,severe,0.75,64,0,0,1,0.5403779525283305,0.48328071885187684,0.004583,56,0.007518796992481258,0.027568922305764427
ran-5g,2,unweighted ensemble,0.8345864661654135,0.15043555334980485,0.20121457074059101,66,353,0.12,133,3,severe,0.75,64,1,1584,3,0.5403779525283305,0.48328071885187684,0.398791,264,0.007518796992481258,0.027568922305764427
ran-5g,2,weighted ensemble,0.7969924812030075,0.1343779506485597,0.1316202699784576,66,353,0.12,133,3,severe,0.75,64,1,1584,3,0.5403779525283305,0.48328071885187684,0.405083,264,0.007518796992481258,0.027568922305764427
ran-5g,2,hard transfer,0.8045112781954887,0.17376464948210046,0.18410372526202845,66,353,0.12,133,3,severe,0.75,64,1,1584,1,0.5403779525283305,0.48328071885187684,0.004583,56,0.007518796992481258,0.027568922305764427
ran-5g,2,FedDF,0.8270676691729323,0.16683832492333625,0.17573940156661377,66,353,0.12,133,3,severe,0.75,64,1,1584,1,0.5403779525283305,0.48328071885187684,0.0045,56,0.007518796992481258,0.027568922305764427
ran-5g,2,FedMD-1r,0.8646616541353384,0.13483856982651712,0.27787710347110356,66,353,0.12,133,3,severe,0.75,64,1,1584,3,0.5403779525283305,0.48328071885187684,0.410333,264,0.007518796992481258,0.027568922305764427
ran-5g,2,FedMD-2r,0.924812030075188,0.12361447408874762,0.28573726631852175,66,353,0.12,133,3,severe,0.75,64,2,3168,3,0.5403779525283305,0.48328071885187684,0.403334,264,0.007518796992481258,0.027568922305764427
ran-5g,2,FedMD,0.924812030075188,0.11783547744632766,0.27805344066427323,66,353,0.12,133,3,severe,0.75,64,3,4752,3,0.5403779525283305,0.48328071885187684,0.40475,264,0.007518796992481258,0.027568922305764427
ran-5g,2,centralized reference,0.9624060150375939,0.03254195838838191,0.04732775562634594,66,353,0.12,133,3,severe,0.75,64,0,0,1,0.5403779525283305,0.48328071885187684,0.004541,56,0.007518796992481258,0.027568922305764427
ran-5g,3,best local,0.6842105263157895,0.24612259199245123,0.19329763926390467,66,353,0.12,133,3,severe,0.75,64,0,0,1,0.6393965501904842,0.5120932855098778,0.201375,104,0.007518796992481258,0.025062656641604047
ran-5g,3,unweighted ensemble,0.6842105263157895,0.2095964883858618,0.06467091917231514,66,353,0.12,133,3,severe,0.75,64,1,1584,3,0.6393965501904842,0.5120932855098778,0.408709,264,0.007518796992481258,0.025062656641604047
ran-5g,3,weighted ensemble,0.6842105263157895,0.23096114956969016,0.14938781101018703,66,353,0.12,133,3,severe,0.75,64,1,1584,3,0.6393965501904842,0.5120932855098778,0.395083,264,0.007518796992481258,0.025062656641604047
ran-5g,3,hard transfer,0.6766917293233082,0.323307610411185,0.32330724675231703,66,353,0.12,133,3,severe,0.75,64,1,1584,1,0.6393965501904842,0.5120932855098778,0.004334,56,0.007518796992481258,0.025062656641604047
ran-5g,3,FedDF,0.6766917293233082,0.2113870215136998,0.053279414117472675,66,353,0.12,133,3,severe,0.75,64,1,1584,1,0.6393965501904842,0.5120932855098778,0.004583,56,0.007518796992481258,0.025062656641604047
ran-5g,3,FedMD-1r,0.7894736842105263,0.15025404735543635,0.31055412308363406,66,353,0.12,133,3,severe,0.75,64,1,1584,3,0.6393965501904842,0.5120932855098778,0.40775,264,0.007518796992481258,0.025062656641604047
ran-5g,3,FedMD-2r,0.8796992481203008,0.12507945388444486,0.2977954946119355,66,353,0.12,133,3,severe,0.75,64,2,3168,3,0.6393965501904842,0.5120932855098778,0.406917,264,0.007518796992481258,0.025062656641604047
ran-5g,3,FedMD,0.9097744360902256,0.11326137249520074,0.284584037643566,66,353,0.12,133,3,severe,0.75,64,3,4752,3,0.6393965501904842,0.5120932855098778,0.392917,264,0.007518796992481258,0.025062656641604047
ran-5g,3,centralized reference,0.9699248120300752,0.026168972668042377,0.07098192029305099,66,353,0.12,133,3,severe,0.75,64,0,0,1,0.6393965501904842,0.5120932855098778,0.0045,56,0.007518796992481258,0.025062656641604047
ran-5g,0,best local,0.7443609022556391,0.21879108780850146,0.20318447561235808,132,287,0.24,133,3,severe,0.75,64,0,0,1,0.5369019021103244,0.5060600269592604,0.191167,104,-0.03759398496240607,-0.0025062656641604564
ran-5g,0,unweighted ensemble,0.7218045112781954,0.19491284132714856,0.1664843195819401,132,287,0.24,133,3,severe,0.75,64,1,3168,3,0.5369019021103244,0.5060600269592604,0.405708,264,-0.03759398496240607,-0.0025062656641604564
ran-5g,0,weighted ensemble,0.6992481203007519,0.2030880622992443,0.13272326777673304,132,287,0.24,133,3,severe,0.75,64,1,3168,3,0.5369019021103244,0.5060600269592604,0.403292,264,-0.03759398496240607,-0.0025062656641604564
ran-5g,0,hard transfer,0.7368421052631579,0.2383946738008616,0.2438793440311029,132,287,0.24,133,3,severe,0.75,64,1,3168,1,0.5369019021103244,0.5060600269592604,0.0045,56,-0.03759398496240607,-0.0025062656641604564
ran-5g,0,FedDF,0.7218045112781954,0.196350190272593,0.17355571962466984,132,287,0.24,133,3,severe,0.75,64,1,3168,1,0.5369019021103244,0.5060600269592604,0.004416,56,-0.03759398496240607,-0.0025062656641604564
ran-5g,0,FedMD-1r,0.7819548872180451,0.16551539503480497,0.22915188196632097,132,287,0.24,133,3,severe,0.75,64,1,3168,3,0.5369019021103244,0.5060600269592604,0.387917,264,-0.03759398496240607,-0.0025062656641604564
ran-5g,0,FedMD-2r,0.8120300751879699,0.15507949377008715,0.2762753863543033,132,287,0.24,133,3,severe,0.75,64,2,6336,3,0.5369019021103244,0.5060600269592604,0.398417,264,-0.03759398496240607,-0.0025062656641604564
ran-5g,0,FedMD,0.8270676691729323,0.15048471977257555,0.3077711630961006,132,287,0.24,133,3,severe,0.75,64,3,9504,3,0.5369019021103244,0.5060600269592604,0.39725,264,-0.03759398496240607,-0.0025062656641604564
ran-5g,0,centralized reference,0.9548872180451128,0.03509402525423102,0.04407770166665369,132,287,0.24,133,3,severe,0.75,64,0,0,1,0.5369019021103244,0.5060600269592604,0.004458,56,-0.03759398496240607,-0.0025062656641604564
ran-5g,1,best local,0.7518796992481203,0.19435016307627123,0.18272302485640018,132,287,0.24,133,3,severe,0.75,64,0,0,1,0.6232882406627082,0.5024608376520009,0.189625,104,0.03759398496240596,0.057644110275689164
ran-5g,1,unweighted ensemble,0.7669172932330827,0.18008446706975367,0.2419274141458138,132,287,0.24,133,3,severe,0.75,64,1,3168,3,0.6232882406627082,0.5024608376520009,0.398125,264,0.03759398496240596,0.057644110275689164
ran-5g,1,weighted ensemble,0.706766917293233,0.17524836153409412,0.13178155446281922,132,287,0.24,133,3,severe,0.75,64,1,3168,3,0.6232882406627082,0.5024608376520009,0.395625,264,0.03759398496240596,0.057644110275689164
ran-5g,1,hard transfer,0.7443609022556391,0.21229148499165945,0.2154218480018378,132,287,0.24,133,3,severe,0.75,64,1,3168,1,0.6232882406627082,0.5024608376520009,0.004416,56,0.03759398496240596,0.057644110275689164
ran-5g,1,FedDF,0.7443609022556391,0.19194365768706598,0.15953201349101895,132,287,0.24,133,3,severe,0.75,64,1,3168,1,0.6232882406627082,0.5024608376520009,0.004333,56,0.03759398496240596,0.057644110275689164
ran-5g,1,FedMD-1r,0.8195488721804511,0.1553055567974805,0.24733164723164763,132,287,0.24,133,3,severe,0.75,64,1,3168,3,0.6232882406627082,0.5024608376520009,0.397208,264,0.03759398496240596,0.057644110275689164
ran-5g,1,FedMD-2r,0.8421052631578947,0.14214568137851222,0.23985931274939915,132,287,0.24,133,3,severe,0.75,64,2,6336,3,0.6232882406627082,0.5024608376520009,0.405042,264,0.03759398496240596,0.057644110275689164
ran-5g,1,FedMD,0.849624060150376,0.13617772389201116,0.23633319473712983,132,287,0.24,133,3,severe,0.75,64,3,9504,3,0.6232882406627082,0.5024608376520009,0.396584,264,0.03759398496240596,0.057644110275689164
ran-5g,1,centralized reference,0.9624060150375939,0.03957598747661816,0.073813573775058,132,287,0.24,133,3,severe,0.75,64,0,0,1,0.6232882406627082,0.5024608376520009,0.004209,56,0.03759398496240596,0.057644110275689164
ran-5g,2,best local,0.7894736842105263,0.17988648899225704,0.154694430987531,132,287,0.24,133,3,severe,0.75,64,0,0,1,0.5816473602482481,0.4946497277503183,0.193959,104,0.022556390977443552,0.04761904761904756
ran-5g,2,unweighted ensemble,0.7969924812030075,0.1638567062394845,0.2131332624922434,132,287,0.24,133,3,severe,0.75,64,1,3168,3,0.5816473602482481,0.4946497277503183,0.406166,264,0.022556390977443552,0.04761904761904756
ran-5g,2,weighted ensemble,0.7293233082706767,0.1604453951756068,0.10195293425950311,132,287,0.24,133,3,severe,0.75,64,1,3168,3,0.5816473602482481,0.4946497277503183,0.394167,264,0.022556390977443552,0.04761904761904756
ran-5g,2,hard transfer,0.7819548872180451,0.18833902311805098,0.2044503086565208,132,287,0.24,133,3,severe,0.75,64,1,3168,1,0.5816473602482481,0.4946497277503183,0.00425,56,0.022556390977443552,0.04761904761904756
ran-5g,2,FedDF,0.7819548872180451,0.175799586163241,0.1861125224665624,132,287,0.24,133,3,severe,0.75,64,1,3168,1,0.5816473602482481,0.4946497277503183,0.004167,56,0.022556390977443552,0.04761904761904756
ran-5g,2,FedMD-1r,0.8345864661654135,0.14073664805466282,0.26291357677377836,132,287,0.24,133,3,severe,0.75,64,1,3168,3,0.5816473602482481,0.4946497277503183,0.402209,264,0.022556390977443552,0.04761904761904756
ran-5g,2,FedMD-2r,0.8796992481203008,0.12506092173257075,0.2707973633894291,132,287,0.24,133,3,severe,0.75,64,2,6336,3,0.5816473602482481,0.4946497277503183,0.403542,264,0.022556390977443552,0.04761904761904756
ran-5g,2,FedMD,0.8872180451127819,0.1161826209191293,0.27606000336527586,132,287,0.24,133,3,severe,0.75,64,3,9504,3,0.5816473602482481,0.4946497277503183,0.396167,264,0.022556390977443552,0.04761904761904756
ran-5g,2,centralized reference,0.9548872180451128,0.03285079636273993,0.053917446682222765,132,287,0.24,133,3,severe,0.75,64,0,0,1,0.5816473602482481,0.4946497277503183,0.00425,56,0.022556390977443552,0.04761904761904756
ran-5g,3,best local,0.8120300751879699,0.1214517322189831,0.07630889396058542,132,287,0.24,133,3,severe,0.75,64,0,0,1,0.6700756744900197,0.5089349965173957,0.199042,104,0.06766917293233088,0.1127819548872181
ran-5g,3,unweighted ensemble,0.8195488721804511,0.16522515638634394,0.22997906230647158,132,287,0.24,133,3,severe,0.75,64,1,3168,3,0.6700756744900197,0.5089349965173957,0.409792,264,0.06766917293233088,0.1127819548872181
ran-5g,3,weighted ensemble,0.8120300751879699,0.12730987968244456,0.16053357352316372,132,287,0.24,133,3,severe,0.75,64,1,3168,3,0.6700756744900197,0.5089349965173957,0.394333,264,0.06766917293233088,0.1127819548872181
ran-5g,3,hard transfer,0.8571428571428571,0.10864689638501238,0.0875528886814745,132,287,0.24,133,3,severe,0.75,64,1,3168,1,0.6700756744900197,0.5089349965173957,0.004542,56,0.06766917293233088,0.1127819548872181
ran-5g,3,FedDF,0.8195488721804511,0.16296307297857476,0.23223976472886726,132,287,0.24,133,3,severe,0.75,64,1,3168,1,0.6700756744900197,0.5089349965173957,0.004375,56,0.06766917293233088,0.1127819548872181
ran-5g,3,FedMD-1r,0.9398496240601504,0.1404564306576742,0.2992279252558721,132,287,0.24,133,3,severe,0.75,64,1,3168,3,0.6700756744900197,0.5089349965173957,0.399583,264,0.06766917293233088,0.1127819548872181
ran-5g,3,FedMD-2r,0.9398496240601504,0.13223399008510495,0.28768717449642056,132,287,0.24,133,3,severe,0.75,64,2,6336,3,0.6700756744900197,0.5089349965173957,0.40025,264,0.06766917293233088,0.1127819548872181
ran-5g,3,FedMD,0.9323308270676691,0.12910155424582667,0.27496021538100496,132,287,0.24,133,3,severe,0.75,64,3,9504,3,0.6700756744900197,0.5089349965173957,0.407917,264,0.06766917293233088,0.1127819548872181
ran-5g,3,centralized reference,0.9699248120300752,0.03025631451983476,0.06630506943122344,132,287,0.24,133,3,severe,0.75,64,0,0,1,0.6700756744900197,0.5089349965173957,0.004625,56,0.06766917293233088,0.1127819548872181
ran-5g,0,best local,0.7969924812030075,0.1316153617728258,0.10397902973096862,199,220,0.36,133,3,severe,0.75,64,0,0,1,0.7165150890925945,0.53877488622622,0.194667,104,0.03007518796992481,0.045112781954887216
ran-5g,0,unweighted ensemble,0.7969924812030075,0.16316307067096533,0.2328659431287884,199,220,0.36,133,3,severe,0.75,64,1,4776,3,0.7165150890925945,0.53877488622622,0.404959,264,0.03007518796992481,0.045112781954887216
ran-5g,0,weighted ensemble,0.7819548872180451,0.14056530124260944,0.1536833624674661,199,220,0.36,133,3,severe,0.75,64,1,4776,3,0.7165150890925945,0.53877488622622,0.413958,264,0.03007518796992481,0.045112781954887216
ran-5g,0,hard transfer,0.8345864661654135,0.1154179588275742,0.1492233984435975,199,220,0.36,133,3,severe,0.75,64,1,4776,1,0.7165150890925945,0.53877488622622,0.004125,56,0.03007518796992481,0.045112781954887216
ran-5g,0,FedDF,0.8571428571428571,0.15944793002756288,0.2646695344008524,199,220,0.36,133,3,severe,0.75,64,1,4776,1,0.7165150890925945,0.53877488622622,0.004167,56,0.03007518796992481,0.045112781954887216
ran-5g,0,FedMD-1r,0.9097744360902256,0.1304225271622593,0.2814796771172506,199,220,0.36,133,3,severe,0.75,64,1,4776,3,0.7165150890925945,0.53877488622622,0.386292,264,0.03007518796992481,0.045112781954887216
ran-5g,0,FedMD-2r,0.9473684210526315,0.11839585606893886,0.2650735466725622,199,220,0.36,133,3,severe,0.75,64,2,9552,3,0.7165150890925945,0.53877488622622,0.397792,264,0.03007518796992481,0.045112781954887216
ran-5g,0,FedMD,0.9548872180451128,0.11207470036388166,0.26308218597957955,199,220,0.36,133,3,severe,0.75,64,3,14328,3,0.7165150890925945,0.53877488622622,0.398042,264,0.03007518796992481,0.045112781954887216
ran-5g,0,centralized reference,0.9548872180451128,0.03383336167582239,0.04088815751441213,199,220,0.36,133,3,severe,0.75,64,0,0,1,0.7165150890925945,0.53877488622622,0.00425,56,0.03007518796992481,0.045112781954887216
ran-5g,1,best local,0.7293233082706767,0.2409148700230697,0.2272972400137642,199,220,0.36,133,3,severe,0.75,64,0,0,1,0.6355782340173112,0.5096944034362925,0.004792,56,-0.1127819548872181,-0.03007518796992485
ran-5g,1,unweighted ensemble,0.7218045112781954,0.18476402469565498,0.1575191076852068,199,220,0.36,133,3,severe,0.75,64,1,4776,3,0.6355782340173112,0.5096944034362925,0.412042,264,-0.1127819548872181,-0.03007518796992485
ran-5g,1,weighted ensemble,0.6917293233082706,0.19668879954168025,0.12600934595367738,199,220,0.36,133,3,severe,0.75,64,1,4776,3,0.6355782340173112,0.5096944034362925,0.403875,264,-0.1127819548872181,-0.03007518796992485
ran-5g,1,hard transfer,0.7518796992481203,0.2379660657713358,0.24488490755282422,199,220,0.36,133,3,severe,0.75,64,1,4776,1,0.6355782340173112,0.5096944034362925,0.004709,56,-0.1127819548872181,-0.03007518796992485
ran-5g,1,FedDF,0.7142857142857143,0.19702021312208254,0.12959310024345344,199,220,0.36,133,3,severe,0.75,64,1,4776,1,0.6355782340173112,0.5096944034362925,0.004542,56,-0.1127819548872181,-0.03007518796992485
ran-5g,1,FedMD-1r,0.8195488721804511,0.15146019108645137,0.260857562256801,199,220,0.36,133,3,severe,0.75,64,1,4776,3,0.6355782340173112,0.5096944034362925,0.41125,264,-0.1127819548872181,-0.03007518796992485
ran-5g,1,FedMD-2r,0.8571428571428571,0.13618679117114166,0.25536349471646325,199,220,0.36,133,3,severe,0.75,64,2,9552,3,0.6355782340173112,0.5096944034362925,0.414708,264,-0.1127819548872181,-0.03007518796992485
ran-5g,1,FedMD,0.8721804511278195,0.1294862872079709,0.2554033377359374,199,220,0.36,133,3,severe,0.75,64,3,14328,3,0.6355782340173112,0.5096944034362925,0.406792,264,-0.1127819548872181,-0.03007518796992485
ran-5g,1,centralized reference,0.9548872180451128,0.040766164761900016,0.06313816851078957,199,220,0.36,133,3,severe,0.75,64,0,0,1,0.6355782340173112,0.5096944034362925,0.004583,56,-0.1127819548872181,-0.03007518796992485
ran-5g,2,best local,0.7368421052631579,0.18642773689727618,0.18651915973566047,199,220,0.36,133,3,severe,0.75,64,0,0,1,0.6361207241848915,0.5006931140636981,0.204167,104,-0.045112781954887216,0.015037593984962405
ran-5g,2,unweighted ensemble,0.7293233082706767,0.1864045756802686,0.10718013346375667,199,220,0.36,133,3,severe,0.75,64,1,4776,3,0.6361207241848915,0.5006931140636981,0.412917,264,-0.045112781954887216,0.015037593984962405
ran-5g,2,weighted ensemble,0.7368421052631579,0.18209011456627044,0.16457669224838,199,220,0.36,133,3,severe,0.75,64,1,4776,3,0.6361207241848915,0.5006931140636981,0.391042,264,-0.045112781954887216,0.015037593984962405
ran-5g,2,hard transfer,0.7293233082706767,0.25083505511720916,0.255502174173251,199,220,0.36,133,3,severe,0.75,64,1,4776,1,0.6361207241848915,0.5006931140636981,0.004209,56,-0.045112781954887216,0.015037593984962405
ran-5g,2,FedDF,0.7218045112781954,0.19511182549666845,0.25228729087659924,199,220,0.36,133,3,severe,0.75,64,1,4776,1,0.6361207241848915,0.5006931140636981,0.00475,56,-0.045112781954887216,0.015037593984962405
ran-5g,2,FedMD-1r,0.8571428571428571,0.14846181970407873,0.31071373437493677,199,220,0.36,133,3,severe,0.75,64,1,4776,3,0.6361207241848915,0.5006931140636981,0.403875,264,-0.045112781954887216,0.015037593984962405
ran-5g,2,FedMD-2r,0.9022556390977443,0.13159127243785032,0.3174395373090143,199,220,0.36,133,3,severe,0.75,64,2,9552,3,0.6361207241848915,0.5006931140636981,0.400541,264,-0.045112781954887216,0.015037593984962405
ran-5g,2,FedMD,0.9172932330827067,0.12275436989332242,0.3058469192797558,199,220,0.36,133,3,severe,0.75,64,3,14328,3,0.6361207241848915,0.5006931140636981,0.403625,264,-0.045112781954887216,0.015037593984962405
ran-5g,2,centralized reference,0.9624060150375939,0.03256606647195869,0.05880787029403177,199,220,0.36,133,3,severe,0.75,64,0,0,1,0.6361207241848915,0.5006931140636981,0.004334,56,-0.045112781954887216,0.015037593984962405
ran-5g,3,best local,0.7669172932330827,0.1625667714021581,0.1326442950119715,199,220,0.36,133,3,severe,0.75,64,0,0,1,0.6197324742602319,0.5290504991550413,0.20325,104,0.07518796992481203,0.14035087719298245
ran-5g,3,unweighted ensemble,0.849624060150376,0.1640688218609788,0.2615103581647234,199,220,0.36,133,3,severe,0.75,64,1,4776,3,0.6197324742602319,0.5290504991550413,0.411125,264,0.07518796992481203,0.14035087719298245
ran-5g,3,weighted ensemble,0.8045112781954887,0.14271079914987247,0.16255768702543363,199,220,0.36,133,3,severe,0.75,64,1,4776,3,0.6197324742602319,0.5290504991550413,0.412709,264,0.07518796992481203,0.14035087719298245
ran-5g,3,hard transfer,0.8796992481203008,0.08760599925210742,0.14748189049649116,199,220,0.36,133,3,severe,0.75,64,1,4776,1,0.6197324742602319,0.5290504991550413,0.004583,56,0.07518796992481203,0.14035087719298245
ran-5g,3,FedDF,0.8721804511278195,0.1608541519791553,0.32739622457935535,199,220,0.36,133,3,severe,0.75,64,1,4776,1,0.6197324742602319,0.5290504991550413,0.004625,56,0.07518796992481203,0.14035087719298245
ran-5g,3,FedMD-1r,0.9022556390977443,0.14300916525442292,0.2960671683211833,199,220,0.36,133,3,severe,0.75,64,1,4776,3,0.6197324742602319,0.5290504991550413,0.404958,264,0.07518796992481203,0.14035087719298245
ran-5g,3,FedMD-2r,0.9172932330827067,0.13515628637582477,0.28345404260731927,199,220,0.36,133,3,severe,0.75,64,2,9552,3,0.6197324742602319,0.5290504991550413,0.403083,264,0.07518796992481203,0.14035087719298245
ran-5g,3,FedMD,0.9398496240601504,0.13163260471693067,0.2787086760122951,199,220,0.36,133,3,severe,0.75,64,3,14328,3,0.6197324742602319,0.5290504991550413,0.407542,264,0.07518796992481203,0.14035087719298245
ran-5g,3,centralized reference,0.9699248120300752,0.03195319808752315,0.0725254935703667,199,220,0.36,133,3,severe,0.75,64,0,0,1,0.6197324742602319,0.5290504991550413,0.00475,56,0.07518796992481203,0.14035087719298245
cancer,0,best local,0.9416058394160584,0.04588452476471762,0.07189170387997156,137,295,0.24,137,2,severe,0.55,64,0,0,1,0.5441557862047955,0.4726591070438829,0.203083,104,-0.08759124087591241,-0.010948905109489093
cancer,0,unweighted ensemble,0.8540145985401459,0.08048702985286706,0.13205068078371546,137,295,0.24,137,2,severe,0.55,64,1,2192,2,0.5441557862047955,0.4726591070438829,0.209958,160,-0.08759124087591241,-0.010948905109489093
cancer,0,weighted ensemble,0.8540145985401459,0.08048702985286706,0.13205068078371546,137,295,0.24,137,2,severe,0.55,64,1,2192,2,0.5441557862047955,0.4726591070438829,0.20725,160,-0.08759124087591241,-0.010948905109489093
cancer,0,hard transfer,0.8467153284671532,0.11396936841911086,0.11666966223294786,137,295,0.24,137,2,severe,0.55,64,1,2192,1,0.5441557862047955,0.4726591070438829,0.004667,56,-0.08759124087591241,-0.010948905109489093
cancer,0,FedDF,0.8467153284671532,0.09116387877077248,0.15981573069247312,137,295,0.24,137,2,severe,0.55,64,1,2192,1,0.5441557862047955,0.4726591070438829,0.004458,56,-0.08759124087591241,-0.010948905109489093
cancer,0,FedMD-1r,0.9197080291970803,0.06822174834245504,0.12581574996658124,137,295,0.24,137,2,severe,0.55,64,1,2192,2,0.5441557862047955,0.4726591070438829,0.211583,160,-0.08759124087591241,-0.010948905109489093
cancer,0,FedMD-2r,0.927007299270073,0.05947343808162521,0.12347734434394551,137,295,0.24,137,2,severe,0.55,64,2,4384,2,0.5441557862047955,0.4726591070438829,0.207542,160,-0.08759124087591241,-0.010948905109489093
cancer,0,FedMD,0.9343065693430657,0.05451607162749495,0.11266155550112252,137,295,0.24,137,2,severe,0.55,64,3,6576,2,0.5441557862047955,0.4726591070438829,0.210416,160,-0.08759124087591241,-0.010948905109489093
cancer,0,centralized reference,0.927007299270073,0.03756483672071832,0.07259169301027905,137,295,0.24,137,2,severe,0.55,64,0,0,1,0.5441557862047955,0.4726591070438829,0.004542,56,-0.08759124087591241,-0.010948905109489093
cancer,1,best local,0.9562043795620438,0.0400384056053152,0.06935198596434713,137,295,0.24,137,2,severe,0.55,64,0,0,1,0.5186628606858013,0.5507001676188329,0.199792,104,-0.16058394160583944,-0.04014598540145986
cancer,1,unweighted ensemble,0.7956204379562044,0.09145636060583122,0.15844659623431395,137,295,0.24,137,2,severe,0.55,64,1,2192,2,0.5186628606858013,0.5507001676188329,0.203916,160,-0.16058394160583944,-0.04014598540145986
cancer,1,weighted ensemble,0.7956204379562044,0.09145636060583122,0.15844659623431395,137,295,0.24,137,2,severe,0.55,64,1,2192,2,0.5186628606858013,0.5507001676188329,0.202,160,-0.16058394160583944,-0.04014598540145986
cancer,1,hard transfer,0.7956204379562044,0.16251816912047087,0.18072644008887004,137,295,0.24,137,2,severe,0.55,64,1,2192,1,0.5186628606858013,0.5507001676188329,0.004584,56,-0.16058394160583944,-0.04014598540145986
cancer,1,FedDF,0.8394160583941606,0.10787734587001142,0.13734668736654504,137,295,0.24,137,2,severe,0.55,64,1,2192,1,0.5186628606858013,0.5507001676188329,0.004458,56,-0.16058394160583944,-0.04014598540145986
cancer,1,FedMD-1r,0.9124087591240876,0.07416820885802508,0.1275639354115741,137,295,0.24,137,2,severe,0.55,64,1,2192,2,0.5186628606858013,0.5507001676188329,0.21125,160,-0.16058394160583944,-0.04014598540145986
cancer,1,FedMD-2r,0.9343065693430657,0.06197263253420584,0.11363128072557553,137,295,0.24,137,2,severe,0.55,64,2,4384,2,0.5186628606858013,0.5507001676188329,0.210542,160,-0.16058394160583944,-0.04014598540145986
cancer,1,FedMD,0.9416058394160584,0.05570281348869923,0.1006886306882374,137,295,0.24,137,2,severe,0.55,64,3,6576,2,0.5186628606858013,0.5507001676188329,0.206,160,-0.16058394160583944,-0.04014598540145986
cancer,1,centralized reference,0.9416058394160584,0.04584162726624034,0.04647109093483158,137,295,0.24,137,2,severe,0.55,64,0,0,1,0.5186628606858013,0.5507001676188329,0.004542,56,-0.16058394160583944,-0.04014598540145986
cancer,2,best local,0.9635036496350365,0.03758685888003138,0.08776246384848206,137,295,0.24,137,2,severe,0.55,64,0,0,1,0.5770484658649413,0.4828969070366359,0.205542,104,-0.11678832116788329,0.014598540145985328
cancer,2,unweighted ensemble,0.8467153284671532,0.0938586172980595,0.1769769425334532,137,295,0.24,137,2,severe,0.55,64,1,2192,2,0.5770484658649413,0.4828969070366359,0.211791,160,-0.11678832116788329,0.014598540145985328
cancer,2,weighted ensemble,0.8467153284671532,0.0938586172980595,0.1769769425334532,137,295,0.24,137,2,severe,0.55,64,1,2192,2,0.5770484658649413,0.4828969070366359,0.217167,160,-0.11678832116788329,0.014598540145985328
cancer,2,hard transfer,0.8394160583941606,0.12823712671961518,0.16399806632043112,137,295,0.24,137,2,severe,0.55,64,1,2192,1,0.5770484658649413,0.4828969070366359,0.004667,56,-0.11678832116788329,0.014598540145985328
cancer,2,FedDF,0.8175182481751825,0.11099839557351485,0.17521105322115166,137,295,0.24,137,2,severe,0.55,64,1,2192,1,0.5770484658649413,0.4828969070366359,0.004625,56,-0.11678832116788329,0.014598540145985328
cancer,2,FedMD-1r,0.9051094890510949,0.07699910128581888,0.16085955557077,137,295,0.24,137,2,severe,0.55,64,1,2192,2,0.5770484658649413,0.4828969070366359,0.212833,160,-0.11678832116788329,0.014598540145985328
cancer,2,FedMD-2r,0.9197080291970803,0.06419962822769687,0.13734285560316656,137,295,0.24,137,2,severe,0.55,64,2,4384,2,0.5770484658649413,0.4828969070366359,0.207625,160,-0.11678832116788329,0.014598540145985328
cancer,2,FedMD,0.9416058394160584,0.0569624846387215,0.1245017041002469,137,295,0.24,137,2,severe,0.55,64,3,6576,2,0.5770484658649413,0.4828969070366359,0.210583,160,-0.11678832116788329,0.014598540145985328
cancer,2,centralized reference,0.9562043795620438,0.041633864297022,0.051598764593346357,137,295,0.24,137,2,severe,0.55,64,0,0,1,0.5770484658649413,0.4828969070366359,0.004459,56,-0.11678832116788329,0.014598540145985328
cancer,3,best local,0.9416058394160584,0.042719857596395676,0.09326815833508507,137,295,0.24,137,2,severe,0.55,64,0,0,1,0.6124173480794961,0.5140488134492305,0.20525,104,-0.16058394160583933,-0.025547445255474366
cancer,3,unweighted ensemble,0.781021897810219,0.11126783138050865,0.17073303170847262,137,295,0.24,137,2,severe,0.55,64,1,2192,2,0.6124173480794961,0.5140488134492305,0.217042,160,-0.16058394160583933,-0.025547445255474366
cancer,3,weighted ensemble,0.781021897810219,0.11126783138050865,0.17073303170847262,137,295,0.24,137,2,severe,0.55,64,1,2192,2,0.6124173480794961,0.5140488134492305,0.211208,160,-0.16058394160583933,-0.025547445255474366
cancer,3,hard transfer,0.7737226277372263,0.15841348556327034,0.18432980869549892,137,295,0.24,137,2,severe,0.55,64,1,2192,1,0.6124173480794961,0.5140488134492305,0.004833,56,-0.16058394160583933,-0.025547445255474366
cancer,3,FedDF,0.781021897810219,0.12996751780921756,0.18719878549172528,137,295,0.24,137,2,severe,0.55,64,1,2192,1,0.6124173480794961,0.5140488134492305,0.004667,56,-0.16058394160583933,-0.025547445255474366
cancer,3,FedMD-1r,0.8686131386861314,0.0946507427089613,0.16884449347216532,137,295,0.24,137,2,severe,0.55,64,1,2192,2,0.6124173480794961,0.5140488134492305,0.211916,160,-0.16058394160583933,-0.025547445255474366
cancer,3,FedMD-2r,0.8978102189781022,0.08124896160381818,0.1615131078764943,137,295,0.24,137,2,severe,0.55,64,2,4384,2,0.6124173480794961,0.5140488134492305,0.208792,160,-0.16058394160583933,-0.025547445255474366
cancer,3,FedMD,0.9051094890510949,0.0732865014159303,0.1482300156621452,137,295,0.24,137,2,severe,0.55,64,3,6576,2,0.6124173480794961,0.5140488134492305,0.21475,160,-0.16058394160583933,-0.025547445255474366
cancer,3,centralized reference,0.9197080291970803,0.04734630525519162,0.07091834894817378,137,295,0.24,137,2,severe,0.55,64,0,0,1,0.6124173480794961,0.5140488134492305,0.005708,56,-0.16058394160583933,-0.025547445255474366
cancer,0,best local,0.8248175182481752,0.1330893119763082,0.11276098738764023,137,295,0.24,137,3,severe,0.55,64,0,0,1,0.6309259234181028,0.5127427510117812,0.204875,104,-0.04379562043795626,0.01703163017031628
cancer,0,unweighted ensemble,0.8321167883211679,0.13505033600817376,0.14583297412149487,137,295,0.24,137,3,severe,0.55,64,1,3288,3,0.6309259234181028,0.5127427510117812,0.432459,264,-0.04379562043795626,0.01703163017031628
cancer,0,weighted ensemble,0.8321167883211679,0.13028501683113924,0.12462057554275678,137,295,0.24,137,3,severe,0.55,64,1,3288,3,0.6309259234181028,0.5127427510117812,0.408709,264,-0.04379562043795626,0.01703163017031628
cancer,0,hard transfer,0.8248175182481752,0.12627212221748133,0.15950261980436445,137,295,0.24,137,3,severe,0.55,64,1,3288,1,0.6309259234181028,0.5127427510117812,0.004542,56,-0.04379562043795626,0.01703163017031628
cancer,0,FedDF,0.8321167883211679,0.14202847743284167,0.2215217840891443,137,295,0.24,137,3,severe,0.55,64,1,3288,1,0.6309259234181028,0.5127427510117812,0.004458,56,-0.04379562043795626,0.01703163017031628
cancer,0,FedMD-1r,0.9051094890510949,0.11127100870495361,0.23114843003351335,137,295,0.24,137,3,severe,0.55,64,1,3288,3,0.6309259234181028,0.5127427510117812,0.419208,264,-0.04379562043795626,0.01703163017031628
cancer,0,FedMD-2r,0.9197080291970803,0.10099209117916143,0.2210011267072092,137,295,0.24,137,3,severe,0.55,64,2,6576,3,0.6309259234181028,0.5127427510117812,0.422,264,-0.04379562043795626,0.01703163017031628
cancer,0,FedMD,0.9197080291970803,0.09527762346677604,0.21095154865649227,137,295,0.24,137,3,severe,0.55,64,3,9864,3,0.6309259234181028,0.5127427510117812,0.556125,264,-0.04379562043795626,0.01703163017031628
cancer,0,centralized reference,0.927007299270073,0.03756483672071832,0.07259169301027905,137,295,0.24,137,3,severe,0.55,64,0,0,1,0.6309259234181028,0.5127427510117812,0.00475,56,-0.04379562043795626,0.01703163017031628
cancer,1,best local,0.7445255474452555,0.19652153902247843,0.19232836655350613,137,295,0.24,137,3,severe,0.55,64,0,0,1,0.5770373179132303,0.4426059592900052,0.205333,104,0.021897810218978186,0.03649635036496357
cancer,1,unweighted ensemble,0.7737226277372263,0.17338429964951602,0.10972123500159044,137,295,0.24,137,3,severe,0.55,64,1,3288,3,0.5770373179132303,0.4426059592900052,0.429833,264,0.021897810218978186,0.03649635036496357
cancer,1,weighted ensemble,0.7226277372262774,0.18405839246031913,0.13274268960671828,137,295,0.24,137,3,severe,0.55,64,1,3288,3,0.5770373179132303,0.4426059592900052,0.405542,264,0.021897810218978186,0.03649635036496357
cancer,1,hard transfer,0.7591240875912408,0.20186074754020517,0.19762757551295013,137,295,0.24,137,3,severe,0.55,64,1,3288,1,0.5770373179132303,0.4426059592900052,0.004542,56,0.021897810218978186,0.03649635036496357
cancer,1,FedDF,0.7883211678832117,0.17485951523276957,0.15689762420159895,137,295,0.24,137,3,severe,0.55,64,1,3288,1,0.5770373179132303,0.4426059592900052,0.004417,56,0.021897810218978186,0.03649635036496357
cancer,1,FedMD-1r,0.8175182481751825,0.14381267778486456,0.17991042246897565,137,295,0.24,137,3,severe,0.55,64,1,3288,3,0.5770373179132303,0.4426059592900052,0.421166,264,0.021897810218978186,0.03649635036496357
cancer,1,FedMD-2r,0.8613138686131386,0.1357152854694102,0.1889251095288864,137,295,0.24,137,3,severe,0.55,64,2,6576,3,0.5770373179132303,0.4426059592900052,0.419166,264,0.021897810218978186,0.03649635036496357
cancer,1,FedMD,0.8613138686131386,0.13305090846970527,0.19430464209638496,137,295,0.24,137,3,severe,0.55,64,3,9864,3,0.5770373179132303,0.4426059592900052,0.407708,264,0.021897810218978186,0.03649635036496357
cancer,1,centralized reference,0.9416058394160584,0.04584162726624034,0.04647109093483158,137,295,0.24,137,3,severe,0.55,64,0,0,1,0.5770373179132303,0.4426059592900052,0.004917,56,0.021897810218978186,0.03649635036496357
cancer,2,best local,0.7518248175182481,0.18445555766257757,0.177787266268707,137,295,0.24,137,3,severe,0.55,64,0,0,1,0.6760353924066124,0.4784954164516208,0.205333,104,-0.058394160583941535,-0.009732360097323553
cancer,2,unweighted ensemble,0.8029197080291971,0.15070583632813697,0.16564779880428246,137,295,0.24,137,3,severe,0.55,64,1,3288,3,0.6760353924066124,0.4784954164516208,0.427125,264,-0.058394160583941535,-0.009732360097323553
cancer,2,weighted ensemble,0.7518248175182481,0.1658976901477843,0.14776937495748682,137,295,0.24,137,3,severe,0.55,64,1,3288,3,0.6760353924066124,0.4784954164516208,0.416333,264,-0.058394160583941535,-0.009732360097323553
cancer,2,hard transfer,0.8029197080291971,0.1659614878220658,0.18295757121254047,137,295,0.24,137,3,severe,0.55,64,1,3288,1,0.6760353924066124,0.4784954164516208,0.004708,56,-0.058394160583941535,-0.009732360097323553
cancer,2,FedDF,0.8394160583941606,0.15568541351584825,0.16326459493909048,137,295,0.24,137,3,severe,0.55,64,1,3288,1,0.6760353924066124,0.4784954164516208,0.004583,56,-0.058394160583941535,-0.009732360097323553
cancer,2,FedMD-1r,0.8613138686131386,0.1329744397388591,0.2248088924319859,137,295,0.24,137,3,severe,0.55,64,1,3288,3,0.6760353924066124,0.4784954164516208,0.427208,264,-0.058394160583941535,-0.009732360097323553
cancer,2,FedMD-2r,0.8686131386861314,0.1279820282422034,0.23435814232932753,137,295,0.24,137,3,severe,0.55,64,2,6576,3,0.6760353924066124,0.4784954164516208,0.420292,264,-0.058394160583941535,-0.009732360097323553
cancer,2,FedMD,0.8759124087591241,0.12609125427185713,0.238136577342872,137,295,0.24,137,3,severe,0.55,64,3,9864,3,0.6760353924066124,0.4784954164516208,0.429916,264,-0.058394160583941535,-0.009732360097323553
cancer,2,centralized reference,0.9562043795620438,0.041633864297022,0.051598764593346357,137,295,0.24,137,3,severe,0.55,64,0,0,1,0.6760353924066124,0.4784954164516208,0.004709,56,-0.058394160583941535,-0.009732360097323553
cancer,3,best local,0.8467153284671532,0.09770704518036849,0.11021744690189529,137,295,0.24,137,3,severe,0.55,64,0,0,1,0.6705412534401063,0.513394785031907,0.205292,104,-0.04379562043795615,0.07785888077858887
cancer,3,unweighted ensemble,0.8686131386861314,0.12923463218835088,0.2483315471871328,137,295,0.24,137,3,severe,0.55,64,1,3288,3,0.6705412534401063,0.513394785031907,0.415166,264,-0.04379562043795615,0.07785888077858887
cancer,3,weighted ensemble,0.8467153284671532,0.10739678212989709,0.15635554735045817,137,295,0.24,137,3,severe,0.55,64,1,3288,3,0.6705412534401063,0.513394785031907,0.418208,264,-0.04379562043795615,0.07785888077858887
cancer,3,hard transfer,0.8613138686131386,0.09007717959573124,0.10157055321239933,137,295,0.24,137,3,severe,0.55,64,1,3288,1,0.6705412534401063,0.513394785031907,0.004666,56,-0.04379562043795615,0.07785888077858887
cancer,3,FedDF,0.8540145985401459,0.1436895811867296,0.23693788414555425,137,295,0.24,137,3,severe,0.55,64,1,3288,1,0.6705412534401063,0.513394785031907,0.0045,56,-0.04379562043795615,0.07785888077858887
cancer,3,FedMD-1r,0.8978102189781022,0.10823676648514866,0.2329264091006665,137,295,0.24,137,3,severe,0.55,64,1,3288,3,0.6705412534401063,0.513394785031907,0.411459,264,-0.04379562043795615,0.07785888077858887
cancer,3,FedMD-2r,0.9124087591240876,0.09780233007563058,0.2129913807784313,137,295,0.24,137,3,severe,0.55,64,2,6576,3,0.6705412534401063,0.513394785031907,0.421083,264,-0.04379562043795615,0.07785888077858887
cancer,3,FedMD,0.9197080291970803,0.09188518156071963,0.20966333750012892,137,295,0.24,137,3,severe,0.55,64,3,9864,3,0.6705412534401063,0.513394785031907,0.412792,264,-0.04379562043795615,0.07785888077858887
cancer,3,centralized reference,0.9197080291970803,0.04734630525519162,0.07091834894817378,137,295,0.24,137,3,severe,0.55,64,0,0,1,0.6705412534401063,0.513394785031907,0.004625,56,-0.04379562043795615,0.07785888077858887
cancer,0,best local,0.948905109489051,0.03487330142592856,0.04406717510227774,137,295,0.24,137,5,severe,0.55,64,0,0,1,0.5456994600559426,0.4913778456559176,0.004458,56,-0.15328467153284664,-0.04233576642335759
cancer,0,unweighted ensemble,0.781021897810219,0.1392134672546243,0.2825955027569181,137,295,0.24,137,5,severe,0.55,64,1,5480,5,0.5456994600559426,0.4913778456559176,0.617875,424,-0.15328467153284664,-0.04233576642335759
cancer,0,weighted ensemble,0.6642335766423357,0.1669964805009976,0.2509209442202906,137,295,0.24,137,5,severe,0.55,64,1,5480,5,0.5456994600559426,0.4913778456559176,0.613333,424,-0.15328467153284664,-0.04233576642335759
cancer,0,hard transfer,0.7372262773722628,0.18296425883726744,0.21530630662961286,137,295,0.24,137,5,severe,0.55,64,1,5480,1,0.5456994600559426,0.4913778456559176,0.004708,56,-0.15328467153284664,-0.04233576642335759
cancer,0,FedDF,0.7591240875912408,0.15148775085954846,0.25959498744720977,137,295,0.24,137,5,severe,0.55,64,1,5480,1,0.5456994600559426,0.4913778456559176,0.004583,56,-0.15328467153284664,-0.04233576642335759
cancer,0,FedMD-1r,0.8613138686131386,0.12866697684206352,0.26254440573961607,137,295,0.24,137,5,severe,0.55,64,1,5480,5,0.5456994600559426,0.4913778456559176,0.625917,424,-0.15328467153284664,-0.04233576642335759
cancer,0,FedMD-2r,0.8686131386861314,0.1233417560745229,0.2573546414293312,137,295,0.24,137,5,severe,0.55,64,2,10960,5,0.5456994600559426,0.4913778456559176,0.622042,424,-0.15328467153284664,-0.04233576642335759
cancer,0,FedMD,0.8759124087591241,0.12077816062740986,0.26360495542669543,137,295,0.24,137,5,severe,0.55,64,3,16440,5,0.5456994600559426,0.4913778456559176,0.618833,424,-0.15328467153284664,-0.04233576642335759
cancer,0,centralized reference,0.927007299270073,0.03756483672071832,0.07259169301027905,137,295,0.24,137,5,severe,0.55,64,0,0,1,0.5456994600559426,0.4913778456559176,0.004375,56,-0.15328467153284664,-0.04233576642335759
cancer,1,best local,0.9416058394160584,0.04930637381573462,0.04562951053630099,137,295,0.24,137,5,severe,0.55,64,0,0,1,0.6275392799703081,0.46260051960905607,0.004833,56,-0.08759124087591241,-0.023357664233576637
cancer,1,unweighted ensemble,0.8394160583941606,0.12274444866408178,0.22196577377165383,137,295,0.24,137,5,severe,0.55,64,1,5480,5,0.6275392799703081,0.46260051960905607,0.628083,424,-0.08759124087591241,-0.023357664233576637
cancer,1,weighted ensemble,0.8029197080291971,0.12585638038233346,0.17662775932796876,137,295,0.24,137,5,severe,0.55,64,1,5480,5,0.6275392799703081,0.46260051960905607,0.614417,424,-0.08759124087591241,-0.023357664233576637
cancer,1,hard transfer,0.8540145985401459,0.1023655140929833,0.11343434294724432,137,295,0.24,137,5,severe,0.55,64,1,5480,1,0.6275392799703081,0.46260051960905607,0.005042,56,-0.08759124087591241,-0.023357664233576637
cancer,1,FedDF,0.8540145985401459,0.1306627116612279,0.23700524225587652,137,295,0.24,137,5,severe,0.55,64,1,5480,1,0.6275392799703081,0.46260051960905607,0.004833,56,-0.08759124087591241,-0.023357664233576637
cancer,1,FedMD-1r,0.8905109489051095,0.10923504027571392,0.22239227330570926,137,295,0.24,137,5,severe,0.55,64,1,5480,5,0.6275392799703081,0.46260051960905607,0.603584,424,-0.08759124087591241,-0.023357664233576637
cancer,1,FedMD-2r,0.9124087591240876,0.10255600729820483,0.2093089437447925,137,295,0.24,137,5,severe,0.55,64,2,10960,5,0.6275392799703081,0.46260051960905607,0.610084,424,-0.08759124087591241,-0.023357664233576637
cancer,1,FedMD,0.9124087591240876,0.09937550496235309,0.20228635264406006,137,295,0.24,137,5,severe,0.55,64,3,16440,5,0.6275392799703081,0.46260051960905607,0.604333,424,-0.08759124087591241,-0.023357664233576637
cancer,1,centralized reference,0.9416058394160584,0.04584162726624034,0.04647109093483158,137,295,0.24,137,5,severe,0.55,64,0,0,1,0.6275392799703081,0.46260051960905607,0.0045,56,-0.08759124087591241,-0.023357664233576637
cancer,2,best local,0.9124087591240876,0.07156414457594382,0.04747202713456397,137,295,0.24,137,5,severe,0.55,64,0,0,1,0.6309364765841747,0.498433195254408,0.004542,56,-0.13138686131386867,-0.04671532846715334
cancer,2,unweighted ensemble,0.7591240875912408,0.1426980728076572,0.25223860500745887,137,295,0.24,137,5,severe,0.55,64,1,5480,5,0.6309364765841747,0.498433195254408,0.615583,424,-0.13138686131386867,-0.04671532846715334
cancer,2,weighted ensemble,0.6788321167883211,0.17337624340349309,0.24615011980614654,137,295,0.24,137,5,severe,0.55,64,1,5480,5,0.6309364765841747,0.498433195254408,0.6105,424,-0.13138686131386867,-0.04671532846715334
cancer,2,hard transfer,0.6715328467153284,0.23988067408683109,0.2709787779151017,137,295,0.24,137,5,severe,0.55,64,1,5480,1,0.6309364765841747,0.498433195254408,0.0045,56,-0.13138686131386867,-0.04671532846715334
cancer,2,FedDF,0.7007299270072993,0.16138453755282953,0.2614106979865921,137,295,0.24,137,5,severe,0.55,64,1,5480,1,0.6309364765841747,0.498433195254408,0.0045,56,-0.13138686131386867,-0.04671532846715334
cancer,2,FedMD-1r,0.8102189781021898,0.12606515945937152,0.24817990152231595,137,295,0.24,137,5,severe,0.55,64,1,5480,5,0.6309364765841747,0.498433195254408,0.6215,424,-0.13138686131386867,-0.04671532846715334
cancer,2,FedMD-2r,0.8321167883211679,0.11303629167831845,0.24002469408786797,137,295,0.24,137,5,severe,0.55,64,2,10960,5,0.6309364765841747,0.498433195254408,0.6115,424,-0.13138686131386867,-0.04671532846715334
cancer,2,FedMD,0.8467153284671532,0.1061551452464995,0.23225991630664528,137,295,0.24,137,5,severe,0.55,64,3,16440,5,0.6309364765841747,0.498433195254408,0.624916,424,-0.13138686131386867,-0.04671532846715334
cancer,2,centralized reference,0.9562043795620438,0.041633864297022,0.051598764593346357,137,295,0.24,137,5,severe,0.55,64,0,0,1,0.6309364765841747,0.498433195254408,0.004209,56,-0.13138686131386867,-0.04671532846715334
cancer,3,best local,0.8978102189781022,0.06599276182046589,0.07225897957815758,137,295,0.24,137,5,severe,0.55,64,0,0,1,0.6725968081157987,0.48533960163305706,0.004583,56,-0.11678832116788318,0.0029197080291970988
cancer,3,unweighted ensemble,0.8102189781021898,0.1354573637853848,0.2636068576044976,137,295,0.24,137,5,severe,0.55,64,1,5480,5,0.6725968081157987,0.48533960163305706,0.620208,424,-0.11678832116788318,0.0029197080291970988
cancer,3,weighted ensemble,0.708029197080292,0.15307425002969063,0.21334258474537499,137,295,0.24,137,5,severe,0.55,64,1,5480,5,0.6725968081157987,0.48533960163305706,0.62925,424,-0.11678832116788318,0.0029197080291970988
cancer,3,hard transfer,0.8394160583941606,0.11291212008352335,0.13691528460467048,137,295,0.24,137,5,severe,0.55,64,1,5480,1,0.6725968081157987,0.48533960163305706,0.004583,56,-0.11678832116788318,0.0029197080291970988
cancer,3,FedDF,0.7737226277372263,0.14695167035714132,0.26030098630321274,137,295,0.24,137,5,severe,0.55,64,1,5480,1,0.6725968081157987,0.48533960163305706,0.004833,56,-0.11678832116788318,0.0029197080291970988
cancer,3,FedMD-1r,0.8467153284671532,0.11291239922557231,0.24704522501357046,137,295,0.24,137,5,severe,0.55,64,1,5480,5,0.6725968081157987,0.48533960163305706,0.62725,424,-0.11678832116788318,0.0029197080291970988
cancer,3,FedMD-2r,0.8467153284671532,0.10229552748625395,0.21308385275547526,137,295,0.24,137,5,severe,0.55,64,2,10960,5,0.6725968081157987,0.48533960163305706,0.634167,424,-0.11678832116788318,0.0029197080291970988
cancer,3,FedMD,0.8540145985401459,0.09654063223096475,0.198641883664209,137,295,0.24,137,5,severe,0.55,64,3,16440,5,0.6725968081157987,0.48533960163305706,0.613833,424,-0.11678832116788318,0.0029197080291970988
cancer,3,centralized reference,0.9197080291970803,0.04734630525519162,0.07091834894817378,137,295,0.24,137,5,severe,0.55,64,0,0,1,0.6725968081157987,0.48533960163305706,0.004583,56,-0.11678832116788318,0.0029197080291970988
